station,valid,lon,lat,elevation,tmpf,dwpf,relh,drct,sknt,p01i,alti,mslp,vsby,gust,skyc1,skyc2,skyc3,skyc4,skyl1,skyl2,skyl3,skyl4,wxcodes,ice_accretion_1hr,ice_accretion_3hr,ice_accretion_6hr,peak_wind_gust,peak_wind_drct,peak_wind_time,feel,metar,snowdepth
PHX,2025-08-01 00:51,-112.0116,33.4343,337.00,107.00,55.00,18.36,M,4.00,0.00,29.82,1007.50,10.00,16.00,SCT,SCT,M,M,10000.00,25000.00,M,M,M,M,M,M,M,M,M,106.16,KPHX 010051Z VRB04G16KT 10SM SCT100 SCT250 42/13 A2982 RMK AO2 SLP075 T04170128,M
PHX,2025-08-01 00:53,-112.0116,33.4343,337.00,108.00,55.00,17.83,270.00,6.00,0.00,29.82,M,10.00,M,SCT,SCT,M,M,10000.00,25000.00,M,M,M,M,M,M,M,M,M,107.23,KPHX 010053Z 27006KT 10SM SCT100 SCT250 42/13 A2982 RMK AO2 T04220128,M
PHX,2025-08-01 01:51,-112.0116,33.4343,337.00,107.00,57.00,19.74,290.00,5.00,0.00,29.83,1007.70,10.00,M,FEW,SCT,SCT,M,7000.00,10000.00,25000.00,M,M,M,M,M,M,M,M,107.10,KPHX 010151Z 29005KT 10SM FEW070 SCT100 SCT250 42/14 A2983 RMK AO2 SLP077 T04170139,M
PHX,2025-08-01 02:51,-112.0116,33.4343,337.00,103.00,65.00,29.48,240.00,13.00,T,29.84,1008.20,10.00,20.00,FEW,SCT,BKN,BKN,7000.00,11000.00,14000.00,25000.00,-RA,M,M,M,M,M,M,107.34,KPHX 010251Z COR 24013G20KT 10SM -RA FEW070 SCT110 BKN140 BKN250 39/18 A2984 RMK AO2 RAB50 SLP082 VIRGA CB DSNT S P0000 60000 T03940183 53002,M
PHX,2025-08-01 03:51,-112.0116,33.4343,337.00,103.00,56.00,21.41,260.00,10.00,T,29.86,1008.80,10.00,M,FEW,SCT,M,M,11000.00,14000.00,M,M,M,M,M,M,M,M,M,102.21,KPHX 010351Z 26010KT 10SM FEW110 SCT140 39/13 A2986 RMK AO2 RAE01 SLP088 P0000 T03940133,M
PHX,2025-08-01 04:51,-112.0116,33.4343,337.00,101.00,55.00,21.92,240.00,10.00,0.00,29.88,1009.60,10.00,M,FEW,M,M,M,12000.00,M,M,M,M,M,M,M,M,M,M,99.62,KPHX 010451Z 24010KT 10SM FEW120 38/13 A2988 RMK AO2 SLP096 T03830128,M
PHX,2025-08-01 05:51,-112.0116,33.4343,337.00,101.00,54.00,21.13,270.00,8.00,0.00,29.90,1010.10,10.00,M,CLR,M,M,M,M,M,M,M,M,M,M,M,M,M,M,99.26,KPHX 010551Z 27008KT 10SM CLR 38/12 A2990 RMK AO2 SLP101 60000 T03830122 10428 20372 51019,M
PHX,2025-08-01 06:51,-112.0116,33.4343,337.00,99.00,54.00,22.44,270.00,7.00,0.00,29.91,1010.50,10.00,M,FEW,M,M,M,12000.00,M,M,M,M,M,M,M,M,M,M,97.10,KPHX 010651Z 27007KT 10SM FEW120 37/12 A2991 RMK AO2 SLP105 T03720122 404390311,M
PHX,2025-08-01 07:51,-112.0116,33.4343,337.00,99.00,56.00,24.13,300.00,10.00,0.00,29.92,1010.70,10.00,M,SCT,BKN,M,M,12000.00,14000.00,M,M,M,M,M,M,M,M,M,97.78,KPHX 010751Z 30010KT 10SM SCT120 BKN140 37/13 A2992 RMK AO2 SLP107 T03720133,M
PHX,2025-08-01 08:51,-112.0116,33.4343,337.00,97.00,57.00,26.58,170.00,3.00,0.00,29.94,1011.50,10.00,M,SCT,BKN,M,M,12000.00,15000.00,M,M,M,M,M,M,M,M,M,95.96,KPHX 010851Z 17003KT 10SM SCT120 BKN150 36/14 A2994 RMK AO2 SLP115 FRQ LTGCGIC DSNT SE CB DSNT SE T03610139 53013,M
PHX,2025-08-01 09:51,-112.0116,33.4343,337.00,95.00,58.00,29.29,110.00,7.00,0.00,29.95,1012.00,10.00,M,SCT,BKN,M,M,12000.00,15000.00,M,M,M,M,M,M,M,M,M,94.15,KPHX 010951Z 11007KT 10SM SCT120 BKN150 35/14 A2995 RMK AO2 SLP120 T03500144,M
PHX,2025-08-01 10:51,-112.0116,33.4343,337.00,93.00,59.00,32.29,90.00,5.00,0.00,29.96,1012.10,10.00,M,FEW,M,M,M,11000.00,M,M,M,M,M,M,M,M,M,M,92.39,KPHX 011051Z 09005KT 10SM FEW110 34/15 A2996 RMK AO2 SLP121 T03390150,M
PHX,2025-08-01 11:51,-112.0116,33.4343,337.00,92.00,61.00,35.76,90.00,3.00,0.00,29.96,1012.30,10.00,M,FEW,M,M,M,11000.00,M,M,M,M,M,M,M,M,M,M,92.15,KPHX 011151Z 09003KT 10SM FEW110 33/16 A2996 RMK AO2 SLP123 T03330161 10383 20333 51008,M
PHX,2025-08-01 12:51,-112.0116,33.4343,337.00,92.00,61.00,35.76,100.00,5.00,0.00,29.98,1012.80,10.00,M,FEW,M,M,M,11000.00,M,M,M,M,M,M,M,M,M,M,92.15,KPHX 011251Z 10005KT 10SM FEW110 33/16 A2998 RMK AO2 SLP128 T03330161,M
PHX,2025-08-01 13:51,-112.0116,33.4343,337.00,93.00,61.00,34.67,100.00,6.00,0.00,29.99,1013.40,10.00,M,FEW,M,M,M,11000.00,M,M,M,M,M,M,M,M,M,M,93.23,KPHX 011351Z 10006KT 10SM FEW110 34/16 A2999 RMK AO2 SLP134 T03390161,M
PHX,2025-08-01 14:51,-112.0116,33.4343,337.00,95.00,60.00,31.46,140.00,6.00,0.00,30.01,1013.80,10.00,M,FEW,M,M,M,11000.00,M,M,M,M,M,M,M,M,M,M,94.98,KPHX 011451Z 14006KT 10SM FEW110 35/16 A3001 RMK AO2 SLP138 T03500156 51015,M
PHX,2025-08-01 15:51,-112.0116,33.4343,337.00,98.00,60.00,28.72,170.00,9.00,0.00,30.02,1014.10,10.00,M,FEW,M,M,M,11000.00,M,M,M,M,M,M,M,M,M,M,98.36,KPHX 011551Z 17009KT 10SM FEW110 37/16 A3002 RMK AO2 SLP141 T03670156,M
PHX,2025-08-01 16:51,-112.0116,33.4343,337.00,100.00,60.00,27.04,140.00,8.00,0.00,30.02,1014.30,10.00,M,FEW,FEW,M,M,11000.00,18000.00,M,M,M,M,M,M,M,M,M,100.65,KPHX 011651Z 14008KT 10SM FEW110 FEW180 38/16 A3002 RMK AO2 SLP143 T03780156,M
PHX,2025-08-01 17:51,-112.0116,33.4343,337.00,103.00,60.00,24.72,130.00,10.00,0.00,30.01,1014.00,10.00,17.00,FEW,FEW,M,M,11000.00,18000.00,M,M,M,M,M,M,M,M,M,104.13,KPHX 011751Z 13010G17KT 10SM FEW110 FEW180 39/16 A3001 RMK AO2 SLP140 T03940156 10400 20333 50001,M
PHX,2025-08-01 18:51,-112.0116,33.4343,337.00,108.00,60.00,21.34,180.00,8.00,0.00,30.00,1013.40,10.00,M,FEW,M,M,M,11000.00,M,M,M,M,M,M,M,M,M,M,109.88,KPHX 011851Z 18008KT 10SM FEW110 42/16 A3000 RMK AO2 SLP134 T04220156,M
PHX,2025-08-01 19:51,-112.0116,33.4343,337.00,108.00,59.00,20.60,160.00,7.00,0.00,29.98,1012.70,10.00,M,SCT,M,M,M,10000.00,M,M,M,M,M,M,M,M,M,M,109.29,KPHX 011951Z 16007KT 10SM SCT100 42/15 A2998 RMK AO2 SLP127 CB DSNT NE-E AND S T04220150,M
PHX,2025-08-01 20:51,-112.0116,33.4343,337.00,111.00,58.00,18.22,160.00,9.00,0.00,29.96,1011.90,10.00,15.00,SCT,M,M,M,10000.00,M,M,M,M,M,M,M,M,M,M,112.00,KPHX 012051Z 16009G15KT 10SM SCT100 44/14 A2996 RMK AO2 SLP119 CB DSNT E AND S T04390144 58019,M
PHX,2025-08-01 21:51,-112.0116,33.4343,337.00,112.00,56.00,16.48,250.00,8.00,0.00,29.93,1011.00,10.00,M,SCT,SCT,M,M,10000.00,25000.00,M,M,M,M,M,M,27.00,210.00,2025-08-01 21:42,111.94,KPHX 012151Z 25008KT 10SM SCT100 SCT250 44/13 A2993 RMK AO2 PK WND 21027/2142 SLP110 T04440133,M
PHX,2025-08-01 22:51,-112.0116,33.4343,337.00,110.00,56.00,17.45,330.00,6.00,0.00,29.91,1010.40,10.00,M,SCT,M,M,M,11000.00,M,M,M,M,M,M,M,M,M,M,109.84,KPHX 012251Z 33006KT 10SM SCT110 43/13 A2991 RMK AO2 SLP104 T04330133,M
PHX,2025-08-01 23:51,-112.0116,33.4343,337.00,110.00,53.00,15.64,M,3.00,0.00,29.89,1009.80,10.00,M,SCT,M,M,M,11000.00,M,M,M,M,M,M,M,M,M,M,108.43,KPHX 012351Z VRB03KT 10SM SCT110 43/12 A2989 RMK AO2 SLP098 CB DSNT SE T04330117 10450 20394 56022,M
PHX,2025-08-02 00:51,-112.0116,33.4343,337.00,110.00,52.00,15.08,250.00,7.00,0.00,29.88,1009.30,10.00,16.00,FEW,M,M,M,12000.00,M,M,M,M,M,M,M,M,M,M,108.01,KPHX 020051Z 25007G16KT 10SM FEW120 43/11 A2988 RMK AO2 SLP093 CB DSNT S TCU DSNT NE-E T04330111,M
PHX,2025-08-02 01:51,-112.0116,33.4343,337.00,109.00,51.00,14.96,310.00,9.00,0.00,29.88,1009.60,10.00,M,FEW,FEW,M,M,12000.00,20000.00,M,M,M,M,M,M,M,M,M,106.61,KPHX 020151Z 31009KT 10SM FEW120 FEW200 43/11 A2988 RMK AO2 SLP096 CB DSNT NE T04280106,M
PHX,2025-08-02 02:51,-112.0116,33.4343,337.00,108.00,49.00,14.29,310.00,9.00,0.00,29.90,1010.10,10.00,19.00,FEW,FEW,M,M,12000.00,20000.00,M,M,M,M,M,M,M,M,M,104.92,KPHX 020251Z 31009G19KT 10SM FEW120 FEW200 42/09 A2990 RMK AO2 SLP101 CB DSNT E T04220094 53003,M
PHX,2025-08-02 03:51,-112.0116,33.4343,337.00,107.00,47.00,13.65,300.00,8.00,0.00,29.91,1010.50,10.00,M,FEW,M,M,M,12000.00,M,M,M,M,M,M,M,M,M,M,103.34,KPHX 020351Z 30008KT 10SM FEW120 42/08 A2991 RMK AO2 SLP105 FRQ LTGIC DSNT E CB DSNT E T04170083,M
PHX,2025-08-02 04:51,-112.0116,33.4343,337.00,105.00,48.00,15.03,270.00,11.00,0.00,29.93,1011.10,10.00,M,CLR,M,M,M,M,M,M,M,M,M,M,M,M,M,M,101.63,KPHX 020451Z 27011KT 10SM CLR 41/09 A2993 RMK AO2 SLP111 T04060089,M
PHX,2025-08-02 05:51,-112.0116,33.4343,337.00,102.00,49.00,17.05,260.00,5.00,0.00,29.94,1011.50,10.00,M,CLR,M,M,M,M,M,M,M,M,M,M,M,M,M,M,98.85,KPHX 020551Z 26005KT 10SM CLR 39/09 A2994 RMK AO2 SLP115 T03890094 10439 20389 51014,M
PHX,2025-08-02 06:51,-112.0116,33.4343,337.00,100.00,48.00,17.44,270.00,8.00,0.00,29.95,1011.60,10.00,M,CLR,M,M,M,M,M,M,M,M,M,M,M,M,M,M,96.58,KPHX 020651Z 27008KT 10SM CLR 38/09 A2995 RMK AO2 SLP116 T03780089 404500333,M
PHX,2025-08-02 07:51,-112.0116,33.4343,337.00,99.00,48.00,17.97,280.00,7.00,0.00,29.94,1011.60,10.00,M,CLR,M,M,M,M,M,M,M,M,M,M,M,M,M,M,95.56,KPHX 020751Z 28007KT 10SM CLR 37/09 A2994 RMK AO2 SLP116 T03720089,M
PHX,2025-08-02 08:51,-112.0116,33.4343,337.00,99.00,44.00,15.44,300.00,9.00,0.00,29.95,1011.60,10.00,M,CLR,M,M,M,M,M,M,M,M,M,M,M,M,M,M,94.87,KPHX 020851Z 30009KT 10SM CLR 37/07 A2995 RMK AO2 SLP116 T03720067 52002,M
PHX,2025-08-02 09:51,-112.0116,33.4343,337.00,98.00,39.00,13.12,290.00,8.00,0.00,29.95,1011.60,10.00,M,CLR,M,M,M,M,M,M,M,M,M,M,M,M,M,M,93.34,KPHX 020951Z 29008KT 10SM CLR 37/04 A2995 RMK AO2 SLP116 T03670039,M
PHX,2025-08-02 10:51,-112.0116,33.4343,337.00,95.00,42.00,16.15,0.00,0.00,0.00,29.96,1012.10,10.00,M,CLR,M,M,M,M,M,M,M,M,M,M,M,M,M,M,90.79,KPHX 021051Z 00000KT 10SM CLR 35/06 A2996 RMK AO2 SLP121 T03500056,M
PHX,2025-08-02 11:51,-112.0116,33.4343,337.00,93.00,45.00,19.27,100.00,3.00,0.00,29.97,1012.70,10.00,M,CLR,M,M,M,M,M,M,M,M,M,M,M,M,M,M,89.21,KPHX 021151Z 10003KT 10SM CLR 34/07 A2997 RMK AO2 SLP127 T03390072 10389 20328 53009,M
PHX,2025-08-02 12:51,-112.0116,33.4343,337.00,91.00,50.00,24.75,0.00,0.00,0.00,29.99,1013.10,10.00,M,FEW,FEW,M,M,12000.00,25000.00,M,M,M,M,M,M,M,M,M,88.00,KPHX 021251Z 00000KT 10SM FEW120 FEW250 33/10 A2999 RMK AO2 SLP131 T03280100,M
PHX,2025-08-02 13:51,-112.0116,33.4343,337.00,92.00,52.00,25.83,120.00,5.00,0.00,30.00,1013.50,10.00,M,CLR,M,M,M,M,M,M,M,M,M,M,M,M,M,M,89.33,KPHX 021351Z 12005KT 10SM CLR 33/11 A3000 RMK AO2 SLP135 T03330111,M
PHX,2025-08-02 14:51,-112.0116,33.4343,337.00,95.00,49.00,21.07,120.00,7.00,0.00,30.01,1014.00,10.00,M,CLR,M,M,M,M,M,M,M,M,M,M,M,M,M,M,91.72,KPHX 021451Z 12007KT 10SM CLR 35/09 A3001 RMK AO2 SLP140 T03500094 53012,M
PHX,2025-08-02 15:51,-112.0116,33.4343,337.00,98.00,47.00,17.84,140.00,7.00,0.00,30.01,1013.70,10.00,M,CLR,M,M,M,M,M,M,M,M,M,M,M,M,M,M,94.36,KPHX 021551Z 14007KT 10SM CLR 37/08 A3001 RMK AO2 SLP137 T03670083,M
PHX,2025-08-02 16:51,-112.0116,33.4343,337.00,101.00,44.00,14.54,100.00,5.00,0.00,30.01,1013.80,10.00,M,CLR,M,M,M,M,M,M,M,M,M,M,M,M,M,M,96.82,KPHX 021651Z 10005KT 10SM CLR 38/07 A3001 RMK AO2 SLP138 T03830067,M
PHX,2025-08-02 17:51,-112.0116,33.4343,337.00,106.00,41.00,11.18,M,3.00,0.00,30.00,1013.60,10.00,M,FEW,M,M,M,9000.00,M,M,M,M,M,M,M,M,M,M,100.77,KPHX 021751Z VRB03KT 10SM FEW090 41/05 A3000 RMK AO2 SLP136 T04110050 10411 20322 58003,M
PHX,2025-08-02 18:51,-112.0116,33.4343,337.00,109.00,38.00,9.11,150.00,8.00,0.00,29.99,1012.90,10.00,16.00,FEW,M,M,M,9000.00,M,M,M,M,M,M,M,M,M,M,102.74,KPHX 021851Z 15008G16KT 10SM FEW090 43/03 A2999 RMK AO2 SLP129 T04280033,M
PHX,2025-08-02 19:51,-112.0116,33.4343,337.00,109.00,36.00,8.42,50.00,6.00,0.00,29.97,1012.30,10.00,M,FEW,M,M,M,9000.00,M,M,M,M,M,M,M,M,M,M,102.32,KPHX 021951Z 05006KT 10SM FEW090 43/02 A2997 RMK AO2 SLP123 T04280022,M
PHX,2025-08-02 20:12,-112.0116,33.4343,337.00,110.00,36.00,8.18,210.00,7.00,0.00,29.96,M,10.00,M,FEW,M,M,M,9000.00,M,M,M,M,M,M,M,M,M,M,103.22,KPHX 022012Z 21007KT 10SM FEW090 43/02 A2996 RMK AO2 T04330022,M
PHX,2025-08-02 20:51,-112.0116,33.4343,337.00,111.00,38.00,8.60,260.00,6.00,0.00,29.94,1011.40,10.00,15.00,FEW,M,M,M,9000.00,M,M,M,M,M,M,M,M,M,M,104.56,KPHX 022051Z 26006G15KT 10SM FEW090 44/03 A2994 RMK AO2 SLP114 CB DSNT E-SE T04390033 58020,M
PHX,2025-08-02 20:55,-112.0116,33.4343,337.00,110.00,38.00,8.85,320.00,3.00,0.00,29.94,M,10.00,M,FEW,M,M,M,9000.00,M,M,M,M,M,M,M,M,M,M,103.64,KPHX 022055Z 32003KT 10SM FEW090 43/03 A2994 RMK AO2 CB DSNT E-SE T04330033,M
PHX,2025-08-02 21:51,-112.0116,33.4343,337.00,112.00,38.00,8.36,270.00,12.00,0.00,29.91,1010.30,10.00,M,FEW,M,M,M,9000.00,M,M,M,M,M,M,M,M,M,M,105.65,KPHX 022151Z 27012KT 10SM FEW090 44/03 A2991 RMK AO2 SLP103 T04440033,M
PHX,2025-08-02 22:51,-112.0116,33.4343,337.00,114.00,30.00,5.73,260.00,13.00,0.00,29.89,1009.70,10.00,21.00,FEW,M,M,M,9000.00,M,M,M,M,M,M,M,M,M,M,105.70,KPHX 022251Z 26013G21KT 10SM FEW090 46/M01 A2989 RMK AO2 SLP097 T04561011,M
PHX,2025-08-02 23:51,-112.0116,33.4343,337.00,113.00,27.00,5.22,290.00,12.00,0.00,29.87,1008.90,10.00,24.00,FEW,FEW,M,M,9000.00,20000.00,M,M,M,M,M,M,M,M,M,104.56,KPHX 022351Z 29012G24KT 10SM FEW090 FEW200 45/M03 A2987 RMK AO2 SLP089 T04501028 10456 20406 56024,M
PHX,2025-08-03 00:51,-112.0116,33.4343,337.00,112.00,28.00,5.59,260.00,11.00,0.00,29.86,1008.60,10.00,M,FEW,FEW,M,M,9000.00,20000.00,M,M,M,M,M,M,26.00,260.00,2025-08-03 00:22,103.98,KPHX 030051Z 26011KT 10SM FEW090 FEW200 44/M02 A2986 RMK AO2 PK WND 26026/0022 SLP086 T04441022,M
PHX,2025-08-03 01:51,-112.0116,33.4343,337.00,110.00,30.00,6.43,300.00,9.00,0.00,29.85,1008.60,10.00,M,CLR,M,M,M,M,M,M,M,M,M,M,M,M,M,M,102.18,KPHX 030151Z 30009KT 10SM CLR 43/M01 A2985 RMK AO2 SLP086 T04331011,M
PHX,2025-08-03 02:51,-112.0116,33.4343,337.00,108.00,30.00,6.81,280.00,12.00,0.00,29.86,1008.60,10.00,M,CLR,M,M,M,M,M,M,M,M,M,M,M,M,M,M,100.43,KPHX 030251Z 28012KT 10SM CLR 42/M01 A2986 RMK AO2 SLP086 T04221011 55004,M
PHX,2025-08-03 03:51,-112.0116,33.4343,337.00,105.00,33.00,8.39,270.00,10.00,0.00,29.87,1009.10,10.00,M,CLR,M,M,M,M,M,M,M,M,M,M,M,M,M,M,98.31,KPHX 030351Z 27010KT 10SM CLR 41/01 A2987 RMK AO2 SLP091 T04060006,M
PHX,2025-08-03 04:51,-112.0116,33.4343,337.00,100.00,34.00,10.14,250.00,4.00,0.00,29.87,1009.20,10.00,M,CLR,M,M,M,M,M,M,M,M,M,M,M,M,M,M,94.17,KPHX 030451Z 25004KT 10SM CLR 38/01 A2987 RMK AO2 SLP092 T03780011,M
PHX,2025-08-03 05:51,-112.0116,33.4343,337.00,98.00,34.00,10.77,0.00,0.00,0.00,29.88,1009.50,10.00,M,CLR,M,M,M,M,M,M,M,M,M,M,M,M,M,M,92.48,KPHX 030551Z 00000KT 10SM CLR 37/01 A2988 RMK AO2 SLP095 T03670011 10456 20367 51009,M
PHX,2025-08-03 06:51,-112.0116,33.4343,337.00,96.00,33.00,10.99,0.00,0.00,0.00,29.89,1009.60,10.00,M,CLR,M,M,M,M,M,M,M,M,M,M,M,M,M,M,90.68,KPHX 030651Z 00000KT 10SM CLR 36/01 A2989 RMK AO2 SLP096 T03560006 404560322,M
PHX,2025-08-03 07:51,-112.0116,33.4343,337.00,94.00,38.00,14.26,80.00,3.00,0.00,29.89,1009.80,10.00,M,CLR,M,M,M,M,M,M,M,M,M,M,M,M,M,M,89.58,KPHX 030751Z 08003KT 10SM CLR 34/03 A2989 RMK AO2 SLP098 T03440033,M
PHX,2025-08-03 08:51,-112.0116,33.4343,337.00,93.00,36.00,13.59,0.00,0.00,0.00,29.89,1009.80,10.00,M,CLR,M,M,M,M,M,M,M,M,M,M,M,M,M,M,88.60,KPHX 030851Z 00000KT 10SM CLR 34/02 A2989 RMK AO2 SLP098 T03390022 51002,M
PHX,2025-08-03 09:51,-112.0116,33.4343,337.00,89.00,41.00,18.72,0.00,0.00,0.00,29.89,1009.70,10.00,M,CLR,M,M,M,M,M,M,M,M,M,M,M,M,M,M,85.31,KPHX 030951Z 00000KT 10SM CLR 32/05 A2989 RMK AO2 SLP097 T03170050,M
PHX,2025-08-03 10:51,-112.0116,33.4343,337.00,88.00,45.00,22.53,140.00,4.00,0.00,29.89,1009.80,10.00,M,CLR,M,M,M,M,M,M,M,M,M,M,M,M,M,M,84.73,KPHX 031051Z 14004KT 10SM CLR 31/07 A2989 RMK AO2 SLP098 T03110072,M
PHX,2025-08-03 11:51,-112.0116,33.4343,337.00,86.00,43.00,22.24,100.00,4.00,0.00,29.90,1010.20,10.00,M,CLR,M,M,M,M,M,M,M,M,M,M,M,M,M,M,82.97,KPHX 031151Z 10004KT 10SM CLR 30/06 A2990 RMK AO2 SLP102 T03000061 10378 20300 53004,M
PHX,2025-08-03 12:51,-112.0116,33.4343,337.00,85.00,42.00,22.09,100.00,5.00,0.00,29.93,1011.10,10.00,M,CLR,M,M,M,M,M,M,M,M,M,M,M,M,M,M,82.15,KPHX 031251Z 10005KT 10SM CLR 29/06 A2993 RMK AO2 SLP111 T02940056,M
PHX,2025-08-03 13:51,-112.0116,33.4343,337.00,86.00,39.00,19.04,100.00,5.00,0.00,29.94,1011.80,10.00,M,CLR,M,M,M,M,M,M,M,M,M,M,M,M,M,M,82.78,KPHX 031351Z 10005KT 10SM CLR 30/04 A2994 RMK AO2 SLP118 T03000039,M
PHX,2025-08-03 14:51,-112.0116,33.4343,337.00,89.00,40.00,18.01,110.00,7.00,0.00,29.96,1012.10,10.00,M,CLR,M,M,M,M,M,M,M,M,M,M,M,M,M,M,85.26,KPHX 031451Z 11007KT 10SM CLR 32/04 A2996 RMK AO2 SLP121 T03170044 51018,M
PHX,2025-08-03 15:51,-112.0116,33.4343,337.00,93.00,39.00,15.29,90.00,7.00,0.00,29.96,1012.20,10.00,M,CLR,M,M,M,M,M,M,M,M,M,M,M,M,M,M,88.73,KPHX 031551Z 09007KT 10SM CLR 34/04 A2996 RMK AO2 SLP122 T03390039,M
PHX,2025-08-03 16:51,-112.0116,33.4343,337.00,99.00,39.00,12.73,M,4.00,0.00,29.96,1012.10,10.00,M,CLR,M,M,M,M,M,M,M,M,M,M,M,M,M,M,94.21,KPHX 031651Z VRB04KT 10SM CLR 37/04 A2996 RMK AO2 SLP121 T03720039,M
PHX,2025-08-03 17:51,-112.0116,33.4343,337.00,102.00,38.00,11.19,M,3.00,0.00,29.95,1011.70,10.00,M,CLR,M,M,M,M,M,M,M,M,M,M,M,M,M,M,96.59,KPHX 031751Z VRB03KT 10SM CLR 39/03 A2995 RMK AO2 SLP117 T03890033 10394 20289 58003,M
PHX,2025-08-03 18:51,-112.0116,33.4343,337.00,107.00,36.00,8.92,260.00,6.00,0.00,29.93,1011.20,10.00,M,CLR,M,M,M,M,M,M,M,M,M,M,M,M,M,M,100.56,KPHX 031851Z 26006KT 10SM CLR 42/02 A2993 RMK AO2 SLP112 T04170022,M
PHX,2025-08-03 19:51,-112.0116,33.4343,337.00,106.00,32.00,7.83,250.00,9.00,0.00,29.90,1010.20,10.00,M,CLR,M,M,M,M,M,M,M,M,M,M,M,M,M,M,99.01,KPHX 031951Z 25009KT 10SM CLR 41/00 A2990 RMK AO2 SLP102 T04110000,M
PHX,2025-08-03 20:51,-112.0116,33.4343,337.00,109.00,35.00,8.09,M,5.00,0.00,29.88,1009.50,10.00,20.00,CLR,M,M,M,M,M,M,M,M,M,M,M,M,M,M,102.13,KPHX 032051Z VRB05G20KT 10SM CLR 43/02 A2988 RMK AO2 SLP095 T04280017 58021,M
PHX,2025-08-03 20:53,-112.0116,33.4343,337.00,109.00,35.00,8.09,50.00,5.00,0.00,29.88,M,10.00,M,CLR,M,M,M,M,M,M,M,M,M,M,M,M,M,M,102.13,KPHX 032053Z 05005KT 10SM CLR 43/02 A2988 RMK AO2 T04280017,M
PHX,2025-08-03 20:54,-112.0116,33.4343,337.00,109.00,36.00,8.42,260.00,8.00,0.00,29.88,M,10.00,M,CLR,M,M,M,M,M,M,M,M,M,M,M,M,M,M,102.32,KPHX 032054Z 26008KT 10SM CLR 43/02 A2988 RMK AO2 T04280022,M
PHX,2025-08-03 21:51,-112.0116,33.4343,337.00,109.00,33.00,7.47,290.00,9.00,0.00,29.86,1008.70,10.00,19.00,FEW,M,M,M,25000.00,M,M,M,M,M,M,M,M,M,M,101.77,KPHX 032151Z 29009G19KT 10SM FEW250 43/01 A2986 RMK AO2 SLP087 T04280006,M
PHX,2025-08-03 22:51,-112.0116,33.4343,337.00,112.00,32.00,6.58,270.00,11.00,0.00,29.83,1007.70,10.00,M,FEW,M,M,M,25000.00,M,M,M,M,M,M,M,M,M,M,104.55,KPHX 032251Z 27011KT 10SM FEW250 44/00 A2983 RMK AO2 SLP077 T04440000,M
PHX,2025-08-03 23:51,-112.0116,33.4343,337.00,111.00,29.00,6.00,280.00,10.00,0.00,29.81,1007.00,10.00,16.00,FEW,M,M,M,25000.00,M,M,M,M,M,M,M,M,M,M,102.95,KPHX 032351Z 28010G16KT 10SM FEW250 44/M02 A2981 RMK AO2 SLP070 T04391017 10444 20389 56025,M
PHX,2025-08-04 00:51,-112.0116,33.4343,337.00,111.00,29.00,6.00,280.00,11.00,0.00,29.79,1006.60,10.00,16.00,FEW,M,M,M,25000.00,M,M,M,M,M,M,M,M,M,M,102.95,KPHX 040051Z 28011G16KT 10SM FEW250 44/M02 A2979 RMK AO2 SLP066 T04391017,M
PHX,2025-08-04 01:51,-112.0116,33.4343,337.00,109.00,31.00,6.89,280.00,5.00,0.00,29.79,1006.40,10.00,M,FEW,M,M,M,25000.00,M,M,M,M,M,M,M,M,M,M,101.45,KPHX 040151Z 28005KT 10SM FEW250 43/M01 A2979 RMK AO2 SLP064 T04281006,M
PHX,2025-08-04 02:51,-112.0116,33.4343,337.00,107.00,33.00,7.92,300.00,7.00,0.00,29.79,1006.40,10.00,M,FEW,M,M,M,25000.00,M,M,M,M,M,M,M,M,M,M,100.03,KPHX 040251Z 30007KT 10SM FEW250 42/01 A2979 RMK AO2 SLP064 T04170006 56007,M
PHX,2025-08-04 03:51,-112.0116,33.4343,337.00,106.00,36.00,9.19,280.00,7.00,0.00,29.80,1006.70,10.00,M,CLR,M,M,M,M,M,M,M,M,M,M,M,M,M,M,99.69,KPHX 040351Z 28007KT 10SM CLR 41/02 A2980 RMK AO2 SLP067 T04110022,M
PHX,2025-08-04 04:51,-112.0116,33.4343,337.00,101.00,37.00,11.08,260.00,4.00,0.00,29.80,1006.90,10.00,M,CLR,M,M,M,M,M,M,M,M,M,M,M,M,M,M,95.54,KPHX 040451Z 26004KT 10SM CLR 38/03 A2980 RMK AO2 SLP069 T03830028,M
PHX,2025-08-04 05:51,-112.0116,33.4343,337.00,98.00,39.00,13.12,220.00,3.00,0.00,29.81,1007.10,10.00,M,CLR,M,M,M,M,M,M,M,M,M,M,M,M,M,M,93.34,KPHX 040551Z 22003KT 10SM CLR 37/04 A2981 RMK AO2 SLP071 T03670039 10439 20367 51008,M
PHX,2025-08-04 06:51,-112.0116,33.4343,337.00,99.00,49.00,18.66,280.00,9.00,0.00,29.81,1007.10,10.00,M,CLR,M,M,M,M,M,M,M,M,M,M,M,M,M,M,95.77,KPHX 040651Z 28009KT 10SM CLR 37/09 A2981 RMK AO2 SLP071 T03720094 404440289,M
PHX,2025-08-04 07:51,-112.0116,33.4343,337.00,97.00,52.00,22.15,280.00,6.00,0.00,29.82,1007.40,10.00,M,CLR,M,M,M,M,M,M,M,M,M,M,M,M,M,M,94.40,KPHX 040751Z 28006KT 10SM CLR 36/11 A2982 RMK AO2 SLP074 T03610111,M
PHX,2025-08-04 08:51,-112.0116,33.4343,337.00,96.00,51.00,22.01,M,3.00,0.00,29.82,1007.40,10.00,M,CLR,M,M,M,M,M,M,M,M,M,M,M,M,M,M,93.13,KPHX 040851Z VRB03KT 10SM CLR 36/11 A2982 RMK AO2 SLP074 T03560106 52004,M
PHX,2025-08-04 09:51,-112.0116,33.4343,337.00,91.00,48.00,22.96,80.00,6.00,0.00,29.83,1007.70,10.00,M,CLR,M,M,M,M,M,M,M,M,M,M,M,M,M,M,87.70,KPHX 040951Z 08006KT 10SM CLR 33/09 A2983 RMK AO2 SLP077 T03280089,M
PHX,2025-08-04 10:51,-112.0116,33.4343,337.00,89.00,41.00,18.72,90.00,6.00,0.00,29.82,1007.60,10.00,M,CLR,M,M,M,M,M,M,M,M,M,M,M,M,M,M,85.31,KPHX 041051Z 09006KT 10SM CLR 32/05 A2982 RMK AO2 SLP076 T03170050,M
PHX,2025-08-04 11:51,-112.0116,33.4343,337.00,87.00,42.00,20.73,120.00,4.00,0.00,29.84,1008.10,10.00,M,CLR,M,M,M,M,M,M,M,M,M,M,M,M,M,M,83.70,KPHX 041151Z 12004KT 10SM CLR 31/06 A2984 RMK AO2 SLP081 T03060056 10372 20306 53005,M
PHX,2025-08-04 12:51,-112.0116,33.4343,337.00,88.00,40.00,18.59,110.00,5.00,0.00,29.86,1008.70,10.00,M,FEW,FEW,M,M,18000.00,25000.00,M,M,M,M,M,M,M,M,M,84.42,KPHX 041251Z 11005KT 10SM FEW180 FEW250 31/04 A2986 RMK AO2 SLP087 T03110044,M
PHX,2025-08-04 13:51,-112.0116,33.4343,337.00,88.00,41.00,19.32,100.00,7.00,0.00,29.87,1009.30,10.00,M,FEW,FEW,M,M,18000.00,25000.00,M,M,M,M,M,M,M,M,M,84.47,KPHX 041351Z 10007KT 10SM FEW180 FEW250 31/05 A2987 RMK AO2 SLP093 T03110050,M
PHX,2025-08-04 14:51,-112.0116,33.4343,337.00,91.00,47.00,22.12,120.00,7.00,0.00,29.89,1009.70,10.00,M,FEW,FEW,M,M,20000.00,25000.00,M,M,M,M,M,M,M,M,M,87.58,KPHX 041451Z 12007KT 10SM FEW200 FEW250 33/08 A2989 RMK AO2 SLP097 T03280083 51015,M
PHX,2025-08-04 15:51,-112.0116,33.4343,337.00,94.00,48.00,20.93,150.00,3.00,0.00,29.89,1009.90,10.00,M,FEW,FEW,M,M,20000.00,25000.00,M,M,M,M,M,M,M,M,M,90.56,KPHX 041551Z 15003KT 10SM FEW200 FEW250 34/09 A2989 RMK AO2 SLP099 T03440089,M
PHX,2025-08-04 16:51,-112.0116,33.4343,337.00,99.00,46.00,16.66,M,6.00,0.00,29.90,1010.00,10.00,M,FEW,FEW,M,M,20000.00,25000.00,M,M,M,M,M,M,M,M,M,95.19,KPHX 041651Z VRB06KT 10SM FEW200 FEW250 37/08 A2990 RMK AO2 SLP100 T03720078,M
PHX,2025-08-04 17:51,-112.0116,33.4343,337.00,102.00,45.00,14.66,140.00,5.00,0.00,29.89,1009.90,10.00,M,FEW,FEW,M,M,20000.00,25000.00,M,M,M,M,M,M,M,M,M,97.98,KPHX 041751Z 14005KT 10SM FEW200 FEW250 39/07 A2989 RMK AO2 SLP099 T03890072 10389 20306 50002,M
PHX,2025-08-04 18:51,-112.0116,33.4343,337.00,105.00,43.00,12.43,M,3.00,0.00,29.87,1009.20,10.00,M,FEW,FEW,M,M,20000.00,25000.00,M,M,M,M,M,M,M,M,M,100.40,KPHX 041851Z VRB03KT 10SM FEW200 FEW250 41/06 A2987 RMK AO2 SLP092 T04060061,M
PHX,2025-08-04 19:51,-112.0116,33.4343,337.00,105.00,43.00,12.43,310.00,5.00,0.00,29.86,1008.60,10.00,M,FEW,FEW,M,M,20000.00,25000.00,M,M,M,M,M,M,M,M,M,100.40,KPHX 041951Z 31005KT 10SM FEW200 FEW250 41/06 A2986 RMK AO2 SLP086 T04060061,M
PHX,2025-08-04 20:51,-112.0116,33.4343,337.00,108.00,43.00,11.39,M,3.00,0.00,29.84,1008.10,10.00,M,FEW,FEW,FEW,M,15000.00,23000.00,29000.00,M,M,M,M,M,M,M,M,103.09,KPHX 042051Z VRB03KT 10SM FEW150 FEW230 FEW290 42/06 A2984 RMK AO2 SLP081 T04220061 56018,M
PHX,2025-08-04 21:51,-112.0116,33.4343,337.00,108.00,43.00,11.39,80.00,4.00,0.00,29.82,1007.30,10.00,M,FEW,FEW,M,M,10000.00,25000.00,M,M,M,M,M,M,M,M,M,103.09,KPHX 042151Z 08004KT 10SM FEW100 FEW250 42/06 A2982 RMK AO2 SLP073 T04220061,M
PHX,2025-08-04 22:51,-112.0116,33.4343,337.00,110.00,41.00,9.95,290.00,5.00,0.00,29.79,1006.40,10.00,M,FEW,FEW,M,M,10000.00,25000.00,M,M,M,M,M,M,M,M,M,104.35,KPHX 042251Z 29005KT 10SM FEW100 FEW250 43/05 A2979 RMK AO2 SLP064 T04330050,M
PHX,2025-08-04 23:51,-112.0116,33.4343,337.00,110.00,43.00,10.75,300.00,10.00,0.00,29.77,1005.60,10.00,M,FEW,FEW,M,M,10000.00,25000.00,M,M,M,M,M,M,M,M,M,104.90,KPHX 042351Z 30010KT 10SM FEW100 FEW250 43/06 A2977 RMK AO2 SLP056 T04330061 10444 20383 58024,M
PHX,2025-08-05 00:51,-112.0116,33.4343,337.00,109.00,47.00,12.88,M,6.00,0.00,29.75,1005.20,10.00,M,FEW,FEW,M,M,10000.00,25000.00,M,M,M,M,M,M,M,M,M,105.25,KPHX 050051Z VRB06KT 10SM FEW100 FEW250 43/08 A2975 RMK AO2 SLP052 T04280083,M
PHX,2025-08-05 01:51,-112.0116,33.4343,337.00,109.00,50.00,14.41,270.00,10.00,0.00,29.76,1005.20,10.00,M,FEW,FEW,M,M,10000.00,25000.00,M,M,M,M,M,M,M,M,M,106.25,KPHX 050151Z 27010KT 10SM FEW100 FEW250 43/10 A2976 RMK AO2 SLP052 T04280100,M
PHX,2025-08-05 02:51,-112.0116,33.4343,337.00,107.00,49.00,14.71,270.00,10.00,0.00,29.77,1005.70,10.00,M,FEW,FEW,FEW,M,10000.00,16000.00,25000.00,M,M,M,M,M,M,M,M,103.92,KPHX 050251Z 27010KT 10SM FEW100 FEW160 FEW250 42/09 A2977 RMK AO2 SLP057 T04170094 53001,M
PHX,2025-08-05 03:51,-112.0116,33.4343,337.00,106.00,51.00,16.32,290.00,10.00,0.00,29.80,1006.60,10.00,M,CLR,M,M,M,M,M,M,M,M,M,M,M,M,M,M,103.56,KPHX 050351Z 29010KT 10SM CLR 41/11 A2980 RMK AO2 SLP066 T04110106,M
PHX,2025-08-05 04:51,-112.0116,33.4343,337.00,102.00,51.00,18.37,240.00,4.00,0.00,29.82,1007.30,10.00,M,CLR,M,M,M,M,M,M,M,M,M,M,M,M,M,M,99.39,KPHX 050451Z 24004KT 10SM CLR 39/11 A2982 RMK AO2 SLP073 T03890106,M
PHX,2025-08-05 05:51,-112.0116,33.4343,337.00,103.00,51.00,17.83,300.00,7.00,0.00,29.82,1007.30,10.00,M,CLR,M,M,M,M,M,M,M,M,M,M,M,M,M,M,100.43,KPHX 050551Z 30007KT 10SM CLR 39/11 A2982 RMK AO2 SLP073 T03940106 10433 20389 51016,M
PHX,2025-08-05 06:51,-112.0116,33.4343,337.00,102.00,50.00,17.70,290.00,10.00,0.00,29.82,1007.40,10.00,M,CLR,M,M,M,M,M,M,M,M,M,M,M,M,M,M,99.11,KPHX 050651Z 29010KT 10SM CLR 39/10 A2982 RMK AO2 SLP074 T03890100 404440306,M
PHX,2025-08-05 07:51,-112.0116,33.4343,337.00,101.00,48.00,16.92,310.00,8.00,0.00,29.82,1007.40,10.00,M,CLR,M,M,M,M,M,M,M,M,M,M,M,M,M,M,97.59,KPHX 050751Z 31008KT 10SM CLR 38/09 A2982 RMK AO2 SLP074 T03830089,M
PHX,2025-08-05 08:51,-112.0116,33.4343,337.00,99.00,46.00,16.66,320.00,7.00,0.00,29.82,1007.30,10.00,M,CLR,M,M,M,M,M,M,M,M,M,M,M,M,M,M,95.19,KPHX 050851Z 32007KT 10SM CLR 37/08 A2982 RMK AO2 SLP073 T03720078 50001,M
PHX,2025-08-05 09:51,-112.0116,33.4343,337.00,97.00,48.00,19.09,300.00,4.00,0.00,29.83,1007.60,10.00,M,CLR,M,M,M,M,M,M,M,M,M,M,M,M,M,M,93.54,KPHX 050951Z 30004KT 10SM CLR 36/09 A2983 RMK AO2 SLP076 T03610089,M
PHX,2025-08-05 10:51,-112.0116,33.4343,337.00,94.00,49.00,21.72,180.00,3.00,0.00,29.84,1008.10,10.00,M,CLR,M,M,M,M,M,M,M,M,M,M,M,M,M,M,90.73,KPHX 051051Z 18003KT 10SM CLR 34/09 A2984 RMK AO2 SLP081 T03440094,M
PHX,2025-08-05 11:51,-112.0116,33.4343,337.00,91.00,51.00,25.68,90.00,3.00,0.00,29.86,1008.60,10.00,M,CLR,M,M,M,M,M,M,M,M,M,M,M,M,M,M,88.17,KPHX 051151Z 09003KT 10SM CLR 33/11 A2986 RMK AO2 SLP086 T03280106 10394 20328 53012,M
PHX,2025-08-05 12:51,-112.0116,33.4343,337.00,90.00,54.00,29.59,100.00,6.00,0.00,29.87,1009.10,10.00,M,FEW,FEW,M,M,19000.00,25000.00,M,M,M,M,M,M,M,M,M,87.84,KPHX 051251Z 10006KT 10SM FEW190 FEW250 32/12 A2987 RMK AO2 SLP091 T03220122,M
PHX,2025-08-05 13:51,-112.0116,33.4343,337.00,94.00,49.00,21.72,110.00,6.00,0.00,29.90,1010.00,10.00,M,FEW,FEW,M,M,19000.00,25000.00,M,M,M,M,M,M,M,M,M,90.73,KPHX 051351Z 11006KT 10SM FEW190 FEW250 34/09 A2990 RMK AO2 SLP100 T03440094,M
PHX,2025-08-05 14:51,-112.0116,33.4343,337.00,96.00,48.00,19.68,120.00,6.00,0.00,29.92,1010.70,10.00,M,FEW,FEW,M,M,19000.00,25000.00,M,M,M,M,M,M,M,M,M,92.54,KPHX 051451Z 12006KT 10SM FEW190 FEW250 36/09 A2992 RMK AO2 SLP107 T03560089 53020,M
PHX,2025-08-05 15:51,-112.0116,33.4343,337.00,100.00,47.00,16.79,120.00,3.00,0.00,29.93,1011.00,10.00,M,FEW,FEW,FEW,M,14000.00,19000.00,25000.00,M,M,M,M,M,M,M,M,96.37,KPHX 051551Z 12003KT 10SM FEW140 FEW190 FEW250 38/08 A2993 RMK AO2 SLP110 T03780083,M
PHX,2025-08-05 16:51,-112.0116,33.4343,337.00,102.00,50.00,17.70,M,4.00,0.00,29.94,1011.40,10.00,M,FEW,FEW,FEW,M,13000.00,20000.00,27000.00,M,M,M,M,M,M,M,M,99.11,KPHX 051651Z VRB04KT 10SM FEW130 FEW200 FEW270 39/10 A2994 RMK AO2 SLP114 T03890100,M
PHX,2025-08-05 17:51,-112.0116,33.4343,337.00,105.00,47.00,14.47,0.00,0.00,0.00,29.93,1011.20,10.00,M,FEW,FEW,FEW,M,13000.00,17000.00,27000.00,M,M,M,M,M,M,M,M,101.38,KPHX 051751Z 00000KT 10SM FEW130 FEW170 FEW270 41/08 A2993 RMK AO2 SLP112 T04060083 10411 20322 50006,M
PHX,2025-08-05 18:51,-112.0116,33.4343,337.00,107.00,43.00,11.72,M,6.00,0.00,29.92,1010.60,10.00,M,FEW,FEW,FEW,M,12000.00,20000.00,25000.00,M,M,M,M,M,M,M,M,102.19,KPHX 051851Z VRB06KT 10SM FEW120 FEW200 FEW250 42/06 A2992 RMK AO2 SLP106 T04170061,M
PHX,2025-08-05 19:51,-112.0116,33.4343,337.00,111.00,46.00,11.71,200.00,7.00,0.00,29.90,1009.90,10.00,M,FEW,FEW,FEW,M,10000.00,17000.00,22000.00,M,M,M,M,M,M,M,M,106.75,KPHX 051951Z 20007KT 10SM FEW100 FEW170 FEW220 44/08 A2990 RMK AO2 SLP099 T04390078,M
PHX,2025-08-05 20:51,-112.0116,33.4343,337.00,110.00,44.00,11.17,M,3.00,0.00,29.88,1009.40,10.00,M,FEW,FEW,FEW,M,10000.00,17000.00,23000.00,M,M,M,M,M,M,M,M,105.19,KPHX 052051Z VRB03KT 10SM FEW100 FEW170 FEW230 43/07 A2988 RMK AO2 SLP094 TCU DSNT E T04330067 56018,M
PHX,2025-08-05 21:51,-112.0116,33.4343,337.00,110.00,44.00,11.17,M,4.00,0.00,29.86,1008.50,10.00,M,FEW,FEW,FEW,SCT,9000.00,16000.00,20000.00,25000.00,M,M,M,M,M,M,M,105.19,KPHX 052151Z VRB04KT 10SM FEW090 FEW160 FEW200 SCT250 43/07 A2986 RMK AO2 SLP085 CB DSNT E-SE T04330067,M
PHX,2025-08-05 22:51,-112.0116,33.4343,337.00,111.00,42.00,10.05,310.00,5.00,0.00,29.84,1008.00,10.00,17.00,FEW,SCT,SCT,BKN,9000.00,16000.00,20000.00,25000.00,M,M,M,M,M,M,M,105.55,KPHX 052251Z 31005G17KT 10SM FEW090 SCT160 SCT200 BKN250 44/06 A2984 RMK AO2 SLP080 CB DSNT E-SE T04390056,M
PHX,2025-08-05 23:51,-112.0116,33.4343,337.00,113.00,44.00,10.25,280.00,10.00,0.00,29.83,1007.60,10.00,M,SCT,SCT,SCT,BKN,9000.00,16000.00,20000.00,25000.00,M,M,M,M,M,M,M,108.01,KPHX 052351Z 28010KT 10SM SCT090 SCT160 SCT200 BKN250 45/07 A2983 RMK AO2 SLP076 CB DSNT E-SE T04500067 10450 20400 56018,M
PHX,2025-08-06 00:51,-112.0116,33.4343,337.00,111.00,44.00,10.85,250.00,8.00,0.00,29.82,1007.40,10.00,M,SCT,SCT,BKN,BKN,9000.00,16000.00,20000.00,25000.00,M,M,M,M,M,M,M,106.12,KPHX 060051Z 25008KT 10SM SCT090 SCT160 BKN200 BKN250 44/07 A2982 RMK AO2 SLP074 VIRGA T04390067,M
PHX,2025-08-06 01:51,-112.0116,33.4343,337.00,110.00,44.00,11.17,300.00,11.00,0.00,29.82,1007.50,10.00,15.00,SCT,SCT,BKN,BKN,9000.00,16000.00,20000.00,25000.00,M,M,M,M,M,M,M,105.19,KPHX 060151Z 30011G15KT 10SM SCT090 SCT160 BKN200 BKN250 43/07 A2982 RMK AO2 SLP075 VIRGA T04330067,M
PHX,2025-08-06 02:51,-112.0116,33.4343,337.00,109.00,45.00,11.94,310.00,8.00,0.00,29.83,1007.60,10.00,M,SCT,SCT,BKN,BKN,9000.00,16000.00,20000.00,25000.00,M,M,M,M,26.00,330.00,2025-08-06 01:54,104.59,KPHX 060251Z 31008KT 10SM SCT090 SCT160 BKN200 BKN250 43/07 A2983 RMK AO2 PK WND 33026/0154 SLP076 VIRGA T04280072 53001,M
PHX,2025-08-06 03:51,-112.0116,33.4343,337.00,107.00,46.00,13.14,250.00,4.00,0.00,29.85,1008.30,10.00,M,SCT,SCT,BKN,M,10000.00,16000.00,22000.00,M,M,M,M,M,M,M,M,103.07,KPHX 060351Z 25004KT 10SM SCT100 SCT160 BKN220 42/08 A2985 RMK AO2 SLP083 T04170078,M
PHX,2025-08-06 04:51,-112.0116,33.4343,337.00,105.00,48.00,15.03,250.00,4.00,0.00,29.86,1008.70,10.00,M,FEW,SCT,M,M,10000.00,22000.00,M,M,M,M,M,M,M,M,M,101.63,KPHX 060451Z 25004KT 10SM FEW100 SCT220 41/09 A2986 RMK AO2 SLP087 T04060089,M
PHX,2025-08-06 05:51,-112.0116,33.4343,337.00,102.00,49.00,17.05,230.00,4.00,0.00,29.87,1009.00,10.00,M,FEW,FEW,M,M,10000.00,12000.00,M,M,M,M,M,M,M,M,M,98.85,KPHX 060551Z 23004KT 10SM FEW100 FEW120 39/09 A2987 RMK AO2 SLP090 T03890094 10456 20389 51013,M
PHX,2025-08-06 06:51,-112.0116,33.4343,337.00,100.00,50.00,18.79,230.00,3.00,0.00,29.87,1009.20,10.00,M,FEW,FEW,M,M,10000.00,12000.00,M,M,M,M,M,M,M,M,M,97.03,KPHX 060651Z 23003KT 10SM FEW100 FEW120 38/10 A2987 RMK AO2 SLP092 T03780100 404560322,M
PHX,2025-08-06 07:51,-112.0116,33.4343,337.00,100.00,48.00,17.44,270.00,3.00,0.00,29.87,1009.00,10.00,M,FEW,M,M,M,12000.00,M,M,M,M,M,M,M,M,M,M,96.58,KPHX 060751Z 27003KT 10SM FEW120 38/09 A2987 RMK AO2 SLP090 T03780089,M
PHX,2025-08-06 08:51,-112.0116,33.4343,337.00,100.00,47.00,16.79,280.00,7.00,0.00,29.87,1009.10,10.00,M,CLR,M,M,M,M,M,M,M,M,M,M,M,M,M,M,96.37,KPHX 060851Z 28007KT 10SM CLR 38/08 A2987 RMK AO2 SLP091 T03780083 51001,M
PHX,2025-08-06 09:51,-112.0116,33.4343,337.00,100.00,47.00,16.79,300.00,5.00,0.00,29.88,1009.20,10.00,M,CLR,M,M,M,M,M,M,M,M,M,M,M,M,M,M,96.37,KPHX 060951Z 30005KT 10SM CLR 38/08 A2988 RMK AO2 SLP092 T03780083,M
PHX,2025-08-06 10:51,-112.0116,33.4343,337.00,97.00,48.00,19.09,330.00,4.00,0.00,29.89,1009.60,10.00,M,FEW,FEW,M,M,12000.00,15000.00,M,M,M,M,M,M,M,M,M,93.54,KPHX 061051Z 33004KT 10SM FEW120 FEW150 36/09 A2989 RMK AO2 SLP096 T03610089,M
PHX,2025-08-06 11:51,-112.0116,33.4343,337.00,96.00,48.00,19.68,0.00,0.00,0.00,29.90,1009.90,10.00,M,FEW,FEW,M,M,12000.00,15000.00,M,M,M,M,M,M,M,M,M,92.54,KPHX 061151Z 00000KT 10SM FEW120 FEW150 36/09 A2990 RMK AO2 SLP099 T03560089 10389 20356 53008,M
PHX,2025-08-06 12:51,-112.0116,33.4343,337.00,92.00,51.00,24.90,110.00,3.00,0.00,29.92,1010.80,10.00,M,FEW,FEW,FEW,SCT,10000.00,13000.00,18000.00,25000.00,M,M,M,M,M,M,M,89.13,KPHX 061251Z 11003KT 10SM FEW100 FEW130 FEW180 SCT250 33/11 A2992 RMK AO2 SLP108 T03330106,M
PHX,2025-08-06 13:51,-112.0116,33.4343,337.00,94.00,52.00,24.28,110.00,3.00,0.00,29.93,1011.30,10.00,M,FEW,FEW,FEW,SCT,10000.00,13000.00,18000.00,25000.00,M,M,M,M,M,M,M,91.32,KPHX 061351Z 11003KT 10SM FEW100 FEW130 FEW180 SCT250 34/11 A2993 RMK AO2 SLP113 T03440111,M
PHX,2025-08-06 14:51,-112.0116,33.4343,337.00,97.00,51.00,21.35,100.00,7.00,0.00,29.95,1011.60,10.00,M,FEW,FEW,FEW,SCT,10000.00,13000.00,18000.00,25000.00,M,M,M,M,M,M,M,94.16,KPHX 061451Z 10007KT 10SM FEW100 FEW130 FEW180 SCT250 36/11 A2995 RMK AO2 SLP116 T03610106 51016,M
PHX,2025-08-06 15:51,-112.0116,33.4343,337.00,100.00,50.00,18.79,90.00,6.00,0.00,29.95,1011.80,10.00,M,FEW,FEW,FEW,M,13000.00,18000.00,25000.00,M,M,M,M,M,M,M,M,97.03,KPHX 061551Z 09006KT 10SM FEW130 FEW180 FEW250 38/10 A2995 RMK AO2 SLP118 T03780100,M
PHX,2025-08-06 16:51,-112.0116,33.4343,337.00,104.00,49.00,16.07,M,3.00,0.00,29.96,1012.20,10.00,M,FEW,FEW,FEW,M,13000.00,18000.00,25000.00,M,M,M,M,M,M,M,M,100.90,KPHX 061651Z VRB03KT 10SM FEW130 FEW180 FEW250 40/09 A2996 RMK AO2 SLP122 T04000094,M
PHX,2025-08-06 17:51,-112.0116,33.4343,337.00,106.00,48.00,14.59,320.00,5.00,0.00,29.96,1012.10,10.00,M,FEW,FEW,FEW,M,10000.00,21000.00,25000.00,M,M,M,M,M,M,M,M,102.63,KPHX 061751Z 32005KT 10SM FEW100 FEW210 FEW250 41/09 A2996 RMK AO2 SLP121 T04110089 10422 20328 50005,M
PHX,2025-08-06 18:51,-112.0116,33.4343,337.00,111.00,47.00,12.16,M,6.00,0.00,29.94,1011.50,10.00,M,FEW,FEW,FEW,M,10000.00,21000.00,25000.00,M,M,M,M,M,M,M,M,107.10,KPHX 061851Z VRB06KT 10SM FEW100 FEW210 FEW250 44/08 A2994 RMK AO2 SLP115 T04390083,M
PHX,2025-08-06 19:51,-112.0116,33.4343,337.00,111.00,46.00,11.71,310.00,7.00,0.00,29.92,1010.80,10.00,M,FEW,FEW,FEW,M,10000.00,21000.00,25000.00,M,M,M,M,M,M,M,M,106.75,KPHX 061951Z 31007KT 10SM FEW100 FEW210 FEW250 44/08 A2992 RMK AO2 SLP108 T04390078,M
PHX,2025-08-06 20:51,-112.0116,33.4343,337.00,114.00,47.00,11.16,280.00,8.00,0.00,29.91,1010.30,10.00,M,FEW,FEW,FEW,M,10000.00,21000.00,25000.00,M,M,M,M,M,M,M,M,109.87,KPHX 062051Z 28008KT 10SM FEW100 FEW210 FEW250 46/08 A2991 RMK AO2 SLP103 T04560083 56017,M
PHX,2025-08-06 21:51,-112.0116,33.4343,337.00,113.00,48.00,11.92,280.00,10.00,0.00,29.89,1009.50,10.00,16.00,FEW,SCT,BKN,BKN,9000.00,14000.00,19000.00,25000.00,M,M,M,M,M,M,M,109.34,KPHX 062151Z 28010G16KT 10SM FEW090 SCT140 BKN190 BKN250 45/09 A2989 RMK AO2 SLP095 T04500089,M
PHX,2025-08-06 22:51,-112.0116,33.4343,337.00,114.00,48.00,11.59,310.00,10.00,0.00,29.86,1008.60,10.00,18.00,FEW,FEW,SCT,BKN,9000.00,14000.00,19000.00,25000.00,M,M,M,M,M,M,M,110.24,KPHX 062251Z 31010G18KT 10SM FEW090 FEW140 SCT190 BKN250 46/09 A2986 RMK AO2 SLP086 CB DSNT SE T04560089,M
PHX,2025-08-06 23:51,-112.0116,33.4343,337.00,115.00,47.00,10.85,270.00,11.00,0.00,29.84,1007.80,10.00,27.00,FEW,FEW,SCT,BKN,9000.00,14000.00,19000.00,25000.00,M,M,M,M,27.00,320.00,2025-08-06 23:44,110.75,KPHX 062351Z 27011G27KT 10SM FEW090 FEW140 SCT190 BKN250 46/08 A2984 RMK AO2 PK WND 32027/2344 SLP078 CB DSNT S T04610083 10467 20411 56024,M
PHX,2025-08-07 00:51,-112.0116,33.4343,337.00,114.00,46.00,10.75,280.00,13.00,0.00,29.82,1007.10,10.00,18.00,FEW,FEW,SCT,SCT,9000.00,14000.00,19000.00,25000.00,M,M,M,M,M,M,M,109.52,KPHX 070051Z 28013G18KT 10SM FEW090 FEW140 SCT190 SCT250 46/08 A2982 RMK AO2 SLP071 T04560078,M
PHX,2025-08-07 01:51,-112.0116,33.4343,337.00,113.00,46.00,11.06,270.00,12.00,0.00,29.82,1007.30,10.00,M,FEW,FEW,FEW,SCT,9000.00,14000.00,19000.00,25000.00,M,M,M,M,M,M,M,108.64,KPHX 070151Z 27012KT 10SM FEW090 FEW140 FEW190 SCT250 45/08 A2982 RMK AO2 SLP073 T04500078,M
PHX,2025-08-07 02:51,-112.0116,33.4343,337.00,109.00,47.00,12.88,270.00,10.00,0.00,29.82,1007.40,10.00,M,FEW,FEW,FEW,M,9000.00,14000.00,25000.00,M,M,M,M,M,M,M,M,105.25,KPHX 070251Z 27010KT 10SM FEW090 FEW140 FEW250 43/08 A2982 RMK AO2 SLP074 T04280083 55004,M
PHX,2025-08-07 03:51,-112.0116,33.4343,337.00,107.00,48.00,14.17,260.00,8.00,0.00,29.83,1007.80,10.00,M,FEW,M,M,M,25000.00,M,M,M,M,M,M,M,M,M,M,103.62,KPHX 070351Z 26008KT 10SM FEW250 42/09 A2983 RMK AO2 SLP078 T04170089,M
PHX,2025-08-07 04:51,-112.0116,33.4343,337.00,104.00,49.00,16.07,250.00,3.00,0.00,29.84,1008.10,10.00,M,FEW,M,M,M,25000.00,M,M,M,M,M,M,M,M,M,M,100.90,KPHX 070451Z 25003KT 10SM FEW250 40/09 A2984 RMK AO2 SLP081 T04000094,M
PHX,2025-08-07 05:51,-112.0116,33.4343,337.00,102.00,49.00,17.05,250.00,3.00,0.00,29.84,1008.10,10.00,M,FEW,M,M,M,20000.00,M,M,M,M,M,M,M,M,M,M,98.85,KPHX 070551Z 25003KT 10SM FEW200 39/09 A2984 RMK AO2 SLP081 T03890094 10461 20389 51006,M
PHX,2025-08-07 06:51,-112.0116,33.4343,337.00,103.00,48.00,15.94,280.00,6.00,0.00,29.84,1008.10,10.00,M,FEW,M,M,M,15000.00,M,M,M,M,M,M,M,M,M,M,99.62,KPHX 070651Z 28006KT 10SM FEW150 39/09 A2984 RMK AO2 SLP081 T03940089 404670328,M
PHX,2025-08-07 07:51,-112.0116,33.4343,337.00,100.00,47.00,16.79,260.00,4.00,0.00,29.85,1008.20,10.00,M,FEW,M,M,M,20000.00,M,M,M,M,M,M,M,M,M,M,96.37,KPHX 070751Z 26004KT 10SM FEW200 38/08 A2985 RMK AO2 SLP082 T03780083,M
PHX,2025-08-07 08:51,-112.0116,33.4343,337.00,99.00,45.00,16.04,260.00,6.00,0.00,29.85,1008.40,10.00,M,SCT,BKN,M,M,15000.00,19000.00,M,M,M,M,M,M,M,M,M,95.02,KPHX 070851Z 26006KT 10SM SCT150 BKN190 37/07 A2985 RMK AO2 SLP084 T03720072 53002,M
PHX,2025-08-07 09:51,-112.0116,33.4343,337.00,96.00,46.00,18.25,250.00,5.00,0.00,29.86,1008.50,10.00,M,SCT,BKN,M,M,15000.00,21000.00,M,M,M,M,M,M,M,M,M,92.22,KPHX 070951Z 25005KT 10SM SCT150 BKN210 36/08 A2986 RMK AO2 SLP085 T03560078,M
PHX,2025-08-07 10:51,-112.0116,33.4343,337.00,96.00,45.00,17.57,0.00,0.00,0.00,29.86,1008.70,10.00,M,FEW,BKN,M,M,15000.00,17000.00,M,M,M,M,M,M,M,M,M,92.08,KPHX 071051Z 00000KT 10SM FEW150 BKN170 36/07 A2986 RMK AO2 SLP087 T03560072,M
PHX,2025-08-07 11:51,-112.0116,33.4343,337.00,95.00,45.00,18.12,230.00,4.00,0.00,29.87,1009.10,10.00,M,SCT,BKN,M,M,16000.00,19000.00,M,M,M,M,M,M,M,M,M,91.11,KPHX 071151Z 23004KT 10SM SCT160 BKN190 35/07 A2987 RMK AO2 SLP091 T03500072 10400 20350 53007,M
PHX,2025-08-07 12:51,-112.0116,33.4343,337.00,96.00,45.00,17.57,310.00,5.00,0.00,29.87,1009.00,10.00,M,SCT,BKN,BKN,M,17000.00,21000.00,25000.00,M,M,M,M,M,M,M,M,92.08,KPHX 071251Z 31005KT 10SM SCT170 BKN210 BKN250 36/07 A2987 RMK AO2 SLP090 T03560072,M
PHX,2025-08-07 13:51,-112.0116,33.4343,337.00,96.00,44.00,16.92,280.00,4.00,0.00,29.89,1009.70,10.00,M,SCT,BKN,BKN,M,16000.00,19000.00,25000.00,M,M,M,M,M,M,M,M,91.96,KPHX 071351Z 28004KT 10SM SCT160 BKN190 BKN250 36/07 A2989 RMK AO2 SLP097 T03560067,M
PHX,2025-08-07 14:51,-112.0116,33.4343,337.00,98.00,43.00,15.32,320.00,6.00,0.00,29.90,1010.00,10.00,M,SCT,BKN,BKN,M,17000.00,20000.00,25000.00,M,M,M,M,M,M,M,M,93.76,KPHX 071451Z 32006KT 10SM SCT170 BKN200 BKN250 37/06 A2990 RMK AO2 SLP100 T03670061 53008,M
PHX,2025-08-07 15:51,-112.0116,33.4343,337.00,102.00,41.00,12.58,320.00,7.00,0.00,29.90,1010.10,10.00,M,SCT,BKN,BKN,M,16000.00,20000.00,25000.00,M,M,M,M,M,M,M,M,97.24,KPHX 071551Z 32007KT 10SM SCT160 BKN200 BKN250 39/05 A2990 RMK AO2 SLP101 T03890050 $,M
PHX,2025-08-07 16:51,-112.0116,33.4343,337.00,105.00,43.00,12.43,M,3.00,0.00,29.91,1010.40,10.00,M,SCT,SCT,BKN,M,16000.00,20000.00,25000.00,M,M,M,M,M,M,M,M,100.40,KPHX 071651Z VRB03KT 10SM SCT160 SCT200 BKN250 41/06 A2991 RMK AO2 SLP104 T04060061,M
PHX,2025-08-07 17:51,-112.0116,33.4343,337.00,108.00,42.00,10.96,60.00,3.00,0.00,29.90,1010.00,10.00,M,FEW,SCT,SCT,M,16000.00,20000.00,25000.00,M,M,M,M,M,M,M,M,102.81,KPHX 071751Z 06003KT 10SM FEW160 SCT200 SCT250 42/06 A2990 RMK AO2 SLP100 T04220056 10428 20344 50000,M
PHX,2025-08-07 18:51,-112.0116,33.4343,337.00,112.00,41.00,9.39,M,5.00,0.00,29.88,1009.30,10.00,M,FEW,FEW,SCT,M,16000.00,20000.00,25000.00,M,M,M,M,M,M,M,M,106.33,KPHX 071851Z VRB05KT 10SM FEW160 FEW200 SCT250 44/05 A2988 RMK AO2 SLP093 T04440050,M
PHX,2025-08-07 19:51,-112.0116,33.4343,337.00,115.00,41.00,8.63,310.00,4.00,0.00,29.86,1008.50,10.00,M,FEW,FEW,FEW,SCT,12000.00,16000.00,20000.00,25000.00,M,M,M,M,M,M,M,108.80,KPHX 071951Z 31004KT 10SM FEW120 FEW160 FEW200 SCT250 46/05 A2986 RMK AO2 SLP085 T04610050,M
PHX,2025-08-07 20:51,-112.0116,33.4343,337.00,116.00,40.00,8.07,270.00,10.00,0.00,29.83,1007.70,10.00,M,FEW,FEW,FEW,SCT,12000.00,16000.00,20000.00,25000.00,M,M,M,M,M,M,M,109.31,KPHX 072051Z 27010KT 10SM FEW120 FEW160 FEW200 SCT250 47/04 A2983 RMK AO2 SLP077 T04670044 58022,M
PHX,2025-08-07 21:51,-112.0116,33.4343,337.00,116.00,39.00,7.76,280.00,11.00,0.00,29.80,1006.60,10.00,M,FEW,FEW,FEW,SCT,12000.00,16000.00,20000.00,25000.00,M,M,M,M,M,M,M,109.04,KPHX 072151Z 28011KT 10SM FEW120 FEW160 FEW200 SCT250 47/04 A2980 RMK AO2 SLP066 T04670039,M
PHX,2025-08-07 22:51,-112.0116,33.4343,337.00,118.00,40.00,7.63,260.00,10.00,0.00,29.77,1005.60,10.00,18.00,FEW,FEW,SCT,M,12000.00,16000.00,25000.00,M,M,M,M,M,M,M,M,110.83,KPHX 072251Z 26010G18KT 10SM FEW120 FEW160 SCT250 48/04 A2977 RMK AO2 SLP056 T04780044,M
PHX,2025-08-07 23:34,-112.0116,33.4343,337.00,116.00,39.00,7.76,320.00,9.00,0.00,29.76,M,10.00,M,FEW,FEW,SCT,M,12000.00,16000.00,25000.00,M,M,M,M,M,M,M,M,109.04,KPHX 072334Z 32009KT 10SM FEW120 FEW160 SCT250 47/04 A2976 RMK AO2 T04670039,M
PHX,2025-08-07 23:51,-112.0116,33.4343,337.00,117.00,40.00,7.84,280.00,16.00,0.00,29.75,1005.00,10.00,21.00,FEW,FEW,SCT,M,12000.00,16000.00,25000.00,M,M,M,M,M,M,M,M,110.08,KPHX 072351Z 28016G21KT 10SM FEW120 FEW160 SCT250 47/04 A2975 RMK AO2 SLP050 T04720044 10478 20422 56026,M
PHX,2025-08-08 00:51,-112.0116,33.4343,337.00,115.00,39.00,7.98,290.00,11.00,0.00,29.73,1004.20,10.00,19.00,FEW,FEW,SCT,M,12000.00,16000.00,25000.00,M,M,M,M,M,M,M,M,108.27,KPHX 080051Z 29011G19KT 10SM FEW120 FEW160 SCT250 46/04 A2973 RMK AO2 SLP042 T04610039,M
PHX,2025-08-08 01:51,-112.0116,33.4343,337.00,114.00,39.00,8.21,270.00,11.00,0.00,29.73,1004.20,10.00,M,FEW,FEW,FEW,M,12000.00,16000.00,25000.00,M,M,M,M,M,M,M,M,107.48,KPHX 080151Z 27011KT 10SM FEW120 FEW160 FEW250 46/04 A2973 RMK AO2 SLP042 T04560039,M
PHX,2025-08-08 02:51,-112.0116,33.4343,337.00,111.00,40.00,9.30,260.00,7.00,0.00,29.73,1004.40,10.00,M,FEW,FEW,M,M,16000.00,25000.00,M,M,M,M,M,M,M,M,M,105.03,KPHX 080251Z 26007KT 10SM FEW160 FEW250 44/04 A2973 RMK AO2 SLP044 T04390044 55006,M
PHX,2025-08-08 03:51,-112.0116,33.4343,337.00,111.00,39.00,8.94,310.00,12.00,0.00,29.75,1005.00,10.00,M,FEW,M,M,M,25000.00,M,M,M,M,M,M,M,M,M,M,104.79,KPHX 080351Z 31012KT 10SM FEW250 44/04 A2975 RMK AO2 SLP050 T04390039,M
PHX,2025-08-08 04:51,-112.0116,33.4343,337.00,109.00,39.00,9.47,320.00,9.00,0.00,29.75,1005.10,10.00,M,CLR,M,M,M,M,M,M,M,M,M,M,M,M,M,M,102.96,KPHX 080451Z 32009KT 10SM CLR 43/04 A2975 RMK AO2 SLP051 T04280039,M
PHX,2025-08-08 05:51,-112.0116,33.4343,337.00,107.00,39.00,10.04,320.00,7.00,0.00,29.75,1005.00,10.00,M,CLR,M,M,M,M,M,M,M,M,M,M,M,M,M,M,101.18,KPHX 080551Z 32007KT 10SM CLR 42/04 A2975 RMK AO2 SLP050 T04170039 10472 20417 50006,M
PHX,2025-08-08 06:51,-112.0116,33.4343,337.00,102.00,41.00,12.58,270.00,5.00,0.00,29.76,1005.10,10.00,M,CLR,M,M,M,M,M,M,M,M,M,M,M,M,M,M,97.24,KPHX 080651Z 27005KT 10SM CLR 39/05 A2976 RMK AO2 SLP051 T03890050 404780267,M
PHX,2025-08-08 07:51,-112.0116,33.4343,337.00,99.00,41.00,13.76,250.00,6.00,0.00,29.76,1005.30,10.00,M,CLR,M,M,M,M,M,M,M,M,M,M,M,M,M,M,94.48,KPHX 080751Z 25006KT 10SM CLR 37/05 A2976 RMK AO2 SLP053 T03720050,M
PHX,2025-08-08 08:51,-112.0116,33.4343,337.00,98.00,40.00,13.64,260.00,5.00,0.00,29.77,1005.50,10.00,M,CLR,M,M,M,M,M,M,M,M,M,M,M,M,M,M,93.43,KPHX 080851Z 26005KT 10SM CLR 37/04 A2977 RMK AO2 SLP055 T03670044 53005,M
PHX,2025-08-08 09:51,-112.0116,33.4343,337.00,99.00,41.00,13.76,310.00,3.00,0.00,29.77,1005.60,10.00,M,FEW,M,M,M,11000.00,M,M,M,M,M,M,M,M,M,M,94.48,KPHX 080951Z 31003KT 10SM FEW110 37/05 A2977 RMK AO2 SLP056 T03720050,M
PHX,2025-08-08 10:51,-112.0116,33.4343,337.00,96.00,42.00,15.67,360.00,3.00,0.00,29.78,1006.10,10.00,M,FEW,M,M,M,11000.00,M,M,M,M,M,M,M,M,M,M,91.74,KPHX 081051Z 36003KT 10SM FEW110 36/06 A2978 RMK AO2 SLP061 T03560056,M
PHX,2025-08-08 11:51,-112.0116,33.4343,337.00,93.00,44.00,18.55,90.00,6.00,0.00,29.79,1006.50,10.00,M,FEW,M,M,M,11000.00,M,M,M,M,M,M,M,M,M,M,89.10,KPHX 081151Z 09006KT 10SM FEW110 34/07 A2979 RMK AO2 SLP065 T03390067 10417 20339 53009,M
PHX,2025-08-08 12:51,-112.0116,33.4343,337.00,93.00,45.00,19.27,90.00,5.00,0.00,29.82,1007.30,10.00,M,FEW,SCT,M,M,11000.00,23000.00,M,M,M,M,M,M,M,M,M,89.21,KPHX 081251Z 09005KT 10SM FEW110 SCT230 34/07 A2982 RMK AO2 SLP073 T03390072,M
PHX,2025-08-08 13:51,-112.0116,33.4343,337.00,93.00,50.00,23.26,110.00,4.00,0.00,29.85,1008.20,10.00,M,FEW,FEW,M,M,11000.00,23000.00,M,M,M,M,M,M,M,M,M,89.92,KPHX 081351Z 11004KT 10SM FEW110 FEW230 34/10 A2985 RMK AO2 SLP082 T03390100,M
PHX,2025-08-08 14:51,-112.0116,33.4343,337.00,96.00,52.00,22.84,80.00,9.00,0.00,29.87,1008.90,10.00,M,FEW,FEW,M,M,11000.00,23000.00,M,M,M,M,M,M,M,M,M,93.36,KPHX 081451Z 08009KT 10SM FEW110 FEW230 36/11 A2987 RMK AO2 SLP089 T03560111 51024,M
PHX,2025-08-08 15:51,-112.0116,33.4343,337.00,97.00,54.00,23.84,80.00,7.00,0.00,29.88,1009.50,10.00,M,FEW,FEW,M,M,11000.00,23000.00,M,M,M,M,M,M,M,M,M,94.95,KPHX 081551Z 08007KT 10SM FEW110 FEW230 36/12 A2988 RMK AO2 SLP095 T03610122,M
PHX,2025-08-08 16:51,-112.0116,33.4343,337.00,100.00,54.00,21.78,M,5.00,0.00,29.89,1009.50,10.00,M,FEW,FEW,M,M,11000.00,23000.00,M,M,M,M,M,M,M,M,M,98.18,KPHX 081651Z VRB05KT 10SM FEW110 FEW230 38/12 A2989 RMK AO2 SLP095 T03780122,M
PHX,2025-08-08 17:51,-112.0116,33.4343,337.00,102.00,53.00,19.77,250.00,4.00,0.00,29.88,1009.30,10.00,M,CLR,M,M,M,M,M,M,M,M,M,M,M,M,M,M,100.00,KPHX 081751Z 25004KT 10SM CLR 39/12 A2988 RMK AO2 SLP093 T03890117 10389 20333 50004,M
PHX,2025-08-08 18:51,-112.0116,33.4343,337.00,103.00,54.00,19.91,300.00,6.00,0.00,29.85,1008.50,10.00,M,FEW,M,M,M,9000.00,M,M,M,M,M,M,M,M,M,M,101.43,KPHX 081851Z 30006KT 10SM FEW090 39/12 A2985 RMK AO2 SLP085 T03940122,M
PHX,2025-08-08 19:51,-112.0116,33.4343,337.00,107.00,53.00,17.06,320.00,9.00,0.00,29.83,1007.50,10.00,17.00,FEW,M,M,M,9000.00,M,M,M,M,M,M,M,M,M,M,105.32,KPHX 081951Z 32009G17KT 10SM FEW090 42/12 A2983 RMK AO2 SLP075 T04170117,M
PHX,2025-08-08 20:51,-112.0116,33.4343,337.00,109.00,52.00,15.52,290.00,8.00,0.00,29.79,1006.40,10.00,M,FEW,M,M,M,9000.00,M,M,M,M,M,M,M,M,M,M,107.00,KPHX 082051Z 29008KT 10SM FEW090 43/11 A2979 RMK AO2 SLP064 T04280111 58028,M
PHX,2025-08-08 21:51,-112.0116,33.4343,337.00,112.00,49.00,12.74,290.00,9.00,0.00,29.77,1005.40,10.00,16.00,FEW,M,M,M,9000.00,M,M,M,M,M,M,M,M,M,M,108.78,KPHX 082151Z 29009G16KT 10SM FEW090 44/09 A2977 RMK AO2 SLP054 T04440094,M
PHX,2025-08-08 22:51,-112.0116,33.4343,337.00,114.00,46.00,10.75,280.00,11.00,0.00,29.74,1004.70,10.00,17.00,FEW,M,M,M,9000.00,M,M,M,M,M,M,M,M,M,M,109.52,KPHX 082251Z 28011G17KT 10SM FEW090 46/08 A2974 RMK AO2 SLP047 T04560078,M
PHX,2025-08-08 23:51,-112.0116,33.4343,337.00,114.00,44.00,9.96,270.00,9.00,0.00,29.72,1004.00,10.00,M,FEW,M,M,M,9000.00,M,M,M,M,M,M,M,M,M,M,108.86,KPHX 082351Z 27009KT 10SM FEW090 46/07 A2972 RMK AO2 SLP040 T04560067 10456 20383 56023,M
PHX,2025-08-09 00:51,-112.0116,33.4343,337.00,112.00,45.00,10.95,250.00,11.00,0.00,29.70,1003.30,10.00,18.00,FEW,M,M,M,9000.00,M,M,M,M,M,M,M,26.00,310.00,2025-08-09 00:28,107.43,KPHX 090051Z 25011G18KT 10SM FEW090 44/07 A2970 RMK AO2 PK WND 31026/0028 SLP033 T04440072,M
PHX,2025-08-09 01:51,-112.0116,33.4343,337.00,111.00,47.00,12.16,270.00,12.00,0.00,29.70,1003.40,10.00,M,FEW,M,M,M,9000.00,M,M,M,M,M,M,M,M,M,M,107.10,KPHX 090151Z 27012KT 10SM FEW090 44/08 A2970 RMK AO2 SLP034 T04390083,M
PHX,2025-08-09 02:51,-112.0116,33.4343,337.00,109.00,49.00,13.88,270.00,11.00,0.00,29.70,1003.40,10.00,M,FEW,FEW,M,M,9000.00,25000.00,M,M,M,M,M,M,M,M,M,105.90,KPHX 090251Z 27011KT 10SM FEW090 FEW250 43/09 A2970 RMK AO2 SLP034 T04280094 55006,M
PHX,2025-08-09 03:51,-112.0116,33.4343,337.00,106.00,49.00,15.15,260.00,7.00,0.00,29.72,1004.10,10.00,M,CLR,M,M,M,M,M,M,M,M,M,M,M,M,M,M,102.92,KPHX 090351Z 26007KT 10SM CLR 41/09 A2972 RMK AO2 SLP041 T04110094,M
PHX,2025-08-09 04:51,-112.0116,33.4343,337.00,104.00,52.00,17.96,270.00,12.00,0.00,29.75,1005.10,10.00,M,CLR,M,M,M,M,M,M,M,M,M,M,M,M,M,M,101.80,KPHX 090451Z 27012KT 10SM CLR 40/11 A2975 RMK AO2 SLP051 T04000111,M
PHX,2025-08-09 05:51,-112.0116,33.4343,337.00,101.00,64.00,30.21,270.00,16.00,0.00,29.76,1005.40,10.00,22.00,CLR,M,M,M,M,M,M,M,M,M,M,M,M,M,M,104.19,KPHX 090551Z 27016G22KT 10SM CLR 38/18 A2976 RMK AO2 SLP054 T03830178 10450 20383 51018,M
PHX,2025-08-09 06:51,-112.0116,33.4343,337.00,99.00,66.00,34.40,270.00,12.00,0.00,29.77,1005.60,10.00,18.00,CLR,M,M,M,M,M,M,M,M,M,M,M,M,M,M,103.19,KPHX 090651Z 27012G18KT 10SM CLR 37/19 A2977 RMK AO2 SLP056 T03720189 404560333,M
PHX,2025-08-09 07:51,-112.0116,33.4343,337.00,98.00,64.00,33.07,290.00,14.00,0.00,29.78,1005.80,10.00,M,CLR,M,M,M,M,M,M,M,M,M,M,M,M,M,M,100.60,KPHX 090751Z 29014KT 10SM CLR 37/18 A2978 RMK AO2 SLP058 T03670178,M
PHX,2025-08-09 08:51,-112.0116,33.4343,337.00,96.00,63.00,33.93,300.00,14.00,0.00,29.78,1006.10,10.00,M,CLR,M,M,M,M,M,M,M,M,M,M,M,M,M,M,97.64,KPHX 090851Z 30014KT 10SM CLR 36/17 A2978 RMK AO2 SLP061 T03560172 53008,M
PHX,2025-08-09 09:51,-112.0116,33.4343,337.00,96.00,61.00,31.62,290.00,13.00,0.00,29.80,1006.60,10.00,M,FEW,M,M,M,16000.00,M,M,M,M,M,M,M,M,M,M,96.57,KPHX 090951Z 29013KT 10SM FEW160 36/16 A2980 RMK AO2 SLP066 T03560161,M
PHX,2025-08-09 10:51,-112.0116,33.4343,337.00,95.00,60.00,31.46,260.00,8.00,0.00,29.81,1006.80,10.00,M,FEW,M,M,M,16000.00,M,M,M,M,M,M,M,M,M,M,94.98,KPHX 091051Z 26008KT 10SM FEW160 35/16 A2981 RMK AO2 SLP068 T03500156,M
PHX,2025-08-09 11:51,-112.0116,33.4343,337.00,94.00,60.00,32.45,270.00,6.00,0.00,29.83,1007.60,10.00,M,FEW,M,M,M,16000.00,M,M,M,M,M,M,M,M,M,M,93.88,KPHX 091151Z 27006KT 10SM FEW160 34/16 A2983 RMK AO2 SLP076 T03440156 10383 20339 53015,M
PHX,2025-08-09 12:51,-112.0116,33.4343,337.00,93.00,62.00,35.92,250.00,5.00,0.00,29.85,1008.40,10.00,M,SCT,M,M,M,16000.00,M,M,M,M,M,M,M,M,M,M,93.71,KPHX 091251Z 25005KT 10SM SCT160 34/17 A2985 RMK AO2 SLP084 T03390167,M
PHX,2025-08-09 13:51,-112.0116,33.4343,337.00,92.00,60.00,34.51,300.00,6.00,0.00,29.89,1009.70,10.00,M,FEW,SCT,M,M,12000.00,16000.00,M,M,M,M,M,M,M,M,M,91.73,KPHX 091351Z 30006KT 10SM FEW120 SCT160 33/16 A2989 RMK AO2 SLP097 T03330156,M
PHX,2025-08-09 14:51,-112.0116,33.4343,337.00,92.00,62.00,37.05,320.00,6.00,0.00,29.91,1010.40,10.00,M,SCT,SCT,M,M,12000.00,16000.00,M,M,M,M,M,M,M,M,M,92.62,KPHX 091451Z 32006KT 10SM SCT120 SCT160 33/17 A2991 RMK AO2 SLP104 T03330167 51026,M
PHX,2025-08-09 15:51,-112.0116,33.4343,337.00,95.00,62.00,33.77,350.00,4.00,0.00,29.91,1010.40,10.00,M,FEW,SCT,M,M,12000.00,16000.00,M,M,M,M,M,M,M,M,M,95.95,KPHX 091551Z 35004KT 10SM FEW120 SCT160 35/17 A2991 RMK AO2 SLP104 VIRGA T03500167,M
PHX,2025-08-09 16:51,-112.0116,33.4343,337.00,98.00,62.00,30.82,40.00,6.00,0.00,29.91,1010.40,10.00,M,FEW,SCT,M,M,12000.00,16000.00,M,M,M,M,M,M,M,M,M,99.40,KPHX 091651Z 04006KT 10SM FEW120 SCT160 37/17 A2991 RMK AO2 SLP104 T03670167,M
PHX,2025-08-09 17:51,-112.0116,33.4343,337.00,100.00,59.00,26.09,M,6.00,0.00,29.89,1009.90,10.00,M,FEW,FEW,SCT,M,12000.00,16000.00,23000.00,M,M,M,M,M,M,M,M,100.17,KPHX 091751Z VRB06KT 10SM FEW120 FEW160 SCT230 38/15 A2989 RMK AO2 SLP099 T03780150 10378 20333 58004,M
PHX,2025-08-09 18:51,-112.0116,33.4343,337.00,102.00,59.00,24.57,250.00,10.00,0.00,29.87,1009.20,10.00,17.00,FEW,FEW,FEW,M,10000.00,16000.00,23000.00,M,M,M,M,M,M,M,M,102.46,KPHX 091851Z 25010G17KT 10SM FEW100 FEW160 FEW230 39/15 A2987 RMK AO2 SLP092 T03890150,M
PHX,2025-08-09 19:51,-112.0116,33.4343,337.00,103.00,59.00,23.85,290.00,12.00,0.00,29.84,1008.10,10.00,M,FEW,FEW,M,M,10000.00,25000.00,M,M,M,M,M,M,M,M,M,103.60,KPHX 091951Z 29012KT 10SM FEW100 FEW250 39/15 A2984 RMK AO2 SLP081 T03940150,M
PHX,2025-08-09 20:51,-112.0116,33.4343,337.00,107.00,59.00,21.21,240.00,9.00,0.00,29.81,1006.90,10.00,17.00,FEW,FEW,M,M,10000.00,25000.00,M,M,M,M,M,M,M,M,M,108.16,KPHX 092051Z 24009G17KT 10SM FEW100 FEW250 42/15 A2981 RMK AO2 SLP069 T04170150 58028,M
PHX,2025-08-09 21:51,-112.0116,33.4343,337.00,107.00,56.00,19.04,310.00,9.00,0.00,29.78,1006.00,10.00,21.00,FEW,FEW,M,M,10000.00,25000.00,M,M,M,M,M,M,M,M,M,106.62,KPHX 092151Z 31009G21KT 10SM FEW100 FEW250 42/13 A2978 RMK AO2 SLP060 TCU DSNT N T04170133,M
PHX,2025-08-09 22:51,-112.0116,33.4343,337.00,109.00,56.00,17.96,260.00,9.00,0.00,29.74,1004.80,10.00,18.00,FEW,FEW,M,M,10000.00,25000.00,M,M,M,M,M,M,M,M,M,108.78,KPHX 092251Z 26009G18KT 10SM FEW100 FEW250 43/13 A2974 RMK AO2 SLP048 CB DSNT N T04280133,M
PHX,2025-08-09 23:51,-112.0116,33.4343,337.00,110.00,55.00,16.83,280.00,14.00,0.00,29.72,1004.00,10.00,19.00,FEW,FEW,FEW,M,10000.00,15000.00,25000.00,M,M,M,M,M,M,M,M,109.34,KPHX 092351Z 28014G19KT 10SM FEW100 FEW150 FEW250 43/13 A2972 RMK AO2 SLP040 CB DSNT N T04330128 10433 20372 56028,M
PHX,2025-08-10 00:51,-112.0116,33.4343,337.00,109.00,53.00,16.10,280.00,12.00,0.00,29.69,1003.00,10.00,M,FEW,FEW,M,M,10000.00,25000.00,M,M,M,M,M,M,M,M,M,107.40,KPHX 100051Z 28012KT 10SM FEW100 FEW250 43/12 A2969 RMK AO2 SLP030 CB DSNT E TCU DSNT N T04280117,M
PHX,2025-08-10 01:51,-112.0116,33.4343,337.00,108.00,51.00,15.40,260.00,12.00,0.00,29.69,1003.00,10.00,20.00,FEW,FEW,M,M,10000.00,25000.00,M,M,M,M,M,M,M,M,M,105.60,KPHX 100151Z 26012G20KT 10SM FEW100 FEW250 42/11 A2969 RMK AO2 SLP030 CB DSNT NE T04220106,M
PHX,2025-08-10 02:51,-112.0116,33.4343,337.00,106.00,51.00,16.32,260.00,9.00,0.00,29.70,1003.40,10.00,M,FEW,FEW,M,M,10000.00,25000.00,M,M,M,M,M,M,M,M,M,103.56,KPHX 100251Z 26009KT 10SM FEW100 FEW250 41/11 A2970 RMK AO2 SLP034 T04110106 55006,M
PHX,2025-08-10 03:51,-112.0116,33.4343,337.00,105.00,52.00,17.44,260.00,8.00,0.00,29.73,1004.20,10.00,M,CLR,M,M,M,M,M,M,M,M,M,M,M,M,M,M,102.86,KPHX 100351Z 26008KT 10SM CLR 41/11 A2973 RMK AO2 SLP042 T04060111,M
PHX,2025-08-10 04:51,-112.0116,33.4343,337.00,103.00,54.00,19.91,260.00,10.00,0.00,29.74,1004.70,10.00,M,CLR,M,M,M,M,M,M,M,M,M,M,M,M,M,M,101.43,KPHX 100451Z 26010KT 10SM CLR 39/12 A2974 RMK AO2 SLP047 T03940122,M
PHX,2025-08-10 05:51,-112.0116,33.4343,337.00,102.00,56.00,22.06,270.00,11.00,0.00,29.76,1005.40,10.00,M,CLR,M,M,M,M,M,M,M,M,M,M,M,M,M,M,101.11,KPHX 100551Z 27011KT 10SM CLR 39/13 A2976 RMK AO2 SLP054 T03890133 10433 20389 51020,M
PHX,2025-08-10 06:51,-112.0116,33.4343,337.00,101.00,58.00,24.43,270.00,11.00,0.00,29.78,1006.10,10.00,M,FEW,M,M,M,13000.00,M,M,M,M,M,M,M,M,M,M,100.84,KPHX 100651Z 27011KT 10SM FEW130 38/14 A2978 RMK AO2 SLP061 T03830144 404330333,M
PHX,2025-08-10 07:51,-112.0116,33.4343,337.00,99.00,61.00,28.87,270.00,14.00,0.00,29.80,1006.80,10.00,M,SCT,M,M,M,16000.00,M,M,M,M,M,M,M,M,M,M,100.02,KPHX 100751Z 27014KT 10SM SCT160 37/16 A2980 RMK AO2 SLP068 T03720161,M
PHX,2025-08-10 08:51,-112.0116,33.4343,337.00,97.00,62.00,31.77,M,4.00,0.00,29.85,1008.30,10.00,17.00,FEW,BKN,BKN,M,16000.00,18000.00,21000.00,M,M,M,M,M,M,M,M,98.24,KPHX 100851Z VRB04G17KT 10SM FEW160 BKN180 BKN210 36/17 A2985 RMK AO2 SLP083 T03610167 53028,M
PHX,2025-08-10 08:55,-112.0116,33.4343,337.00,97.00,62.00,31.77,160.00,7.00,0.00,29.85,M,10.00,17.00,FEW,BKN,BKN,M,16000.00,18000.00,21000.00,M,M,M,M,M,M,M,M,98.24,KPHX 100855Z 16007G17KT 10SM FEW160 BKN180 BKN210 36/17 A2985 RMK AO2 T03610167,M
PHX,2025-08-10 09:45,-112.0116,33.4343,337.00,93.20,60.80,34.21,200.00,20.00,T,29.87,M,2.00,30.00,SCT,SCT,BKN,BKN,1400.00,12000.00,15000.00,18000.00,BLDU,M,M,M,30.00,190.00,2025-08-10 09:44,93.36,KPHX 100945Z 20020G30KT 2SM BLDU SCT014 SCT120 BKN150 BKN180 34/16 A2987 RMK AO2 PK WND 19030/0944 RAB14E25 P0000,M
PHX,2025-08-10 09:51,-112.0116,33.4343,337.00,92.00,62.00,37.05,200.00,16.00,T,29.87,1009.00,2.00,30.00,SCT,SCT,BKN,BKN,1400.00,12000.00,15000.00,18000.00,BLDU,M,M,M,30.00,190.00,2025-08-10 09:44,92.62,KPHX 100951Z 20016G30KT 2SM BLDU SCT014 SCT120 BKN150 BKN180 33/17 A2987 RMK AO2 PK WND 19030/0944 RAB14E25 SLP090 P0000 T03330167,M
PHX,2025-08-10 10:03,-112.0116,33.4343,337.00,92.00,62.00,37.05,190.00,17.00,0.00,29.87,M,4.00,25.00,FEW,SCT,BKN,BKN,1100.00,12000.00,15000.00,18000.00,BLDU,M,M,M,M,M,M,92.62,KPHX 101003Z 19017G25KT 4SM BLDU FEW011 SCT120 BKN150 BKN180 33/17 A2987 RMK AO2 T03330167,M
PHX,2025-08-10 10:51,-112.0116,33.4343,337.00,92.00,60.00,34.51,200.00,11.00,0.00,29.90,1010.00,8.00,21.00,SCT,BKN,BKN,M,12000.00,15000.00,18000.00,M,M,M,M,M,30.00,200.00,2025-08-10 10:08,91.73,KPHX 101051Z 20011G21KT 8SM SCT120 BKN150 BKN180 33/16 A2990 RMK AO2 PK WND 20030/1008 SLP100 T03330156,M
PHX,2025-08-10 11:51,-112.0116,33.4343,337.00,92.00,60.00,34.51,160.00,4.00,0.00,29.91,1010.60,10.00,M,FEW,FEW,SCT,SCT,7000.00,12000.00,15000.00,20000.00,M,M,M,M,30.00,190.00,2025-08-10 10:55,91.73,KPHX 101151Z 16004KT 10SM FEW070 FEW120 SCT150 SCT200 33/16 A2991 RMK AO2 PK WND 19030/1055 SLP106 60000 T03330156 10394 20328 51022 $,M
PHX,2025-08-10 12:51,-112.0116,33.4343,337.00,91.00,60.00,35.61,100.00,4.00,0.00,29.93,1011.20,10.00,M,FEW,FEW,FEW,M,8000.00,15000.00,20000.00,M,M,M,M,M,M,M,M,90.68,KPHX 101251Z 10004KT 10SM FEW080 FEW150 FEW200 33/16 A2993 RMK AO2 SLP112 T03280156 $,M
PHX,2025-08-10 13:51,-112.0116,33.4343,337.00,91.00,61.00,36.89,350.00,8.00,0.00,29.93,1011.30,8.00,M,FEW,M,M,M,8000.00,M,M,M,M,M,M,M,M,M,M,91.09,KPHX 101351Z 35008KT 8SM FEW080 33/16 A2993 RMK AO2 SLP113 T03280161 $,M
PHX,2025-08-10 14:51,-112.0116,33.4343,337.00,92.00,62.00,37.05,340.00,10.00,0.00,29.94,1011.40,10.00,17.00,FEW,FEW,M,M,8000.00,25000.00,M,M,M,M,M,M,M,M,M,92.62,KPHX 101451Z 34010G17KT 10SM FEW080 FEW250 33/17 A2994 RMK AO2 SLP114 T03330167 51008 $,M
PHX,2025-08-10 15:51,-112.0116,33.4343,337.00,94.00,62.00,34.83,330.00,8.00,0.00,29.94,1011.40,10.00,M,FEW,FEW,M,M,17000.00,25000.00,M,M,M,M,M,M,M,M,M,94.82,KPHX 101551Z 33008KT 10SM FEW170 FEW250 34/17 A2994 RMK AO2 SLP114 T03440167 $,M
PHX,2025-08-10 16:51,-112.0116,33.4343,337.00,96.00,61.00,31.62,M,4.00,0.00,29.95,1011.70,10.00,M,SCT,M,M,M,25000.00,M,M,M,M,M,M,M,M,M,M,96.57,KPHX 101651Z VRB04KT 10SM SCT250 36/16 A2995 RMK AO2 SLP117 T03560161 $,M
PHX,2025-08-10 17:51,-112.0116,33.4343,337.00,100.00,61.00,28.01,220.00,5.00,0.00,29.94,1011.50,10.00,M,FEW,M,M,M,25000.00,M,M,M,M,M,M,M,M,M,M,101.18,KPHX 101751Z 22005KT 10SM FEW250 38/16 A2994 RMK AO2 SLP115 T03780161 10378 20328 50001 $,M
PHX,2025-08-10 18:51,-112.0116,33.4343,337.00,103.00,60.00,24.72,240.00,10.00,0.00,29.92,1010.70,10.00,M,FEW,FEW,M,M,9000.00,25000.00,M,M,M,M,M,M,M,M,M,104.13,KPHX 101851Z 24010KT 220V290 10SM FEW090 FEW250 39/16 A2992 RMK AO2 SLP107 T03940156 $,M
PHX,2025-08-10 19:51,-112.0116,33.4343,337.00,104.00,58.00,22.34,240.00,11.00,0.00,29.89,1009.80,10.00,29.00,FEW,SCT,M,M,9000.00,25000.00,M,M,M,M,M,M,29.00,330.00,2025-08-10 19:45,104.24,KPHX 101951Z 24011G29KT 220V300 10SM FEW090 SCT250 40/14 A2989 RMK AO2 PK WND 33029/1945 SLP098 CB DSNT NE T04000144 $,M
PHX,2025-08-10 20:51,-112.0116,33.4343,337.00,106.00,58.00,21.07,280.00,13.00,0.00,29.86,1008.80,10.00,18.00,FEW,SCT,M,M,9000.00,25000.00,M,M,M,M,M,M,M,M,M,106.50,KPHX 102051Z 28013G18KT 10SM FEW090 SCT250 41/14 A2986 RMK AO2 SLP088 CB DSNT NE T04110144 58026 $,M
PHX,2025-08-10 21:51,-112.0116,33.4343,337.00,108.00,59.00,20.60,280.00,15.00,0.00,29.83,1007.70,9.00,20.00,FEW,BKN,M,M,9000.00,25000.00,M,M,M,M,M,M,M,M,M,109.29,KPHX 102151Z 28015G20KT 9SM FEW090 BKN250 42/15 A2983 RMK AO2 SLP077 T04220150 $,M
PHX,2025-08-10 22:51,-112.0116,33.4343,337.00,107.00,57.00,19.74,280.00,14.00,0.00,29.80,1006.70,7.00,23.00,FEW,BKN,M,M,10000.00,25000.00,M,M,M,M,M,M,M,M,M,107.10,KPHX 102251Z 28014G23KT 7SM FEW100 BKN250 42/14 A2980 RMK AO2 SLP067 T04170139 $,M
PHX,2025-08-10 23:51,-112.0116,33.4343,337.00,106.00,56.00,19.60,290.00,12.00,0.00,29.78,1006.10,9.00,M,FEW,BKN,M,M,14000.00,25000.00,M,M,M,M,M,M,M,M,M,105.52,KPHX 102351Z 29012KT 9SM FEW140 BKN250 41/13 A2978 RMK AO2 SLP061 T04110133 10422 20372 56025 $,M
PHX,2025-08-11 00:51,-112.0116,33.4343,337.00,106.00,56.00,19.60,270.00,10.00,0.00,29.77,1005.70,10.00,18.00,FEW,BKN,M,M,20000.00,25000.00,M,M,M,M,M,M,M,M,M,105.52,KPHX 110051Z 27010G18KT 10SM FEW200 BKN250 41/13 A2977 RMK AO2 SLP057 T04110133 $,M
PHX,2025-08-11 01:51,-112.0116,33.4343,337.00,106.00,57.00,20.32,260.00,11.00,0.00,29.77,1005.50,9.00,M,SCT,BKN,M,M,20000.00,25000.00,M,M,M,M,M,M,M,M,M,106.00,KPHX 110151Z 26011KT 9SM SCT200 BKN250 41/14 A2977 RMK AO2 SLP055 T04110139 $,M
PHX,2025-08-11 02:51,-112.0116,33.4343,337.00,104.00,57.00,21.55,240.00,8.00,0.00,29.77,1005.70,10.00,M,FEW,SCT,M,M,20000.00,25000.00,M,M,M,M,M,M,M,M,M,103.77,KPHX 110251Z 24008KT 10SM FEW200 SCT250 40/14 A2977 RMK AO2 SLP057 T04000139 55005 $,M
PHX,2025-08-11 03:51,-112.0116,33.4343,337.00,102.00,56.00,22.06,240.00,5.00,0.00,29.78,1006.30,10.00,M,SCT,M,M,M,25000.00,M,M,M,M,M,M,M,M,M,M,101.11,KPHX 110351Z 24005KT 10SM SCT250 39/13 A2978 RMK AO2 SLP063 T03890133 $,M
PHX,2025-08-11 04:51,-112.0116,33.4343,337.00,101.00,56.00,22.73,250.00,6.00,0.00,29.80,1006.70,10.00,M,BKN,M,M,M,25000.00,M,M,M,M,M,M,M,M,M,M,100.00,KPHX 110451Z 25006KT 10SM BKN250 38/13 A2980 RMK AO2 SLP067 T03830133 $,M
PHX,2025-08-11 05:51,-112.0116,33.4343,337.00,101.00,57.00,23.56,260.00,9.00,0.00,29.80,1006.80,10.00,M,BKN,M,M,M,25000.00,M,M,M,M,M,M,M,M,M,M,100.40,KPHX 110551Z 26009KT 10SM BKN250 38/14 A2980 RMK AO2 SLP068 T03830139 10417 20383 51012 $,M
PHX,2025-08-11 06:51,-112.0116,33.4343,337.00,99.00,60.00,27.86,260.00,10.00,0.00,29.81,1007.10,10.00,17.00,SCT,M,M,M,25000.00,M,M,M,M,M,M,M,M,M,M,99.50,KPHX 110651Z 26010G17KT 10SM SCT250 37/16 A2981 RMK AO2 SLP071 T03720156 404220328 $,M
PHX,2025-08-11 07:51,-112.0116,33.4343,337.00,97.00,61.00,30.67,270.00,11.00,0.00,29.82,1007.30,10.00,M,SCT,M,M,M,25000.00,M,M,M,M,M,M,M,M,M,M,97.71,KPHX 110751Z 27011KT 10SM SCT250 36/16 A2982 RMK AO2 SLP073 T03610161 $,M
PHX,2025-08-11 08:51,-112.0116,33.4343,337.00,96.00,60.00,30.52,270.00,12.00,0.00,29.81,1007.10,10.00,M,FEW,FEW,M,M,18000.00,23000.00,M,M,M,M,M,M,M,M,M,96.09,KPHX 110851Z 27012KT 10SM FEW180 FEW230 36/16 A2981 RMK AO2 SLP071 T03560156 50002 $,M
PHX,2025-08-11 09:51,-112.0116,33.4343,337.00,95.00,60.00,31.46,280.00,11.00,0.00,29.82,1007.40,10.00,M,FEW,SCT,SCT,M,12000.00,16000.00,20000.00,M,M,M,M,M,M,M,M,94.98,KPHX 110951Z 28011KT 10SM FEW120 SCT160 SCT200 35/16 A2982 RMK AO2 SLP074 T03500156 $,M
PHX,2025-08-11 10:51,-112.0116,33.4343,337.00,95.00,60.00,31.46,280.00,13.00,0.00,29.82,1007.50,10.00,M,FEW,SCT,SCT,M,12000.00,14000.00,20000.00,M,M,M,M,M,M,M,M,94.98,KPHX 111051Z 28013KT 10SM FEW120 SCT140 SCT200 35/16 A2982 RMK AO2 SLP075 T03500156 $,M
PHX,2025-08-11 11:51,-112.0116,33.4343,337.00,93.00,59.00,32.29,250.00,5.00,0.00,29.83,1007.90,10.00,M,FEW,SCT,SCT,M,12000.00,14000.00,20000.00,M,M,M,M,M,M,M,M,92.39,KPHX 111151Z 25005KT 10SM FEW120 SCT140 SCT200 34/15 A2983 RMK AO2 SLP079 T03390150 10383 20339 53008 $,M
PHX,2025-08-11 12:51,-112.0116,33.4343,337.00,92.00,59.00,33.31,220.00,4.00,0.00,29.86,1008.70,10.00,M,FEW,SCT,M,M,12000.00,18000.00,M,M,M,M,M,M,M,M,M,91.33,KPHX 111251Z 22004KT 10SM FEW120 SCT180 33/15 A2986 RMK AO2 SLP087 T03330150 $,M
PHX,2025-08-11 13:51,-112.0116,33.4343,337.00,92.00,59.00,33.31,0.00,0.00,0.00,29.88,1009.50,10.00,M,FEW,SCT,M,M,12000.00,18000.00,M,M,M,M,M,M,M,M,M,91.33,KPHX 111351Z 00000KT 10SM FEW120 SCT180 33/15 A2988 RMK AO2 SLP095 T03330150 $,M
PHX,2025-08-11 14:51,-112.0116,33.4343,337.00,95.00,60.00,31.46,80.00,7.00,0.00,29.90,1010.00,10.00,M,FEW,SCT,M,M,12000.00,18000.00,M,M,M,M,M,M,M,M,M,94.98,KPHX 111451Z 08007KT 10SM FEW120 SCT180 35/16 A2990 RMK AO2 SLP100 T03500156 51020 $,M
PHX,2025-08-11 15:51,-112.0116,33.4343,337.00,97.00,59.00,28.56,60.00,6.00,0.00,29.90,1010.00,10.00,M,FEW,FEW,M,M,18000.00,23000.00,M,M,M,M,M,M,M,M,M,96.77,KPHX 111551Z 06006KT 10SM FEW180 FEW230 36/15 A2990 RMK AO2 SLP100 T03610150 $,M
PHX,2025-08-11 16:51,-112.0116,33.4343,337.00,101.00,59.00,25.32,120.00,4.00,0.00,29.90,1010.10,10.00,M,FEW,FEW,M,M,18000.00,23000.00,M,M,M,M,M,M,M,M,M,101.31,KPHX 111651Z 12004KT 10SM FEW180 FEW230 38/15 A2990 RMK AO2 SLP101 T03830150 $,M
PHX,2025-08-11 17:51,-112.0116,33.4343,337.00,100.00,58.00,25.17,0.00,0.00,0.00,29.89,1009.70,10.00,M,FEW,FEW,M,M,10000.00,25000.00,M,M,M,M,M,M,M,M,M,99.71,KPHX 111751Z 00000KT 10SM FEW100 FEW250 38/14 A2989 RMK AO2 SLP097 T03780144 10383 20333 58003,M
PHX,2025-08-11 18:51,-112.0116,33.4343,337.00,104.00,57.00,21.55,M,4.00,0.00,29.86,1008.80,10.00,M,FEW,FEW,M,M,10000.00,25000.00,M,M,M,M,M,M,M,M,M,103.77,KPHX 111851Z VRB04KT 10SM FEW100 FEW250 40/14 A2986 RMK AO2 SLP088 T04000139,M
PHX,2025-08-11 19:51,-112.0116,33.4343,337.00,105.00,54.00,18.77,M,5.00,0.00,29.84,1008.00,10.00,M,FEW,M,M,M,10000.00,M,M,M,M,M,M,M,M,M,M,103.59,KPHX 111951Z VRB05KT 10SM FEW100 41/12 A2984 RMK AO2 SLP080 T04060122,M
PHX,2025-08-11 20:51,-112.0116,33.4343,337.00,110.00,55.00,16.83,250.00,12.00,0.00,29.81,1006.80,10.00,21.00,FEW,M,M,M,10000.00,M,M,M,M,M,M,M,M,M,M,109.34,KPHX 112051Z 25012G21KT 10SM FEW100 43/13 A2981 RMK AO2 SLP068 TCU DSNT N-E T04330128 58026,M
PHX,2025-08-11 21:51,-112.0116,33.4343,337.00,109.00,54.00,16.70,250.00,13.00,0.00,29.78,1005.90,10.00,18.00,FEW,FEW,M,M,10000.00,25000.00,M,M,M,M,M,M,M,M,M,107.84,KPHX 112151Z 25013G18KT 10SM FEW100 FEW250 43/12 A2978 RMK AO2 SLP059 CB DSNT NE T04280122,M
PHX,2025-08-11 22:51,-112.0116,33.4343,337.00,111.00,54.00,15.76,260.00,8.00,0.00,29.75,1004.80,10.00,23.00,FEW,FEW,M,M,10000.00,25000.00,M,M,M,M,M,M,26.00,300.00,2025-08-11 22:24,109.90,KPHX 112251Z 26008G23KT 10SM FEW100 FEW250 44/12 A2975 RMK AO2 PK WND 30026/2224 SLP048 T04390122,M
PHX,2025-08-11 23:51,-112.0116,33.4343,337.00,111.00,49.00,13.11,280.00,15.00,0.00,29.72,1003.90,10.00,24.00,FEW,SCT,M,M,10000.00,25000.00,M,M,M,M,M,M,M,M,M,107.83,KPHX 112351Z 28015G24KT 10SM FEW100 SCT250 44/09 A2972 RMK AO2 SLP039 T04390094 10444 20372 58029,M
PHX,2025-08-12 00:51,-112.0116,33.4343,337.00,110.00,49.00,13.49,260.00,11.00,0.00,29.70,1003.20,10.00,20.00,FEW,SCT,M,M,10000.00,25000.00,M,M,M,M,M,M,M,M,M,106.87,KPHX 120051Z 26011G20KT 10SM FEW100 SCT250 43/09 A2970 RMK AO2 SLP032 T04330094,M
PHX,2025-08-12 01:51,-112.0116,33.4343,337.00,109.00,48.00,13.37,260.00,10.00,0.00,29.70,1003.20,10.00,M,FEW,FEW,M,M,10000.00,25000.00,M,M,M,M,M,M,M,M,M,105.57,KPHX 120151Z 26010KT 10SM FEW100 FEW250 43/09 A2970 RMK AO2 SLP032 T04280089,M
PHX,2025-08-12 02:51,-112.0116,33.4343,337.00,107.00,48.00,14.17,250.00,8.00,0.00,29.70,1003.30,10.00,M,FEW,FEW,M,M,10000.00,25000.00,M,M,M,M,M,M,M,M,M,103.62,KPHX 120251Z 25008KT 10SM FEW100 FEW250 42/09 A2970 RMK AO2 SLP033 T04170089 55005,M
PHX,2025-08-12 03:51,-112.0116,33.4343,337.00,104.00,50.00,16.68,240.00,9.00,0.00,29.73,1004.30,10.00,M,FEW,FEW,M,M,10000.00,25000.00,M,M,M,M,M,M,M,M,M,101.18,KPHX 120351Z 24009KT 10SM FEW100 FEW250 40/10 A2973 RMK AO2 SLP043 T04000100,M
PHX,2025-08-12 04:51,-112.0116,33.4343,337.00,103.00,52.00,18.50,250.00,8.00,0.00,29.74,1004.60,10.00,M,FEW,FEW,M,M,10000.00,25000.00,M,M,M,M,M,M,M,M,M,100.74,KPHX 120451Z 25008KT 10SM FEW100 FEW250 39/11 A2974 RMK AO2 SLP046 T03940111,M
PHX,2025-08-12 05:51,-112.0116,33.4343,337.00,102.00,54.00,20.51,260.00,14.00,0.00,29.74,1004.70,10.00,22.00,FEW,M,M,M,12000.00,M,M,M,M,M,M,M,M,M,M,100.35,KPHX 120551Z 26014G22KT 10SM FEW120 39/12 A2974 RMK AO2 SLP047 T03890122 10439 20389 51013,M
PHX,2025-08-12 06:51,-112.0116,33.4343,337.00,100.00,55.00,22.58,280.00,15.00,0.00,29.75,1004.90,10.00,M,FEW,M,M,M,12000.00,M,M,M,M,M,M,M,M,M,M,98.52,KPHX 120651Z 28015KT 10SM FEW120 38/13 A2975 RMK AO2 SLP049 T03780128 404440333,M
PHX,2025-08-12 07:51,-112.0116,33.4343,337.00,98.00,55.00,23.99,300.00,7.00,0.00,29.78,1005.90,10.00,M,FEW,M,M,M,12000.00,M,M,M,M,M,M,M,M,M,M,96.34,KPHX 120751Z 30007KT 10SM FEW120 37/13 A2978 RMK AO2 SLP059 T03670128,M
PHX,2025-08-12 08:51,-112.0116,33.4343,337.00,96.00,57.00,27.41,310.00,7.00,0.00,29.80,1006.50,10.00,M,SCT,M,M,M,14000.00,M,M,M,M,M,M,M,M,M,M,94.86,KPHX 120851Z 31007KT 10SM SCT140 36/14 A2980 RMK AO2 SLP065 T03560139 53019,M
PHX,2025-08-12 09:51,-112.0116,33.4343,337.00,95.00,57.00,28.26,20.00,3.00,0.00,29.81,1007.10,10.00,M,FEW,SCT,SCT,M,12000.00,14000.00,21000.00,M,M,M,M,M,M,M,M,93.78,KPHX 120951Z 02003KT 10SM FEW120 SCT140 SCT210 35/14 A2981 RMK AO2 SLP071 T03500139,M
PHX,2025-08-12 10:51,-112.0116,33.4343,337.00,93.00,57.00,30.05,110.00,5.00,0.00,29.82,1007.30,10.00,M,FEW,M,M,M,13000.00,M,M,M,M,M,M,M,M,M,M,91.66,KPHX 121051Z 11005KT 10SM FEW130 34/14 A2982 RMK AO2 SLP073 T03390139,M
PHX,2025-08-12 11:51,-112.0116,33.4343,337.00,92.00,58.00,32.13,90.00,6.00,0.00,29.82,1007.50,10.00,M,FEW,M,M,M,13000.00,M,M,M,M,M,M,M,M,M,M,90.97,KPHX 121151Z 09006KT 10SM FEW130 33/14 A2982 RMK AO2 SLP075 T03330144 10389 20328 51008,M
PHX,2025-08-12 12:51,-112.0116,33.4343,337.00,91.00,59.00,34.36,80.00,7.00,0.00,29.84,1008.10,10.00,M,FEW,FEW,M,M,13000.00,25000.00,M,M,M,M,M,M,M,M,M,90.29,KPHX 121251Z 08007KT 10SM FEW130 FEW250 33/15 A2984 RMK AO2 SLP081 T03280150,M
PHX,2025-08-12 13:51,-112.0116,33.4343,337.00,91.00,60.00,35.61,100.00,7.00,0.00,29.86,1008.90,10.00,M,FEW,FEW,M,M,13000.00,25000.00,M,M,M,M,M,M,M,M,M,90.68,KPHX 121351Z 10007KT 10SM FEW130 FEW250 33/16 A2986 RMK AO2 SLP089 T03280156,M
PHX,2025-08-12 14:51,-112.0116,33.4343,337.00,93.00,59.00,32.29,120.00,4.00,0.00,29.87,1009.20,10.00,M,FEW,FEW,M,M,13000.00,21000.00,M,M,M,M,M,M,M,M,M,92.39,KPHX 121451Z 12004KT 10SM FEW130 FEW210 34/15 A2987 RMK AO2 SLP092 T03390150 51016,M
PHX,2025-08-12 15:51,-112.0116,33.4343,337.00,96.00,59.00,29.45,M,6.00,0.00,29.88,1009.40,10.00,M,FEW,FEW,M,M,13000.00,21000.00,M,M,M,M,M,M,M,M,M,95.65,KPHX 121551Z VRB06KT 10SM FEW130 FEW210 36/15 A2988 RMK AO2 SLP094 T03560150,M
PHX,2025-08-12 16:51,-112.0116,33.4343,337.00,97.00,58.00,27.56,20.00,4.00,0.00,29.88,1009.40,10.00,M,CLR,M,M,M,M,M,M,M,M,M,M,M,M,M,M,96.35,KPHX 121651Z 02004KT 10SM CLR 36/14 A2988 RMK AO2 SLP094 T03610144,M
PHX,2025-08-12 17:51,-112.0116,33.4343,337.00,100.00,57.00,24.28,340.00,5.00,0.00,29.87,1009.20,10.00,M,CLR,M,M,M,M,M,M,M,M,M,M,M,M,M,M,99.28,KPHX 121751Z 34005KT 10SM CLR 38/14 A2987 RMK AO2 SLP092 T03780139 10378 20328 50000,M
PHX,2025-08-12 18:51,-112.0116,33.4343,337.00,102.00,56.00,22.06,200.00,4.00,0.00,29.86,1008.60,10.00,M,CLR,M,M,M,M,M,M,M,M,M,M,M,M,M,M,101.11,KPHX 121851Z 20004KT 10SM CLR 39/13 A2986 RMK AO2 SLP086 T03890133,M
PHX,2025-08-12 19:51,-112.0116,33.4343,337.00,104.00,55.00,20.05,300.00,8.00,0.00,29.84,1007.90,10.00,M,FEW,FEW,M,M,9000.00,21000.00,M,M,M,M,M,M,M,M,M,102.90,KPHX 121951Z 30008KT 10SM FEW090 FEW210 40/13 A2984 RMK AO2 SLP079 TCU DSNT NE T04000128,M
PHX,2025-08-12 20:51,-112.0116,33.4343,337.00,108.00,55.00,17.83,M,5.00,0.00,29.81,1006.90,10.00,M,FEW,FEW,M,M,9000.00,21000.00,M,M,M,M,M,M,M,M,M,107.23,KPHX 122051Z VRB05KT 10SM FEW090 FEW210 42/13 A2981 RMK AO2 SLP069 TCU DSNT N AND NE T04220128 58022,M
PHX,2025-08-12 21:51,-112.0116,33.4343,337.00,109.00,54.00,16.70,250.00,5.00,0.00,29.77,1005.80,10.00,M,FEW,FEW,M,M,9000.00,21000.00,M,M,M,M,M,M,M,M,M,107.84,KPHX 122151Z 25005KT 10SM FEW090 FEW210 43/12 A2977 RMK AO2 SLP058 CB DSNT N T04280122,M
PHX,2025-08-12 22:51,-112.0116,33.4343,337.00,109.00,53.00,16.10,290.00,12.00,0.00,29.75,1005.00,10.00,22.00,FEW,FEW,M,M,9000.00,21000.00,M,M,M,M,M,M,M,M,M,107.40,KPHX 122251Z 29012G22KT 10SM FEW090 FEW210 43/12 A2975 RMK AO2 SLP050 CB DSNT NE AND E T04280117,M
PHX,2025-08-12 23:51,-112.0116,33.4343,337.00,110.00,50.00,14.00,290.00,16.00,0.00,29.72,1004.00,10.00,22.00,FEW,FEW,M,M,9000.00,25000.00,M,M,M,M,M,M,M,M,M,107.23,KPHX 122351Z 29016G22KT 10SM FEW090 FEW250 43/10 A2972 RMK AO2 SLP040 CB DSNT NE T04330100 10444 20372 56028,M
PHX,2025-08-13 00:51,-112.0116,33.4343,337.00,110.00,50.00,14.00,290.00,11.00,0.00,29.71,1003.70,10.00,20.00,FEW,SCT,M,M,9000.00,25000.00,M,M,M,M,M,M,M,M,M,107.23,KPHX 130051Z 29011G20KT 10SM FEW090 SCT250 43/10 A2971 RMK AO2 SLP037 CB DSNT NE T04330100,M
PHX,2025-08-13 01:51,-112.0116,33.4343,337.00,109.00,47.00,12.88,280.00,16.00,0.00,29.72,1003.90,10.00,M,FEW,FEW,SCT,M,9000.00,14000.00,25000.00,M,M,M,M,M,M,M,M,105.25,KPHX 130151Z 28016KT 10SM FEW090 FEW140 SCT250 43/08 A2972 RMK AO2 SLP039 CB DSNT NE T04280083,M
PHX,2025-08-13 02:51,-112.0116,33.4343,337.00,107.00,48.00,14.17,270.00,9.00,0.00,29.74,1004.50,10.00,M,FEW,FEW,SCT,M,9000.00,14000.00,25000.00,M,M,M,M,M,M,M,M,103.62,KPHX 130251Z 27009KT 10SM FEW090 FEW140 SCT250 42/09 A2974 RMK AO2 SLP045 T04170089 53005,M
PHX,2025-08-13 03:51,-112.0116,33.4343,337.00,105.00,50.00,16.19,250.00,5.00,0.00,29.74,1004.80,10.00,M,FEW,FEW,M,M,12000.00,25000.00,M,M,M,M,M,M,M,M,M,102.21,KPHX 130351Z 25005KT 10SM FEW120 FEW250 41/10 A2974 RMK AO2 SLP048 T04060100,M
PHX,2025-08-13 04:51,-112.0116,33.4343,337.00,102.00,51.00,18.37,260.00,8.00,0.00,29.76,1005.40,10.00,M,FEW,FEW,M,M,12000.00,25000.00,M,M,M,M,M,M,M,M,M,99.39,KPHX 130451Z 26008KT 10SM FEW120 FEW250 39/11 A2976 RMK AO2 SLP054 T03890106,M
PHX,2025-08-13 05:51,-112.0116,33.4343,337.00,101.00,54.00,21.13,260.00,9.00,0.00,29.77,1005.70,10.00,M,FEW,SCT,M,M,12000.00,24000.00,M,M,M,M,M,M,M,M,M,99.26,KPHX 130551Z 26009KT 10SM FEW120 SCT240 38/12 A2977 RMK AO2 SLP057 T03830122 10439 20383 51011,M
PHX,2025-08-13 06:51,-112.0116,33.4343,337.00,101.00,53.00,20.37,290.00,11.00,0.00,29.79,1006.30,10.00,M,FEW,BKN,M,M,13000.00,20000.00,M,M,M,M,M,M,M,M,M,98.93,KPHX 130651Z 29011KT 10SM FEW130 BKN200 38/12 A2979 RMK AO2 SLP063 T03830117 404440328,M
PHX,2025-08-13 07:51,-112.0116,33.4343,337.00,100.00,53.00,20.99,320.00,7.00,0.00,29.79,1006.40,10.00,M,FEW,SCT,M,M,13000.00,15000.00,M,M,M,M,M,M,M,M,M,97.86,KPHX 130751Z 32007KT 10SM FEW130 SCT150 38/12 A2979 RMK AO2 SLP064 T03780117,M
PHX,2025-08-13 08:51,-112.0116,33.4343,337.00,98.00,53.00,22.30,280.00,7.00,0.00,29.80,1006.70,10.00,M,FEW,M,M,M,14000.00,M,M,M,M,M,M,M,M,M,M,95.72,KPHX 130851Z 28007KT 10SM FEW140 37/12 A2980 RMK AO2 SLP067 T03670117 51011,M
PHX,2025-08-13 09:51,-112.0116,33.4343,337.00,95.00,55.00,26.28,120.00,6.00,0.00,29.81,1007.30,10.00,M,FEW,M,M,M,13000.00,M,M,M,M,M,M,M,M,M,M,93.13,KPHX 130951Z 12006KT 10SM FEW130 35/13 A2981 RMK AO2 SLP073 T03500128,M
PHX,2025-08-13 10:51,-112.0116,33.4343,337.00,93.00,55.00,27.95,110.00,6.00,0.00,29.83,1007.70,10.00,M,FEW,M,M,M,13000.00,M,M,M,M,M,M,M,M,M,M,91.05,KPHX 131051Z 11006KT 10SM FEW130 34/13 A2983 RMK AO2 SLP077 T03390128,M
PHX,2025-08-13 11:51,-112.0116,33.4343,337.00,92.00,56.00,29.90,110.00,6.00,0.00,29.84,1008.10,10.00,M,CLR,M,M,M,M,M,M,M,M,M,M,M,M,M,M,90.32,KPHX 131151Z 11006KT 10SM CLR 33/13 A2984 RMK AO2 SLP081 T03330133 10383 20333 51013,M
PHX,2025-08-13 12:51,-112.0116,33.4343,337.00,91.00,56.00,30.84,120.00,7.00,0.00,29.86,1008.80,10.00,M,FEW,FEW,M,M,15000.00,25000.00,M,M,M,M,M,M,M,M,M,89.32,KPHX 131251Z 12007KT 10SM FEW150 FEW250 33/13 A2986 RMK AO2 SLP088 T03280133,M
PHX,2025-08-13 13:51,-112.0116,33.4343,337.00,91.00,55.00,29.74,140.00,8.00,0.00,29.88,1009.50,8.00,M,SCT,SCT,M,M,15000.00,25000.00,M,M,M,M,M,M,M,M,M,89.05,KPHX 131351Z 14008KT 8SM SCT150 SCT250 33/13 A2988 RMK AO2 SLP095 T03280128,M
PHX,2025-08-13 14:51,-112.0116,33.4343,337.00,92.00,56.00,29.90,140.00,8.00,0.00,29.90,1010.30,10.00,M,SCT,SCT,M,M,15000.00,25000.00,M,M,M,M,M,M,M,M,M,90.32,KPHX 131451Z 14008KT 10SM SCT150 SCT250 33/13 A2990 RMK AO2 SLP103 T03330133 53021,M
PHX,2025-08-13 15:51,-112.0116,33.4343,337.00,96.00,56.00,26.43,160.00,9.00,0.00,29.91,1010.60,10.00,M,SCT,SCT,M,M,15000.00,25000.00,M,M,M,M,M,M,M,M,M,94.51,KPHX 131551Z 16009KT 10SM SCT150 SCT250 36/13 A2991 RMK AO2 SLP106 T03560133,M
PHX,2025-08-13 16:51,-112.0116,33.4343,337.00,99.00,55.00,23.27,40.00,4.00,0.00,29.91,1010.40,10.00,M,FEW,FEW,FEW,M,15000.00,21000.00,27000.00,M,M,M,M,M,M,M,M,97.43,KPHX 131651Z 04004KT 10SM FEW150 FEW210 FEW270 37/13 A2991 RMK AO2 SLP104 T03720128,M
PHX,2025-08-13 17:51,-112.0116,33.4343,337.00,100.00,53.00,20.99,0.00,0.00,0.00,29.89,1009.80,10.00,M,FEW,FEW,FEW,M,15000.00,21000.00,27000.00,M,M,M,M,M,M,M,M,97.86,KPHX 131751Z 00000KT 10SM FEW150 FEW210 FEW270 38/12 A2989 RMK AO2 SLP098 T03780117 10383 20322 58004,M
PHX,2025-08-13 18:51,-112.0116,33.4343,337.00,105.00,52.00,17.44,230.00,8.00,0.00,29.87,1008.90,10.00,16.00,FEW,FEW,SCT,M,13000.00,21000.00,27000.00,M,M,M,M,M,M,M,M,102.86,KPHX 131851Z 23008G16KT 10SM FEW130 FEW210 SCT270 41/11 A2987 RMK AO2 SLP089 T04060111,M
PHX,2025-08-13 19:51,-112.0116,33.4343,337.00,103.00,52.00,18.50,310.00,5.00,0.00,29.84,1008.20,10.00,15.00,FEW,SCT,BKN,M,13000.00,21000.00,27000.00,M,M,M,M,M,M,M,M,100.74,KPHX 131951Z 31005G15KT 10SM FEW130 SCT210 BKN270 39/11 A2984 RMK AO2 SLP082 T03940111,M
PHX,2025-08-13 20:51,-112.0116,33.4343,337.00,106.00,53.00,17.57,M,5.00,0.00,29.81,1007.00,10.00,M,FEW,FEW,FEW,M,13000.00,21000.00,27000.00,M,M,M,M,M,M,M,M,104.27,KPHX 132051Z VRB05KT 10SM FEW130 FEW210 FEW270 41/12 A2981 RMK AO2 SLP070 T04110117 58027,M
PHX,2025-08-13 21:51,-112.0116,33.4343,337.00,108.00,52.00,15.98,230.00,10.00,0.00,29.77,1005.80,10.00,15.00,FEW,FEW,FEW,M,9000.00,14000.00,25000.00,M,M,M,M,M,M,M,M,105.97,KPHX 132151Z 23010G15KT 10SM FEW090 FEW140 FEW250 42/11 A2977 RMK AO2 SLP058 CB DSNT N-NE T04220111,M
PHX,2025-08-13 22:51,-112.0116,33.4343,337.00,108.00,53.00,16.57,280.00,11.00,0.00,29.75,1004.90,10.00,M,FEW,FEW,M,M,9000.00,25000.00,M,M,M,M,M,M,26.00,290.00,2025-08-13 22:24,106.37,KPHX 132251Z 28011KT 10SM FEW090 FEW250 42/12 A2975 RMK AO2 PK WND 29026/2224 SLP049 CB DSNT NE T04220117,M
PHX,2025-08-13 23:51,-112.0116,33.4343,337.00,107.00,54.00,17.70,310.00,10.00,0.00,29.73,1004.50,10.00,18.00,FEW,FEW,M,M,9000.00,25000.00,M,M,M,M,M,M,M,M,M,105.73,KPHX 132351Z 31010G18KT 10SM FEW090 FEW250 42/12 A2973 RMK AO2 SLP045 CB DSNT NE T04170122 10428 20378 56024,M
PHX,2025-08-14 00:51,-112.0116,33.4343,337.00,108.00,51.00,15.40,280.00,13.00,0.00,29.73,1004.20,10.00,21.00,FEW,FEW,FEW,M,9000.00,16000.00,25000.00,M,M,M,M,M,M,M,M,105.60,KPHX 140051Z 28013G21KT 10SM FEW090 FEW160 FEW250 42/11 A2973 RMK AO2 SLP042 CB DSNT NE E AND S T04220106,M
PHX,2025-08-14 01:51,-112.0116,33.4343,337.00,106.00,52.00,16.94,290.00,7.00,0.00,29.74,1004.80,9.00,23.00,FEW,FEW,SCT,SCT,9000.00,13000.00,16000.00,25000.00,M,M,M,M,M,M,M,103.90,KPHX 140151Z 29007G23KT 9SM FEW090 FEW130 SCT160 SCT250 41/11 A2974 RMK AO2 SLP048 CB DSNT NE E AND S T04110111,M
PHX,2025-08-14 02:51,-112.0116,33.4343,337.00,106.00,51.00,16.32,270.00,6.00,0.00,29.76,1005.30,10.00,M,SCT,BKN,BKN,M,9000.00,12000.00,21000.00,M,M,M,M,M,M,M,M,103.56,KPHX 140251Z 27006KT 10SM SCT090 BKN120 BKN210 41/11 A2976 RMK AO2 SLP053 CB DSNT N AND S T04110106 53007,M
PHX,2025-08-14 03:21,-112.0116,33.4343,337.00,103.00,48.00,15.94,60.00,11.00,0.00,29.78,M,10.00,M,SCT,BKN,BKN,M,9000.00,12000.00,21000.00,M,TS,M,M,M,M,M,M,99.62,KPHX 140321Z 06011KT 10SM TS SCT090CB BKN120 BKN210 39/09 A2978 RMK AO2 TSB21 OCNL LTGCG N TS N MOV S T03940089,M
PHX,2025-08-14 03:51,-112.0116,33.4343,337.00,102.00,48.00,16.42,50.00,12.00,0.00,29.80,1006.80,8.00,M,SCT,BKN,BKN,M,9000.00,12000.00,21000.00,M,TS,M,M,M,M,M,M,98.61,KPHX 140351Z 05012KT 8SM TS SCT090CB BKN120 BKN210 39/09 A2980 RMK AO2 TSB21 PRESRR SLP068 OCNL LTGCGIC W-N TS W-N MOV S T03890089,M
PHX,2025-08-14 04:06,-112.0116,33.4343,337.00,101.00,50.00,18.23,20.00,16.00,0.00,29.81,M,8.00,M,SCT,BKN,BKN,M,9000.00,12000.00,21000.00,M,TS,M,M,M,M,M,M,98.07,KPHX 140406Z 02016KT 8SM TS SCT090CB BKN120 BKN210 38/10 A2981 RMK AO2 WSHFT 0346 FRQ LTGCGIC W-NW TS W-NW MOV S T03830100,M
PHX,2025-08-14 04:51,-112.0116,33.4343,337.00,96.00,56.00,26.43,280.00,19.00,0.00,29.82,1007.50,10.00,M,FEW,SCT,BKN,BKN,5500.00,8000.00,12000.00,20000.00,TS,M,M,M,M,M,M,94.51,KPHX 140451Z 28019KT 10SM TS FEW055 SCT080CB BKN120 BKN200 36/13 A2982 RMK AO2 WSHFT 0346 SLP075 CONS LTGCGCCIC OHD AND SW-NW TS SW-NW MOV STNRY T03560133,M
PHX,2025-08-14 05:44,-112.0116,33.4343,337.00,93.00,58.00,31.15,220.00,5.00,T,29.82,M,10.00,M,SCT,BKN,BKN,M,10000.00,12000.00,20000.00,M,M,M,M,M,M,M,M,92.01,KPHX 140544Z 22005KT 10SM SCT100 BKN120 BKN200 34/14 A2982 RMK AO2 RAB10E20 TSE44 OCNL LTGCGCC DSNT NW CB DSNT NW P0000 T03390144,M
PHX,2025-08-14 05:51,-112.0116,33.4343,337.00,93.00,58.00,31.15,260.00,7.00,T,29.82,1007.60,10.00,M,SCT,BKN,BKN,M,10000.00,12000.00,20000.00,M,M,M,M,M,M,M,M,92.01,KPHX 140551Z 26007KT 10SM SCT100 BKN120 BKN200 34/14 A2982 RMK AO2 RAB10E20 TSE44 SLP076 OCNL LTGCGCC DSNT NW CB DSNT NW P0000 60000 T03390144 10428 20339 51021,M
PHX,2025-08-14 06:51,-112.0116,33.4343,337.00,97.00,53.00,22.98,180.00,9.00,0.00,29.79,1006.50,10.00,M,SCT,BKN,BKN,OVC,11000.00,12000.00,17000.00,25000.00,M,M,M,M,M,M,M,94.67,KPHX 140651Z 18009KT 10SM SCT110 BKN120 BKN170 OVC250 36/12 A2979 RMK AO2 SLP065 T03610117 404280322,M
PHX,2025-08-14 07:51,-112.0116,33.4343,337.00,96.00,54.00,24.58,140.00,6.00,0.00,29.80,1006.90,10.00,M,BKN,BKN,M,M,22000.00,24000.00,M,M,M,M,M,M,M,M,M,93.89,KPHX 140751Z 14006KT 10SM BKN220 BKN240 36/12 A2980 RMK AO2 SLP069 T03560122,M
PHX,2025-08-14 08:51,-112.0116,33.4343,337.00,93.00,57.00,30.05,110.00,10.00,0.00,29.82,1007.50,8.00,M,SCT,BKN,M,M,21000.00,23000.00,M,M,M,M,M,M,M,M,M,91.66,KPHX 140851Z 11010KT 8SM SCT210 BKN230 34/14 A2982 RMK AO2 SLP075 T03390139 53001,M
PHX,2025-08-14 09:51,-112.0116,33.4343,337.00,91.00,59.00,34.36,130.00,8.00,0.00,29.84,1008.00,10.00,M,FEW,SCT,M,M,12000.00,21000.00,M,M,M,M,M,M,M,M,M,90.29,KPHX 140951Z 13008KT 10SM FEW120 SCT210 33/15 A2984 RMK AO2 SLP080 T03280150,M
PHX,2025-08-14 10:51,-112.0116,33.4343,337.00,90.00,59.00,35.45,150.00,7.00,0.00,29.83,1007.80,10.00,M,FEW,FEW,M,M,12000.00,17000.00,M,M,M,M,M,M,M,M,M,89.28,KPHX 141051Z 15007KT 10SM FEW120 FEW170 32/15 A2983 RMK AO2 SLP078 T03220150,M
PHX,2025-08-14 11:51,-112.0116,33.4343,337.00,89.00,59.00,36.58,140.00,7.00,0.00,29.84,1008.20,10.00,M,FEW,FEW,M,M,12000.00,17000.00,M,M,M,M,M,M,M,M,M,88.29,KPHX 141151Z 14007KT 10SM FEW120 FEW170 32/15 A2984 RMK AO2 SLP082 T03170150 10367 20317 51005,M
PHX,2025-08-14 12:51,-112.0116,33.4343,337.00,89.00,58.00,35.29,130.00,6.00,0.00,29.85,1008.50,10.00,M,FEW,SCT,M,M,12000.00,17000.00,M,M,M,M,M,M,M,M,M,87.96,KPHX 141251Z 13006KT 10SM FEW120 SCT170 32/14 A2985 RMK AO2 SLP085 T03170144,M
PHX,2025-08-14 13:51,-112.0116,33.4343,337.00,89.00,59.00,36.58,140.00,7.00,0.00,29.87,1009.10,10.00,M,FEW,SCT,SCT,M,12000.00,17000.00,23000.00,M,M,M,M,M,M,M,M,88.29,KPHX 141351Z 14007KT 10SM FEW120 SCT170 SCT230 32/15 A2987 RMK AO2 SLP091 T03170150,M
PHX,2025-08-14 14:51,-112.0116,33.4343,337.00,91.00,58.00,33.15,150.00,6.00,0.00,29.88,1009.40,10.00,M,FEW,SCT,BKN,M,12000.00,17000.00,25000.00,M,M,M,M,M,M,M,M,89.94,KPHX 141451Z 15006KT 10SM FEW120 SCT170 BKN250 33/14 A2988 RMK AO2 SLP094 T03280144 52013,M
PHX,2025-08-14 15:51,-112.0116,33.4343,337.00,92.00,58.00,32.13,140.00,4.00,0.00,29.89,1009.90,10.00,M,FEW,BKN,BKN,M,12000.00,19000.00,25000.00,M,M,M,M,M,M,M,M,90.97,KPHX 141551Z 14004KT 10SM FEW120 BKN190 BKN250 33/14 A2989 RMK AO2 SLP099 T03330144,M
PHX,2025-08-14 16:51,-112.0116,33.4343,337.00,96.00,58.00,28.41,130.00,6.00,0.00,29.90,1010.10,10.00,M,FEW,FEW,SCT,M,13000.00,19000.00,25000.00,M,M,M,M,M,M,M,M,95.24,KPHX 141651Z 13006KT 10SM FEW130 FEW190 SCT250 36/14 A2990 RMK AO2 SLP101 T03560144,M
PHX,2025-08-14 17:51,-112.0116,33.4343,337.00,98.00,56.00,24.87,50.00,5.00,0.00,29.88,1009.60,10.00,M,FEW,FEW,SCT,M,13000.00,19000.00,25000.00,M,M,M,M,M,M,M,M,96.69,KPHX 141751Z 05005KT 10SM FEW130 FEW190 SCT250 37/13 A2988 RMK AO2 SLP096 T03670133 10367 20317 50001,M
PHX,2025-08-14 18:51,-112.0116,33.4343,337.00,100.00,55.00,22.58,10.00,5.00,0.00,29.86,1008.90,10.00,M,FEW,FEW,SCT,M,13000.00,19000.00,25000.00,M,M,M,M,M,M,M,M,98.52,KPHX 141851Z 01005KT 10SM FEW130 FEW190 SCT250 38/13 A2986 RMK AO2 SLP089 T03780128 $,M
PHX,2025-08-14 19:51,-112.0116,33.4343,337.00,103.00,54.00,19.91,240.00,7.00,0.00,29.84,1008.00,10.00,M,FEW,FEW,FEW,SCT,9000.00,13000.00,19000.00,25000.00,M,M,M,M,M,M,M,101.43,KPHX 141951Z 24007KT 220V330 10SM FEW090 FEW130 FEW190 SCT250 39/12 A2984 RMK AO2 SLP080 CB DSNT NE AND NW T03940122 $,M
PHX,2025-08-14 20:51,-112.0116,33.4343,337.00,106.00,56.00,19.60,140.00,9.00,0.00,29.80,1006.80,10.00,19.00,FEW,FEW,FEW,SCT,9000.00,13000.00,19000.00,25000.00,M,M,M,M,M,M,M,105.52,KPHX 142051Z 14009G19KT 10SM FEW090 FEW130 FEW190 SCT250 41/13 A2980 RMK AO2 SLP068 CB DSNT N-NE AND S TCU DSNT NE-SE T04110133 58027,M
PHX,2025-08-14 21:51,-112.0116,33.4343,337.00,105.00,56.00,20.18,170.00,6.00,0.00,29.77,1005.80,10.00,M,FEW,FEW,FEW,SCT,9000.00,13000.00,19000.00,25000.00,M,M,M,M,M,M,M,104.43,KPHX 142151Z 17006KT 10SM FEW090 FEW130 FEW190 SCT250 41/13 A2977 RMK AO2 SLP058 CB DSNT N-NE AND S TCU DSNT NE AND NW T04060133,M
PHX,2025-08-14 22:51,-112.0116,33.4343,337.00,108.00,56.00,18.49,170.00,8.00,0.00,29.74,1004.70,10.00,M,FEW,FEW,SCT,SCT,9000.00,12000.00,17000.00,25000.00,M,M,M,M,M,M,M,107.70,KPHX 142251Z 17008KT 10SM FEW090 FEW120 SCT170 SCT250 42/13 A2974 RMK AO2 SLP047 CB DSNT N-NE AND S TCU DSNT SW T04220133,M
PHX,2025-08-14 23:51,-112.0116,33.4343,337.00,107.00,55.00,18.36,150.00,5.00,0.00,29.73,1004.30,10.00,M,FEW,FEW,SCT,M,9000.00,15000.00,25000.00,M,M,M,M,M,M,M,M,106.16,KPHX 142351Z 15005KT 10SM FEW090 FEW150 SCT250 42/13 A2973 RMK AO2 SLP043 CB DSNT NE AND SW T04170128 10428 20361 56025,M
PHX,2025-08-15 00:51,-112.0116,33.4343,337.00,106.00,54.00,18.23,M,M,0.00,29.71,1003.90,10.00,M,FEW,SCT,SCT,M,9000.00,15000.00,20000.00,M,M,M,M,M,M,M,M,104.66,KPHX 150051Z 10SM FEW090 SCT150 SCT200 41/12 A2971 RMK AO2 SLP039 CB DSNT N-NE AND SW TCU DSNT S T04110122,M
PHX,2025-08-15 00:53,-112.0116,33.4343,337.00,106.00,53.00,17.57,220.00,8.00,0.00,29.72,M,10.00,M,FEW,SCT,SCT,M,9000.00,15000.00,20000.00,M,M,M,M,M,M,M,M,104.27,KPHX 150053Z 22008KT 10SM FEW090 SCT150 SCT200 41/12 A2972 RMK AO2 CB DSNT N-NE AND SW TCU DSNT S T04110117,M
PHX,2025-08-15 01:51,-112.0116,33.4343,337.00,106.00,53.00,17.57,190.00,8.00,0.00,29.71,1003.80,10.00,M,FEW,SCT,BKN,BKN,7500.00,10000.00,15000.00,20000.00,M,M,M,M,M,M,M,104.27,KPHX 150151Z 19008KT 10SM FEW075 SCT100 BKN150 BKN200 41/12 A2971 RMK AO2 SLP038 VIRGA CB DSNT NE AND W T04110117,M
PHX,2025-08-15 02:51,-112.0116,33.4343,337.00,103.00,55.00,20.65,210.00,10.00,0.00,29.73,1004.50,10.00,M,FEW,SCT,BKN,M,7500.00,11000.00,20000.00,M,M,M,M,M,M,M,M,101.81,KPHX 150251Z 21010KT 10SM FEW075 SCT110 BKN200 39/13 A2973 RMK AO2 SLP045 T03940128 53002,M
PHX,2025-08-15 03:51,-112.0116,33.4343,337.00,102.00,56.00,22.06,210.00,6.00,0.00,29.76,1005.30,10.00,M,BKN,BKN,M,M,11000.00,20000.00,M,M,M,M,M,M,M,M,M,101.11,KPHX 150351Z 21006KT 10SM BKN110 BKN200 39/13 A2976 RMK AO2 SLP053 CONS LTGICCCCG DSNT N-NE AND NW CB DSNT N-NE AND NW SHRA DSNT N AND NW T03890133,M
PHX,2025-08-15 04:29,-112.0116,33.4343,337.00,100.00,54.00,21.78,90.00,8.00,0.00,29.77,M,10.00,M,BKN,BKN,M,M,11000.00,20000.00,M,M,TS,M,M,M,M,M,M,98.18,KPHX 150429Z 09008KT 10SM TS BKN110CB BKN200 38/12 A2977 RMK AO2 TSB29 CONS LTGICCCCG N-NE AND DSNT E AND NW TS N-NE MOV N CB DSNT E AND NW SHRA DSNT N T03780122,M
PHX,2025-08-15 04:51,-112.0116,33.4343,337.00,99.00,53.00,21.63,70.00,12.00,0.00,29.78,1006.10,10.00,M,BKN,BKN,M,M,11000.00,17000.00,M,M,TS,M,M,M,M,M,M,96.79,KPHX 150451Z 07012KT 10SM TS BKN110CB BKN170 37/12 A2978 RMK AO2 TSB29 SLP061 CONS LTGICCCCG N-NE AND DSNT E AND NW TS N-NE MOV N CB DSNT E AND NW SHRA DSNT N T03720117,M
PHX,2025-08-15 05:31,-112.0116,33.4343,337.00,93.00,61.00,34.67,10.00,17.00,0.00,29.81,M,10.00,25.00,BKN,BKN,M,M,11000.00,17000.00,M,M,TS,M,M,M,M,M,M,93.23,KPHX 150531Z COR 01017G25KT 10SM TS BKN110CB BKN170 34/16 A2981 RMK AO2 WSHFT 0511 CONS LTGCGICCC N-NE AND DSNT E TS N-NE MOV N CB DSNT E SHRA DSNT N T03390161,M
PHX,2025-08-15 05:51,-112.0116,33.4343,337.00,89.00,61.00,39.28,20.00,14.00,0.00,29.82,1007.60,10.00,23.00,BKN,BKN,M,M,11000.00,16000.00,M,M,TS,M,M,M,M,M,M,89.04,KPHX 150551Z 02014G23KT 10SM TS BKN110CB BKN160 32/16 A2982 RMK AO2 WSHFT 0511 SLP076 CONS LTGCGICCC N-NE AND DSNT E TS N-NE MOV N CB DSNT E SHRA DSNT N T03170161 10422 20317 53028,M
PHX,2025-08-15 06:40,-112.0116,33.4343,337.00,87.00,61.00,41.83,50.00,10.00,0.00,29.83,M,10.00,21.00,SCT,BKN,M,M,11000.00,16000.00,M,M,M,M,M,M,M,M,M,87.08,KPHX 150640Z 05010G21KT 10SM SCT110 BKN160 31/16 A2983 RMK AO2 TSE40 CONS LTGCGICCC DSNT N-E AND SE-S CB DSNT N-E AND SE-S T03060161,M
PHX,2025-08-15 06:51,-112.0116,33.4343,337.00,89.00,59.00,36.58,70.00,7.00,0.00,29.83,1007.90,10.00,22.00,SCT,BKN,M,M,11000.00,16000.00,M,M,M,M,M,M,M,M,M,88.29,KPHX 150651Z 07007G22KT 10SM SCT110 BKN160 32/15 A2983 RMK AO2 TSE40 SLP079 CONS LTGCGICCC DSNT N-E AND SE-S CB DSNT N-E AND SE-S T03170150 404280300,M
PHX,2025-08-15 07:51,-112.0116,33.4343,337.00,88.00,61.00,40.53,80.00,7.00,0.00,29.86,1008.90,10.00,M,BKN,BKN,M,M,10000.00,19000.00,M,M,M,M,M,M,M,M,M,88.05,KPHX 150751Z 08007KT 10SM BKN100 BKN190 31/16 A2986 RMK AO2 SLP089 CONS LTGICCC DSNT N-E AND SE-SW CB DSNT N-E AND SE-SW T03110161,M
PHX,2025-08-15 08:09,-112.0116,33.4343,337.00,88.00,61.00,40.53,90.00,13.00,0.00,29.87,M,10.00,M,BKN,BKN,M,M,10000.00,19000.00,M,M,TS,M,M,M,M,M,M,88.05,KPHX 150809Z 09013KT 10SM TS BKN100CB BKN190 31/16 A2987 RMK AO2 TSB09 CONS LTGICCCCA W-NW AND DSNT N-E AND SE-SW TS W-NW MOV N CB DSNT N-E AND SE-SW T03110161,M
PHX,2025-08-15 08:51,-112.0116,33.4343,337.00,88.00,62.00,41.99,150.00,15.00,0.00,29.90,1010.40,10.00,23.00,BKN,BKN,M,M,10000.00,19000.00,M,M,TS,M,M,M,29.00,100.00,2025-08-15 08:37,88.45,KPHX 150851Z 15015G23KT 10SM TS BKN100CB BKN190 31/17 A2990 RMK AO2 PK WND 10029/0837 TSB09 PRESRR SLP104 CONS LTGCGICCA W-NW AND DSNT N-E AND SE-SW TS W-NW MOV N CB DSNT N-E AND SE-SW T03110167 53028,M
PHX,2025-08-15 09:04,-112.0116,33.4343,337.00,86.00,64.00,47.99,190.00,12.00,0.00,29.94,M,10.00,M,BKN,BKN,M,M,10000.00,19000.00,M,M,TS,M,M,M,26.00,150.00,2025-08-15 08:53,87.34,KPHX 150904Z COR 19012KT 10SM TS BKN100CB BKN190 30/18 A2994 RMK AO2 PK WND 15026/0853 WSHFT 0844 CONS LTGCGICCA W-NW AND DSNT N-E AND SE-SW TS W-NW MOV N CB DSNT N-E AND SE-SW T03000178,M
PHX,2025-08-15 09:51,-112.0116,33.4343,337.00,80.60,69.80,69.77,150.00,10.00,T,29.93,1011.30,10.00,20.00,BKN,BKN,OVC,M,12000.00,14000.00,19000.00,M,-TSRA,M,M,M,26.00,150.00,2025-08-15 08:53,83.91,KPHX 150951Z 15010G20KT 10SM -TSRA BKN120CB BKN140 OVC190 27/21 A2993 RMK AO2 PK WND 15026/0853 WSHFT 0844 RAB19 SLP113 CONS LTGCGICCCCA N AND SE AND DSNT N AND SE-S TS N AND SE MOV N-NE CB DSNT N AND SE-S P0000 T026702,M
PHX,2025-08-15 10:51,-112.0116,33.4343,337.00,77.00,69.00,76.41,140.00,7.00,T,29.95,1012.10,10.00,M,BKN,BKN,OVC,M,10000.00,14000.00,19000.00,M,-TSRA,M,M,M,M,M,M,77.00,KPHX 151051Z 14007KT 10SM -TSRA BKN100CB BKN140 OVC190 25/21 A2995 RMK AO2 SLP121 CONS LTGCGICCC S-SW AND NW AND DSNT N AND SE-S TS S-SW AND NW MOV N CB DSNT N AND SE-S P0000 T02500206,M
PHX,2025-08-15 11:36,-112.0116,33.4343,337.00,77.00,67.00,71.33,130.00,15.00,T,29.92,M,10.00,23.00,SCT,SCT,BKN,BKN,5500.00,7500.00,14000.00,19000.00,M,M,M,M,M,M,M,77.00,KPHX 151136Z 13015G23KT 10SM SCT055 SCT075 BKN140 BKN190 25/19 A2992 RMK AO2 LTG DSNT SE AND S RAE25 TSE36 OCNL LTGCGICCC DSNT NE AND SE-S CB DSNT NE AND SE-S P0000 T02500194,M
PHX,2025-08-15 11:51,-112.0116,33.4343,337.00,78.00,67.00,69.01,140.00,12.00,T,29.92,1010.90,10.00,M,FEW,FEW,BKN,BKN,5500.00,7500.00,14000.00,19000.00,M,M,M,M,M,M,M,78.00,KPHX 151151Z 14012KT 10SM FEW055 FEW075 BKN140 BKN190 26/19 A2992 RMK AO2 LTG DSNT SE AND S RAE25 TSE36 SLP109 OCNL LTGCGIC DSNT SE-S CB DSNT SE-S P0000 60000 T02560194 10322 20244 50004,M
PHX,2025-08-15 12:51,-112.0116,33.4343,337.00,80.00,63.00,56.23,130.00,6.00,0.00,29.92,1011.00,10.00,M,FEW,SCT,BKN,BKN,5500.00,14000.00,21000.00,27000.00,M,M,M,M,M,M,M,81.42,KPHX 151251Z 13006KT 10SM FEW055 SCT140 BKN210 BKN270 27/17 A2992 RMK AO2 SLP110 OCNL LTGIC DSNT E AND S CB DSNT E AND S T02670172,M
PHX,2025-08-15 13:51,-112.0116,33.4343,337.00,80.00,64.00,58.24,70.00,4.00,0.00,29.93,1011.50,10.00,M,SCT,BKN,BKN,M,14000.00,20000.00,27000.00,M,M,M,M,M,M,M,M,81.62,KPHX 151351Z 07004KT 10SM SCT140 BKN200 BKN270 27/18 A2993 RMK AO2 SLP115 T02670178,M
PHX,2025-08-15 14:51,-112.0116,33.4343,337.00,82.00,63.00,52.69,180.00,4.00,0.00,29.95,1011.90,10.00,M,FEW,SCT,SCT,M,13000.00,17000.00,27000.00,M,M,M,M,M,M,M,M,83.18,KPHX 151451Z 18004KT 10SM FEW130 SCT170 SCT270 28/17 A2995 RMK AO2 SLP119 T02780172 53009,M
PHX,2025-08-15 15:51,-112.0116,33.4343,337.00,86.00,63.00,46.34,M,4.00,0.00,29.95,1012.20,10.00,M,FEW,SCT,M,M,15000.00,20000.00,M,M,M,M,M,M,M,M,M,86.90,KPHX 151551Z VRB04KT 10SM FEW150 SCT200 30/17 A2995 RMK AO2 SLP122 T03000172,M
PHX,2025-08-15 16:51,-112.0116,33.4343,337.00,88.00,63.00,43.50,80.00,9.00,0.00,29.96,1012.30,10.00,M,FEW,SCT,M,M,15000.00,20000.00,M,M,M,M,M,M,M,M,M,88.89,KPHX 151651Z 08009KT 10SM FEW150 SCT200 31/17 A2996 RMK AO2 SLP123 T03110172,M
PHX,2025-08-15 17:51,-112.0116,33.4343,337.00,94.00,61.00,33.62,110.00,10.00,0.00,29.96,1012.20,10.00,M,FEW,FEW,SCT,M,13000.00,17000.00,21000.00,M,M,M,M,M,M,M,M,94.33,KPHX 151751Z 11010KT 080V150 10SM FEW130 FEW170 SCT210 34/16 A2996 RMK AO2 SLP122 T03440161 10344 20256 50003,M
PHX,2025-08-15 18:51,-112.0116,33.4343,337.00,96.00,61.00,31.62,160.00,10.00,0.00,29.95,1011.90,10.00,16.00,FEW,FEW,SCT,M,12000.00,15000.00,20000.00,M,M,M,M,M,M,M,M,96.57,KPHX 151851Z 16010G16KT 10SM FEW120 FEW150 SCT200 36/16 A2995 RMK AO2 SLP119 T03560161,M
PHX,2025-08-15 19:51,-112.0116,33.4343,337.00,99.00,57.00,25.02,160.00,7.00,0.00,29.93,1011.20,10.00,17.00,FEW,FEW,SCT,M,10000.00,17000.00,21000.00,M,M,M,M,M,M,M,M,98.17,KPHX 151951Z 16007G17KT 10SM FEW100 FEW170 SCT210 37/14 A2993 RMK AO2 SLP112 T03720139,M
PHX,2025-08-15 20:51,-112.0116,33.4343,337.00,100.00,56.00,23.42,150.00,7.00,0.00,29.91,1010.50,10.00,M,SCT,SCT,M,M,10000.00,20000.00,M,M,M,M,M,M,M,M,M,98.89,KPHX 152051Z 15007KT 10SM SCT100 SCT200 38/13 A2991 RMK AO2 SLP105 CB DSNT N TCU DSNT S T03780133 58017,M
PHX,2025-08-15 21:51,-112.0116,33.4343,337.00,102.00,57.00,22.87,M,3.00,0.00,29.88,1009.60,10.00,M,FEW,FEW,M,M,10000.00,25000.00,M,M,M,M,M,M,M,M,M,101.53,KPHX 152151Z VRB03KT 10SM FEW100 FEW250 39/14 A2988 RMK AO2 SLP096 CB DSNT S TCU DSNT NW T03890139,M
PHX,2025-08-15 22:51,-112.0116,33.4343,337.00,102.00,58.00,23.71,120.00,4.00,0.00,29.85,1008.70,10.00,M,FEW,SCT,M,M,10000.00,25000.00,M,M,M,M,M,M,M,M,M,101.97,KPHX 152251Z 12004KT 10SM FEW100 SCT250 39/14 A2985 RMK AO2 SLP087 CB DSNT S-SW T03890144,M
PHX,2025-08-15 23:51,-112.0116,33.4343,337.00,100.00,58.00,25.17,190.00,4.00,0.00,29.83,1007.90,10.00,M,FEW,FEW,SCT,M,10000.00,15000.00,20000.00,M,M,M,M,M,M,M,M,99.71,KPHX 152351Z 19004KT 10SM FEW100 FEW150 SCT200 38/14 A2983 RMK AO2 SLP079 CB DSNT SW TCU DSNT N-NE T03780144 10400 20333 56026,M
PHX,2025-08-16 00:51,-112.0116,33.4343,337.00,100.00,58.00,25.17,160.00,9.00,0.00,29.82,1007.60,10.00,M,SCT,SCT,BKN,BKN,10000.00,15000.00,20000.00,25000.00,M,M,M,M,M,M,M,99.71,KPHX 160051Z 16009KT 10SM SCT100 SCT150 BKN200 BKN250 38/14 A2982 RMK AO2 SLP076 CB DSNT S-SW T03780144,M
PHX,2025-08-16 01:51,-112.0116,33.4343,337.00,98.00,59.00,27.71,190.00,11.00,0.00,29.82,1007.70,10.00,M,SCT,SCT,BKN,BKN,10000.00,15000.00,20000.00,25000.00,M,M,M,M,M,M,M,97.89,KPHX 160151Z 19011KT 10SM SCT100 SCT150 BKN200 BKN250 37/15 A2982 RMK AO2 SLP077 T03670150,M
PHX,2025-08-16 02:51,-112.0116,33.4343,337.00,96.00,54.00,24.58,210.00,10.00,0.00,29.84,1008.40,10.00,M,FEW,SCT,BKN,BKN,10000.00,15000.00,20000.00,25000.00,M,M,M,M,M,M,M,93.89,KPHX 160251Z 21010KT 10SM FEW100 SCT150 BKN200 BKN250 36/12 A2984 RMK AO2 SLP084 T03560122 53004,M
PHX,2025-08-16 03:51,-112.0116,33.4343,337.00,94.00,58.00,30.21,220.00,5.00,0.00,29.87,1009.40,10.00,M,FEW,FEW,SCT,BKN,10000.00,15000.00,20000.00,25000.00,M,M,M,M,M,M,M,93.07,KPHX 160351Z 22005KT 10SM FEW100 FEW150 SCT200 BKN250 34/14 A2987 RMK AO2 SLP094 CONS LTGIC DSNT W-NW CB DSNT W-NW T03440144,M
PHX,2025-08-16 04:51,-112.0116,33.4343,337.00,94.00,55.00,27.10,160.00,6.00,0.00,29.89,1010.10,10.00,M,FEW,FEW,SCT,SCT,10000.00,15000.00,20000.00,25000.00,M,M,M,M,M,M,M,92.08,KPHX 160451Z 16006KT 10SM FEW100 FEW150 SCT200 SCT250 34/13 A2989 RMK AO2 SLP101 FRQ LTGICCA DSNT NE CB DSNT NE T03440128,M
PHX,2025-08-16 05:51,-112.0116,33.4343,337.00,87.00,63.00,44.89,170.00,7.00,0.00,29.90,1010.40,10.00,M,FEW,SCT,M,M,10000.00,25000.00,M,M,M,M,M,M,M,M,M,87.89,KPHX 160551Z 17007KT 10SM FEW100 SCT250 31/17 A2990 RMK AO2 SLP104 FRQ LTGIC DSNT N AND NW CB DSNT N AND NW T03060172 10383 20306 51021,M
PHX,2025-08-16 06:51,-112.0116,33.4343,337.00,86.00,62.00,44.74,170.00,9.00,0.00,29.92,1011.10,10.00,20.00,FEW,SCT,M,M,12000.00,25000.00,M,M,M,M,M,M,M,M,M,86.51,KPHX 160651Z 17009G20KT 10SM FEW120 SCT250 30/17 A2992 RMK AO2 SLP111 FRQ LTGIC DSNT NW CB DSNT NW T03000167 404000244,M
PHX,2025-08-16 07:51,-112.0116,33.4343,337.00,86.00,61.00,43.19,0.00,0.00,0.00,29.93,1011.30,10.00,M,FEW,FEW,M,M,12000.00,25000.00,M,M,M,M,M,M,M,M,M,86.14,KPHX 160751Z 00000KT 10SM FEW120 FEW250 30/16 A2993 RMK AO2 SLP113 OCNL LTGIC DSNT N CB DSNT N T03000161,M
PHX,2025-08-16 08:51,-112.0116,33.4343,337.00,86.00,61.00,43.19,130.00,6.00,0.00,29.92,1011.10,10.00,M,FEW,SCT,M,M,12000.00,20000.00,M,M,M,M,M,M,M,M,M,86.14,KPHX 160851Z 13006KT 10SM FEW120 SCT200 30/16 A2992 RMK AO2 SLP111 T03000161 50007,M
PHX,2025-08-16 09:51,-112.0116,33.4343,337.00,85.00,62.00,46.19,0.00,0.00,0.00,29.93,1011.40,10.00,M,FEW,M,M,M,12000.00,M,M,M,M,M,M,M,M,M,M,85.57,KPHX 160951Z 00000KT 10SM FEW120 29/17 A2993 RMK AO2 SLP114 T02940167,M
PHX,2025-08-16 10:51,-112.0116,33.4343,337.00,85.00,62.00,46.19,120.00,6.00,0.00,29.94,1011.60,10.00,M,FEW,M,M,M,12000.00,M,M,M,M,M,M,M,M,M,M,85.57,KPHX 161051Z 12006KT 10SM FEW120 29/17 A2994 RMK AO2 SLP116 T02940167,M
PHX,2025-08-16 11:51,-112.0116,33.4343,337.00,85.00,62.00,46.19,160.00,6.00,0.00,29.94,1011.80,10.00,M,FEW,M,M,M,12000.00,M,M,M,M,M,M,M,M,M,M,85.57,KPHX 161151Z 16006KT 10SM FEW120 29/17 A2994 RMK AO2 SLP118 T02940167 10317 20294 52007,M
PHX,2025-08-16 12:51,-112.0116,33.4343,337.00,84.00,63.00,49.40,160.00,5.00,0.00,29.95,1012.10,10.00,M,FEW,FEW,M,M,10000.00,25000.00,M,M,M,M,M,M,M,M,M,85.00,KPHX 161251Z 16005KT 10SM FEW100 FEW250 29/17 A2995 RMK AO2 SLP121 T02890172,M
PHX,2025-08-16 13:51,-112.0116,33.4343,337.00,85.00,63.00,47.84,160.00,6.00,0.00,29.97,1012.70,10.00,M,FEW,FEW,M,M,13000.00,23000.00,M,M,M,M,M,M,M,M,M,85.94,KPHX 161351Z 16006KT 10SM FEW130 FEW230 29/17 A2997 RMK AO2 SLP127 T02940172,M
PHX,2025-08-16 14:51,-112.0116,33.4343,337.00,86.00,63.00,46.34,140.00,4.00,0.00,29.98,1013.20,10.00,M,FEW,FEW,FEW,M,13000.00,16000.00,20000.00,M,M,M,M,M,M,M,M,86.90,KPHX 161451Z 14004KT 10SM FEW130 FEW160 FEW200 30/17 A2998 RMK AO2 SLP132 T03000172 53013,M
PHX,2025-08-16 15:51,-112.0116,33.4343,337.00,88.00,63.00,43.50,160.00,10.00,0.00,29.99,1013.40,10.00,M,FEW,FEW,M,M,14000.00,20000.00,M,M,M,M,M,M,M,M,M,88.89,KPHX 161551Z 16010KT 10SM FEW140 FEW200 31/17 A2999 RMK AO2 SLP134 T03110172,M
PHX,2025-08-16 16:51,-112.0116,33.4343,337.00,93.00,65.00,39.90,190.00,11.00,0.00,29.99,1013.30,10.00,M,FEW,M,M,M,14000.00,M,M,M,M,M,M,M,M,M,M,95.39,KPHX 161651Z 19011KT 10SM FEW140 34/18 A2999 RMK AO2 SLP133 T03390183,M
PHX,2025-08-16 17:51,-112.0116,33.4343,337.00,96.00,65.00,36.39,180.00,12.00,0.00,29.98,1012.90,10.00,M,CLR,M,M,M,M,M,M,M,M,M,M,M,M,M,M,98.88,KPHX 161751Z 18012KT 10SM CLR 36/18 A2998 RMK AO2 SLP129 T03560183 10356 20289 58002,M
PHX,2025-08-16 18:51,-112.0116,33.4343,337.00,100.00,63.00,30.06,190.00,10.00,0.00,29.96,1012.40,10.00,21.00,FEW,M,M,M,11000.00,M,M,M,M,M,M,M,M,M,M,102.34,KPHX 161851Z 19010G21KT 10SM FEW110 38/17 A2996 RMK AO2 SLP124 T03780172,M
PHX,2025-08-16 19:51,-112.0116,33.4343,337.00,99.00,61.00,28.87,230.00,8.00,0.00,29.94,1011.60,10.00,M,FEW,FEW,M,M,11000.00,16000.00,M,M,M,M,M,M,M,M,M,100.02,KPHX 161951Z 23008KT 10SM FEW110 FEW160 37/16 A2994 RMK AO2 SLP116 CB DSNT E TCU DSNT E T03720161,M
PHX,2025-08-16 20:51,-112.0116,33.4343,337.00,102.00,58.00,23.71,210.00,10.00,0.00,29.91,1010.70,10.00,15.00,FEW,SCT,SCT,M,10000.00,13000.00,17000.00,M,M,M,M,M,M,M,M,101.97,KPHX 162051Z 21010G15KT 10SM FEW100 SCT130 SCT170 39/14 A2991 RMK AO2 SLP107 CB DSNT E TCU DSNT SE T03890144 58021,M
PHX,2025-08-16 21:51,-112.0116,33.4343,337.00,102.00,56.00,22.06,M,4.00,0.00,29.88,1009.60,10.00,M,FEW,FEW,M,M,10000.00,14000.00,M,M,M,M,M,M,M,M,M,101.11,KPHX 162151Z VRB04KT 10SM FEW100 FEW140 39/13 A2988 RMK AO2 SLP096 CB DSNT E T03890133,M
PHX,2025-08-16 22:51,-112.0116,33.4343,337.00,104.00,56.00,20.79,190.00,7.00,0.00,29.85,1008.50,10.00,M,SCT,SCT,M,M,10000.00,20000.00,M,M,M,M,M,M,M,M,M,103.32,KPHX 162251Z 19007KT 160V240 10SM SCT100 SCT200 40/13 A2985 RMK AO2 SLP085 CB DSNT E T04000133,M
PHX,2025-08-16 23:51,-112.0116,33.4343,337.00,103.00,54.00,19.91,M,4.00,0.00,29.83,1008.00,10.00,M,FEW,FEW,M,M,10000.00,20000.00,M,M,M,M,M,M,M,M,M,101.43,KPHX 162351Z VRB04KT 10SM FEW100 FEW200 39/12 A2983 RMK AO2 SLP080 CB DSNT SE T03940122 10411 20350 56026,M
PHX,2025-08-17 00:51,-112.0116,33.4343,337.00,102.00,52.00,19.06,310.00,6.00,0.00,29.82,1007.60,10.00,M,FEW,FEW,M,M,10000.00,20000.00,M,M,M,M,M,M,M,M,M,99.68,KPHX 170051Z 31006KT 10SM FEW100 FEW200 39/11 A2982 RMK AO2 SLP076 CB DSNT SE T03890111,M
PHX,2025-08-17 01:51,-112.0116,33.4343,337.00,102.00,52.00,19.06,280.00,6.00,0.00,29.82,1007.60,10.00,M,FEW,FEW,M,M,10000.00,20000.00,M,M,M,M,M,M,M,M,M,99.68,KPHX 170151Z 28006KT 10SM FEW100 FEW200 39/11 A2982 RMK AO2 SLP076 CB DSNT SE AND S T03890111,M
PHX,2025-08-17 02:51,-112.0116,33.4343,337.00,101.00,52.00,19.64,250.00,5.00,0.00,29.84,1008.30,10.00,M,FEW,FEW,M,M,10000.00,20000.00,M,M,M,M,M,M,M,M,M,98.62,KPHX 170251Z 25005KT 10SM FEW100 FEW200 38/11 A2984 RMK AO2 SLP083 T03830111 53003,M
PHX,2025-08-17 03:51,-112.0116,33.4343,337.00,98.00,47.00,17.84,260.00,8.00,0.00,29.86,1008.90,10.00,M,CLR,M,M,M,M,M,M,M,M,M,M,M,M,M,M,94.36,KPHX 170351Z 26008KT 10SM CLR 37/08 A2986 RMK AO2 SLP089 T03670083,M
PHX,2025-08-17 04:51,-112.0116,33.4343,337.00,97.00,42.00,15.20,270.00,7.00,0.00,29.87,1009.30,10.00,M,FEW,M,M,M,25000.00,M,M,M,M,M,M,M,M,M,M,92.69,KPHX 170451Z 27007KT 10SM FEW250 36/06 A2987 RMK AO2 SLP093 T03610056,M
PHX,2025-08-17 05:51,-112.0116,33.4343,337.00,95.00,43.00,16.79,260.00,7.00,0.00,29.88,1009.60,10.00,M,CLR,M,M,M,M,M,M,M,M,M,M,M,M,M,M,90.89,KPHX 170551Z 26007KT 10SM CLR 35/06 A2988 RMK AO2 SLP096 T03500061 10400 20350 51013,M
PHX,2025-08-17 06:51,-112.0116,33.4343,337.00,95.00,42.00,16.15,280.00,7.00,0.00,29.89,1009.80,10.00,M,CLR,M,M,M,M,M,M,M,M,M,M,M,M,M,M,90.79,KPHX 170651Z 28007KT 10SM CLR 35/06 A2989 RMK AO2 SLP098 T03500056 404110289,M
PHX,2025-08-17 07:51,-112.0116,33.4343,337.00,91.00,43.00,19.00,0.00,0.00,0.00,29.89,1009.90,10.00,M,CLR,M,M,M,M,M,M,M,M,M,M,M,M,M,M,87.18,KPHX 170751Z 00000KT 10SM CLR 33/06 A2989 RMK AO2 SLP099 T03280061,M
PHX,2025-08-17 08:51,-112.0116,33.4343,337.00,91.00,42.00,18.28,340.00,5.00,0.00,29.90,1010.10,10.00,M,CLR,M,M,M,M,M,M,M,M,M,M,M,M,M,M,87.11,KPHX 170851Z 34005KT 10SM CLR 33/06 A2990 RMK AO2 SLP101 T03280056 51005,M
PHX,2025-08-17 09:51,-112.0116,33.4343,337.00,89.00,44.00,21.01,360.00,3.00,0.00,29.90,1010.30,10.00,M,CLR,M,M,M,M,M,M,M,M,M,M,M,M,M,M,85.50,KPHX 170951Z 36003KT 10SM CLR 32/07 A2990 RMK AO2 SLP103 T03170067,M
PHX,2025-08-17 10:51,-112.0116,33.4343,337.00,88.00,43.00,20.87,0.00,0.00,0.00,29.90,1010.40,10.00,M,CLR,M,M,M,M,M,M,M,M,M,M,M,M,M,M,84.58,KPHX 171051Z 00000KT 10SM CLR 31/06 A2990 RMK AO2 SLP104 T03110061,M
PHX,2025-08-17 11:51,-112.0116,33.4343,337.00,87.00,46.00,24.15,0.00,0.00,0.00,29.91,1010.70,10.00,M,CLR,M,M,M,M,M,M,M,M,M,M,M,M,M,M,83.99,KPHX 171151Z 00000KT 10SM CLR 31/08 A2991 RMK AO2 SLP107 T03060078 10350 20300 53006,M
PHX,2025-08-17 12:51,-112.0116,33.4343,337.00,85.00,46.00,25.74,230.00,3.00,0.00,29.92,1011.20,10.00,M,FEW,FEW,M,M,8000.00,20000.00,M,M,M,M,M,M,M,M,M,82.42,KPHX 171251Z 23003KT 10SM FEW080 FEW200 29/08 A2992 RMK AO2 SLP112 T02940078,M
PHX,2025-08-17 13:51,-112.0116,33.4343,337.00,85.00,45.00,24.78,0.00,0.00,0.00,29.95,1011.90,10.00,M,FEW,M,M,M,14000.00,M,M,M,M,M,M,M,M,M,M,82.34,KPHX 171351Z 00000KT 10SM FEW140 29/07 A2995 RMK AO2 SLP119 T02940072,M
PHX,2025-08-17 14:51,-112.0116,33.4343,337.00,89.00,41.00,18.72,340.00,4.00,0.00,29.96,1012.30,10.00,M,FEW,M,M,M,14000.00,M,M,M,M,M,M,M,M,M,M,85.31,KPHX 171451Z 34004KT 10SM FEW140 32/05 A2996 RMK AO2 SLP123 T03170050 53016,M
PHX,2025-08-17 15:51,-112.0116,33.4343,337.00,91.00,41.00,17.59,30.00,5.00,0.00,29.96,1012.40,10.00,M,FEW,M,M,M,14000.00,M,M,M,M,M,M,M,M,M,M,87.05,KPHX 171551Z 03005KT 10SM FEW140 33/05 A2996 RMK AO2 SLP124 T03280050,M
PHX,2025-08-17 16:51,-112.0116,33.4343,337.00,94.00,41.00,16.03,0.00,0.00,0.00,29.95,1012.10,10.00,M,CLR,M,M,M,M,M,M,M,M,M,M,M,M,M,M,89.78,KPHX 171651Z 00000KT 10SM CLR 34/05 A2995 RMK AO2 SLP121 T03440050,M
PHX,2025-08-17 17:51,-112.0116,33.4343,337.00,96.00,40.00,14.50,0.00,0.00,0.00,29.94,1011.60,10.00,M,FEW,M,M,M,9000.00,M,M,M,M,M,M,M,M,M,M,91.56,KPHX 171751Z 00000KT 10SM FEW090 36/04 A2994 RMK AO2 SLP116 T03560044 10356 20289 58006,M
PHX,2025-08-17 18:51,-112.0116,33.4343,337.00,98.00,40.00,13.64,80.00,4.00,0.00,29.92,1010.90,10.00,M,FEW,M,M,M,9000.00,M,M,M,M,M,M,M,M,M,M,93.43,KPHX 171851Z 08004KT 10SM FEW090 37/04 A2992 RMK AO2 SLP109 T03670044,M
PHX,2025-08-17 19:51,-112.0116,33.4343,337.00,101.00,40.00,12.47,290.00,7.00,0.00,29.90,1010.30,10.00,M,FEW,M,M,M,9000.00,M,M,M,M,M,M,M,M,M,M,96.14,KPHX 171951Z 29007KT 10SM FEW090 38/04 A2990 RMK AO2 SLP103 CB DSNT SE T03830044 $,M
PHX,2025-08-17 20:51,-112.0116,33.4343,337.00,100.00,42.00,13.88,M,5.00,0.00,29.87,1009.30,10.00,M,FEW,M,M,M,9000.00,M,M,M,M,M,M,M,M,M,M,95.56,KPHX 172051Z VRB05KT 10SM FEW090 38/06 A2987 RMK AO2 SLP093 CB DSNT SE T03780056 58022 $,M
PHX,2025-08-17 21:51,-112.0116,33.4343,337.00,101.00,44.00,14.54,230.00,3.00,0.00,29.83,1008.00,10.00,14.00,FEW,M,M,M,9000.00,M,M,M,M,M,M,M,M,M,M,96.82,KPHX 172151Z 23003G14KT 10SM FEW090 38/07 A2983 RMK AO2 SLP080 CB DSNT SE T03830067 $,M
PHX,2025-08-17 22:51,-112.0116,33.4343,337.00,102.00,44.00,14.12,320.00,8.00,0.00,29.81,1007.20,10.00,M,FEW,M,M,M,10000.00,M,M,M,M,M,M,M,M,M,M,97.79,KPHX 172251Z 32008KT 10SM FEW100 39/07 A2981 RMK AO2 SLP072 T03890067 $,M
PHX,2025-08-17 23:51,-112.0116,33.4343,337.00,103.00,42.00,12.69,300.00,6.00,0.00,29.79,1006.60,10.00,17.00,FEW,FEW,M,M,10000.00,14000.00,M,M,M,M,M,M,M,M,M,98.36,KPHX 172351Z 30006G17KT 10SM FEW100 FEW140 39/06 A2979 RMK AO2 SLP066 T03940056 10400 20356 56026 $,M
PHX,2025-08-18 00:51,-112.0116,33.4343,337.00,103.00,41.00,12.21,270.00,9.00,0.00,29.78,1006.30,10.00,M,FEW,FEW,M,M,10000.00,15000.00,M,M,M,M,M,M,M,M,M,98.12,KPHX 180051Z 27009KT 10SM FEW100 FEW150 39/05 A2978 RMK AO2 SLP063 T03940050 $,M
PHX,2025-08-18 01:51,-112.0116,33.4343,337.00,102.00,39.00,11.64,300.00,8.00,0.00,29.78,1006.40,10.00,M,FEW,FEW,M,M,10000.00,25000.00,M,M,M,M,M,M,M,M,M,96.80,KPHX 180151Z 30008KT 10SM FEW100 FEW250 39/04 A2978 RMK AO2 SLP064 T03890039 $,M
PHX,2025-08-18 02:51,-112.0116,33.4343,337.00,101.00,43.00,14.00,280.00,10.00,0.00,29.79,1006.60,10.00,M,FEW,FEW,M,M,10000.00,25000.00,M,M,M,M,M,M,M,M,M,96.66,KPHX 180251Z 28010KT 10SM FEW100 FEW250 38/06 A2979 RMK AO2 SLP066 T03830061 55000 $,M
PHX,2025-08-18 03:51,-112.0116,33.4343,337.00,98.00,42.00,14.74,260.00,5.00,0.00,29.81,1007.10,10.00,M,CLR,M,M,M,M,M,M,M,M,M,M,M,M,M,M,93.64,KPHX 180351Z 26005KT 10SM CLR 37/06 A2981 RMK AO2 SLP071 T03670056 $,M
PHX,2025-08-18 04:51,-112.0116,33.4343,337.00,95.00,43.00,16.79,230.00,4.00,0.00,29.82,1007.40,10.00,M,FEW,M,M,M,12000.00,M,M,M,M,M,M,M,M,M,M,90.89,KPHX 180451Z 23004KT 10SM FEW120 35/06 A2982 RMK AO2 SLP074 T03500061 $,M
PHX,2025-08-18 05:51,-112.0116,33.4343,337.00,93.00,43.00,17.85,0.00,0.00,0.00,29.82,1007.50,10.00,M,FEW,M,M,M,13000.00,M,M,M,M,M,M,M,M,M,M,89.01,KPHX 180551Z 00000KT 10SM FEW130 34/06 A2982 RMK AO2 SLP075 T03390061 10406 20339 51008 $,M
PHX,2025-08-18 06:51,-112.0116,33.4343,337.00,94.00,43.00,17.31,260.00,4.00,0.00,29.82,1007.60,10.00,M,SCT,M,M,M,20000.00,M,M,M,M,M,M,M,M,M,M,89.95,KPHX 180651Z 26004KT 10SM SCT200 34/06 A2982 RMK AO2 SLP076 T03440061 404060289 $,M
PHX,2025-08-18 07:51,-112.0116,33.4343,337.00,94.00,42.00,16.66,250.00,3.00,0.00,29.81,1007.30,10.00,M,FEW,FEW,M,M,12000.00,20000.00,M,M,M,M,M,M,M,M,M,89.86,KPHX 180751Z 25003KT 10SM FEW120 FEW200 34/06 A2981 RMK AO2 SLP073 T03440056 $,M
PHX,2025-08-18 08:51,-112.0116,33.4343,337.00,92.00,44.00,19.13,300.00,5.00,0.00,29.83,1007.80,10.00,M,FEW,SCT,M,M,12000.00,20000.00,M,M,M,M,M,M,M,M,M,88.18,KPHX 180851Z 30005KT 10SM FEW120 SCT200 33/07 A2983 RMK AO2 SLP078 T03330067 53003 $,M
PHX,2025-08-18 09:51,-112.0116,33.4343,337.00,92.00,41.00,17.05,320.00,7.00,0.00,29.83,1008.00,10.00,M,FEW,FEW,M,M,12000.00,15000.00,M,M,M,M,M,M,M,M,M,87.94,KPHX 180951Z 32007KT 10SM FEW120 FEW150 33/05 A2983 RMK AO2 SLP080 T03330050 $,M
PHX,2025-08-18 10:51,-112.0116,33.4343,337.00,91.00,41.00,17.59,320.00,7.00,0.00,29.85,1008.40,10.00,M,FEW,M,M,M,12000.00,M,M,M,M,M,M,M,M,M,M,87.05,KPHX 181051Z 32007KT 10SM FEW120 33/05 A2985 RMK AO2 SLP084 T03280050 $,M
PHX,2025-08-18 11:51,-112.0116,33.4343,337.00,89.00,42.00,19.46,0.00,0.00,0.00,29.86,1008.90,10.00,M,FEW,M,M,M,12000.00,M,M,M,M,M,M,M,M,M,M,85.36,KPHX 181151Z 00000KT 10SM FEW120 32/06 A2986 RMK AO2 SLP089 T03170056 10350 20311 53011 $,M
PHX,2025-08-18 12:51,-112.0116,33.4343,337.00,86.00,45.00,24.00,100.00,3.00,0.00,29.89,1009.80,10.00,M,FEW,SCT,M,M,10000.00,23000.00,M,M,M,M,M,M,M,M,M,83.11,KPHX 181251Z 10003KT 10SM FEW100 SCT230 30/07 A2989 RMK AO2 SLP098 T03000072 $,M
PHX,2025-08-18 13:51,-112.0116,33.4343,337.00,86.00,48.00,26.88,110.00,4.00,0.00,29.91,1010.70,10.00,M,FEW,SCT,SCT,M,10000.00,21000.00,27000.00,M,M,M,M,M,M,M,M,83.38,KPHX 181351Z 11004KT 10SM FEW100 SCT210 SCT270 30/09 A2991 RMK AO2 SLP107 T03000089 $,M
PHX,2025-08-18 14:51,-112.0116,33.4343,337.00,88.00,48.00,25.23,90.00,4.00,0.00,29.92,1010.90,10.00,M,FEW,FEW,SCT,M,10000.00,21000.00,27000.00,M,M,M,M,M,M,M,M,85.03,KPHX 181451Z 09004KT 10SM FEW100 FEW210 SCT270 31/09 A2992 RMK AO2 SLP109 T03110089 51019 $,M
PHX,2025-08-18 15:51,-112.0116,33.4343,337.00,91.00,39.00,16.27,330.00,5.00,0.00,29.91,1010.80,10.00,M,FEW,FEW,SCT,M,10000.00,21000.00,27000.00,M,M,M,M,M,M,M,M,86.94,KPHX 181551Z 33005KT 10SM FEW100 FEW210 SCT270 33/04 A2991 RMK AO2 SLP108 T03280039 $,M
PHX,2025-08-18 16:51,-112.0116,33.4343,337.00,96.00,33.00,10.99,290.00,12.00,0.00,29.92,1010.80,10.00,M,FEW,FEW,SCT,M,10000.00,21000.00,27000.00,M,M,M,M,M,M,M,M,90.68,KPHX 181651Z 29012KT 10SM FEW100 FEW210 SCT270 36/01 A2992 RMK AO2 SLP108 T03560006 $,M
PHX,2025-08-18 17:51,-112.0116,33.4343,337.00,101.00,31.00,8.72,270.00,10.00,0.00,29.90,1010.30,10.00,M,FEW,FEW,SCT,M,10000.00,21000.00,27000.00,M,M,M,M,M,M,M,M,94.60,KPHX 181751Z 27010KT 10SM FEW100 FEW210 SCT270 38/M01 A2990 RMK AO2 SLP103 T03831006 10383 20294 58006 $,M
PHX,2025-08-18 18:51,-112.0116,33.4343,337.00,100.00,35.00,10.55,270.00,8.00,0.00,29.89,1009.80,10.00,M,FEW,FEW,SCT,M,10000.00,21000.00,27000.00,M,M,M,M,M,M,M,M,94.33,KPHX 181851Z 27008KT 10SM FEW100 FEW210 SCT270 38/02 A2989 RMK AO2 SLP098 T03780017 $,M
PHX,2025-08-18 19:51,-112.0116,33.4343,337.00,102.00,38.00,11.19,320.00,7.00,0.00,29.87,1009.30,10.00,M,FEW,FEW,SCT,M,10000.00,21000.00,27000.00,M,M,M,M,M,M,M,M,96.59,KPHX 181951Z 32007KT 10SM FEW100 FEW210 SCT270 39/03 A2987 RMK AO2 SLP093 T03890033 $,M
PHX,2025-08-18 20:51,-112.0116,33.4343,337.00,103.00,42.00,12.69,270.00,4.00,0.00,29.85,1008.70,10.00,M,FEW,FEW,SCT,M,10000.00,18000.00,27000.00,M,M,M,M,M,M,M,M,98.36,KPHX 182051Z 27004KT 10SM FEW100 FEW180 SCT270 39/06 A2985 RMK AO2 SLP087 T03940056 58015 $,M
PHX,2025-08-18 21:51,-112.0116,33.4343,337.00,107.00,46.00,13.14,250.00,8.00,0.00,29.83,1007.60,10.00,18.00,FEW,FEW,BKN,M,10000.00,17000.00,25000.00,M,M,M,M,M,M,M,M,103.07,KPHX 182151Z 25008G18KT 10SM FEW100 FEW170 BKN250 42/08 A2983 RMK AO2 SLP076 T04170078 $,M
PHX,2025-08-18 22:51,-112.0116,33.4343,337.00,107.00,44.00,12.18,270.00,11.00,0.00,29.81,1007.00,10.00,21.00,FEW,FEW,BKN,M,10000.00,17000.00,25000.00,M,M,M,M,M,M,M,M,102.47,KPHX 182251Z 27011G21KT 10SM FEW100 FEW170 BKN250 42/07 A2981 RMK AO2 SLP070 T04170067 $,M
PHX,2025-08-18 23:51,-112.0116,33.4343,337.00,105.00,45.00,13.42,270.00,14.00,0.00,29.79,1006.50,10.00,23.00,FEW,FEW,BKN,M,10000.00,17000.00,25000.00,M,M,M,M,M,M,M,M,100.90,KPHX 182351Z 27014G23KT 10SM FEW100 FEW170 BKN250 41/07 A2979 RMK AO2 SLP065 T04060072 10417 20378 56021 $,M
PHX,2025-08-19 00:51,-112.0116,33.4343,337.00,105.00,44.00,12.92,270.00,14.00,0.00,29.78,1006.00,10.00,M,FEW,FEW,SCT,M,17000.00,20000.00,25000.00,M,M,M,M,M,M,M,M,100.67,KPHX 190051Z 27014KT 10SM FEW170 FEW200 SCT250 41/07 A2978 RMK AO2 SLP060 T04060067 $,M
PHX,2025-08-19 01:51,-112.0116,33.4343,337.00,104.00,37.00,10.14,260.00,14.00,0.00,29.78,1006.20,10.00,M,FEW,FEW,SCT,M,12000.00,20000.00,25000.00,M,M,M,M,M,M,M,M,98.14,KPHX 190151Z 26014KT 10SM FEW120 FEW200 SCT250 40/03 A2978 RMK AO2 SLP062 T04000028 $,M
PHX,2025-08-19 02:51,-112.0116,33.4343,337.00,102.00,37.00,10.76,260.00,8.00,0.00,29.80,1006.90,10.00,M,FEW,FEW,SCT,M,12000.00,20000.00,25000.00,M,M,M,M,M,M,M,M,96.40,KPHX 190251Z 26008KT 10SM FEW120 FEW200 SCT250 39/03 A2980 RMK AO2 SLP069 T03890028 53004 $,M
PHX,2025-08-19 03:51,-112.0116,33.4343,337.00,99.00,39.00,12.73,250.00,6.00,0.00,29.82,1007.40,10.00,M,FEW,M,M,M,25000.00,M,M,M,M,M,M,M,M,M,M,94.21,KPHX 190351Z 25006KT 10SM FEW250 37/04 A2982 RMK AO2 SLP074 T03720039 $,M
PHX,2025-08-19 04:51,-112.0116,33.4343,337.00,97.00,40.00,14.06,250.00,4.00,0.00,29.82,1007.60,10.00,M,FEW,M,M,M,25000.00,M,M,M,M,M,M,M,M,M,M,92.49,KPHX 190451Z 25004KT 10SM FEW250 36/04 A2982 RMK AO2 SLP076 T03610044 $,M
PHX,2025-08-19 05:51,-112.0116,33.4343,337.00,95.00,42.00,16.15,250.00,3.00,0.00,29.84,1008.20,10.00,M,FEW,M,M,M,25000.00,M,M,M,M,M,M,M,M,M,M,90.79,KPHX 190551Z 25003KT 10SM FEW250 35/06 A2984 RMK AO2 SLP082 T03500056 10411 20350 53013 $,M
PHX,2025-08-19 06:51,-112.0116,33.4343,337.00,94.00,44.00,17.99,250.00,3.00,0.00,29.85,1008.50,10.00,M,CLR,M,M,M,M,M,M,M,M,M,M,M,M,M,M,90.05,KPHX 190651Z 25003KT 10SM CLR 34/07 A2985 RMK AO2 SLP085 T03440067 404170294 $,M
PHX,2025-08-19 07:51,-112.0116,33.4343,337.00,93.00,46.00,20.01,0.00,0.00,0.00,29.86,1008.80,10.00,M,CLR,M,M,M,M,M,M,M,M,M,M,M,M,M,M,89.32,KPHX 190751Z 00000KT 10SM CLR 34/08 A2986 RMK AO2 SLP088 T03390078 $,M
PHX,2025-08-19 08:51,-112.0116,33.4343,337.00,91.00,48.00,22.96,210.00,3.00,0.00,29.87,1009.10,10.00,M,FEW,FEW,M,M,13000.00,15000.00,M,M,M,M,M,M,M,M,M,87.70,KPHX 190851Z 21003KT 10SM FEW130 FEW150 33/09 A2987 RMK AO2 SLP091 T03280089 53008 $,M
PHX,2025-08-19 09:51,-112.0116,33.4343,337.00,88.00,49.00,26.19,90.00,6.00,0.00,29.89,1009.80,10.00,M,SCT,M,M,M,14000.00,M,M,M,M,M,M,M,M,M,M,85.15,KPHX 190951Z 09006KT 10SM SCT140 31/09 A2989 RMK AO2 SLP098 T03110094 $,M
PHX,2025-08-19 10:51,-112.0116,33.4343,337.00,88.00,49.00,26.19,100.00,7.00,0.00,29.89,1010.00,10.00,M,SCT,BKN,BKN,M,14000.00,19000.00,21000.00,M,M,M,M,M,M,M,M,85.15,KPHX 191051Z 10007KT 10SM SCT140 BKN190 BKN210 31/09 A2989 RMK AO2 SLP100 T03110094 $,M
PHX,2025-08-19 11:51,-112.0116,33.4343,337.00,88.00,49.00,26.19,70.00,4.00,0.00,29.89,1010.10,10.00,M,SCT,BKN,M,M,14000.00,20000.00,M,M,M,M,M,M,M,M,M,85.15,KPHX 191151Z 07004KT 10SM SCT140 BKN200 31/09 A2989 RMK AO2 SLP101 T03110094 10361 20306 51009 $,M
PHX,2025-08-19 12:51,-112.0116,33.4343,337.00,89.00,48.00,24.45,340.00,5.00,0.00,29.90,1010.30,10.00,M,FEW,BKN,M,M,15000.00,20000.00,M,M,M,M,M,M,M,M,M,85.90,KPHX 191251Z 34005KT 10SM FEW150 BKN200 32/09 A2990 RMK AO2 SLP103 T03170089 $,M
PHX,2025-08-19 13:51,-112.0116,33.4343,337.00,90.00,48.00,23.69,320.00,5.00,0.00,29.93,1011.20,10.00,M,FEW,BKN,BKN,M,15000.00,19000.00,25000.00,M,M,M,M,M,M,M,M,86.79,KPHX 191351Z 32005KT 10SM FEW150 BKN190 BKN250 32/09 A2993 RMK AO2 SLP112 T03220089,M
PHX,2025-08-19 14:51,-112.0116,33.4343,337.00,88.00,50.00,27.19,140.00,4.00,0.00,29.95,1011.90,10.00,M,BKN,BKN,M,M,16000.00,25000.00,M,M,M,M,M,M,M,M,M,85.29,KPHX 191451Z 14004KT 10SM BKN160 BKN250 31/10 A2995 RMK AO2 SLP119 T03110100 53018,M
PHX,2025-08-19 15:51,-112.0116,33.4343,337.00,91.00,50.00,24.75,0.00,0.00,0.00,29.95,1012.00,10.00,M,BKN,BKN,M,M,16000.00,25000.00,M,M,M,M,M,M,M,M,M,88.00,KPHX 191551Z 00000KT 10SM BKN160 BKN250 33/10 A2995 RMK AO2 SLP120 T03280100,M
PHX,2025-08-19 16:51,-112.0116,33.4343,337.00,92.00,50.00,23.99,250.00,4.00,0.00,29.96,1012.10,10.00,M,SCT,BKN,BKN,M,15000.00,18000.00,25000.00,M,M,M,M,M,M,M,M,88.95,KPHX 191651Z 25004KT 10SM SCT150 BKN180 BKN250 33/10 A2996 RMK AO2 SLP121 T03330100,M
PHX,2025-08-19 17:51,-112.0116,33.4343,337.00,96.00,50.00,21.21,M,3.00,0.00,29.96,1012.20,10.00,M,SCT,BKN,BKN,M,15000.00,18000.00,25000.00,M,M,M,M,M,M,M,M,92.91,KPHX 191751Z VRB03KT 10SM SCT150 BKN180 BKN250 36/10 A2996 RMK AO2 SLP122 T03560100 10356 20306 51002,M
PHX,2025-08-19 18:51,-112.0116,33.4343,337.00,100.00,47.00,16.79,260.00,5.00,0.00,29.94,1011.50,10.00,M,SCT,BKN,BKN,M,15000.00,19000.00,25000.00,M,M,M,M,M,M,M,M,96.37,KPHX 191851Z 26005KT 10SM SCT150 BKN190 BKN250 38/08 A2994 RMK AO2 SLP115 T03780083,M
PHX,2025-08-19 19:51,-112.0116,33.4343,337.00,102.00,45.00,14.66,270.00,7.00,0.00,29.92,1010.80,10.00,M,FEW,FEW,FEW,SCT,9000.00,15000.00,19000.00,25000.00,M,M,M,M,M,M,M,97.98,KPHX 191951Z 27007KT 230V310 10SM FEW090 FEW150 FEW190 SCT250 39/07 A2992 RMK AO2 SLP108 TCU DSNT E T03890072,M
PHX,2025-08-19 20:51,-112.0116,33.4343,337.00,107.00,43.00,11.72,300.00,10.00,0.00,29.90,1010.00,10.00,M,FEW,FEW,FEW,M,9000.00,19000.00,25000.00,M,M,M,M,M,M,M,M,102.19,KPHX 192051Z 30010KT 10SM FEW090 FEW190 FEW250 42/06 A2990 RMK AO2 SLP100 TCU DSNT E T04170061 58020,M
PHX,2025-08-19 21:51,-112.0116,33.4343,337.00,106.00,42.00,11.62,290.00,10.00,0.00,29.86,1008.90,10.00,M,FEW,FEW,BKN,M,9000.00,16000.00,25000.00,M,M,M,M,M,M,M,M,101.02,KPHX 192151Z 29010KT 10SM FEW090 FEW160 BKN250 41/06 A2986 RMK AO2 SLP089 CB DSNT E T04110056,M
PHX,2025-08-19 22:51,-112.0116,33.4343,337.00,107.00,44.00,12.18,310.00,9.00,0.00,29.83,1007.80,10.00,18.00,FEW,FEW,BKN,M,9000.00,16000.00,25000.00,M,M,M,M,M,M,M,M,102.47,KPHX 192251Z 31009G18KT 280V340 10SM FEW090 FEW160 BKN250 42/07 A2983 RMK AO2 SLP078 T04170067,M
PHX,2025-08-19 23:51,-112.0116,33.4343,337.00,107.00,44.00,12.18,280.00,10.00,0.00,29.81,1007.30,10.00,17.00,FEW,FEW,BKN,M,9000.00,16000.00,25000.00,M,M,M,M,M,M,M,M,102.47,KPHX 192351Z 28010G17KT 10SM FEW090 FEW160 BKN250 42/07 A2981 RMK AO2 SLP073 T04170067 10422 20350 56027,M
PHX,2025-08-20 00:51,-112.0116,33.4343,337.00,106.00,45.00,13.03,320.00,6.00,0.00,29.81,1007.10,10.00,M,FEW,FEW,BKN,M,9000.00,16000.00,25000.00,M,M,M,M,M,M,M,M,101.87,KPHX 200051Z 32006KT 10SM FEW090 FEW160 BKN250 41/07 A2981 RMK AO2 SLP071 T04110072,M
PHX,2025-08-20 01:51,-112.0116,33.4343,337.00,106.00,47.00,14.06,250.00,7.00,0.00,29.81,1007.10,10.00,M,FEW,SCT,SCT,BKN,9000.00,12000.00,16000.00,25000.00,M,M,M,M,M,M,M,102.36,KPHX 200151Z 25007KT 10SM FEW090 SCT120 SCT160 BKN250 41/08 A2981 RMK AO2 SLP071 T04110083,M
PHX,2025-08-20 02:51,-112.0116,33.4343,337.00,104.00,47.00,14.91,230.00,6.00,0.00,29.82,1007.60,10.00,M,FEW,SCT,BKN,BKN,9000.00,12000.00,18000.00,25000.00,M,M,M,M,M,M,M,100.38,KPHX 200251Z 23006KT 10SM FEW090 SCT120 BKN180 BKN250 40/08 A2982 RMK AO2 SLP076 T04000083 53003,M
PHX,2025-08-20 03:51,-112.0116,33.4343,337.00,103.00,46.00,14.79,240.00,4.00,0.00,29.84,1008.20,10.00,M,SCT,BKN,BKN,M,12000.00,18000.00,25000.00,M,M,M,M,M,M,M,M,99.16,KPHX 200351Z 24004KT 10SM SCT120 BKN180 BKN250 39/08 A2984 RMK AO2 SLP082 T03940078,M
PHX,2025-08-20 04:51,-112.0116,33.4343,337.00,102.00,45.00,14.66,250.00,5.00,0.00,29.86,1008.70,10.00,M,SCT,BKN,BKN,M,12000.00,18000.00,25000.00,M,M,M,M,M,M,M,M,97.98,KPHX 200451Z 25005KT 10SM SCT120 BKN180 BKN250 39/07 A2986 RMK AO2 SLP087 T03890072,M
PHX,2025-08-20 05:51,-112.0116,33.4343,337.00,100.00,46.00,16.17,270.00,5.00,0.00,29.87,1009.10,10.00,M,SCT,BKN,BKN,M,12000.00,18000.00,25000.00,M,M,M,M,M,M,M,M,96.18,KPHX 200551Z 27005KT 10SM SCT120 BKN180 BKN250 38/08 A2987 RMK AO2 SLP091 T03780078 10417 20378 51014,M
PHX,2025-08-20 06:51,-112.0116,33.4343,337.00,100.00,47.00,16.79,310.00,6.00,0.00,29.87,1009.10,10.00,M,FEW,BKN,BKN,M,12000.00,21000.00,25000.00,M,M,M,M,M,M,M,M,96.37,KPHX 200651Z 31006KT 10SM FEW120 BKN210 BKN250 38/08 A2987 RMK AO2 SLP091 T03780083 404220306,M
PHX,2025-08-20 07:51,-112.0116,33.4343,337.00,97.00,47.00,18.39,10.00,6.00,0.00,29.87,1009.00,10.00,M,SCT,SCT,M,M,21000.00,25000.00,M,M,M,M,M,M,M,M,M,93.36,KPHX 200751Z 01006KT 10SM SCT210 SCT250 36/08 A2987 RMK AO2 SLP090 T03610083,M
PHX,2025-08-20 08:51,-112.0116,33.4343,337.00,94.00,48.00,20.93,0.00,0.00,0.00,29.86,1008.80,10.00,M,SCT,SCT,M,M,15000.00,21000.00,M,M,M,M,M,M,M,M,M,90.56,KPHX 200851Z 00000KT 10SM SCT150 SCT210 34/09 A2986 RMK AO2 SLP088 T03440089 58002,M
PHX,2025-08-20 09:51,-112.0116,33.4343,337.00,93.00,47.00,20.79,80.00,3.00,0.00,29.86,1008.90,10.00,M,FEW,SCT,M,M,15000.00,21000.00,M,M,M,M,M,M,M,M,M,89.45,KPHX 200951Z 08003KT 10SM FEW150 SCT210 34/08 A2986 RMK AO2 SLP089 T03390083,M
PHX,2025-08-20 10:51,-112.0116,33.4343,337.00,92.00,49.00,23.11,80.00,3.00,0.00,29.86,1008.80,10.00,M,FEW,M,M,M,16000.00,M,M,M,M,M,M,M,M,M,M,88.79,KPHX 201051Z COR 08003KT 10SM FEW160 33/09 A2986 RMK AO2 SLP088 T03330094,M
PHX,2025-08-20 11:51,-112.0116,33.4343,337.00,89.00,53.00,29.43,180.00,3.00,0.00,29.86,1008.90,10.00,M,FEW,M,M,M,16000.00,M,M,M,M,M,M,M,M,M,M,86.69,KPHX 201151Z 18003KT 10SM FEW160 32/12 A2986 RMK AO2 SLP089 T03170117 10383 20317 58001,M
PHX,2025-08-20 12:51,-112.0116,33.4343,337.00,90.00,48.00,23.69,90.00,6.00,0.00,29.87,1009.30,10.00,M,BKN,BKN,M,M,22000.00,27000.00,M,M,M,M,M,M,M,M,M,86.79,KPHX 201251Z 09006KT 10SM BKN220 BKN270 32/09 A2987 RMK AO2 SLP093 T03220089,M
PHX,2025-08-20 13:51,-112.0116,33.4343,337.00,92.00,50.00,23.99,100.00,4.00,0.00,29.89,1009.70,10.00,M,FEW,SCT,BKN,M,15000.00,21000.00,27000.00,M,M,M,M,M,M,M,M,88.95,KPHX 201351Z 10004KT 10SM FEW150 SCT210 BKN270 33/10 A2989 RMK AO2 SLP097 T03330100,M
PHX,2025-08-20 14:51,-112.0116,33.4343,337.00,94.00,48.00,20.93,110.00,6.00,0.00,29.90,1010.30,10.00,M,FEW,SCT,SCT,M,10000.00,18000.00,25000.00,M,M,M,M,M,M,M,M,90.56,KPHX 201451Z 11006KT 10SM FEW100 SCT180 SCT250 34/09 A2990 RMK AO2 SLP103 T03440089 53015,M
PHX,2025-08-20 15:51,-112.0116,33.4343,337.00,98.00,47.00,17.84,90.00,5.00,0.00,29.91,1010.60,10.00,M,FEW,SCT,SCT,M,14000.00,20000.00,25000.00,M,M,M,M,M,M,M,M,94.36,KPHX 201551Z 09005KT 10SM FEW140 SCT200 SCT250 37/08 A2991 RMK AO2 SLP106 T03670083,M
PHX,2025-08-20 16:51,-112.0116,33.4343,337.00,102.00,48.00,16.42,M,4.00,0.00,29.91,1010.50,10.00,M,FEW,FEW,M,M,14000.00,21000.00,M,M,M,M,M,M,M,M,M,98.61,KPHX 201651Z VRB04KT 10SM FEW140 FEW210 39/09 A2991 RMK AO2 SLP105 T03890089,M
PHX,2025-08-20 17:51,-112.0116,33.4343,337.00,104.00,54.00,19.33,M,4.00,0.00,29.90,1010.10,10.00,M,FEW,FEW,M,M,11000.00,17000.00,M,M,M,M,M,M,M,M,M,102.51,KPHX 201751Z VRB04KT 10SM FEW110 FEW170 40/12 A2990 RMK AO2 SLP101 T04000122 10406 20317 58002,M
PHX,2025-08-20 18:51,-112.0116,33.4343,337.00,107.00,54.00,17.70,260.00,4.00,0.00,29.88,1009.20,10.00,M,FEW,FEW,M,M,11000.00,23000.00,M,M,M,M,M,M,M,M,M,105.73,KPHX 201851Z 26004KT 10SM FEW110 FEW230 42/12 A2988 RMK AO2 SLP092 T04170122,M
PHX,2025-08-20 19:51,-112.0116,33.4343,337.00,108.00,53.00,16.57,M,3.00,0.00,29.85,1008.30,10.00,M,FEW,SCT,M,M,11000.00,15000.00,M,M,M,M,M,M,M,M,M,106.37,KPHX 201951Z VRB03KT 10SM FEW110 SCT150 42/12 A2985 RMK AO2 SLP083 CB DSNT NE T04220117,M
PHX,2025-08-20 20:51,-112.0116,33.4343,337.00,110.00,51.00,14.53,290.00,5.00,0.00,29.82,1007.40,10.00,M,SCT,SCT,SCT,M,11000.00,15000.00,21000.00,M,M,M,M,M,M,M,M,107.61,KPHX 202051Z 29005KT 10SM SCT110 SCT150 SCT210 43/11 A2982 RMK AO2 SLP074 CB DSNT NE-SE T04330106 58025,M
PHX,2025-08-20 21:51,-112.0116,33.4343,337.00,110.00,51.00,14.53,0.00,0.00,0.00,29.78,1006.20,10.00,M,FEW,FEW,FEW,SCT,9000.00,11000.00,16000.00,25000.00,M,M,M,M,M,M,M,107.61,KPHX 202151Z 00000KT 10SM FEW090 FEW110 FEW160 SCT250 43/11 A2978 RMK AO2 SLP062 CB DSNT NE-E T04330106,M
PHX,2025-08-20 22:51,-112.0116,33.4343,337.00,110.00,51.00,14.53,0.00,0.00,0.00,29.75,1005.20,10.00,M,FEW,FEW,FEW,SCT,9000.00,11000.00,16000.00,25000.00,M,M,M,M,M,M,M,107.61,KPHX 202251Z 00000KT 10SM FEW090 FEW110 FEW160 SCT250 43/11 A2975 RMK AO2 SLP052 CB DSNT NE-E T04330106,M
PHX,2025-08-20 23:51,-112.0116,33.4343,337.00,110.00,51.00,14.53,0.00,0.00,0.00,29.75,1004.90,10.00,M,FEW,FEW,FEW,SCT,9000.00,11000.00,16000.00,25000.00,M,M,M,M,M,M,M,107.61,KPHX 202351Z 00000KT 10SM FEW090 FEW110 FEW160 SCT250 43/11 A2975 RMK AO2 SLP049 CB DSNT NE-SE ACSL SW T04330106 10444 20394 56024,M
PHX,2025-08-21 00:51,-112.0116,33.4343,337.00,111.00,51.00,14.12,20.00,5.00,0.00,29.73,1004.40,10.00,M,FEW,FEW,SCT,SCT,9000.00,11000.00,16000.00,25000.00,M,M,M,M,M,M,M,108.59,KPHX 210051Z 02005KT 10SM FEW090 FEW110 SCT160 SCT250 44/11 A2973 RMK AO2 SLP044 CB DSNT E-SE T04390106,M
PHX,2025-08-21 01:51,-112.0116,33.4343,337.00,110.00,52.00,15.08,60.00,4.00,0.00,29.74,1004.50,10.00,M,FEW,SCT,SCT,SCT,9000.00,11000.00,16000.00,25000.00,M,M,M,M,M,M,M,108.01,KPHX 210151Z 06004KT 10SM FEW090 SCT110 SCT160 SCT250 43/11 A2974 RMK AO2 SLP045 CB DSNT SE T04330111,M
PHX,2025-08-21 02:51,-112.0116,33.4343,337.00,109.00,52.00,15.52,160.00,4.00,0.00,29.75,1005.10,10.00,M,FEW,SCT,BKN,BKN,9000.00,11000.00,16000.00,25000.00,M,M,M,M,M,M,M,107.00,KPHX 210251Z 16004KT 10SM FEW090 SCT110 BKN160 BKN250 43/11 A2975 RMK AO2 SLP051 OCNL LTGIC DSNT SE CB DSNT SE T04280111 53002,M
PHX,2025-08-21 03:51,-112.0116,33.4343,337.00,108.00,51.00,15.40,260.00,3.00,0.00,29.78,1005.90,10.00,M,FEW,SCT,BKN,BKN,9000.00,11000.00,16000.00,19000.00,M,M,M,M,M,M,M,105.60,KPHX 210351Z 26003KT 10SM FEW090 SCT110 BKN160 BKN190 42/11 A2978 RMK AO2 SLP059 T04220106,M
PHX,2025-08-21 04:36,-112.0116,33.4343,337.00,102.00,60.00,25.47,180.00,12.00,0.00,29.81,M,4.00,23.00,SCT,BKN,BKN,M,11000.00,16000.00,18000.00,M,BLDU,M,M,M,32.00,140.00,2025-08-21 04:26,102.97,KPHX 210436Z 18012G23KT 4SM BLDU SCT110 BKN160 BKN180 39/16 A2981 RMK AO2 PK WND 14032/0426 T03890156,M
PHX,2025-08-21 04:51,-112.0116,33.4343,337.00,101.00,61.00,27.19,180.00,14.00,0.00,29.81,1007.10,3.00,23.00,SCT,BKN,BKN,BKN,1300.00,11000.00,16000.00,18000.00,BLDU,M,M,M,32.00,140.00,2025-08-21 04:26,102.35,KPHX 210451Z 18014G23KT 3SM BLDU SCT013 BKN110 BKN160 BKN180 38/16 A2981 RMK AO2 PK WND 14032/0426 SLP071 T03830161,M
PHX,2025-08-21 05:51,-112.0116,33.4343,337.00,101.00,59.00,25.32,210.00,4.00,0.00,29.81,1006.90,10.00,18.00,FEW,BKN,BKN,M,11000.00,16000.00,18000.00,M,M,M,M,M,M,M,M,101.31,KPHX 210551Z 21004G18KT 10SM FEW110 BKN160 BKN180 38/15 A2981 RMK AO2 LTG DSNT NE SLP069 T03830150 10444 20383 50018,M
PHX,2025-08-21 06:51,-112.0116,33.4343,337.00,99.00,61.00,28.87,110.00,10.00,0.00,29.82,1007.40,10.00,M,FEW,BKN,BKN,M,11000.00,16000.00,18000.00,M,M,M,M,M,M,M,M,100.02,KPHX 210651Z 11010KT 10SM FEW110 BKN160 BKN180 37/16 A2982 RMK AO2 SLP074 T03720161 404440317,M
PHX,2025-08-21 07:51,-112.0116,33.4343,337.00,96.00,63.00,33.93,130.00,9.00,0.00,29.84,1008.00,10.00,M,FEW,BKN,BKN,M,11000.00,16000.00,18000.00,M,M,M,M,M,M,M,M,97.64,KPHX 210751Z 13009KT 10SM FEW110 BKN160 BKN180 36/17 A2984 RMK AO2 SLP080 T03560172,M
PHX,2025-08-21 08:51,-112.0116,33.4343,337.00,95.00,63.00,34.98,150.00,10.00,0.00,29.83,1007.80,10.00,M,SCT,BKN,M,M,11000.00,16000.00,M,M,M,M,M,M,M,M,M,96.49,KPHX 210851Z 15010KT 10SM SCT110 BKN160 35/17 A2983 RMK AO2 SLP078 T03500172 50009,M
PHX,2025-08-21 09:51,-112.0116,33.4343,337.00,95.00,62.00,33.77,140.00,7.00,0.00,29.84,1008.00,10.00,M,FEW,BKN,BKN,M,11000.00,16000.00,21000.00,M,M,M,M,M,M,M,M,95.95,KPHX 210951Z 14007KT 10SM FEW110 BKN160 BKN210 35/17 A2984 RMK AO2 SLP080 T03500167,M
PHX,2025-08-21 10:51,-112.0116,33.4343,337.00,94.00,63.00,36.08,140.00,7.00,0.00,29.84,1008.10,10.00,M,BKN,BKN,M,M,21000.00,23000.00,M,M,M,M,M,M,M,M,M,95.35,KPHX 211051Z 14007KT 10SM BKN210 BKN230 34/17 A2984 RMK AO2 SLP081 T03440172,M
PHX,2025-08-21 11:51,-112.0116,33.4343,337.00,93.00,63.00,37.21,150.00,3.00,0.00,29.84,1008.10,10.00,M,BKN,BKN,M,M,21000.00,23000.00,M,M,M,M,M,M,M,M,M,94.23,KPHX 211151Z 15003KT 10SM BKN210 BKN230 34/17 A2984 RMK AO2 SLP081 T03390172 10383 20339 51002,M
PHX,2025-08-21 12:51,-112.0116,33.4343,337.00,93.00,63.00,37.21,0.00,0.00,0.00,29.84,1008.30,10.00,M,BKN,BKN,M,M,21000.00,25000.00,M,M,M,M,M,M,M,M,M,94.23,KPHX 211251Z 00000KT 10SM BKN210 BKN250 34/17 A2984 RMK AO2 SLP083 T03390172,M
PHX,2025-08-21 13:51,-112.0116,33.4343,337.00,94.00,64.00,37.36,110.00,5.00,0.00,29.87,1009.00,10.00,M,BKN,BKN,M,M,21000.00,25000.00,M,M,M,M,M,M,M,M,M,95.92,KPHX 211351Z 11005KT 10SM BKN210 BKN250 34/18 A2987 RMK AO2 SLP090 T03440178,M
PHX,2025-08-21 14:51,-112.0116,33.4343,337.00,96.00,64.00,35.14,100.00,7.00,0.00,29.88,1009.20,10.00,M,SCT,BKN,M,M,21000.00,25000.00,M,M,M,M,M,M,M,M,M,98.23,KPHX 211451Z 10007KT 10SM SCT210 BKN250 36/18 A2988 RMK AO2 SLP092 T03560178 53012,M
PHX,2025-08-21 15:51,-112.0116,33.4343,337.00,100.00,63.00,30.06,130.00,5.00,0.00,29.88,1009.20,10.00,M,FEW,FEW,M,M,21000.00,25000.00,M,M,M,M,M,M,M,M,M,102.34,KPHX 211551Z 13005KT 10SM FEW210 FEW250 38/17 A2988 RMK AO2 SLP092 T03780172,M
PHX,2025-08-21 16:51,-112.0116,33.4343,337.00,104.00,62.00,25.76,140.00,8.00,0.00,29.87,1009.10,10.00,M,CLR,M,M,M,M,M,M,M,M,M,M,M,M,M,M,106.47,KPHX 211651Z 14008KT 10SM CLR 40/17 A2987 RMK AO2 SLP091 T04000167,M
PHX,2025-08-21 17:51,-112.0116,33.4343,337.00,106.00,60.00,22.63,150.00,6.00,0.00,29.86,1008.60,10.00,M,CLR,M,M,M,M,M,M,M,M,M,M,M,M,M,M,107.59,KPHX 211751Z 15006KT 10SM CLR 41/16 A2986 RMK AO2 SLP086 T04110156 10411 20339 58006,M
PHX,2025-08-21 18:51,-112.0116,33.4343,337.00,107.00,59.00,21.21,120.00,5.00,0.00,29.83,1007.80,10.00,M,FEW,M,M,M,10000.00,M,M,M,M,M,M,M,M,M,M,108.16,KPHX 211851Z 12005KT 10SM FEW100 42/15 A2983 RMK AO2 SLP078 T04170150,M
PHX,2025-08-21 19:51,-112.0116,33.4343,337.00,109.00,60.00,20.73,170.00,7.00,0.00,29.81,1007.00,10.00,M,FEW,FEW,M,M,10000.00,23000.00,M,M,M,M,M,M,M,M,M,111.01,KPHX 211951Z 17007KT 10SM FEW100 FEW230 43/16 A2981 RMK AO2 SLP070 CB DSNT NW TCU DSNT N-NE T04280156,M
PHX,2025-08-21 20:51,-112.0116,33.4343,337.00,112.00,59.00,18.35,170.00,7.00,0.00,29.77,1005.70,10.00,M,FEW,FEW,M,M,10000.00,23000.00,M,M,M,M,M,M,M,M,M,113.69,KPHX 212051Z COR 17007KT 10SM FEW100 FEW230 44/15 A2977 RMK AO2 SLP057 CB DSNT NE AND NW TCU DSNT N-NE T04440150 58027,M
PHX,2025-08-21 21:51,-112.0116,33.4343,337.00,111.00,59.00,18.89,M,5.00,0.00,29.74,1004.60,10.00,M,FEW,FEW,M,M,10000.00,23000.00,M,M,M,M,M,M,M,M,M,112.60,KPHX 212151Z VRB05KT 10SM FEW100 FEW230 44/15 A2974 RMK AO2 SLP046 CB DSNT NE AND NW TCU N-NE T04390150,M
PHX,2025-08-21 22:51,-112.0116,33.4343,337.00,111.00,57.00,17.58,330.00,4.00,0.00,29.71,1003.60,10.00,15.00,FEW,FEW,M,M,10000.00,23000.00,M,M,M,M,M,M,M,M,M,111.43,KPHX 212251Z 33004G15KT 10SM FEW100 FEW230 44/14 A2971 RMK AO2 SLP036 CB DSNT N-NE T04390139,M
PHX,2025-08-21 23:51,-112.0116,33.4343,337.00,112.00,56.00,16.48,310.00,8.00,0.00,29.69,1002.80,10.00,M,FEW,FEW,SCT,M,10000.00,14000.00,23000.00,M,M,M,M,M,M,M,M,111.94,KPHX 212351Z 31008KT 10SM FEW100 FEW140 SCT230 44/13 A2969 RMK AO2 SLP028 CB DSNT N-NE AND SE T04440133 10456 20406 56028,M
PHX,2025-08-22 00:51,-112.0116,33.4343,337.00,111.00,54.00,15.76,330.00,6.00,0.00,29.69,1002.80,10.00,15.00,FEW,FEW,SCT,M,10000.00,14000.00,20000.00,M,M,M,M,M,M,M,M,109.90,KPHX 220051Z 33006G15KT 10SM FEW100 FEW140 SCT200 44/12 A2969 RMK AO2 SLP028 CB DSNT N-NE AND E T04390122,M
PHX,2025-08-22 01:51,-112.0116,33.4343,337.00,108.00,57.00,19.17,70.00,11.00,0.00,29.72,1003.90,4.00,18.00,SCT,BKN,BKN,M,10000.00,15000.00,20000.00,M,BLDU,M,M,M,M,M,M,108.20,KPHX 220151Z 07011G18KT 4SM BLDU SCT100 BKN150 BKN200 42/14 A2972 RMK AO2 PRESRR SLP039 OCNL LTGCG DSNT E CB DSNT E-SE T04220139,M
PHX,2025-08-22 02:09,-112.0116,33.4343,337.00,102.00,61.00,26.39,90.00,22.00,0.00,29.73,M,8.00,32.00,SCT,BKN,BKN,M,10000.00,15000.00,20000.00,M,TS,M,M,M,32.00,80.00,2025-08-22 02:06,103.52,KPHX 220209Z COR 09022G32KT 8SM TS SCT100CB BKN150 BKN200 39/16 A2973 RMK AO2 PK WND 08032/0206 TSB09 FRQ LTGCGCC SE AND DSNT E TS SE MOV W CB DSNT E VCSH E-SE T03890161,M
PHX,2025-08-22 02:32,-112.0116,33.4343,337.00,100.00,62.00,29.02,120.00,13.00,0.00,29.75,M,10.00,M,SCT,BKN,BKN,M,10000.00,15000.00,18000.00,M,TS,M,M,M,32.00,80.00,2025-08-22 02:06,101.74,KPHX 220232Z 12013KT 10SM TS SCT100CB BKN150 BKN180 38/17 A2975 RMK AO2 PK WND 08032/0206 TSB09 CONS LTGCGCCIC E-S TS E-S MOV W T03780167,M
PHX,2025-08-22 02:51,-112.0116,33.4343,337.00,100.00,63.00,30.06,130.00,11.00,T,29.76,1005.40,10.00,M,FEW,BKN,BKN,BKN,7500.00,10000.00,15000.00,18000.00,-TSRA,M,M,M,32.00,80.00,2025-08-22 02:06,102.34,KPHX 220251Z 13011KT 10SM -TSRA FEW075 BKN100CB BKN150 BKN180 38/17 A2976 RMK AO2 PK WND 08032/0206 RAB46 TSB09 SLP054 CONS LTGCGCCIC OHD AND DSNT SE SW AND NW TS OHD MOV W CB DSNT SE SW AND NW P0000 60000 T03780172 53023,M
PHX,2025-08-22 03:14,-112.0116,33.4343,337.00,100.00,61.00,28.01,80.00,30.00,T,29.76,M,6.00,49.00,FEW,BKN,BKN,M,7500.00,10000.00,15000.00,M,-TSRA,M,M,M,49.00,80.00,2025-08-22 03:12,101.18,KPHX 220314Z 08030G49KT 6SM -TSRA FEW075 BKN100CB BKN150 38/16 A2976 RMK AO2 PK WND 08049/0312 CONS LTGCGCCIC OHD AND N AND DSNT SE-SW AND NW TS OHD AND N MOV W CB DSNT SE-SW AND NW P0000 T03780161,M
PHX,2025-08-22 03:51,-112.0116,33.4343,337.00,100.00,60.00,27.04,20.00,15.00,0.04,29.78,1006.10,10.00,30.00,FEW,FEW,BKN,OVC,3200.00,7500.00,10000.00,15000.00,TS,M,M,M,60.00,110.00,2025-08-22 03:17,100.65,KPHX 220351Z 02015G30KT 10SM TS FEW032 FEW075 BKN100CB OVC150 38/16 A2978 RMK AO2 PK WND 11060/0317 WSHFT 0336 RAE43 SLP061 CONS LTGCGCCIC NW AND DSNT SE-SW AND TS NW MOV W CB DSNT SE-SW SHRA DSNT SW-NW P0004 T03780156,M
PHX,2025-08-22 03:58,-112.0116,33.4343,337.00,97.00,62.00,31.77,50.00,17.00,0.00,29.82,M,10.00,24.00,FEW,FEW,BKN,OVC,3200.00,7500.00,10000.00,15000.00,TS,M,M,M,M,M,M,98.24,KPHX 220358Z 05017G24KT 10SM TS FEW032 FEW075 BKN100CB OVC150 36/17 A2982 RMK AO2 WSHFT 0338 PRESRR CONS LTGCGCCIC NW AND DSNT SE-SW TS NW MOV W CB DSNT SE-SW SHRA DSNT SW-NW T03610167,M
PHX,2025-08-22 04:22,-112.0116,33.4343,337.00,96.00,65.00,36.39,100.00,10.00,0.00,29.83,M,10.00,M,FEW,BKN,OVC,M,7500.00,10000.00,15000.00,M,M,M,M,M,26.00,50.00,2025-08-22 04:04,98.88,KPHX 220422Z 10010KT 10SM FEW075 BKN100 OVC150 36/18 A2983 RMK AO2 PK WND 05026/0404 WSHFT 0338 TSE22 FRQ LTGCGCCIC DSNT SE-SW AND W-NW CB DSNT SE-SW AND W-NW T03560183,M
PHX,2025-08-22 04:51,-112.0116,33.4343,337.00,98.00,59.00,27.71,170.00,8.00,T,29.82,1007.50,8.00,30.00,FEW,FEW,BKN,OVC,3900.00,7500.00,10000.00,15000.00,BLDU,M,M,M,30.00,90.00,2025-08-22 04:47,97.89,KPHX 220451Z 17008G30KT 130V200 8SM BLDU FEW039 FEW075 BKN100 OVC150 37/15 A2982 RMK AO2 PK WND 09030/0447 WSHFT 0338 RAB29E46 TSE22 SLP075 OCNL LTGCGCCIC DSNT SW AND NW CB DSNT SW AND NW P0000 T03670150,M
PHX,2025-08-22 05:51,-112.0116,33.4343,337.00,93.00,65.00,39.90,230.00,5.00,T,29.81,1007.30,5.00,M,FEW,BKN,BKN,OVC,3900.00,11000.00,14000.00,16000.00,BLDU,M,M,M,M,M,M,95.39,KPHX 220551Z 23005KT 5SM BLDU FEW039 BKN110 BKN140 OVC160 34/18 A2981 RMK AO2 RAB0453E18 SLP073 P0000 60004 T03390183 10444 20339 50019,M
PHX,2025-08-22 06:51,-112.0116,33.4343,337.00,89.00,69.00,51.89,170.00,9.00,T,29.81,1007.30,7.00,M,FEW,BKN,BKN,OVC,3900.00,11000.00,14000.00,16000.00,-RA,M,M,M,M,M,M,93.56,KPHX 220651Z 17009KT 7SM -RA FEW039 BKN110 BKN140 OVC160 32/21 A2981 RMK AO2 RAB24 SLP073 P0000 T03170206 404560317,M
PHX,2025-08-22 07:51,-112.0116,33.4343,337.00,89.00,67.00,48.45,120.00,9.00,T,29.82,1007.50,10.00,M,FEW,BKN,BKN,OVC,11000.00,13000.00,15000.00,20000.00,M,M,M,M,M,M,M,92.15,KPHX 220751Z 12009KT 10SM FEW110 BKN130 BKN150 OVC200 32/19 A2982 RMK AO2 WSHFT 0731 RAE03 SLP075 P0000 T03170194,M
PHX,2025-08-22 08:51,-112.0116,33.4343,337.00,89.00,68.00,50.14,90.00,6.00,0.00,29.81,1007.10,10.00,M,BKN,BKN,OVC,M,15000.00,17000.00,20000.00,M,M,M,M,M,M,M,M,92.83,KPHX 220851Z 09006KT 10SM BKN150 BKN170 OVC200 32/20 A2981 RMK AO2 SLP071 60000 T03170200 58002,M
PHX,2025-08-22 09:51,-112.0116,33.4343,337.00,91.00,67.00,45.51,30.00,5.00,T,29.79,1006.30,10.00,M,BKN,BKN,OVC,M,13000.00,15000.00,20000.00,M,M,M,M,M,M,M,M,94.42,KPHX 220951Z 03005KT 10SM BKN130 BKN150 OVC200 33/19 A2979 RMK AO2 RAB39E49 SLP063 P0000 T03280194,M
PHX,2025-08-22 10:51,-112.0116,33.4343,337.00,92.00,65.00,41.16,M,3.00,0.00,29.79,1006.30,10.00,M,FEW,BKN,BKN,OVC,10000.00,14000.00,16000.00,20000.00,M,M,M,M,M,M,M,94.25,KPHX 221051Z VRB03KT 10SM FEW100 BKN140 BKN160 OVC200 33/18 A2979 RMK AO2 SLP063 T03330183,M
PHX,2025-08-22 11:51,-112.0116,33.4343,337.00,91.00,65.00,42.46,200.00,5.00,0.00,29.80,1006.80,10.00,M,SCT,BKN,BKN,M,14000.00,18000.00,20000.00,M,M,M,M,M,M,M,M,93.13,KPHX 221151Z 20005KT 10SM SCT140 BKN180 BKN200 33/18 A2980 RMK AO2 SLP068 60000 70004 T03280183 10339 20317 55003,M
PHX,2025-08-22 12:51,-112.0116,33.4343,337.00,92.00,64.00,39.75,280.00,3.00,0.00,29.82,1007.30,10.00,M,FEW,BKN,BKN,BKN,12000.00,14000.00,18000.00,21000.00,M,M,M,M,M,M,M,93.66,KPHX 221251Z 28003KT 10SM FEW120 BKN140 BKN180 BKN210 33/18 A2982 RMK AO2 SLP073 T03330178,M
PHX,2025-08-22 13:51,-112.0116,33.4343,337.00,92.00,64.00,39.75,0.00,0.00,0.00,29.83,1007.90,10.00,M,FEW,BKN,BKN,BKN,12000.00,17000.00,21000.00,27000.00,M,M,M,M,M,M,M,93.66,KPHX 221351Z 00000KT 10SM FEW120 BKN170 BKN210 BKN270 33/18 A2983 RMK AO2 SLP079 T03330178,M
PHX,2025-08-22 14:51,-112.0116,33.4343,337.00,95.00,64.00,36.23,0.00,0.00,0.00,29.85,1008.40,10.00,M,FEW,BKN,BKN,BKN,12000.00,17000.00,20000.00,27000.00,M,M,M,M,M,M,M,97.07,KPHX 221451Z 00000KT 10SM FEW120 BKN170 BKN200 BKN270 35/18 A2985 RMK AO2 SLP084 T03500178 51015,M
PHX,2025-08-22 15:51,-112.0116,33.4343,337.00,99.00,63.00,30.98,110.00,3.00,0.00,29.86,1008.70,10.00,M,FEW,BKN,BKN,BKN,12000.00,17000.00,20000.00,27000.00,M,M,M,M,M,M,M,101.16,KPHX 221551Z 11003KT 10SM FEW120 BKN170 BKN200 BKN270 37/17 A2986 RMK AO2 SLP087 T03720172,M
PHX,2025-08-22 16:51,-112.0116,33.4343,337.00,99.00,61.00,28.87,140.00,4.00,0.00,29.87,1009.00,10.00,M,FEW,BKN,BKN,BKN,12000.00,17000.00,20000.00,27000.00,M,M,M,M,M,M,M,100.02,KPHX 221651Z 14004KT 10SM FEW120 BKN170 BKN200 BKN270 37/16 A2987 RMK AO2 SLP090 T03720161,M
PHX,2025-08-22 17:51,-112.0116,33.4343,337.00,102.00,61.00,26.39,160.00,6.00,0.00,29.86,1009.00,10.00,M,FEW,SCT,BKN,BKN,12000.00,17000.00,20000.00,27000.00,M,M,M,M,M,M,M,103.52,KPHX 221751Z 16006KT 10SM FEW120 SCT170 BKN200 BKN270 39/16 A2986 RMK AO2 SLP090 T03890161 10394 20328 50006,M
PHX,2025-08-22 18:51,-112.0116,33.4343,337.00,105.00,59.00,22.49,140.00,7.00,0.00,29.85,1008.40,10.00,M,FEW,FEW,SCT,SCT,9000.00,18000.00,21000.00,27000.00,M,M,M,M,M,M,M,105.89,KPHX 221851Z 14007KT 10SM FEW090 FEW180 SCT210 SCT270 41/15 A2985 RMK AO2 SLP084 T04060150,M
PHX,2025-08-22 19:51,-112.0116,33.4343,337.00,106.00,59.00,21.83,160.00,8.00,0.00,29.82,1007.60,10.00,M,FEW,FEW,FEW,SCT,9000.00,18000.00,21000.00,27000.00,M,M,M,M,M,M,M,107.03,KPHX 221951Z 16008KT 10SM FEW090 FEW180 FEW210 SCT270 41/15 A2982 RMK AO2 SLP076 TCU DSNT N T04110150,M
PHX,2025-08-22 20:51,-112.0116,33.4343,337.00,107.00,56.00,19.04,0.00,0.00,0.00,29.79,1006.50,10.00,M,FEW,FEW,FEW,SCT,9000.00,18000.00,21000.00,27000.00,M,M,M,M,M,M,M,106.62,KPHX 222051Z 00000KT 10SM FEW090 FEW180 FEW210 SCT270 42/13 A2979 RMK AO2 SLP065 CB DSNT N AND NE T04170133 58024,M
PHX,2025-08-22 21:51,-112.0116,33.4343,337.00,110.00,57.00,18.09,M,4.00,0.00,29.77,1005.70,10.00,M,FEW,FEW,FEW,M,9000.00,18000.00,25000.00,M,M,M,M,M,M,M,M,110.37,KPHX 222151Z VRB04KT 10SM FEW090 FEW180 FEW250 43/14 A2977 RMK AO2 SLP057 CB DSNT N-NE T04330139,M
PHX,2025-08-22 22:51,-112.0116,33.4343,337.00,109.00,54.00,16.70,0.00,0.00,0.00,29.74,1004.50,10.00,M,FEW,FEW,FEW,M,10000.00,18000.00,25000.00,M,M,M,M,M,M,M,M,107.84,KPHX 222251Z 00000KT 10SM FEW100 FEW180 FEW250 43/12 A2974 RMK AO2 SLP045 CB DSNT N-NE AND NW T04280122,M
PHX,2025-08-22 23:51,-112.0116,33.4343,337.00,110.00,54.00,16.22,M,4.00,0.00,29.71,1003.80,10.00,M,FEW,FEW,SCT,SCT,10000.00,15000.00,18000.00,25000.00,M,M,M,M,M,M,M,108.87,KPHX 222351Z VRB04KT 10SM FEW100 FEW150 SCT180 SCT250 43/12 A2971 RMK AO2 SLP038 CB DSNT N T04330122 10444 20389 58026,M
PHX,2025-08-23 00:51,-112.0116,33.4343,337.00,110.00,53.00,15.64,210.00,5.00,0.00,29.71,1003.70,10.00,M,FEW,SCT,BKN,BKN,10000.00,15000.00,18000.00,25000.00,M,M,M,M,M,M,M,108.43,KPHX 230051Z 21005KT 10SM FEW100 SCT150 BKN180 BKN250 43/12 A2971 RMK AO2 SLP037 T04330117,M
PHX,2025-08-23 01:51,-112.0116,33.4343,337.00,109.00,54.00,16.70,M,5.00,0.00,29.71,1003.60,10.00,M,FEW,SCT,BKN,BKN,10000.00,15000.00,18000.00,25000.00,M,M,M,M,M,M,M,107.84,KPHX 230151Z VRB05KT 10SM FEW100 SCT150 BKN180 BKN250 43/12 A2971 RMK AO2 SLP036 CB DSNT NW T04280122,M
PHX,2025-08-23 02:51,-112.0116,33.4343,337.00,108.00,55.00,17.83,30.00,6.00,0.00,29.73,1004.50,10.00,M,FEW,SCT,BKN,BKN,10000.00,16000.00,18000.00,25000.00,M,M,M,M,M,M,M,107.23,KPHX 230251Z 03006KT 10SM FEW100 SCT160 BKN180 BKN250 42/13 A2973 RMK AO2 SLP045 T04220128 53007,M
PHX,2025-08-23 03:51,-112.0116,33.4343,337.00,107.00,55.00,18.36,70.00,4.00,0.00,29.76,1005.20,10.00,M,FEW,SCT,BKN,M,10000.00,15000.00,18000.00,M,M,M,M,M,M,M,M,106.16,KPHX 230351Z 07004KT 10SM FEW100 SCT150 BKN180 42/13 A2976 RMK AO2 SLP052 T04170128,M
PHX,2025-08-23 04:51,-112.0116,33.4343,337.00,103.00,57.00,22.20,360.00,10.00,T,29.78,1006.00,10.00,22.00,FEW,SCT,BKN,BKN,7500.00,10000.00,15000.00,20000.00,M,M,M,M,M,M,M,102.65,KPHX 230451Z 36010G22KT 10SM FEW075 SCT100 BKN150 BKN200 39/14 A2978 RMK AO2 RAB25E36 SLP060 P0000 T03940139,M
PHX,2025-08-23 05:51,-112.0116,33.4343,337.00,102.00,57.00,22.87,340.00,5.00,T,29.79,1006.20,10.00,M,FEW,SCT,BKN,BKN,7500.00,10000.00,15000.00,20000.00,M,M,M,M,M,M,M,101.53,KPHX 230551Z 34005KT 10SM FEW075 SCT100 BKN150 BKN200 39/14 A2979 RMK AO2 RAB0453E02 SLP062 P0000 60000 T03890139 10439 20389 51017,M
PHX,2025-08-23 06:51,-112.0116,33.4343,337.00,100.00,57.00,24.28,270.00,3.00,0.00,29.79,1006.40,10.00,M,FEW,FEW,M,M,15000.00,20000.00,M,M,M,M,M,M,M,M,M,99.28,KPHX 230651Z 27003KT 10SM FEW150 FEW200 38/14 A2979 RMK AO2 SLP064 T03780139 404440317,M
PHX,2025-08-23 07:51,-112.0116,33.4343,337.00,99.00,57.00,25.02,0.00,0.00,0.00,29.80,1006.80,10.00,M,FEW,SCT,M,M,12000.00,20000.00,M,M,M,M,M,M,M,M,M,98.17,KPHX 230751Z 00000KT 10SM FEW120 SCT200 37/14 A2980 RMK AO2 SLP068 OCNL LTGIC DSNT N CB DSNT N T03720139,M
PHX,2025-08-23 08:51,-112.0116,33.4343,337.00,97.00,58.00,27.56,180.00,4.00,0.00,29.81,1007.00,10.00,M,FEW,M,M,M,12000.00,M,M,M,M,M,M,M,M,M,M,96.35,KPHX 230851Z 18004KT 10SM FEW120 36/14 A2981 RMK AO2 SLP070 T03610144 51007,M
PHX,2025-08-23 09:51,-112.0116,33.4343,337.00,97.00,58.00,27.56,310.00,6.00,0.00,29.81,1006.90,10.00,M,FEW,M,M,M,13000.00,M,M,M,M,M,M,M,M,M,M,96.35,KPHX 230951Z 31006KT 10SM FEW130 36/14 A2981 RMK AO2 SLP069 T03610144,M
PHX,2025-08-23 10:51,-112.0116,33.4343,337.00,94.00,61.00,33.62,210.00,4.00,0.00,29.81,1007.20,10.00,M,FEW,M,M,M,20000.00,M,M,M,M,M,M,M,M,M,M,94.33,KPHX 231051Z 21004KT 10SM FEW200 34/16 A2981 RMK AO2 SLP072 T03440161,M
PHX,2025-08-23 11:51,-112.0116,33.4343,337.00,95.00,61.00,32.60,300.00,7.00,0.00,29.83,1007.60,10.00,M,FEW,M,M,M,20000.00,M,M,M,M,M,M,M,M,M,M,95.44,KPHX 231151Z 30007KT 10SM FEW200 35/16 A2983 RMK AO2 SLP076 T03500161 10389 20339 53006,M
PHX,2025-08-23 12:51,-112.0116,33.4343,337.00,93.00,62.00,35.92,360.00,7.00,0.00,29.85,1008.60,10.00,M,FEW,FEW,SCT,M,10000.00,15000.00,20000.00,M,M,M,M,M,M,M,M,93.71,KPHX 231251Z 36007KT 10SM FEW100 FEW150 SCT200 34/17 A2985 RMK AO2 SLP086 T03390167,M
PHX,2025-08-23 13:51,-112.0116,33.4343,337.00,92.00,63.00,38.38,60.00,7.00,0.00,29.87,1009.30,10.00,M,FEW,SCT,SCT,M,10000.00,15000.00,25000.00,M,M,M,M,M,M,M,M,93.12,KPHX 231351Z 06007KT 10SM FEW100 SCT150 SCT250 33/17 A2987 RMK AO2 SLP093 T03330172,M
PHX,2025-08-23 14:51,-112.0116,33.4343,337.00,93.00,65.00,39.90,100.00,8.00,0.00,29.89,1009.80,10.00,M,SCT,BKN,BKN,M,12000.00,15000.00,25000.00,M,M,M,M,M,M,M,M,95.39,KPHX 231451Z 10008KT 10SM SCT120 BKN150 BKN250 34/18 A2989 RMK AO2 SLP098 T03390183 51021,M
PHX,2025-08-23 15:51,-112.0116,33.4343,337.00,94.00,65.00,38.69,140.00,5.00,0.00,29.90,1010.00,10.00,M,SCT,SCT,BKN,M,12000.00,15000.00,25000.00,M,M,M,M,M,M,M,M,96.54,KPHX 231551Z 14005KT 10SM SCT120 SCT150 BKN250 34/18 A2990 RMK AO2 SLP100 T03440183,M
PHX,2025-08-23 16:51,-112.0116,33.4343,337.00,97.00,65.00,35.30,M,3.00,0.00,29.90,1010.20,10.00,M,FEW,SCT,SCT,M,12000.00,15000.00,25000.00,M,M,M,M,M,M,M,M,100.06,KPHX 231651Z VRB03KT 10SM FEW120 SCT150 SCT250 36/18 A2990 RMK AO2 SLP102 T03610183,M
PHX,2025-08-23 17:51,-112.0116,33.4343,337.00,101.00,63.00,29.17,190.00,8.00,0.00,29.89,1009.90,10.00,M,FEW,FEW,SCT,M,10000.00,14000.00,25000.00,M,M,M,M,M,M,M,M,103.54,KPHX 231751Z 19008KT 10SM FEW100 FEW140 SCT250 38/17 A2989 RMK AO2 SLP099 T03830172 10389 20333 50001,M
PHX,2025-08-23 18:51,-112.0116,33.4343,337.00,101.00,63.00,29.17,0.00,0.00,0.00,29.88,1009.30,10.00,M,FEW,SCT,SCT,M,10000.00,14000.00,25000.00,M,M,M,M,M,M,M,M,103.54,KPHX 231851Z 00000KT 10SM FEW100 SCT140 SCT250 38/17 A2988 RMK AO2 SLP093 T03830172,M
PHX,2025-08-23 19:51,-112.0116,33.4343,337.00,103.00,62.00,26.54,M,M,0.00,29.85,1008.50,10.00,M,FEW,FEW,SCT,M,10000.00,14000.00,25000.00,M,M,M,M,M,M,M,M,105.29,KPHX 231951Z 10SM FEW100 FEW140 SCT250 39/17 A2985 RMK AO2 SLP085 T03940167,M
PHX,2025-08-23 19:53,-112.0116,33.4343,337.00,103.00,62.00,26.54,250.00,9.00,0.00,29.85,M,10.00,M,FEW,FEW,SCT,M,10000.00,14000.00,25000.00,M,M,M,M,M,M,M,M,105.29,KPHX 231953Z 25009KT 10SM FEW100 FEW140 SCT250 39/17 A2985 RMK AO2 T03940167,M
PHX,2025-08-23 20:51,-112.0116,33.4343,337.00,104.00,61.00,24.87,0.00,0.00,0.00,29.82,1007.50,10.00,M,FEW,FEW,SCT,M,10000.00,14000.00,25000.00,M,M,M,M,M,M,M,M,105.86,KPHX 232051Z 00000KT 10SM FEW100 FEW140 SCT250 40/16 A2982 RMK AO2 SLP075 T04000161 58023 $,M
PHX,2025-08-23 21:51,-112.0116,33.4343,337.00,109.00,60.00,20.73,220.00,6.00,0.00,29.79,1006.30,10.00,14.00,FEW,FEW,FEW,M,10000.00,14000.00,25000.00,M,M,M,M,M,M,M,M,111.01,KPHX 232151Z 22006G14KT 10SM FEW100 FEW140 FEW250 43/16 A2979 RMK AO2 SLP063 TCU DSNT NW T04280156 $,M
PHX,2025-08-23 22:51,-112.0116,33.4343,337.00,108.00,59.00,20.60,M,3.00,0.00,29.77,1005.60,10.00,M,FEW,FEW,SCT,M,10000.00,14000.00,25000.00,M,M,M,M,M,M,M,M,109.29,KPHX 232251Z VRB03KT 10SM FEW100 FEW140 SCT250 42/15 A2977 RMK AO2 SLP056 T04220150 $,M
PHX,2025-08-23 23:51,-112.0116,33.4343,337.00,108.00,56.00,18.49,300.00,6.00,0.00,29.74,1004.70,10.00,M,FEW,FEW,SCT,M,10000.00,14000.00,25000.00,M,M,M,M,M,M,M,M,107.70,KPHX 232351Z 30006KT 10SM FEW100 FEW140 SCT250 42/13 A2974 RMK AO2 SLP047 CB DSNT N T04220133 10433 20372 56027 $,M
PHX,2025-08-24 00:51,-112.0116,33.4343,337.00,108.00,56.00,18.49,M,5.00,0.00,29.73,1004.50,10.00,M,FEW,FEW,SCT,M,10000.00,14000.00,25000.00,M,M,M,M,M,M,M,M,107.70,KPHX 240051Z VRB05KT 10SM FEW100 FEW140 SCT250 42/13 A2973 RMK AO2 SLP045 T04220133 $,M
PHX,2025-08-24 01:51,-112.0116,33.4343,337.00,108.00,56.00,18.49,290.00,7.00,0.00,29.74,1004.80,10.00,M,FEW,FEW,SCT,M,10000.00,14000.00,25000.00,M,M,M,M,M,M,M,M,107.70,KPHX 240151Z 29007KT 10SM FEW100 FEW140 SCT250 42/13 A2974 RMK AO2 SLP048 T04220133 $,M
PHX,2025-08-24 02:51,-112.0116,33.4343,337.00,107.00,55.00,18.36,300.00,8.00,0.00,29.76,1005.30,10.00,M,FEW,FEW,SCT,M,10000.00,14000.00,25000.00,M,M,M,M,M,M,M,M,106.16,KPHX 240251Z 30008KT 10SM FEW100 FEW140 SCT250 42/13 A2976 RMK AO2 SLP053 T04170128 53006 $,M
PHX,2025-08-24 03:51,-112.0116,33.4343,337.00,106.00,55.00,18.90,280.00,8.00,0.00,29.78,1005.90,10.00,M,FEW,SCT,M,M,14000.00,25000.00,M,M,M,M,M,M,M,M,M,105.08,KPHX 240351Z 28008KT 10SM FEW140 SCT250 41/13 A2978 RMK AO2 SLP059 T04110128 $,M
PHX,2025-08-24 04:51,-112.0116,33.4343,337.00,100.00,62.00,29.02,260.00,12.00,0.00,29.79,1006.40,10.00,20.00,FEW,SCT,M,M,14000.00,25000.00,M,M,M,M,M,M,M,M,M,101.74,KPHX 240451Z 26012G20KT 10SM FEW140 SCT250 38/17 A2979 RMK AO2 SLP064 T03780167 $,M
PHX,2025-08-24 05:51,-112.0116,33.4343,337.00,99.00,63.00,30.98,270.00,8.00,0.00,29.80,1006.80,10.00,M,FEW,M,M,M,25000.00,M,M,M,M,M,M,M,M,M,M,101.16,KPHX 240551Z 27008KT 10SM FEW250 37/17 A2980 RMK AO2 SLP068 T03720172 10428 20372 51014 $,M
PHX,2025-08-24 06:51,-112.0116,33.4343,337.00,99.00,64.00,32.08,270.00,8.00,0.00,29.81,1007.10,10.00,M,FEW,M,M,M,25000.00,M,M,M,M,M,M,M,M,M,M,101.79,KPHX 240651Z 27008KT 10SM FEW250 37/18 A2981 RMK AO2 SLP071 T03720178 404330333 $,M
PHX,2025-08-24 07:51,-112.0116,33.4343,337.00,98.00,64.00,33.07,270.00,10.00,0.00,29.81,1007.20,10.00,M,FEW,M,M,M,25000.00,M,M,M,M,M,M,M,M,M,M,100.60,KPHX 240751Z 27010KT 10SM FEW250 37/18 A2981 RMK AO2 SLP072 T03670178 $,M
PHX,2025-08-24 08:51,-112.0116,33.4343,337.00,97.00,64.00,34.09,270.00,4.00,0.00,29.81,1007.20,10.00,M,FEW,M,M,M,25000.00,M,M,M,M,M,M,M,M,M,M,99.41,KPHX 240851Z 27004KT 10SM FEW250 36/18 A2981 RMK AO2 SLP072 T03610178 50004 $,M
PHX,2025-08-24 09:51,-112.0116,33.4343,337.00,96.00,63.00,33.93,160.00,3.00,0.00,29.82,1007.30,10.00,M,FEW,M,M,M,18000.00,M,M,M,M,M,M,M,M,M,M,97.64,KPHX 240951Z 16003KT 10SM FEW180 36/17 A2982 RMK AO2 SLP073 T03560172 $,M
PHX,2025-08-24 10:51,-112.0116,33.4343,337.00,94.00,64.00,37.36,150.00,8.00,0.00,29.83,1007.90,10.00,M,SCT,BKN,M,M,15000.00,18000.00,M,M,M,M,M,M,M,M,M,95.92,KPHX 241051Z 15008KT 10SM SCT150 BKN180 34/18 A2983 RMK AO2 SLP079 T03440178 $,M
PHX,2025-08-24 11:51,-112.0116,33.4343,337.00,93.00,65.00,39.90,100.00,7.00,0.00,29.84,1008.00,10.00,M,SCT,BKN,M,M,15000.00,18000.00,M,M,M,M,M,M,M,M,M,95.39,KPHX 241151Z 10007KT 10SM SCT150 BKN180 34/18 A2984 RMK AO2 SLP080 T03390183 10378 20339 51008 $,M
PHX,2025-08-24 12:51,-112.0116,33.4343,337.00,92.00,65.00,41.16,120.00,6.00,0.00,29.85,1008.50,10.00,M,FEW,SCT,BKN,M,13000.00,15000.00,18000.00,M,M,M,M,M,M,M,M,94.25,KPHX 241251Z 12006KT 10SM FEW130 SCT150 BKN180 33/18 A2985 RMK AO2 SLP085 T03330183 $,M
PHX,2025-08-24 13:51,-112.0116,33.4343,337.00,92.00,65.00,41.16,100.00,6.00,0.00,29.87,1009.10,10.00,M,SCT,SCT,SCT,M,12000.00,16000.00,20000.00,M,M,M,M,M,M,M,M,94.25,KPHX 241351Z 10006KT 10SM SCT120 SCT160 SCT200 33/18 A2987 RMK AO2 SLP091 T03330183 $,M
PHX,2025-08-24 14:51,-112.0116,33.4343,337.00,93.00,64.00,38.53,100.00,4.00,0.00,29.89,1009.70,10.00,M,FEW,SCT,M,M,12000.00,16000.00,M,M,M,M,M,M,M,M,M,94.78,KPHX 241451Z 10004KT 10SM FEW120 SCT160 34/18 A2989 RMK AO2 SLP097 T03390178 53016 $,M
PHX,2025-08-24 15:51,-112.0116,33.4343,337.00,96.00,64.00,35.14,330.00,5.00,0.00,29.90,1010.30,10.00,M,FEW,M,M,M,16000.00,M,M,M,M,M,M,M,M,M,M,98.23,KPHX 241551Z 33005KT 10SM FEW160 36/18 A2990 RMK AO2 SLP103 T03560178 $,M
PHX,2025-08-24 16:51,-112.0116,33.4343,337.00,98.00,65.00,34.24,360.00,5.00,0.00,29.90,1010.20,10.00,M,FEW,FEW,M,M,16000.00,25000.00,M,M,M,M,M,M,M,M,M,101.26,KPHX 241651Z 36005KT 10SM FEW160 FEW250 37/18 A2990 RMK AO2 SLP102 T03670183 $,M
PHX,2025-08-24 17:51,-112.0116,33.4343,337.00,100.00,64.00,31.13,10.00,5.00,0.00,29.89,1009.70,10.00,M,FEW,FEW,M,M,14000.00,18000.00,M,M,M,M,M,M,M,M,M,102.99,KPHX 241751Z 01005KT 10SM FEW140 FEW180 38/18 A2989 RMK AO2 SLP097 T03780178 10378 20333 50001 $,M
PHX,2025-08-24 18:51,-112.0116,33.4343,337.00,102.00,63.00,28.31,M,5.00,0.00,29.87,1009.20,10.00,M,FEW,SCT,SCT,M,10000.00,16000.00,19000.00,M,M,M,M,M,M,M,M,104.73,KPHX 241851Z VRB05KT 10SM FEW100 SCT160 SCT190 39/17 A2987 RMK AO2 SLP092 T03890172 $,M
PHX,2025-08-24 19:51,-112.0116,33.4343,337.00,105.00,63.00,25.91,230.00,3.00,0.00,29.84,1008.00,10.00,M,FEW,SCT,SCT,M,10000.00,14000.00,18000.00,M,M,M,M,M,M,M,M,108.32,KPHX 241951Z 23003KT 10SM FEW100 SCT140 SCT180 41/17 A2984 RMK AO2 SLP080 T04060172 $,M
PHX,2025-08-24 20:51,-112.0116,33.4343,337.00,106.00,62.00,24.29,80.00,4.00,0.00,29.80,1006.80,10.00,M,FEW,SCT,SCT,M,10000.00,14000.00,18000.00,M,M,M,M,M,M,M,M,108.83,KPHX 242051Z 08004KT 10SM FEW100 SCT140 SCT180 41/17 A2980 RMK AO2 SLP068 T04110167 58028 $,M
PHX,2025-08-24 21:51,-112.0116,33.4343,337.00,107.00,61.00,22.77,M,4.00,0.00,29.76,1005.50,10.00,M,FEW,FEW,SCT,M,10000.00,14000.00,25000.00,M,M,M,M,M,M,M,M,109.35,KPHX 242151Z VRB04KT 10SM FEW100 FEW140 SCT250 42/16 A2976 RMK AO2 SLP055 T04170161 $,M
PHX,2025-08-24 22:51,-112.0116,33.4343,337.00,107.00,61.00,22.77,0.00,0.00,0.00,29.75,1004.90,10.00,M,FEW,SCT,SCT,M,10000.00,14000.00,25000.00,M,M,M,M,M,M,M,M,109.35,KPHX 242251Z 00000KT 10SM FEW100 SCT140 SCT250 42/16 A2975 RMK AO2 SLP049 CB DSNT N T04170161 $,M
PHX,2025-08-24 23:51,-112.0116,33.4343,337.00,110.00,59.00,19.44,230.00,7.00,0.00,29.73,1004.50,10.00,M,FEW,SCT,BKN,M,10000.00,14000.00,25000.00,M,M,M,M,M,M,M,M,111.51,KPHX 242351Z 23007KT 10SM FEW100 SCT140 BKN250 43/15 A2973 RMK AO2 SLP045 CB DSNT N AND SW T04330150 10439 20378 56022 $,M
PHX,2025-08-25 00:51,-112.0116,33.4343,337.00,107.00,56.00,19.04,310.00,7.00,0.00,29.73,1004.30,10.00,M,FEW,SCT,SCT,BKN,8000.00,12000.00,16000.00,25000.00,M,M,M,M,M,M,M,106.62,KPHX 250051Z 31007KT 10SM FEW080 SCT120 SCT160 BKN250 42/13 A2973 RMK AO2 SLP043 TCU DSNT N SHRA DSNT SW T04170133 $,M
PHX,2025-08-25 01:51,-112.0116,33.4343,337.00,103.00,59.00,23.85,250.00,10.00,0.00,29.73,1004.40,10.00,M,FEW,FEW,SCT,BKN,8000.00,12000.00,15000.00,25000.00,M,M,M,M,M,M,M,103.60,KPHX 250151Z 25010KT 10SM FEW080 FEW120 SCT150 BKN250 39/15 A2973 RMK AO2 SLP044 OCNL LTGCG DSNT NW CB DSNT NW T03940150 $,M
PHX,2025-08-25 02:51,-112.0116,33.4343,337.00,101.00,58.00,24.43,320.00,17.00,0.00,29.76,1005.30,10.00,40.00,FEW,SCT,BKN,M,10000.00,15000.00,25000.00,M,M,M,M,M,40.00,350.00,2025-08-25 02:48,100.84,KPHX 250251Z 32017G40KT 10SM FEW100 SCT150 BKN250 38/14 A2976 RMK AO2 PK WND 35040/0248 SLP053 OCNL LTGIC DSNT NW CB DSNT NW T03830144 53007 $,M
PHX,2025-08-25 03:51,-112.0116,33.4343,337.00,100.00,57.00,24.28,320.00,12.00,0.00,29.79,1006.40,10.00,M,FEW,SCT,BKN,M,12000.00,18000.00,25000.00,M,M,M,M,M,33.00,350.00,2025-08-25 03:26,99.28,KPHX 250351Z 32012KT 10SM FEW120 SCT180 BKN250 38/14 A2979 RMK AO2 PK WND 35033/0326 SLP064 T03780139 $,M
PHX,2025-08-25 04:51,-112.0116,33.4343,337.00,99.00,58.00,25.94,320.00,7.00,0.00,29.79,1006.40,10.00,M,FEW,SCT,BKN,M,14000.00,18000.00,25000.00,M,M,M,M,M,M,M,M,98.58,KPHX 250451Z 32007KT 10SM FEW140 SCT180 BKN250 37/14 A2979 RMK AO2 SLP064 T03720144 $,M
PHX,2025-08-25 05:51,-112.0116,33.4343,337.00,98.00,58.00,26.73,300.00,9.00,0.00,29.78,1006.00,10.00,M,FEW,SCT,SCT,M,14000.00,18000.00,20000.00,M,M,M,M,M,M,M,M,97.46,KPHX 250551Z 30009KT 10SM FEW140 SCT180 SCT200 37/14 A2978 RMK AO2 SLP060 T03670144 10428 20367 50007 $,M
PHX,2025-08-25 06:51,-112.0116,33.4343,337.00,97.00,58.00,27.56,290.00,8.00,0.00,29.79,1006.50,10.00,M,BKN,BKN,OVC,M,15000.00,18000.00,20000.00,M,M,M,M,M,M,M,M,96.35,KPHX 250651Z 29008KT 10SM BKN150 BKN180 OVC200 36/14 A2979 RMK AO2 SLP065 T03610144 404390333 $,M
PHX,2025-08-25 07:51,-112.0116,33.4343,337.00,97.00,57.00,26.58,280.00,9.00,0.00,29.79,1006.40,10.00,M,FEW,BKN,BKN,M,15000.00,18000.00,20000.00,M,M,M,M,M,M,M,M,95.96,KPHX 250751Z 28009KT 10SM FEW150 BKN180 BKN200 36/14 A2979 RMK AO2 SLP064 FRQ LTGIC DSNT S CB DSNT S T03610139 $,M
PHX,2025-08-25 08:20,-112.0116,33.4343,337.00,96.00,58.00,28.41,240.00,9.00,0.00,29.79,M,10.00,M,FEW,BKN,BKN,M,15000.00,18000.00,20000.00,M,TS,M,M,M,M,M,M,95.24,KPHX 250820Z 24009KT 10SM TS FEW150CB BKN180 BKN200 36/14 A2979 RMK AO2 TSB20 FRQ LTGCGCCIC SE TS SE MOV NW T03560144 $,M
PHX,2025-08-25 08:51,-112.0116,33.4343,337.00,93.00,61.00,34.67,220.00,4.00,0.00,29.80,1006.60,10.00,M,FEW,BKN,BKN,M,15000.00,18000.00,20000.00,M,TS,M,M,M,M,M,M,93.23,KPHX 250851Z COR 22004KT 10SM TS FEW150CB BKN180 BKN200 34/16 A2980 RMK AO2 TSB20 SLP066 CONS LTGCGCCIC OHD AND SE AND DSNT E TS OHD AND SE MOV NW CB DSNT E T03390161 51006 $,M
PHX,2025-08-25 09:44,-112.0116,33.4343,337.00,93.00,62.00,35.92,230.00,4.00,T,29.78,M,10.00,M,FEW,BKN,BKN,M,15000.00,18000.00,20000.00,M,M,M,M,M,M,M,M,93.71,KPHX 250944Z 23004KT 10SM FEW150 BKN180 BKN200 34/17 A2978 RMK AO2 RAB0857E06 TSE44 FRQ LTGIC DSNT NE CB DSNT NE P0000 T03390167 $,M
PHX,2025-08-25 09:51,-112.0116,33.4343,337.00,93.00,62.00,35.92,240.00,5.00,T,29.78,1006.00,10.00,M,FEW,BKN,BKN,M,10000.00,16000.00,20000.00,M,M,M,M,M,M,M,M,93.71,KPHX 250951Z 24005KT 10SM FEW100 BKN160 BKN200 34/17 A2978 RMK AO2 RAB0857E06 TSE44 SLP060 FRQ LTGIC DSNT NE CB DSNT NE P0000 T03390167 $,M
PHX,2025-08-25 10:51,-112.0116,33.4343,337.00,94.00,60.00,32.45,300.00,5.00,T,29.79,1006.40,10.00,M,FEW,SCT,BKN,M,12000.00,16000.00,18000.00,M,M,M,M,M,M,M,M,93.88,KPHX 251051Z 30005KT 10SM FEW120 SCT160 BKN180 34/16 A2979 RMK AO2 RAB0954E05 SLP064 FRQ LTGCGICCA DSNT NE AND S CB DSNT NE AND S P0000 T03440156 $,M
PHX,2025-08-25 11:51,-112.0116,33.4343,337.00,93.00,60.00,33.46,260.00,14.00,0.00,29.82,1007.40,10.00,M,FEW,FEW,SCT,BKN,9000.00,14000.00,18000.00,21000.00,M,M,M,M,M,M,M,92.79,KPHX 251151Z 26014KT 10SM FEW090 FEW140 SCT180 BKN210 34/16 A2982 RMK AO2 SLP074 FRQ LTGCGICCA DSNT NE AND S-W CB DSNT NE AND S-W 60000 T03390156 10367 20333 53008 $,M
PHX,2025-08-25 12:51,-112.0116,33.4343,337.00,87.80,68.00,52.08,290.00,19.00,T,29.85,1008.60,7.00,M,BKN,BKN,BKN,M,11000.00,14000.00,21000.00,M,-TSRA,M,M,M,27.00,280.00,2025-08-25 12:28,91.47,KPHX 251251Z 29019KT 7SM -TSRA BKN110CB BKN140 BKN210 31/20 A2985 RMK AO2 PK WND 28027/1228 LTG DSNT N AND NW RAB38 TSB41 SLP086 OCNL LTGIC OHD FRQ LTGCGICCA DSNT SW-NW-N TS OHD MOV NW CB DSNT SW-NW-N P0000 T0306020 $,M
PHX,2025-08-25 13:13,-112.0116,33.4343,337.00,86.00,66.00,51.46,280.00,15.00,0.01,29.87,M,10.00,31.00,FEW,BKN,BKN,BKN,6500.00,11000.00,14000.00,21000.00,M,M,M,M,31.00,280.00,2025-08-25 13:07,88.31,KPHX 251313Z 28015G31KT 10SM FEW065 BKN110 BKN140 BKN210 30/19 A2987 RMK AO2 PK WND 28031/1307 RAE09 TSE13 OCNL LTGCGICCA DSNT SW-NW-N CB DSNT SW-NW-N P0001 T03000189 $,M
PHX,2025-08-25 13:51,-112.0116,33.4343,337.00,87.00,64.00,46.49,280.00,17.00,0.01,29.89,1009.90,10.00,M,FEW,SCT,SCT,BKN,8000.00,11000.00,14000.00,21000.00,M,M,M,M,31.00,280.00,2025-08-25 13:07,88.34,KPHX 251351Z 28017KT 10SM FEW080 SCT110 SCT140 BKN210 BKN270 31/18 A2989 RMK AO2 PK WND 28031/1307 RAE09 TSE13 SLP099 CB DSNT SW-NW-N P0001 T03060178 $,M
PHX,2025-08-25 14:51,-112.0116,33.4343,337.00,88.00,63.00,43.50,290.00,13.00,0.00,29.90,1010.20,10.00,M,FEW,SCT,SCT,BKN,8000.00,11000.00,14000.00,21000.00,M,M,M,M,M,M,M,88.89,KPHX 251451Z 29013KT 10SM FEW080 SCT110 SCT140 BKN210 BKN270 31/17 A2990 RMK AO2 SLP102 CB DSNT SW-NW-N 60001 T03110172 51026 $,M
PHX,2025-08-25 15:51,-112.0116,33.4343,337.00,90.00,63.00,40.85,320.00,8.00,0.00,29.91,1010.50,10.00,M,FEW,SCT,SCT,BKN,8000.00,11000.00,14000.00,21000.00,M,M,M,M,M,M,M,90.97,KPHX 251551Z 32008KT 10SM FEW080 SCT110 SCT140 BKN210 BKN270 32/17 A2991 RMK AO2 SLP105 CB DSNT SW-NW T03220172 $,M
PHX,2025-08-25 16:51,-112.0116,33.4343,337.00,93.00,62.00,35.92,310.00,7.00,0.00,29.91,1010.60,10.00,M,FEW,SCT,BKN,BKN,10000.00,15000.00,23000.00,27000.00,M,M,M,M,M,M,M,93.71,KPHX 251651Z 31007KT 270V340 10SM FEW100 SCT150 BKN230 BKN270 34/17 A2991 RMK AO2 SLP106 T03390167 $,M
PHX,2025-08-25 17:51,-112.0116,33.4343,337.00,96.00,60.00,30.52,330.00,12.00,0.00,29.90,1010.30,10.00,19.00,FEW,BKN,BKN,BKN,10000.00,15000.00,23000.00,27000.00,M,M,M,M,M,M,M,96.09,KPHX 251751Z 33012G19KT 10SM FEW100 BKN150 BKN230 BKN270 36/16 A2990 RMK AO2 SLP103 60001 T03560156 10356 20300 50001 $,M
PHX,2025-08-25 18:51,-112.0116,33.4343,337.00,99.00,60.00,27.86,310.00,14.00,0.00,29.89,1010.00,10.00,M,FEW,BKN,BKN,BKN,10000.00,15000.00,23000.00,27000.00,M,M,M,M,M,M,M,99.50,KPHX 251851Z 31014KT 10SM FEW100 BKN150 BKN230 BKN270 37/16 A2989 RMK AO2 SLP100 T03720156,M
PHX,2025-08-25 19:51,-112.0116,33.4343,337.00,100.00,59.00,26.09,290.00,12.00,0.00,29.87,1009.10,10.00,21.00,FEW,SCT,BKN,BKN,10000.00,15000.00,23000.00,27000.00,M,M,M,M,M,M,M,100.17,KPHX 251951Z 29012G21KT 10SM FEW100 SCT150 BKN230 BKN270 38/15 A2987 RMK AO2 SLP091 T03780150,M
PHX,2025-08-25 20:51,-112.0116,33.4343,337.00,102.00,58.00,23.71,300.00,10.00,0.00,29.83,1007.80,10.00,22.00,FEW,SCT,SCT,BKN,10000.00,14000.00,23000.00,27000.00,M,M,M,M,M,M,M,101.97,KPHX 252051Z 30010G22KT 270V340 10SM FEW100 SCT140 SCT230 BKN270 39/14 A2983 RMK AO2 SLP078 TCU DSNT NE-E T03890144 58025,M
PHX,2025-08-25 21:28,-112.0116,33.4343,337.00,102.00,59.00,24.57,330.00,15.00,0.00,29.79,M,10.00,19.00,FEW,SCT,SCT,BKN,10000.00,14000.00,23000.00,27000.00,M,M,M,M,32.00,330.00,2025-08-25 20:53,102.46,KPHX 252128Z 33015G19KT 10SM FEW100 SCT140 SCT230 BKN270 39/15 A2979 RMK AO2 PK WND 33032/2053 WSHFT 2108 CB DSNT NE T03890150,M
PHX,2025-08-25 21:51,-112.0116,33.4343,337.00,102.00,60.00,25.47,320.00,14.00,0.00,29.78,1006.10,10.00,34.00,FEW,FEW,SCT,M,10000.00,17000.00,25000.00,M,M,M,M,M,34.00,350.00,2025-08-25 21:45,102.97,KPHX 252151Z 32014G34KT 10SM FEW100 FEW170 SCT250 39/16 A2978 RMK AO2 PK WND 35034/2145 WSHFT 2108 SLP061 T03890156,M
PHX,2025-08-25 22:51,-112.0116,33.4343,337.00,103.00,58.00,23.01,340.00,12.00,0.00,29.77,1005.70,10.00,16.00,FEW,FEW,BKN,M,10000.00,17000.00,25000.00,M,M,M,M,M,26.00,330.00,2025-08-25 21:53,103.11,KPHX 252251Z 34012G16KT 10SM FEW100 FEW170 BKN250 39/14 A2977 RMK AO2 PK WND 33026/2153 SLP057 T03940144,M
PHX,2025-08-25 23:51,-112.0116,33.4343,337.00,101.00,58.00,24.43,340.00,9.00,0.00,29.77,1006.00,10.00,14.00,FEW,BKN,BKN,M,9000.00,14000.00,17000.00,M,M,M,M,M,M,M,M,100.84,KPHX 252351Z 34009G14KT 10SM FEW090 BKN140 BKN170 38/14 A2977 RMK AO2 SLP060 CB DSNT NE T03830144 10394 20350 55017,M
PHX,2025-08-26 00:02,-112.0116,33.4343,337.00,101.00,58.00,24.43,320.00,11.00,0.00,29.77,M,10.00,20.00,FEW,FEW,BKN,BKN,0.00,9000.00,14000.00,17000.00,M,M,M,M,M,M,M,100.84,KPHX 260002Z COR 32011G20KT 10SM FEW000 FEW090 BKN140 BKN170 38/14 A2977 RMK AO2 OCNL LTGCG DSNT SE BLDU FEWOOO CB DSNT SE T03830144,M
PHX,2025-08-26 00:33,-112.0116,33.4343,337.00,97.00,62.00,31.77,170.00,28.00,T,29.85,M,2.00,42.00,SCT,BKN,BKN,OVC,0.00,9000.00,14000.00,17000.00,-TSRA,M,M,M,42.00,150.00,2025-08-26 00:32,98.24,KPHX 260033Z 17028G42KT 150V210 2SM -TSRA SCT000 BKN090CB BKN140 OVC170 36/17 A2985 RMK AO2 PK WND 15042/0032 WSHFT 0019 RAB32 TSB33 PRESRR VIS 1/2V3 OCNL LTGCG SE TS SE MOV NW BLDU SCTOOO W P0000 T03610167,M
PHX,2025-08-26 00:35,-112.0116,33.4343,337.00,91.00,66.00,43.96,160.00,31.00,T,29.83,M,0.00,59.00,VV ,M,M,M,0.00,M,M,M,-TSRA +DS,M,M,M,59.00,180.00,2025-08-26 00:35,93.75,KPHX 260035Z 16031G59KT 0SM R07L/P6000FT -TSRA +DS VV000 33/19 A2983 RMK AO2 PK WND 18059/0035 WSHFT 0021 RAB32 TSB33 PRESRR OCNL LTGCG SE TS SE MOV NW P0000 T03280189,M
PHX,2025-08-26 00:47,-112.0116,33.4343,337.00,78.80,73.40,83.59,170.00,37.00,T,29.84,M,0.00,61.00,VV ,M,M,M,0.00,M,M,M,-TSRA +DS,M,M,M,61.00,180.00,2025-08-26 00:45,78.80,KPHX 260047Z 17037G61KT 0SM R07L/2800VP6000FT -TSRA +DS VV000 26/23 A2984 RMK AO2 PK WND 18061/0045 WSHFT 0027 RAB32 TSB33 OCNL LTGCG SE TS SE MOV NW P0000,M
PHX,2025-08-26 00:51,-112.0116,33.4343,337.00,77.00,73.00,87.51,170.00,31.00,T,29.87,1009.80,0.00,61.00,VV ,M,M,M,0.00,M,M,M,-TSRA FG +DS,M,M,M,61.00,180.00,2025-08-26 00:45,77.00,KPHX 260051Z 17031G61KT 0SM R07L/5500VP6000FT -TSRA FG +DS VV000 25/23 A2987 RMK AO2 PK WND 18061/0045 WSHFT 0027 RAB32 TSB33 SLP098 OCNL LTGCG SE TS SE MOV NW P0000 T02500228,M
PHX,2025-08-26 00:53,-112.0116,33.4343,337.00,76.00,73.00,90.46,170.00,32.00,0.02,29.89,M,0.75,61.00,BKN,BKN,OVC,M,3000.00,6500.00,9500.00,M,-TSRA BR +DS,M,M,M,53.00,190.00,2025-08-26 00:53,76.00,KPHX 260053Z 17032G61KT 3/4SM R07L/4000VP6000FT -TSRA BR +DS BKN030 BKN065 OVC095 24/23 A2989 RMK AO2 PK WND 19053/0053 LTG DSNT E-S PRESRR P0002 T02440228,M
PHX,2025-08-26 01:10,-112.0116,33.4343,337.00,77.00,72.00,84.61,190.00,25.00,0.17,29.90,M,2.00,39.00,BKN,OVC,M,M,3800.00,10000.00,M,M,+TSRA +DS,M,M,M,53.00,190.00,2025-08-26 00:53,77.00,KPHX 260110Z 19025G39KT 2SM +TSRA +DS BKN038 OVC100 25/22 A2990 RMK AO2 PK WND 19053/0053 LTG DSNT ALQDS P0017 T02500222,M
PHX,2025-08-26 01:18,-112.0116,33.4343,337.00,78.00,72.00,81.86,210.00,22.00,0.17,29.89,M,8.00,39.00,SCT,OVC,M,M,4400.00,11000.00,M,M,-TSRA,M,M,M,53.00,190.00,2025-08-26 00:53,78.00,KPHX 260118Z 21022G39KT 8SM -TSRA SCT044 OVC110 26/22 A2989 RMK AO2 PK WND 19053/0053 LTG DSNT N AND NW P0017 T02560222,M
PHX,2025-08-26 01:21,-112.0116,33.4343,337.00,78.00,72.00,81.86,210.00,22.00,0.17,29.89,M,6.00,39.00,SCT,BKN,OVC,M,4400.00,7500.00,11000.00,M,TSRA,M,M,M,53.00,190.00,2025-08-26 00:53,78.00,KPHX 260121Z 21022G39KT 6SM TSRA SCT044 BKN075CB OVC110 26/22 A2989 RMK AO2 PK WND 19053/0053 CONS LTGCGICCC OHD N-NW TS NW MOV NW FIRST P0017 T02560222,M
PHX,2025-08-26 01:51,-112.0116,33.4343,337.00,78.00,71.00,79.14,210.00,13.00,0.19,29.91,1010.90,10.00,25.00,FEW,BKN,OVC,M,5500.00,7500.00,11000.00,M,-TSRA,M,M,M,53.00,190.00,2025-08-26 00:53,78.00,KPHX 260151Z 21013G25KT 10SM -TSRA FEW055 BKN075CB OVC110 26/22 A2991 RMK AO2 PK WND 19053/0053 TSE41B42 SLP109 CONS LTGCGICCC SW-NW TS SW AND NW MOV NW P0019 T02560217,M
PHX,2025-08-26 01:59,-112.0116,33.4343,337.00,79.00,69.00,71.54,200.00,13.00,T,29.92,M,10.00,M,FEW,BKN,OVC,M,5500.00,7500.00,11000.00,M,VCTS -RA,M,M,M,M,M,M,79.00,KPHX 260159Z 20013KT 10SM VCTS -RA FEW055 BKN075 OVC110 26/21 A2992 RMK AO2 TSE59 CONS LTGCGICCC DSNT SW-NW CB DSNT NW P0000 T02610206,M
PHX,2025-08-26 02:13,-112.0116,33.4343,337.00,78.00,70.00,76.49,260.00,12.00,0.02,29.91,M,10.00,M,FEW,SCT,BKN,OVC,5500.00,7500.00,11000.00,14000.00,RA,M,M,M,M,M,M,78.00,KPHX 260213Z 26012KT 10SM RA FEW055 SCT075 BKN110 OVC140 26/21 A2991 RMK AO2 TSE0159 P0002 T02560211,M
PHX,2025-08-26 02:48,-112.0116,33.4343,337.00,78.80,68.00,69.58,280.00,11.00,0.08,29.90,M,9.00,M,SCT,BKN,OVC,M,8000.00,11000.00,13000.00,M,RA,M,M,M,M,M,M,78.80,KPHX 260248Z 28011KT 9SM RA SCT080 BKN110 OVC130 26/20 A2990 RMK AO2 WSHFT 0228 TSE0159 OCNL LTGCGIC DSNT W CB DSNT W P0008,M
PHX,2025-08-26 02:51,-112.0116,33.4343,337.00,78.00,69.00,73.93,300.00,12.00,0.08,29.90,1010.50,8.00,M,SCT,BKN,OVC,M,8000.00,11000.00,13000.00,M,RA,M,M,M,M,M,M,78.00,KPHX 260251Z 30012KT 8SM RA SCT080 BKN110 OVC130 26/21 A2990 RMK AO2 WSHFT 0228 TSE0159 SLP105 OCNL LTGCGIC DSNT W CB DSNT W P0008 60027 T02560206 51008,M
PHX,2025-08-26 03:08,-112.0116,33.4343,337.00,78.00,67.00,69.01,340.00,9.00,0.01,29.89,M,10.00,17.00,SCT,BKN,OVC,M,8000.00,11000.00,13000.00,M,-RA,M,M,M,M,M,M,78.00,KPHX 260308Z 34009G17KT 10SM -RA SCT080 BKN110 OVC130 26/19 A2989 RMK AO2 WSHFT 0248 P0001 T02560194,M
PHX,2025-08-26 03:51,-112.0116,33.4343,337.00,79.00,69.00,71.54,20.00,9.00,0.01,29.90,1010.60,10.00,17.00,SCT,BKN,OVC,M,8000.00,11000.00,14000.00,M,M,M,M,M,M,M,M,79.00,KPHX 260351Z 02009G17KT 10SM SCT080 BKN110 OVC140 26/21 A2990 RMK AO2 WSHFT 0248 RAE12 SLP106 P0001 T02610206,M
PHX,2025-08-26 04:51,-112.0116,33.4343,337.00,80.00,70.00,71.64,220.00,7.00,0.00,29.96,1012.60,10.00,M,FEW,SCT,BKN,BKN,8000.00,11000.00,14000.00,19000.00,M,M,M,M,M,M,M,83.15,KPHX 260451Z 22007KT 10SM FEW080 SCT110 BKN140 BKN190 27/21 A2996 RMK AO2 PRESRR SLP126 T02670211,M
PHX,2025-08-26 05:51,-112.0116,33.4343,337.00,80.00,68.00,66.90,210.00,3.00,0.00,29.97,1012.80,10.00,M,FEW,FEW,BKN,BKN,8000.00,11000.00,16000.00,24000.00,M,M,M,M,M,M,M,82.58,KPHX 260551Z 21003KT 10SM FEW080 FEW110 BKN160 BKN240 27/20 A2997 RMK AO2 SLP128 60028 T02670200 10383 20244 53023,M
PHX,2025-08-26 06:51,-112.0116,33.4343,337.00,81.00,68.00,64.76,310.00,4.00,0.00,29.96,1012.40,10.00,M,FEW,BKN,BKN,M,11000.00,16000.00,24000.00,M,M,M,M,M,M,M,M,83.77,KPHX 260651Z 31004KT 10SM FEW110 BKN160 BKN240 27/20 A2996 RMK AO2 SLP124 T02720200 403940244,M
PHX,2025-08-26 07:51,-112.0116,33.4343,337.00,80.00,69.00,69.23,150.00,4.00,0.00,29.95,1012.10,10.00,M,FEW,BKN,BKN,M,11000.00,16000.00,24000.00,M,M,M,M,M,M,M,M,82.86,KPHX 260751Z 15004KT 10SM FEW110 BKN160 BKN240 27/21 A2995 RMK AO2 SLP121 T02670206,M
PHX,2025-08-26 08:51,-112.0116,33.4343,337.00,80.00,69.00,69.23,0.00,0.00,0.00,29.94,1011.80,10.00,M,SCT,M,M,M,15000.00,M,M,M,M,M,M,M,M,M,M,82.86,KPHX 260851Z 00000KT 10SM SCT150 27/21 A2994 RMK AO2 SLP118 T02670206 56009,M
PHX,2025-08-26 09:51,-112.0116,33.4343,337.00,80.00,71.00,74.12,110.00,3.00,0.00,29.94,1011.80,10.00,M,FEW,BKN,M,M,15000.00,18000.00,M,M,M,M,M,M,M,M,M,83.46,KPHX 260951Z 11003KT 10SM FEW150 BKN180 27/22 A2994 RMK AO2 SLP118 T02670217,M
PHX,2025-08-26 10:51,-112.0116,33.4343,337.00,79.00,70.00,74.02,130.00,5.00,0.00,29.94,1011.80,10.00,M,FEW,FEW,M,M,15000.00,18000.00,M,M,M,M,M,M,M,M,M,79.00,KPHX 261051Z 13005KT 10SM FEW150 FEW180 26/21 A2994 RMK AO2 SLP118 T02610211,M
PHX,2025-08-26 11:51,-112.0116,33.4343,337.00,79.00,70.00,74.02,160.00,4.00,0.00,29.94,1012.00,10.00,M,FEW,M,M,M,14000.00,M,M,M,M,M,M,M,M,M,M,79.00,KPHX 261151Z 16004KT 10SM FEW140 26/21 A2994 RMK AO2 SLP120 70029 T02610211 10272 20261 53001,M
PHX,2025-08-26 12:51,-112.0116,33.4343,337.00,79.00,71.00,76.58,130.00,4.00,0.00,29.97,1013.30,10.00,M,FEW,SCT,BKN,M,9000.00,14000.00,18000.00,M,M,M,M,M,M,M,M,79.00,KPHX 261251Z 13004KT 10SM FEW090 SCT140 BKN180 26/22 A2997 RMK AO2 SLP133 T02610217,M
PHX,2025-08-26 13:51,-112.0116,33.4343,337.00,80.00,70.00,71.64,140.00,5.00,0.00,29.98,1013.60,10.00,M,FEW,SCT,BKN,M,9000.00,14000.00,18000.00,M,M,M,M,M,M,M,M,83.15,KPHX 261351Z 14005KT 10SM FEW090 SCT140 BKN180 27/21 A2998 RMK AO2 SLP136 T02670211,M
PHX,2025-08-26 14:51,-112.0116,33.4343,337.00,81.00,71.00,71.74,140.00,3.00,0.00,29.99,1014.00,10.00,M,FEW,BKN,BKN,M,15000.00,19000.00,25000.00,M,M,M,M,M,M,M,M,84.92,KPHX 261451Z 14003KT 10SM FEW150 BKN190 BKN250 27/22 A2999 RMK AO2 SLP140 T02720217 51016,M
PHX,2025-08-26 15:51,-112.0116,33.4343,337.00,82.00,70.00,67.13,0.00,0.00,0.00,30.00,1014.30,10.00,M,FEW,BKN,BKN,M,15000.00,19000.00,25000.00,M,M,M,M,M,M,M,M,85.82,KPHX 261551Z 00000KT 10SM FEW150 BKN190 BKN250 28/21 A3000 RMK AO2 SLP143 T02780211,M
PHX,2025-08-26 16:51,-112.0116,33.4343,337.00,87.00,69.00,55.27,0.00,0.00,0.00,30.00,1014.20,10.00,M,FEW,FEW,SCT,SCT,9000.00,15000.00,19000.00,25000.00,M,M,M,M,M,M,M,91.23,KPHX 261651Z 00000KT 10SM FEW090 FEW150 SCT190 SCT250 31/21 A3000 RMK AO2 SLP142 T03060206,M
PHX,2025-08-26 17:51,-112.0116,33.4343,337.00,88.00,67.00,50.00,0.00,0.00,0.00,30.00,1014.00,10.00,M,FEW,FEW,SCT,SCT,9000.00,15000.00,19000.00,25000.00,M,M,M,M,M,M,M,91.04,KPHX 261751Z 00000KT 10SM FEW090 FEW150 SCT190 SCT250 31/19 A3000 RMK AO2 SLP140 CB DSNT N T03110194 10317 20261 50002,M
PHX,2025-08-26 18:51,-112.0116,33.4343,337.00,89.00,65.00,45.20,M,4.00,0.00,29.99,1013.60,10.00,M,FEW,FEW,SCT,SCT,9000.00,15000.00,19000.00,25000.00,M,M,M,M,M,M,M,90.95,KPHX 261851Z VRB04KT 10SM FEW090 FEW150 SCT190 SCT250 32/18 A2999 RMK AO2 SLP136 CB DSNT N SE AND NW TCU DSNT N-NE S-SW AND W-NW T03170183,M
PHX,2025-08-26 19:51,-112.0116,33.4343,337.00,93.00,67.00,42.77,230.00,7.00,0.00,29.97,1012.90,10.00,M,FEW,FEW,FEW,SCT,5000.00,9000.00,15000.00,19000.00,M,M,M,M,M,M,M,96.73,KPHX 261951Z 23007KT 10SM FEW050 FEW090 FEW150 SCT190 SCT250 34/19 A2997 RMK AO2 LTG DSNT NE SLP129 CB DSNT N SE AND NW TCU DSNT N-NE S-SW AND W-NW T03390194,M
PHX,2025-08-26 20:51,-112.0116,33.4343,337.00,94.00,66.00,40.06,260.00,3.00,0.00,29.95,1012.20,10.00,M,SCT,SCT,SCT,M,5500.00,19000.00,25000.00,M,M,M,M,M,M,M,M,97.20,KPHX 262051Z 26003KT 10SM SCT055 SCT190 SCT250 34/19 A2995 RMK AO2 SLP122 CB DSNT SW TCU DSNT NE SE AND W-N T03440189 58017,M
PHX,2025-08-26 21:51,-112.0116,33.4343,337.00,95.00,65.00,37.52,140.00,5.00,0.00,29.92,1011.00,10.00,M,SCT,SCT,SCT,M,5500.00,19000.00,25000.00,M,M,M,M,M,M,M,M,97.70,KPHX 262151Z 14005KT 10SM SCT055 SCT190 SCT250 35/18 A2992 RMK AO2 SLP110 CB DSNT SE AND S T03500183,M
PHX,2025-08-26 22:51,-112.0116,33.4343,337.00,96.00,64.00,35.14,330.00,6.00,0.00,29.90,1010.30,10.00,M,SCT,SCT,SCT,M,5500.00,19000.00,25000.00,M,M,M,M,M,M,M,M,98.23,KPHX 262251Z 33006KT 10SM SCT055 SCT190 SCT250 36/18 A2990 RMK AO2 SLP103 T03560178,M
PHX,2025-08-26 23:51,-112.0116,33.4343,337.00,96.00,61.00,31.62,310.00,9.00,0.00,29.88,1009.80,10.00,20.00,FEW,FEW,SCT,M,6000.00,9000.00,25000.00,M,M,M,M,M,M,M,M,96.57,KPHX 262351Z 31009G20KT 10SM FEW060 FEW090 SCT250 36/16 A2988 RMK AO2 SLP098 T03560161 10361 20306 56022,M
PHX,2025-08-27 00:51,-112.0116,33.4343,337.00,96.00,59.00,29.45,340.00,4.00,0.00,29.87,1009.40,10.00,M,FEW,FEW,FEW,SCT,6000.00,9000.00,16000.00,21000.00,M,M,M,M,M,M,M,95.65,KPHX 270051Z 34004KT 10SM FEW060 FEW090 FEW160 SCT210 36/15 A2987 RMK AO2 SLP094 T03560150,M
PHX,2025-08-27 01:51,-112.0116,33.4343,337.00,95.00,60.00,31.46,230.00,4.00,0.00,29.88,1009.70,10.00,M,FEW,FEW,FEW,SCT,6000.00,9000.00,16000.00,21000.00,M,M,M,M,M,M,M,94.98,KPHX 270151Z 23004KT 10SM FEW060 FEW090 FEW160 SCT210 35/16 A2988 RMK AO2 SLP097 CB DSNT S T03500156,M
PHX,2025-08-27 02:51,-112.0116,33.4343,337.00,94.00,62.00,34.83,230.00,5.00,0.00,29.90,1010.40,10.00,M,FEW,FEW,SCT,M,6000.00,9000.00,21000.00,M,M,M,M,M,M,M,M,94.82,KPHX 270251Z 23005KT 10SM FEW060 FEW090 SCT210 34/17 A2990 RMK AO2 SLP104 FRQ LTGIC DSNT S CB DSNT S T03440167 53006,M
PHX,2025-08-27 03:51,-112.0116,33.4343,337.00,92.00,66.00,42.61,190.00,8.00,0.00,29.93,1011.50,10.00,M,FEW,SCT,SCT,M,6000.00,9000.00,21000.00,M,M,M,M,M,M,M,M,94.89,KPHX 270351Z 19008KT 10SM FEW060 SCT090 SCT210 33/19 A2993 RMK AO2 SLP115 FRQ LTGCGCCIC DSNT SW-W CB DSNT W T03330189,M
PHX,2025-08-27 04:30,-112.0116,33.4343,337.00,92.00,66.00,42.61,210.00,13.00,0.00,29.94,M,10.00,M,SCT,SCT,BKN,M,6000.00,9000.00,21000.00,M,TS,M,M,M,M,M,M,94.89,KPHX 270430Z 21013KT 10SM TS SCT060CB SCT090 BKN210 33/19 A2994 RMK AO2 TSB30 CONS LTGCGCCIC SW-NW-N TS W AND NW MOV NE T03330189,M
PHX,2025-08-27 04:51,-112.0116,33.4343,337.00,84.00,65.00,52.98,280.00,23.00,0.00,29.97,1013.10,8.00,35.00,BKN,BKN,M,M,8000.00,21000.00,M,M,TS,M,M,M,38.00,270.00,2025-08-27 04:39,85.79,KPHX 270451Z 28023G35KT 8SM TS BKN080CB BKN210 29/18 A2997 RMK AO2 PK WND 27038/0439 WSHFT 0425 TSB30 SLP131 CONS LTGCGCCIC SW-NW-N TS W MOV NE CB DSNT NW T02890183,M
PHX,2025-08-27 05:51,-112.0116,33.4343,337.00,78.00,66.20,67.13,20.00,14.00,T,29.97,1013.20,10.00,M,BKN,BKN,BKN,BKN,7000.00,9000.00,12000.00,17000.00,-TSRA,M,M,M,35.00,280.00,2025-08-27 04:52,78.00,KPHX 270551Z 02014KT 10SM -TSRA BKN070CB BKN090 BKN120 BKN170 26/19 A2997 RMK AO2 PK WND 28035/0452 WSHFT 0537 RAB33 SLP132 CONS LTGICCCCA OHD AND NW-N AND NE DSNT N TS OHD AND NW-N AND NE MOV NE CB DSNT N P0000 60000 T0256,M
PHX,2025-08-27 05:58,-112.0116,33.4343,337.00,79.00,68.00,69.12,20.00,9.00,T,29.97,M,10.00,M,BKN,BKN,BKN,BKN,7000.00,9000.00,12000.00,17000.00,-TSRA,M,M,M,M,M,M,79.00,KPHX 270558Z 02009KT 10SM -TSRA BKN070CB BKN090 BKN120 BKN170 26/20 A2997 RMK AO2 WSHFT 0538 CONS LTGICCCCA OHD AND NW-N AND NE AND DSNT N TS OHD AND NW-N AND NE MOV NE CB DSNT N P0000 T02610200,M
PHX,2025-08-27 06:46,-112.0116,33.4343,337.00,82.40,66.20,58.16,210.00,3.00,T,29.98,M,10.00,M,SCT,BKN,BKN,M,8000.00,12000.00,17000.00,M,M,M,M,M,M,M,M,84.65,KPHX 270646Z 21003KT 10SM SCT080 BKN120 BKN170 28/19 A2998 RMK AO2 WSHFT 0538 RAE14 TSE46 CONS LTGIC DSNT NW-N CB DSNT NW-N P0000,M
PHX,2025-08-27 06:51,-112.0116,33.4343,337.00,83.00,66.00,56.65,0.00,0.00,T,29.98,1013.20,10.00,M,SCT,BKN,BKN,M,8000.00,12000.00,17000.00,M,M,M,M,M,M,M,M,85.19,KPHX 270651Z 00000KT 10SM SCT080 BKN120 BKN170 28/19 A2998 RMK AO2 WSHFT 0538 RAE14 TSE46 SLP132 CONS LTGIC DSNT NW-N CB DSNT NW-N P0000 T02830189 403610256,M
PHX,2025-08-27 07:51,-112.0116,33.4343,337.00,83.00,67.00,58.64,0.00,0.00,0.00,29.98,1013.00,10.00,M,FEW,SCT,SCT,M,8000.00,12000.00,17000.00,M,M,M,M,M,M,M,M,85.62,KPHX 270751Z 00000KT 10SM FEW080 SCT120 SCT170 28/19 A2998 RMK AO2 SLP130 T02830194,M
PHX,2025-08-27 08:51,-112.0116,33.4343,337.00,83.00,65.00,54.71,0.00,0.00,0.00,29.98,1013.20,10.00,M,FEW,FEW,BKN,M,8500.00,10000.00,12000.00,M,M,M,M,M,M,M,M,84.79,KPHX 270851Z 00000KT 10SM FEW085 FEW100 BKN120 28/18 A2998 RMK AO2 SLP132 60000 T02830183 53003,M
PHX,2025-08-27 09:51,-112.0116,33.4343,337.00,83.00,66.00,56.65,210.00,5.00,0.00,29.98,1013.30,10.00,M,FEW,FEW,FEW,FEW,8000.00,10000.00,14000.00,18000.00,M,M,M,M,M,M,M,85.19,KPHX 270951Z 21005KT 10SM FEW080 FEW100 FEW140 FEW180 28/19 A2998 RMK AO2 SLP133 T02830189,M
PHX,2025-08-27 10:51,-112.0116,33.4343,337.00,83.00,64.00,52.84,180.00,4.00,0.00,29.98,1013.20,10.00,M,FEW,FEW,M,M,8000.00,14000.00,M,M,M,M,M,M,M,M,M,84.43,KPHX 271051Z 18004KT 10SM FEW080 FEW140 28/18 A2998 RMK AO2 SLP132 T02830178,M
PHX,2025-08-27 11:51,-112.0116,33.4343,337.00,79.00,69.00,71.54,240.00,5.00,0.00,29.98,1013.30,10.00,M,FEW,FEW,M,M,8000.00,14000.00,M,M,M,M,M,M,M,M,M,79.00,KPHX 271151Z 24005KT 10SM FEW080 FEW140 26/21 A2998 RMK AO2 SLP133 60000 T02610206 10283 20256 53001,M
PHX,2025-08-27 12:51,-112.0116,33.4343,337.00,80.00,68.00,66.90,0.00,0.00,0.00,30.00,1013.70,10.00,M,FEW,FEW,FEW,M,5500.00,9000.00,15000.00,M,M,M,M,M,M,M,M,82.58,KPHX 271251Z 00000KT 10SM FEW055 FEW090 FEW150 27/20 A3000 RMK AO2 SLP137 T02670200,M
PHX,2025-08-27 13:51,-112.0116,33.4343,337.00,83.00,66.00,56.65,140.00,5.00,0.00,30.01,1014.30,10.00,M,FEW,FEW,FEW,M,6000.00,9000.00,23000.00,M,M,M,M,M,M,M,M,85.19,KPHX 271351Z 14005KT 10SM FEW060 FEW090 FEW230 28/19 A3001 RMK AO2 SLP143 T02830189,M
PHX,2025-08-27 14:51,-112.0116,33.4343,337.00,86.00,65.00,49.70,160.00,5.00,0.00,30.02,1014.60,10.00,M,FEW,FEW,FEW,M,6000.00,9000.00,23000.00,M,M,M,M,M,M,M,M,87.80,KPHX 271451Z 16005KT 10SM FEW060 FEW090 FEW230 30/18 A3002 RMK AO2 SLP146 T03000183 51013,M
PHX,2025-08-27 15:51,-112.0116,33.4343,337.00,88.00,65.00,46.65,150.00,3.00,0.00,30.04,1015.10,10.00,M,FEW,FEW,SCT,M,6000.00,9000.00,23000.00,M,M,M,M,M,M,M,M,89.88,KPHX 271551Z 15003KT 10SM FEW060 FEW090 SCT230 31/18 A3004 RMK AO2 SLP151 T03110183,M
PHX,2025-08-27 16:51,-112.0116,33.4343,337.00,89.00,63.00,42.15,0.00,0.00,0.00,30.03,1015.10,10.00,M,FEW,SCT,BKN,M,9000.00,23000.00,27000.00,M,M,M,M,M,M,M,M,89.92,KPHX 271651Z 00000KT 10SM FEW090 SCT230 BKN270 32/17 A3003 RMK AO2 SLP151 T03170172,M
PHX,2025-08-27 17:51,-112.0116,33.4343,337.00,90.00,64.00,42.30,340.00,4.00,0.00,30.02,1014.70,10.00,M,FEW,FEW,FEW,SCT,6000.00,10000.00,23000.00,27000.00,M,M,M,M,M,M,M,91.48,KPHX 271751Z 34004KT 10SM FEW060 FEW100 FEW230 SCT270 32/18 A3002 RMK AO2 SLP147 T03220178 10333 20261 58001,M
PHX,2025-08-27 18:51,-112.0116,33.4343,337.00,95.00,65.00,37.52,260.00,5.00,0.00,30.00,1014.00,10.00,M,FEW,FEW,FEW,SCT,6000.00,10000.00,23000.00,27000.00,M,M,M,M,M,M,M,97.70,KPHX 271851Z 26005KT 10SM FEW060 FEW100 FEW230 SCT270 35/18 A3000 RMK AO2 SLP140 T03500183,M
PHX,2025-08-27 19:51,-112.0116,33.4343,337.00,95.00,64.00,36.23,290.00,8.00,0.00,29.98,1013.10,10.00,M,FEW,FEW,SCT,SCT,6000.00,10000.00,27000.00,27000.00,M,M,M,M,M,M,M,97.07,KPHX 271951Z COR 29008KT 10SM FEW060 FEW100 FEWS230 SCT270 35/18 A2998 RMK AO2 SLP131 TCU DSNT N T03500178,M
PHX,2025-08-27 20:51,-112.0116,33.4343,337.00,97.00,61.00,30.67,300.00,5.00,0.00,29.95,1012.20,10.00,16.00,FEW,FEW,FEW,SCT,6000.00,10000.00,23000.00,27000.00,M,M,M,M,M,M,M,97.71,KPHX 272051Z 30005G16KT 10SM FEW060 FEW100 FEW230 SCT270 36/16 A2995 RMK AO2 SLP122 CB DSNT W TCU DSNT E-SE AND NW-N T03610161 58022,M
PHX,2025-08-27 21:51,-112.0116,33.4343,337.00,100.00,60.00,27.04,240.00,9.00,0.00,29.93,1011.40,10.00,M,FEW,FEW,FEW,SCT,6000.00,8000.00,14000.00,21000.00,M,M,M,M,M,M,M,100.65,KPHX 272151Z 24009KT 10SM FEW060 FEW080 FEW140 SCT210 38/16 A2993 RMK AO2 SLP114 CB DSNT N T03780156,M
PHX,2025-08-27 22:51,-112.0116,33.4343,337.00,100.00,59.00,26.09,210.00,6.00,0.00,29.90,1010.50,10.00,M,FEW,FEW,SCT,SCT,6000.00,8000.00,14000.00,21000.00,M,M,M,M,M,M,M,100.17,KPHX 272251Z 21006KT 10SM FEW060 FEW080 SCT140 SCT210 38/15 A2990 RMK AO2 SLP105 CB DSNT N T03780150,M
PHX,2025-08-27 23:51,-112.0116,33.4343,337.00,100.00,55.00,22.58,210.00,7.00,0.00,29.89,1010.10,10.00,M,FEW,SCT,SCT,SCT,6000.00,9000.00,14000.00,21000.00,M,M,M,M,M,M,M,98.52,KPHX 272351Z 21007KT 10SM FEW060 SCT090 SCT140 SCT210 38/13 A2989 RMK AO2 SLP101 CB DSNT S T03780128 10389 20322 56021,M
PHX,2025-08-28 00:51,-112.0116,33.4343,337.00,99.00,50.00,19.36,290.00,3.00,0.00,29.89,1010.10,10.00,M,FEW,SCT,SCT,BKN,6000.00,9000.00,14000.00,21000.00,M,M,M,M,M,M,M,96.00,KPHX 280051Z 29003KT 10SM FEW060 SCT090 SCT140 BKN210 37/10 A2989 RMK AO2 SLP101 VIRGA T03720100,M
PHX,2025-08-28 01:51,-112.0116,33.4343,337.00,98.00,54.00,23.13,270.00,3.00,0.00,29.89,1010.10,10.00,M,FEW,SCT,SCT,BKN,6000.00,9000.00,14000.00,21000.00,M,M,M,M,M,M,M,96.02,KPHX 280151Z 27003KT 10SM FEW060 SCT090 SCT140 BKN210 37/12 A2989 RMK AO2 SLP101 SHRA DSNT SW T03670122,M
PHX,2025-08-28 02:51,-112.0116,33.4343,337.00,96.00,59.00,29.45,240.00,7.00,0.00,29.90,1010.50,10.00,M,SCT,BKN,BKN,M,9000.00,14000.00,21000.00,M,M,M,M,M,M,M,M,95.65,KPHX 280251Z 24007KT 10SM SCT090 BKN140 BKN210 36/15 A2990 RMK AO2 SLP105 T03560150 53005,M
PHX,2025-08-28 03:51,-112.0116,33.4343,337.00,94.00,61.00,33.62,260.00,4.00,0.00,29.91,1010.80,10.00,M,FEW,BKN,BKN,M,9000.00,16000.00,22000.00,M,M,M,M,M,M,M,M,94.33,KPHX 280351Z 26004KT 10SM FEW090 BKN160 BKN220 34/16 A2991 RMK AO2 SLP108 T03440161,M
PHX,2025-08-28 04:51,-112.0116,33.4343,337.00,95.00,60.00,31.46,300.00,8.00,0.00,29.91,1010.80,10.00,M,SCT,BKN,M,M,16000.00,22000.00,M,M,M,M,M,M,M,M,M,94.98,KPHX 280451Z 30008KT 10SM SCT160 BKN220 35/16 A2991 RMK AO2 SLP108 T03500156,M
PHX,2025-08-28 05:51,-112.0116,33.4343,337.00,93.00,61.00,34.67,240.00,3.00,0.00,29.92,1011.00,10.00,M,BKN,BKN,M,M,17000.00,25000.00,M,M,M,M,M,M,M,M,M,93.23,KPHX 280551Z 24003KT 10SM BKN170 BKN250 34/16 A2992 RMK AO2 SLP110 T03390161 10378 20339 51005,M
PHX,2025-08-28 06:51,-112.0116,33.4343,337.00,93.00,60.00,33.46,290.00,4.00,0.00,29.91,1010.80,10.00,M,BKN,BKN,M,M,15000.00,25000.00,M,M,M,M,M,M,M,M,M,92.79,KPHX 280651Z 29004KT 10SM BKN150 BKN250 34/16 A2991 RMK AO2 SLP108 T03390156 403890261,M
PHX,2025-08-28 07:51,-112.0116,33.4343,337.00,93.00,60.00,33.46,310.00,3.00,0.00,29.91,1010.70,10.00,M,BKN,BKN,M,M,23000.00,25000.00,M,M,M,M,M,M,M,M,M,92.79,KPHX 280751Z 31003KT 10SM BKN230 BKN250 34/16 A2991 RMK AO2 SLP107 T03390156,M
PHX,2025-08-28 08:51,-112.0116,33.4343,337.00,91.00,63.00,39.59,0.00,0.00,0.00,29.91,1010.80,10.00,M,FEW,SCT,SCT,M,14000.00,23000.00,25000.00,M,M,M,M,M,M,M,M,92.03,KPHX 280851Z 00000KT 10SM FEW140 SCT230 SCT250 33/17 A2991 RMK AO2 SLP108 T03280172 55002,M
PHX,2025-08-28 09:51,-112.0116,33.4343,337.00,91.00,61.00,36.89,340.00,5.00,0.00,29.91,1010.70,10.00,M,FEW,FEW,FEW,M,11000.00,14000.00,16000.00,M,M,M,M,M,M,M,M,91.09,KPHX 280951Z 34005KT 10SM FEW110 FEW140 FEW160 33/16 A2991 RMK AO2 SLP107 T03280161,M
PHX,2025-08-28 10:51,-112.0116,33.4343,337.00,91.00,61.00,36.89,0.00,0.00,0.00,29.92,1011.00,10.00,M,SCT,BKN,BKN,M,12000.00,15000.00,20000.00,M,M,M,M,M,M,M,M,91.09,KPHX 281051Z 00000KT 10SM SCT120 BKN150 BKN200 33/16 A2992 RMK AO2 SLP110 T03280161,M
PHX,2025-08-28 11:51,-112.0116,33.4343,337.00,89.00,62.00,40.69,240.00,3.00,0.00,29.93,1011.20,10.00,M,FEW,BKN,BKN,M,12000.00,15000.00,20000.00,M,M,M,M,M,M,M,M,89.46,KPHX 281151Z 24003KT 10SM FEW120 BKN150 BKN200 32/17 A2993 RMK AO2 SLP112 T03170167 10344 20317 53005,M
PHX,2025-08-28 12:51,-112.0116,33.4343,337.00,90.00,61.00,38.06,330.00,5.00,0.00,29.94,1011.50,10.00,M,FEW,BKN,BKN,M,12000.00,15000.00,23000.00,M,M,M,M,M,M,M,M,90.06,KPHX 281251Z 33005KT 10SM FEW120 BKN150 BKN230 32/16 A2994 RMK AO2 SLP115 T03220161,M
PHX,2025-08-28 13:51,-112.0116,33.4343,337.00,89.00,62.00,40.69,340.00,4.00,0.00,29.94,1011.80,10.00,M,FEW,BKN,BKN,M,12000.00,16000.00,23000.00,M,M,M,M,M,M,M,M,89.46,KPHX 281351Z 34004KT 10SM FEW120 BKN160 BKN230 32/17 A2994 RMK AO2 SLP118 T03170167,M
PHX,2025-08-28 14:51,-112.0116,33.4343,337.00,89.00,63.00,42.15,340.00,4.00,0.00,29.95,1012.00,10.00,M,FEW,BKN,BKN,BKN,9000.00,14000.00,17000.00,23000.00,M,M,M,M,M,M,M,89.92,KPHX 281451Z 34004KT 10SM FEW090 BKN140 BKN170 BKN230 32/17 A2995 RMK AO2 SLP120 T03170172 51007,M
PHX,2025-08-28 15:51,-112.0116,33.4343,337.00,92.00,63.00,38.38,240.00,5.00,0.00,29.96,1012.30,10.00,M,FEW,BKN,BKN,BKN,9000.00,14000.00,17000.00,23000.00,M,M,M,M,M,M,M,93.12,KPHX 281551Z 24005KT 10SM FEW090 BKN140 BKN170 BKN230 33/17 A2996 RMK AO2 SLP123 T03330172,M
PHX,2025-08-28 16:51,-112.0116,33.4343,337.00,95.00,60.00,31.46,M,5.00,0.00,29.96,1012.10,10.00,M,FEW,SCT,SCT,BKN,9000.00,14000.00,19000.00,25000.00,M,M,M,M,M,M,M,94.98,KPHX 281651Z VRB05KT 10SM FEW090 SCT140 SCT190 BKN250 35/16 A2996 RMK AO2 SLP121 T03500156,M
PHX,2025-08-28 17:51,-112.0116,33.4343,337.00,98.00,58.00,26.73,200.00,7.00,0.00,29.95,1011.90,10.00,M,FEW,FEW,BKN,BKN,9000.00,17000.00,25000.00,29000.00,M,M,M,M,M,M,M,97.46,KPHX 281751Z 20007KT 10SM FEW090 FEW170 BKN250 BKN290 37/14 A2995 RMK AO2 SLP119 T03670144 10367 20311 50000,M
PHX,2025-08-28 18:51,-112.0116,33.4343,337.00,98.00,57.00,25.79,270.00,5.00,0.00,29.93,1011.30,10.00,M,FEW,FEW,BKN,BKN,9000.00,17000.00,25000.00,29000.00,M,M,M,M,M,M,M,97.06,KPHX 281851Z COR 27005KT 10SM FEW090 FEW170 BKN250 BKN290 37/14 A2993 RMK AO2 SLP113 T03670139,M
PHX,2025-08-28 19:51,-112.0116,33.4343,337.00,101.00,56.00,22.73,260.00,6.00,0.00,29.91,1010.70,10.00,M,FEW,FEW,SCT,BKN,9000.00,22000.00,25000.00,29000.00,M,M,M,M,M,M,M,100.00,KPHX 281951Z 26006KT 10SM FEW090 FEW220 SCT250 BKN290 38/13 A2991 RMK AO2 SLP107 T03830133,M
PHX,2025-08-28 20:51,-112.0116,33.4343,337.00,101.00,53.00,20.37,M,3.00,0.00,29.89,1009.80,10.00,M,FEW,FEW,SCT,BKN,9000.00,22000.00,25000.00,29000.00,M,M,M,M,M,M,M,98.93,KPHX 282051Z VRB03KT 10SM FEW090 FEW220 SCT250 BKN290 38/12 A2989 RMK AO2 SLP098 T03830117 58020,M
PHX,2025-08-28 21:51,-112.0116,33.4343,337.00,105.00,53.00,18.09,250.00,9.00,0.00,29.86,1009.00,10.00,M,FEW,SCT,SCT,BKN,9000.00,17000.00,22000.00,25000.00,M,M,M,M,M,M,M,103.21,KPHX 282151Z 25009KT 10SM FEW090 SCT170 SCT220 BKN250 41/12 A2986 RMK AO2 SLP090 T04060117,M
PHX,2025-08-28 22:51,-112.0116,33.4343,337.00,103.00,49.00,16.55,320.00,5.00,0.00,29.85,1008.50,10.00,M,FEW,BKN,BKN,M,10000.00,17000.00,22000.00,M,M,M,M,M,M,M,M,99.87,KPHX 282251Z 32005KT 10SM FEW100 BKN170 BKN220 39/09 A2985 RMK AO2 SLP085 T03940094,M
PHX,2025-08-28 23:51,-112.0116,33.4343,337.00,104.00,50.00,16.68,230.00,5.00,0.00,29.83,1008.00,10.00,M,FEW,BKN,BKN,M,10000.00,17000.00,22000.00,M,M,M,M,M,M,M,M,101.18,KPHX 282351Z 23005KT 10SM FEW100 BKN170 BKN220 40/10 A2983 RMK AO2 SLP080 T04000100 10406 20356 56018,M
PHX,2025-08-29 00:51,-112.0116,33.4343,337.00,103.00,52.00,18.50,290.00,6.00,0.00,29.82,1007.60,10.00,M,FEW,SCT,BKN,M,10000.00,17000.00,25000.00,M,M,M,M,M,M,M,M,100.74,KPHX 290051Z 29006KT 10SM FEW100 SCT170 BKN250 39/11 A2982 RMK AO2 SLP076 T03940111,M
PHX,2025-08-29 01:51,-112.0116,33.4343,337.00,101.00,51.00,18.92,280.00,6.00,0.00,29.82,1007.70,10.00,M,FEW,FEW,SCT,BKN,10000.00,16000.00,18000.00,25000.00,M,M,M,M,M,M,M,98.34,KPHX 290151Z 28006KT 10SM FEW100 FEW160 SCT180 BKN250 38/11 A2982 RMK AO2 SLP077 T03830106,M
PHX,2025-08-29 02:51,-112.0116,33.4343,337.00,99.00,51.00,20.10,260.00,6.00,0.00,29.83,1008.10,10.00,M,FEW,SCT,BKN,M,16000.00,18000.00,25000.00,M,M,M,M,M,M,M,M,96.24,KPHX 290251Z 26006KT 10SM FEW160 SCT180 BKN250 37/11 A2983 RMK AO2 SLP081 T03720106 53000,M
PHX,2025-08-29 03:51,-112.0116,33.4343,337.00,99.00,52.00,20.85,260.00,10.00,0.00,29.86,1008.80,10.00,M,BKN,M,M,M,18000.00,M,M,M,M,M,M,M,M,M,M,96.50,KPHX 290351Z 26010KT 10SM BKN180 37/11 A2986 RMK AO2 SLP088 T03720111,M
PHX,2025-08-29 04:51,-112.0116,33.4343,337.00,97.00,52.00,22.15,290.00,12.00,0.00,29.88,1009.50,10.00,19.00,BKN,M,M,M,18000.00,M,M,M,M,M,M,M,M,M,M,94.40,KPHX 290451Z 29012G19KT 10SM BKN180 36/11 A2988 RMK AO2 SLP095 T03610111,M
PHX,2025-08-29 05:51,-112.0116,33.4343,337.00,96.00,52.00,22.84,280.00,12.00,0.00,29.88,1009.40,10.00,M,FEW,BKN,BKN,M,12000.00,17000.00,20000.00,M,M,M,M,M,M,M,M,93.36,KPHX 290551Z 28012KT 10SM FEW120 BKN170 BKN200 36/11 A2988 RMK AO2 SLP094 T03560111 10400 20356 50014,M
PHX,2025-08-29 06:51,-112.0116,33.4343,337.00,95.00,52.00,23.55,280.00,11.00,0.00,29.88,1009.60,10.00,M,FEW,BKN,BKN,M,12000.00,19000.00,23000.00,M,M,M,M,M,M,M,M,92.33,KPHX 290651Z 28011KT 10SM FEW120 BKN190 BKN230 35/11 A2988 RMK AO2 SLP096 T03500111 404060311,M
PHX,2025-08-29 07:51,-112.0116,33.4343,337.00,92.00,54.00,27.80,260.00,12.00,0.00,29.88,1009.70,10.00,M,FEW,BKN,BKN,M,12000.00,19000.00,23000.00,M,M,M,M,M,M,M,M,89.78,KPHX 290751Z 26012KT 10SM FEW120 BKN190 BKN230 33/12 A2988 RMK AO2 SLP097 T03330122,M
PHX,2025-08-29 08:51,-112.0116,33.4343,337.00,90.00,54.00,29.59,270.00,10.00,0.00,29.89,1009.90,10.00,17.00,FEW,BKN,BKN,M,11000.00,17000.00,20000.00,M,M,M,M,M,M,M,M,87.84,KPHX 290851Z 27010G17KT 10SM FEW110 BKN170 BKN200 32/12 A2989 RMK AO2 SLP099 T03220122 53005,M
PHX,2025-08-29 09:51,-112.0116,33.4343,337.00,89.00,55.00,31.66,290.00,14.00,0.00,29.91,1010.60,10.00,M,SCT,BKN,BKN,M,10000.00,17000.00,20000.00,M,M,M,M,M,M,M,M,87.13,KPHX 290951Z 29014KT 10SM SCT100 BKN170 BKN200 32/13 A2991 RMK AO2 SLP106 T03170128,M
PHX,2025-08-29 10:51,-112.0116,33.4343,337.00,85.00,61.00,44.58,280.00,13.00,0.01,29.91,1010.80,10.00,M,SCT,BKN,BKN,M,10000.00,17000.00,20000.00,M,M,M,M,M,M,M,M,85.22,KPHX 291051Z COR 28013KT 10SM SCT100 BKN170 BKN200 29/16 A2991 RMK AO2 RAB0953E37 SLP108 FRQ LTGIC DSNT SE CB DSNT SE P0001 T02940161 $,M
PHX,2025-08-29 11:51,-112.0116,33.4343,337.00,84.00,60.00,44.43,160.00,6.00,T,29.96,1012.50,10.00,M,BKN,BKN,BKN,M,9000.00,17000.00,20000.00,M,TS,M,M,M,M,M,M,84.04,KPHX 291151Z 16006KT 10SM TS BKN090CB BKN170 BKN200 29/16 A2996 RMK AO2 LTG DSNT E RAB32E41 TSB50 SLP125 FRQ LTGCGICCC E AND DSNT NE-SE TS E MOV NE CB DSNT NE-SE P0000 60001 70001 T02890156 10356 20283 53023 $,M
PHX,2025-08-29 12:25,-112.0116,33.4343,337.00,81.00,65.00,58.37,140.00,10.00,T,29.97,M,10.00,M,BKN,BKN,BKN,M,9000.00,17000.00,20000.00,M,-RA,M,M,M,M,M,M,82.83,KPHX 291225Z 14010KT 10SM -RA BKN090 BKN170 BKN200 27/18 A2997 RMK AO2 LTG DSNT NE RAB1155 TSE25 FRQ LTGCGICCC DSNT NE-E CB DSNT NE-E P0000 T02720183 $,M
PHX,2025-08-29 12:51,-112.0116,33.4343,337.00,81.00,65.00,58.37,100.00,6.00,T,29.98,1013.00,10.00,M,BKN,BKN,BKN,M,9000.00,17000.00,20000.00,M,M,M,M,M,M,M,M,82.83,KPHX 291251Z COR 10006KT 10SM BKN090 BKN170 BKN200 27/18 A2998 RMK AO2 RAB1155E32 TSE25 SLP130 OCNL LTGCGIC DSNT NE CB DSNT NE P0000 T02720183 $,M
PHX,2025-08-29 13:51,-112.0116,33.4343,337.00,81.00,65.00,58.37,80.00,10.00,0.00,29.99,1013.40,10.00,M,SCT,SCT,BKN,M,9000.00,17000.00,21000.00,M,M,M,M,M,M,M,M,82.83,KPHX 291351Z 08010KT 10SM SCT090 SCT170 BKN210 27/18 A2999 RMK AO2 SLP134 CB DSNT NE T02720183 $,M
PHX,2025-08-29 14:51,-112.0116,33.4343,337.00,83.00,65.00,54.71,90.00,12.00,0.00,30.00,1013.60,10.00,M,FEW,SCT,SCT,M,9000.00,17000.00,21000.00,M,M,M,M,M,M,M,M,84.79,KPHX 291451Z 09012KT 10SM FEW090 SCT170 SCT210 28/18 A3000 RMK AO2 SLP136 60000 T02830183 51011 $,M
PHX,2025-08-29 15:51,-112.0116,33.4343,337.00,87.00,64.00,46.49,90.00,9.00,0.00,30.00,1013.90,10.00,M,FEW,FEW,SCT,M,9000.00,17000.00,21000.00,M,M,M,M,M,M,M,M,88.34,KPHX 291551Z 09009KT 10SM FEW090 FEW170 SCT210 31/18 A3000 RMK AO2 SLP139 T03060178,M
PHX,2025-08-29 16:51,-112.0116,33.4343,337.00,90.00,63.00,40.85,90.00,6.00,0.00,30.01,1013.90,10.00,M,FEW,FEW,SCT,M,9000.00,17000.00,21000.00,M,M,M,M,M,M,M,M,90.97,KPHX 291651Z 09006KT 10SM FEW090 FEW170 SCT210 32/17 A3001 RMK AO2 SLP139 T03220172,M
PHX,2025-08-29 17:51,-112.0116,33.4343,337.00,91.00,61.00,36.89,0.00,0.00,0.00,30.00,1013.60,10.00,M,FEW,FEW,M,M,10000.00,19000.00,M,M,M,M,M,M,M,M,M,91.09,KPHX 291751Z 00000KT 10SM FEW100 FEW190 33/16 A3000 RMK AO2 SLP136 60000 T03280161 10339 20272 58000,M
PHX,2025-08-29 18:51,-112.0116,33.4343,337.00,95.00,60.00,31.46,0.00,0.00,0.00,29.98,1012.80,10.00,M,FEW,FEW,M,M,10000.00,19000.00,M,M,M,M,M,M,M,M,M,94.98,KPHX 291851Z 00000KT 10SM FEW100 FEW190 35/16 A2998 RMK AO2 SLP128 T03500156,M
PHX,2025-08-29 19:51,-112.0116,33.4343,337.00,97.00,58.00,27.56,300.00,8.00,0.00,29.95,1012.10,10.00,M,FEW,FEW,M,M,10000.00,20000.00,M,M,M,M,M,M,M,M,M,96.35,KPHX 291951Z 30008KT 10SM FEW100 FEW200 36/14 A2995 RMK AO2 SLP121 T03610144,M
PHX,2025-08-29 20:51,-112.0116,33.4343,337.00,99.00,58.00,25.94,290.00,11.00,0.00,29.92,1011.10,10.00,M,FEW,FEW,FEW,M,10000.00,15000.00,23000.00,M,M,M,M,M,M,M,M,98.58,KPHX 292051Z 29011KT 10SM FEW100 FEW150 FEW230 37/14 A2992 RMK AO2 SLP111 T03720144 58023,M
PHX,2025-08-29 21:51,-112.0116,33.4343,337.00,101.00,58.00,24.43,M,5.00,0.00,29.89,1010.00,10.00,M,FEW,FEW,FEW,M,10000.00,14000.00,17000.00,M,M,M,M,M,M,M,M,100.84,KPHX 292151Z VRB05KT 10SM FEW100 FEW140 FEW170 38/14 A2989 RMK AO2 SLP100 T03830144,M
PHX,2025-08-29 22:51,-112.0116,33.4343,337.00,100.00,57.00,24.28,230.00,5.00,0.00,29.87,1009.30,10.00,M,FEW,FEW,M,M,11000.00,15000.00,M,M,M,M,M,M,M,M,M,99.28,KPHX 292251Z 23005KT 10SM FEW110 FEW150 38/14 A2987 RMK AO2 SLP093 T03780139,M
PHX,2025-08-29 23:51,-112.0116,33.4343,337.00,100.00,56.00,23.42,250.00,6.00,0.00,29.85,1008.80,10.00,15.00,FEW,FEW,M,M,11000.00,16000.00,M,M,M,M,M,M,M,M,M,98.89,KPHX 292351Z 25006G15KT 10SM FEW110 FEW160 38/13 A2985 RMK AO2 SLP088 T03780133 10389 20328 56023,M
PHX,2025-08-30 00:51,-112.0116,33.4343,337.00,100.00,55.00,22.58,290.00,11.00,0.00,29.84,1008.40,10.00,M,FEW,FEW,FEW,M,11000.00,13000.00,17000.00,M,M,M,M,M,M,M,M,98.52,KPHX 300051Z 29011KT 10SM FEW110 FEW130 FEW170 38/13 A2984 RMK AO2 SLP084 T03780128,M
PHX,2025-08-30 01:51,-112.0116,33.4343,337.00,99.00,56.00,24.13,270.00,8.00,0.00,29.84,1008.40,10.00,M,FEW,FEW,M,M,10000.00,20000.00,M,M,M,M,M,M,M,M,M,97.78,KPHX 300151Z 27008KT 10SM FEW100 FEW200 37/13 A2984 RMK AO2 SLP084 T03720133,M
PHX,2025-08-30 02:51,-112.0116,33.4343,337.00,99.00,55.00,23.27,260.00,7.00,0.00,29.85,1008.80,10.00,M,CLR,M,M,M,M,M,M,M,M,M,M,M,M,M,M,97.43,KPHX 300251Z 26007KT 10SM CLR 37/13 A2985 RMK AO2 SLP088 T03720128 55000,M
PHX,2025-08-30 03:51,-112.0116,33.4343,337.00,97.00,57.00,26.58,260.00,5.00,0.00,29.87,1009.30,10.00,M,CLR,M,M,M,M,M,M,M,M,M,M,M,M,M,M,95.96,KPHX 300351Z 26005KT 10SM CLR 36/14 A2987 RMK AO2 SLP093 T03610139,M
PHX,2025-08-30 04:51,-112.0116,33.4343,337.00,95.00,58.00,29.29,260.00,5.00,0.00,29.87,1009.50,10.00,M,CLR,M,M,M,M,M,M,M,M,M,M,M,M,M,M,94.15,KPHX 300451Z 26005KT 10SM CLR 35/14 A2987 RMK AO2 SLP095 T03500144,M
PHX,2025-08-30 05:51,-112.0116,33.4343,337.00,94.00,56.00,28.11,260.00,9.00,0.00,29.87,1009.40,10.00,M,CLR,M,M,M,M,M,M,M,M,M,M,M,M,M,M,92.39,KPHX 300551Z 26009KT 10SM CLR 34/13 A2987 RMK AO2 SLP094 T03440133 10389 20344 50006,M
PHX,2025-08-30 06:51,-112.0116,33.4343,337.00,92.00,56.00,29.90,250.00,6.00,0.00,29.87,1009.20,10.00,M,CLR,M,M,M,M,M,M,M,M,M,M,M,M,M,M,90.32,KPHX 300651Z 25006KT 10SM CLR 33/13 A2987 RMK AO2 SLP092 T03330133 403890272,M
PHX,2025-08-30 07:51,-112.0116,33.4343,337.00,90.00,56.00,31.82,250.00,7.00,0.00,29.87,1009.20,10.00,M,CLR,M,M,M,M,M,M,M,M,M,M,M,M,M,M,88.34,KPHX 300751Z 25007KT 10SM CLR 32/13 A2987 RMK AO2 SLP092 T03220133,M
PHX,2025-08-30 08:51,-112.0116,33.4343,337.00,89.00,55.00,31.66,250.00,5.00,0.00,29.86,1009.00,10.00,M,CLR,M,M,M,M,M,M,M,M,M,M,M,M,M,M,87.13,KPHX 300851Z 25005KT 10SM CLR 32/13 A2986 RMK AO2 SLP090 T03170128 57003,M
PHX,2025-08-30 09:51,-112.0116,33.4343,337.00,90.00,55.00,30.69,290.00,4.00,0.00,29.86,1008.80,10.00,M,CLR,M,M,M,M,M,M,M,M,M,M,M,M,M,M,88.08,KPHX 300951Z 29004KT 10SM CLR 32/13 A2986 RMK AO2 SLP088 T03220128,M
PHX,2025-08-30 10:51,-112.0116,33.4343,337.00,87.00,57.00,36.26,250.00,5.00,0.00,29.86,1008.90,10.00,M,CLR,M,M,M,M,M,M,M,M,M,M,M,M,M,M,85.81,KPHX 301051Z 25005KT 10SM CLR 31/14 A2986 RMK AO2 SLP089 T03060139,M
PHX,2025-08-30 11:51,-112.0116,33.4343,337.00,86.00,57.00,37.43,250.00,4.00,0.00,29.86,1009.10,10.00,M,CLR,M,M,M,M,M,M,M,M,M,M,M,M,M,M,84.93,KPHX 301151Z 25004KT 10SM CLR 30/14 A2986 RMK AO2 SLP091 T03000139 10344 20300 53001,M
PHX,2025-08-30 12:51,-112.0116,33.4343,337.00,87.00,55.00,33.73,280.00,4.00,0.00,29.88,1009.60,10.00,M,FEW,SCT,M,M,20000.00,25000.00,M,M,M,M,M,M,M,M,M,85.33,KPHX 301251Z 28004KT 10SM FEW200 SCT250 31/13 A2988 RMK AO2 SLP096 T03060128,M
PHX,2025-08-30 13:51,-112.0116,33.4343,337.00,87.00,55.00,33.73,0.00,0.00,0.00,29.89,1010.20,10.00,M,FEW,SCT,M,M,16000.00,25000.00,M,M,M,M,M,M,M,M,M,85.33,KPHX 301351Z 00000KT 10SM FEW160 SCT250 31/13 A2989 RMK AO2 SLP102 T03060128,M
PHX,2025-08-30 14:51,-112.0116,33.4343,337.00,89.00,55.00,31.66,230.00,3.00,0.00,29.90,1010.50,10.00,M,FEW,FEW,M,M,16000.00,25000.00,M,M,M,M,M,M,M,M,M,87.13,KPHX 301451Z 23003KT 10SM FEW160 FEW250 32/13 A2990 RMK AO2 SLP105 T03170128 51014,M
PHX,2025-08-30 15:51,-112.0116,33.4343,337.00,92.00,55.00,28.83,M,3.00,0.00,29.91,1010.60,10.00,M,FEW,M,M,M,25000.00,M,M,M,M,M,M,M,M,M,M,90.04,KPHX 301551Z VRB03KT 10SM FEW250 33/13 A2991 RMK AO2 SLP106 T03330128,M
PHX,2025-08-30 16:51,-112.0116,33.4343,337.00,95.00,55.00,26.28,200.00,4.00,0.00,29.91,1010.70,10.00,M,FEW,FEW,M,M,9000.00,25000.00,M,M,M,M,M,M,M,M,M,93.13,KPHX 301651Z 20004KT 10SM FEW090 FEW250 35/13 A2991 RMK AO2 SLP107 T03500128,M
PHX,2025-08-30 17:51,-112.0116,33.4343,337.00,97.00,55.00,24.73,240.00,5.00,0.00,29.90,1010.30,10.00,M,FEW,FEW,M,M,9000.00,25000.00,M,M,M,M,M,M,M,M,M,95.26,KPHX 301751Z 24005KT 10SM FEW090 FEW250 36/13 A2990 RMK AO2 SLP103 T03610128 10361 20294 58002,M
PHX,2025-08-30 18:51,-112.0116,33.4343,337.00,99.00,54.00,22.44,280.00,5.00,0.00,29.88,1009.70,10.00,M,FEW,M,M,M,9000.00,M,M,M,M,M,M,M,M,M,M,97.10,KPHX 301851Z 28005KT 10SM FEW090 37/12 A2988 RMK AO2 SLP097 T03720122,M
PHX,2025-08-30 19:51,-112.0116,33.4343,337.00,101.00,54.00,21.13,M,5.00,0.00,29.86,1008.90,10.00,M,FEW,M,M,M,9000.00,M,M,M,M,M,M,M,M,M,M,99.26,KPHX 301951Z VRB05KT 10SM FEW090 38/12 A2986 RMK AO2 SLP089 T03830122,M
PHX,2025-08-30 20:51,-112.0116,33.4343,337.00,102.00,54.00,20.51,M,3.00,0.00,29.83,1008.00,10.00,M,FEW,M,M,M,9000.00,M,M,M,M,M,M,M,M,M,M,100.35,KPHX 302051Z VRB03KT 10SM FEW090 39/12 A2983 RMK AO2 SLP080 T03890122 58022,M
PHX,2025-08-30 21:51,-112.0116,33.4343,337.00,103.00,50.00,17.18,330.00,6.00,0.00,29.81,1007.10,10.00,17.00,FEW,FEW,M,M,9000.00,12000.00,M,M,M,M,M,M,M,M,M,100.15,KPHX 302151Z 33006G17KT 10SM FEW090 FEW120 39/10 A2981 RMK AO2 SLP071 T03940100,M
PHX,2025-08-30 22:51,-112.0116,33.4343,337.00,106.00,49.00,15.15,240.00,11.00,0.00,29.79,1006.50,10.00,M,FEW,FEW,M,M,9000.00,13000.00,M,M,M,M,M,M,M,M,M,102.92,KPHX 302251Z 24011KT 10SM FEW090 FEW130 41/09 A2979 RMK AO2 SLP065 T04110094,M
PHX,2025-08-30 22:59,-112.0116,33.4343,337.00,105.00,48.00,15.03,280.00,12.00,0.00,29.79,M,10.00,18.00,FEW,FEW,M,M,9000.00,13000.00,M,M,M,M,M,M,M,M,M,101.63,KPHX 302259Z 28012G18KT 10SM FEW090 FEW130 41/09 A2979 RMK AO2 WSHFT 2239 T04060089,M
PHX,2025-08-30 23:51,-112.0116,33.4343,337.00,104.00,45.00,13.82,320.00,12.00,0.00,29.78,1006.00,10.00,M,FEW,FEW,M,M,9000.00,13000.00,M,M,M,M,M,M,M,M,M,99.93,KPHX 302351Z 32012KT 10SM FEW090 FEW130 40/07 A2978 RMK AO2 WSHFT 2239 SLP060 T04000072 10417 20356 56019,M
PHX,2025-08-31 00:51,-112.0116,33.4343,337.00,103.00,44.00,13.70,290.00,14.00,0.00,29.77,1005.80,10.00,M,FEW,FEW,M,M,9000.00,20000.00,M,M,M,M,M,M,M,M,M,98.76,KPHX 310051Z 29014KT 10SM FEW090 FEW200 39/07 A2977 RMK AO2 SLP058 T03940067,M
PHX,2025-08-31 01:51,-112.0116,33.4343,337.00,102.00,44.00,14.12,290.00,10.00,0.00,29.77,1005.80,10.00,M,FEW,M,M,M,20000.00,M,M,M,M,M,M,M,M,M,M,97.79,KPHX 310151Z 29010KT 10SM FEW200 39/07 A2977 RMK AO2 SLP058 T03890067,M
PHX,2025-08-31 02:51,-112.0116,33.4343,337.00,101.00,46.00,15.69,250.00,5.00,0.00,29.78,1006.10,10.00,M,CLR,M,M,M,M,M,M,M,M,M,M,M,M,M,M,97.18,KPHX 310251Z 25005KT 10SM CLR 38/08 A2978 RMK AO2 SLP061 T03830078 53001,M
PHX,2025-08-31 03:51,-112.0116,33.4343,337.00,97.00,50.00,20.57,230.00,4.00,0.00,29.79,1006.60,10.00,M,CLR,M,M,M,M,M,M,M,M,M,M,M,M,M,M,93.93,KPHX 310351Z 23004KT 10SM CLR 36/10 A2979 RMK AO2 SLP066 T03610100,M
PHX,2025-08-31 04:51,-112.0116,33.4343,337.00,95.00,51.00,22.69,0.00,0.00,0.00,29.81,1007.10,10.00,M,CLR,M,M,M,M,M,M,M,M,M,M,M,M,M,M,92.11,KPHX 310451Z 00000KT 10SM CLR 35/11 A2981 RMK AO2 SLP071 T03500106,M
PHX,2025-08-31 05:51,-112.0116,33.4343,337.00,95.00,50.00,21.87,0.00,0.00,0.00,29.81,1007.20,10.00,M,CLR,M,M,M,M,M,M,M,M,M,M,M,M,M,M,91.90,KPHX 310551Z 00000KT 10SM CLR 35/10 A2981 RMK AO2 SLP072 T03500100 10406 20350 51011,M
PHX,2025-08-31 06:51,-112.0116,33.4343,337.00,92.00,55.00,28.83,100.00,5.00,0.00,29.81,1007.20,10.00,M,CLR,M,M,M,M,M,M,M,M,M,M,M,M,M,M,90.04,KPHX 310651Z 10005KT 10SM CLR 33/13 A2981 RMK AO2 SLP072 T03330128 404170294,M
PHX,2025-08-31 07:51,-112.0116,33.4343,337.00,90.00,51.00,26.50,0.00,0.00,0.00,29.81,1007.10,10.00,M,CLR,M,M,M,M,M,M,M,M,M,M,M,M,M,M,87.24,KPHX 310751Z 00000KT 10SM CLR 32/11 A2981 RMK AO2 SLP071 T03220106,M
PHX,2025-08-31 08:51,-112.0116,33.4343,337.00,89.00,47.00,23.55,120.00,4.00,0.00,29.81,1007.30,10.00,M,CLR,M,M,M,M,M,M,M,M,M,M,M,M,M,M,85.78,KPHX 310851Z 12004KT 10SM CLR 32/08 A2981 RMK AO2 SLP073 T03170083 53001,M
PHX,2025-08-31 09:51,-112.0116,33.4343,337.00,87.00,48.00,26.04,120.00,3.00,0.00,29.81,1007.30,10.00,M,CLR,M,M,M,M,M,M,M,M,M,M,M,M,M,M,84.19,KPHX 310951Z 12003KT 10SM CLR 31/09 A2981 RMK AO2 SLP073 T03060089,M
PHX,2025-08-31 10:51,-112.0116,33.4343,337.00,87.00,47.00,25.08,110.00,4.00,0.00,29.82,1007.70,10.00,M,CLR,M,M,M,M,M,M,M,M,M,M,M,M,M,M,84.08,KPHX 311051Z 11004KT 10SM CLR 31/08 A2982 RMK AO2 SLP077 T03060083,M
PHX,2025-08-31 11:51,-112.0116,33.4343,337.00,86.00,48.00,26.88,80.00,3.00,0.00,29.83,1008.00,10.00,M,CLR,M,M,M,M,M,M,M,M,M,M,M,M,M,M,83.38,KPHX 311151Z 08003KT 10SM CLR 30/09 A2983 RMK AO2 SLP080 T03000089 10350 20300 53007,M
PHX,2025-08-31 12:51,-112.0116,33.4343,337.00,84.00,49.00,29.75,110.00,4.00,0.00,29.85,1008.50,10.00,M,FEW,M,M,M,25000.00,M,M,M,M,M,M,M,M,M,M,81.98,KPHX 311251Z 11004KT 10SM FEW250 29/09 A2985 RMK AO2 SLP085 T02890094,M
PHX,2025-08-31 13:51,-112.0116,33.4343,337.00,85.00,49.00,28.81,0.00,0.00,0.00,29.86,1009.10,10.00,M,FEW,M,M,M,18000.00,M,M,M,M,M,M,M,M,M,M,82.72,KPHX 311351Z 00000KT 10SM FEW180 29/09 A2986 RMK AO2 SLP091 T02940094,M
PHX,2025-08-31 14:51,-112.0116,33.4343,337.00,89.00,52.00,28.37,140.00,7.00,0.00,29.87,1009.30,10.00,M,FEW,M,M,M,18000.00,M,M,M,M,M,M,M,M,M,M,86.50,KPHX 311451Z 14007KT 10SM FEW180 32/11 A2987 RMK AO2 SLP093 T03170111 51013,M
PHX,2025-08-31 15:51,-112.0116,33.4343,337.00,92.00,50.00,23.99,100.00,5.00,0.00,29.89,1009.70,10.00,M,FEW,FEW,M,M,18000.00,25000.00,M,M,M,M,M,M,M,M,M,88.95,KPHX 311551Z 10005KT 10SM FEW180 FEW250 33/10 A2989 RMK AO2 SLP097 T03330100,M
PHX,2025-08-31 16:51,-112.0116,33.4343,337.00,97.00,48.00,19.09,150.00,5.00,0.00,29.89,1009.80,10.00,M,FEW,FEW,M,M,18000.00,25000.00,M,M,M,M,M,M,M,M,M,93.54,KPHX 311651Z 15005KT 10SM FEW180 FEW250 36/09 A2989 RMK AO2 SLP098 T03610089,M
PHX,2025-08-31 17:51,-112.0116,33.4343,337.00,100.00,47.00,16.79,0.00,0.00,0.00,29.88,1009.40,10.00,M,FEW,FEW,FEW,M,9000.00,18000.00,25000.00,M,M,M,M,M,M,M,M,96.37,KPHX 311751Z 00000KT 10SM FEW090 FEW180 FEW250 38/08 A2988 RMK AO2 SLP094 T03780083 10378 20289 50001,M
PHX,2025-08-31 18:51,-112.0116,33.4343,337.00,101.00,46.00,15.69,M,5.00,0.00,29.86,1008.90,10.00,M,FEW,FEW,FEW,M,9000.00,18000.00,25000.00,M,M,M,M,M,M,M,M,97.18,KPHX 311851Z VRB05KT 10SM FEW090 FEW180 FEW250 38/08 A2986 RMK AO2 SLP089 T03830078,M
PHX,2025-08-31 19:51,-112.0116,33.4343,337.00,104.00,46.00,14.35,310.00,5.00,0.00,29.84,1008.30,10.00,M,FEW,FEW,FEW,M,9000.00,16000.00,25000.00,M,M,M,M,M,M,M,M,100.15,KPHX 311951Z 31005KT 10SM FEW090 FEW160 FEW250 40/08 A2984 RMK AO2 SLP083 T04000078,M
PHX,2025-08-31 20:51,-112.0116,33.4343,337.00,106.00,45.00,13.03,240.00,4.00,0.00,29.82,1007.40,10.00,14.00,FEW,FEW,FEW,M,9000.00,16000.00,25000.00,M,M,M,M,M,M,M,M,101.87,KPHX 312051Z COR 24004G14KT 10SM FEW090 FEW160 FEW250 41/07 A2982 RMK AO2 SLP074 T04110072 58020,M
PHX,2025-08-31 21:51,-112.0116,33.4343,337.00,106.00,43.00,12.07,350.00,3.00,0.00,29.79,1006.40,10.00,M,FEW,FEW,FEW,M,9000.00,16000.00,25000.00,M,M,M,M,M,M,M,M,101.29,KPHX 312151Z 35003KT 10SM FEW090 FEW160 FEW250 41/06 A2979 RMK AO2 SLP064 T04110061,M
PHX,2025-08-31 22:51,-112.0116,33.4343,337.00,107.00,44.00,12.18,280.00,7.00,0.00,29.77,1005.70,10.00,M,FEW,FEW,FEW,M,9000.00,16000.00,25000.00,M,M,M,M,M,M,M,M,102.47,KPHX 312251Z 28007KT 10SM FEW090 FEW160 FEW250 42/07 A2977 RMK AO2 SLP057 T04170067,M
PHX,2025-08-31 23:51,-112.0116,33.4343,337.00,107.00,43.00,11.72,320.00,4.00,0.00,29.76,1005.30,10.00,M,FEW,FEW,FEW,M,10000.00,17000.00,25000.00,M,M,M,M,M,M,M,M,102.19,KPHX 312351Z 32004KT 10SM FEW100 FEW170 FEW250 42/06 A2976 RMK AO2 SLP053 T04170061 10428 20378 56020,M
PHX,2025-09-01 00:51,-112.0116,33.4343,337.00,107.00,45.00,12.65,300.00,9.00,0.00,29.75,1005.10,10.00,M,FEW,FEW,FEW,M,10000.00,17000.00,23000.00,M,M,M,M,M,M,M,M,102.77,KPHX 010051Z 30009KT 10SM FEW100 FEW170 FEW230 42/07 A2975 RMK AO2 SLP051 T04170072,M
PHX,2025-09-01 01:51,-112.0116,33.4343,337.00,106.00,45.00,13.03,280.00,10.00,0.00,29.76,1005.30,10.00,M,SCT,SCT,M,M,15000.00,25000.00,M,M,M,M,M,M,M,M,M,101.87,KPHX 010151Z 28010KT 10SM SCT150 SCT250 41/07 A2976 RMK AO2 SLP053 T04110072,M
PHX,2025-09-01 02:51,-112.0116,33.4343,337.00,105.00,45.00,13.42,290.00,9.00,0.00,29.77,1005.60,10.00,M,FEW,FEW,M,M,16000.00,25000.00,M,M,M,M,M,M,M,M,M,100.90,KPHX 010251Z 29009KT 10SM FEW160 FEW250 41/07 A2977 RMK AO2 SLP056 T04060072 53003,M
PHX,2025-09-01 03:51,-112.0116,33.4343,337.00,101.00,48.00,16.92,0.00,0.00,0.00,29.79,1006.40,10.00,M,SCT,SCT,M,M,17000.00,25000.00,M,M,M,M,M,M,M,M,M,97.59,KPHX 010351Z 00000KT 10SM SCT170 SCT250 38/09 A2979 RMK AO2 SLP064 T03830089,M
PHX,2025-09-01 04:51,-112.0116,33.4343,337.00,99.00,54.00,22.44,140.00,18.00,0.00,29.83,1008.00,9.00,26.00,SCT,SCT,M,M,16000.00,23000.00,M,M,M,M,M,M,26.00,140.00,2025-09-01 04:50,97.10,KPHX 010451Z 14018G26KT 9SM SCT160 SCT230 37/12 A2983 RMK AO2 PK WND 14026/0450 SLP080 T03720122,M
PHX,2025-09-01 05:51,-112.0116,33.4343,337.00,96.00,55.00,25.49,150.00,16.00,0.00,29.85,1008.40,10.00,28.00,FEW,FEW,M,M,12000.00,18000.00,M,M,M,M,M,M,28.00,140.00,2025-09-01 05:44,94.19,KPHX 010551Z 15016G28KT 10SM FEW120 FEW180 36/13 A2985 RMK AO2 PK WND 14028/0544 SLP084 T03560128 10422 20356 51026,M
PHX,2025-09-01 06:51,-112.0116,33.4343,337.00,94.00,53.00,25.19,140.00,13.00,0.00,29.86,1009.00,10.00,25.00,SCT,SCT,M,M,12000.00,21000.00,M,M,M,M,M,M,29.00,140.00,2025-09-01 06:34,91.55,KPHX 010651Z 14013G25KT 10SM SCT120 SCT210 34/12 A2986 RMK AO2 PK WND 14029/0634 SLP090 T03440117 404280289,M
PHX,2025-09-01 07:51,-112.0116,33.4343,337.00,92.00,55.00,28.83,150.00,6.00,0.00,29.88,1009.70,10.00,M,FEW,BKN,M,M,12000.00,18000.00,M,M,M,M,M,M,M,M,M,90.04,KPHX 010751Z 15006KT 10SM FEW120 BKN180 33/13 A2988 RMK AO2 SLP097 T03330128,M
PHX,2025-09-01 08:51,-112.0116,33.4343,337.00,91.00,56.00,30.84,150.00,9.00,0.00,29.88,1009.60,10.00,M,FEW,M,M,M,15000.00,M,M,M,M,M,M,M,M,M,M,89.32,KPHX 010851Z 15009KT 10SM FEW150 33/13 A2988 RMK AO2 SLP096 T03280133 51013,M
PHX,2025-09-01 09:51,-112.0116,33.4343,337.00,90.00,54.00,29.59,120.00,12.00,0.00,29.89,1009.90,10.00,18.00,CLR,M,M,M,M,M,M,M,M,M,M,M,M,M,M,87.84,KPHX 010951Z 12012G18KT 10SM CLR 32/12 A2989 RMK AO2 SLP099 T03220122,M
PHX,2025-09-01 10:51,-112.0116,33.4343,337.00,90.00,54.00,29.59,120.00,12.00,0.00,29.90,1010.10,10.00,M,FEW,M,M,M,23000.00,M,M,M,M,M,M,M,M,M,M,87.84,KPHX 011051Z 12012KT 10SM FEW230 32/12 A2990 RMK AO2 SLP101 T03220122,M
PHX,2025-09-01 11:51,-112.0116,33.4343,337.00,89.00,55.00,31.66,120.00,11.00,0.00,29.91,1010.80,10.00,M,FEW,M,M,M,25000.00,M,M,M,M,M,M,M,M,M,M,87.13,KPHX 011151Z 12011KT 10SM FEW250 32/13 A2991 RMK AO2 SLP108 T03170128 10350 20317 53010,M
PHX,2025-09-01 12:51,-112.0116,33.4343,337.00,89.00,55.00,31.66,120.00,7.00,0.00,29.93,1011.30,10.00,M,SCT,SCT,SCT,M,10000.00,12000.00,25000.00,M,M,M,M,M,M,M,M,87.13,KPHX 011251Z 12007KT 10SM SCT100 SCT120 SCT250 32/13 A2993 RMK AO2 SLP113 T03170128,M
PHX,2025-09-01 13:51,-112.0116,33.4343,337.00,88.00,55.00,32.68,110.00,6.00,0.00,29.95,1011.90,10.00,M,FEW,SCT,BKN,M,10000.00,12000.00,25000.00,M,M,M,M,M,M,M,M,86.22,KPHX 011351Z 11006KT 10SM FEW100 SCT120 BKN250 31/13 A2995 RMK AO2 SLP119 T03110128,M
PHX,2025-09-01 14:51,-112.0116,33.4343,337.00,90.00,55.00,30.69,100.00,8.00,0.00,29.96,1012.30,10.00,M,FEW,SCT,BKN,M,10000.00,12000.00,25000.00,M,M,M,M,M,M,M,M,88.08,KPHX 011451Z 10008KT 10SM FEW100 SCT120 BKN250 32/13 A2996 RMK AO2 SLP123 T03220128 51015,M
PHX,2025-09-01 15:51,-112.0116,33.4343,337.00,92.00,55.00,28.83,130.00,7.00,0.00,29.97,1012.50,10.00,M,BKN,BKN,M,M,25000.00,29000.00,M,M,M,M,M,M,M,M,M,90.04,KPHX 011551Z 13007KT 10SM BKN250 BKN290 33/13 A2997 RMK AO2 SLP125 T03330128,M
PHX,2025-09-01 16:51,-112.0116,33.4343,337.00,96.00,54.00,24.58,100.00,10.00,0.00,29.97,1012.60,10.00,M,BKN,BKN,M,M,25000.00,29000.00,M,M,M,M,M,M,M,M,M,93.89,KPHX 011651Z 10010KT 10SM BKN250 BKN290 36/12 A2997 RMK AO2 SLP126 T03560122,M
PHX,2025-09-01 17:51,-112.0116,33.4343,337.00,99.00,54.00,22.44,140.00,8.00,0.00,29.96,1012.30,10.00,M,FEW,SCT,BKN,M,8000.00,25000.00,29000.00,M,M,M,M,M,M,M,M,97.10,KPHX 011751Z 14008KT 10SM FEW080 SCT250 BKN290 37/12 A2996 RMK AO2 SLP123 T03720122 10372 20311 50000,M
PHX,2025-09-01 18:51,-112.0116,33.4343,337.00,100.00,54.00,21.78,150.00,5.00,0.00,29.94,1011.50,10.00,M,FEW,SCT,BKN,M,8000.00,25000.00,29000.00,M,M,M,M,M,M,M,M,98.18,KPHX 011851Z 15005KT 10SM FEW080 SCT250 BKN290 38/12 A2994 RMK AO2 SLP115 T03780122,M
PHX,2025-09-01 19:51,-112.0116,33.4343,337.00,103.00,56.00,21.41,150.00,4.00,0.00,29.91,1010.50,10.00,M,FEW,SCT,BKN,M,8000.00,25000.00,29000.00,M,M,M,M,M,M,M,M,102.21,KPHX 011951Z 15004KT 10SM FEW080 SCT250 BKN290 39/13 A2991 RMK AO2 SLP105 CB DSNT NE-E TCU DSNT N T03940133,M
PHX,2025-09-01 20:51,-112.0116,33.4343,337.00,106.00,56.00,19.60,M,5.00,0.00,29.88,1009.30,10.00,M,FEW,SCT,BKN,M,8000.00,25000.00,29000.00,M,M,M,M,M,M,M,M,105.52,KPHX 012051Z VRB05KT 10SM FEW080 SCT250 BKN290 41/13 A2988 RMK AO2 SLP093 CB DSNT NE-E TCU DSNT N T04110133 58028,M
PHX,2025-09-01 21:51,-112.0116,33.4343,337.00,106.00,56.00,19.60,M,4.00,0.00,29.84,1008.30,10.00,M,FEW,FEW,BKN,M,9000.00,16000.00,25000.00,M,M,M,M,M,M,M,M,105.52,KPHX 012151Z VRB04KT 10SM FEW090 FEW160 BKN250 41/13 A2984 RMK AO2 SLP083 CB DSNT NE-E T04110133,M
PHX,2025-09-01 22:51,-112.0116,33.4343,337.00,105.00,55.00,19.46,M,3.00,0.00,29.82,1007.60,10.00,M,FEW,FEW,BKN,M,9000.00,18000.00,25000.00,M,M,M,M,M,M,M,M,103.99,KPHX 012251Z VRB03KT 10SM FEW090 FEW180 BKN250 41/13 A2982 RMK AO2 SLP076 CB DSNT NE-E T04060128,M
PHX,2025-09-01 23:51,-112.0116,33.4343,337.00,105.00,55.00,19.46,M,4.00,0.00,29.81,1007.10,10.00,M,FEW,FEW,BKN,M,9000.00,18000.00,25000.00,M,M,M,M,M,M,M,M,103.99,KPHX 012351Z COR VRB04KT 10SM FEW090 FEW180 BKN250 41/13 A2981 RMK AO2 SLP071 OCNL LTGCG DSNT NE-SE CB DSNT NE-SE BLDU DSNT E-SE T04060128 10417 20361 56022,M
PHX,2025-09-02 00:33,-112.0116,33.4343,337.00,105.00,55.00,19.46,20.00,9.00,0.00,29.83,M,10.00,15.00,FEW,SCT,SCT,BKN,0.00,9000.00,18000.00,22000.00,M,M,M,M,M,M,M,103.99,KPHX 020033Z 02009G15KT 10SM FEW000 SCT090 SCT180 BKN220 41/13 A2983 RMK AO2 PRESRR FRQ LTGCG DSNT NE-SE BLDU FEW000 CB DSNT NE-SE VIS LWR NE T04060128,M
PHX,2025-09-02 00:37,-112.0116,33.4343,337.00,103.00,57.00,22.20,80.00,26.00,0.00,29.85,M,2.50,39.00,FEW,SCT,SCT,BKN,0.00,9000.00,18000.00,22000.00,BLDU,M,M,M,39.00,80.00,2025-09-02 00:37,102.65,KPHX 020037Z 08026G39KT 2 1/2SM BLDU FEW000 SCT090 SCT180 BKN220 39/14 A2985 RMK AO2 PK WND 08039/0037 PRESRR FRQ LTGCG DSNT NE-SE BLDU FEW000 CB DSNT NE-SE T03940139,M
PHX,2025-09-02 00:42,-112.0116,33.4343,337.00,99.00,58.00,25.94,80.00,32.00,0.00,29.85,M,3.00,45.00,FEW,SCT,BKN,BKN,1300.00,9000.00,18000.00,22000.00,BLDU,M,M,M,45.00,70.00,2025-09-02 00:39,98.58,KPHX 020042Z COR 08032G45KT 3SM BLDU FEW013 SCT090CB BKN180 BKN220 37/14 A2985 RMK AO2 PK WND 07045/0039 FRQ LTGCG DSNT N-E-SE CB NE MOV W AND DSNT N-E-SE T03720144 $,M
PHX,2025-09-02 00:49,-112.0116,33.4343,337.00,98.60,57.20,25.51,80.00,25.00,0.00,29.86,M,4.00,41.00,SCT,BKN,BKN,BKN,1100.00,9000.00,18000.00,22000.00,TS BLDU,M,M,M,45.00,70.00,2025-09-02 00:39,97.80,KPHX 020049Z 08025G41KT 4SM TS BLDU SCT011 BKN090CB BKN180 BKN220 37/14 A2986 RMK AO2 PK WND 07045/0039 WSHFT 0034 TSB49 FRQ LTGCG NE AND DSNT N-E-SE TS NE MOV W CB DSNT N-E-SE $,M
PHX,2025-09-02 00:51,-112.0116,33.4343,337.00,97.00,57.00,26.58,80.00,24.00,0.00,29.86,1008.80,5.00,38.00,SCT,BKN,BKN,BKN,1100.00,9000.00,18000.00,22000.00,TS BLDU,M,M,M,45.00,70.00,2025-09-02 00:39,95.96,KPHX 020051Z 08024G38KT 5SM TS BLDU SCT011 BKN090CB BKN180 BKN220 36/14 A2986 RMK AO2 PK WND 07045/0039 WSHFT 0034 TSB49 SLP088 FRQ LTGCG NE AND DSNT N-E-SE TS NE AND SE MOV W CB DSNT N-E-SE T03610139 $,M
PHX,2025-09-02 00:58,-112.0116,33.4343,337.00,97.00,56.00,25.64,90.00,25.00,0.00,29.86,M,4.00,34.00,SCT,BKN,BKN,BKN,1100.00,9000.00,18000.00,22000.00,TS BLDU,M,M,M,34.00,90.00,2025-09-02 00:54,95.60,KPHX 020058Z 09025G34KT 4SM TS BLDU SCT011 BKN090CB BKN180 BKN220 36/13 A2986 RMK AO2 PK WND 09034/0054 WSHFT 0038 FRQ LTGCG NE AND SE AND DSNT N-E-SE TS NE AND SE MOV W CB DSNT N-E-SE T03610133 $,M
PHX,2025-09-02 01:51,-112.0116,33.4343,337.00,91.00,57.00,31.98,130.00,8.00,T,29.90,1010.30,10.00,22.00,FEW,SCT,BKN,M,7500.00,9000.00,11000.00,M,-TSRA,M,M,M,48.00,180.00,2025-09-02 01:38,89.62,KPHX 020151Z 13008G22KT 090V190 10SM -TSRA FEW075 SCT090CB BKN110 33/14 A2990 RMK AO2 PK WND 18048/0138 WSHFT 0038 RAB26 SLP103 CONS LTGCGICCC S-W-NW TS S-W-NW MOV W P0000 T03280139 $,M
PHX,2025-09-02 02:11,-112.0116,33.4343,337.00,96.00,53.00,23.70,220.00,8.00,T,29.85,M,10.00,M,FEW,BKN,BKN,M,7000.00,9000.00,11000.00,M,M,M,M,M,M,M,M,93.62,KPHX 020211Z 22008KT 10SM FEW070 BKN090 BKN110 36/12 A2985 RMK AO2 RAE10 TSE11 PRESFR FRQ LTGCGICCC DSNT SW-W CB DSNT S-SW SHRA DSNT NW-N AND S-SW P0000 T03560117 $,M
PHX,2025-09-02 02:51,-112.0116,33.4343,337.00,93.00,56.00,28.99,200.00,6.00,T,29.84,1008.30,10.00,M,SCT,SCT,BKN,M,9000.00,11000.00,18000.00,M,M,M,M,M,M,M,M,91.35,KPHX 020251Z 20006KT 10SM SCT090 SCT110 BKN180 34/13 A2984 RMK AO2 RAE10 TSE11 SLP083 OCNL LTGIC DSNT SW CB DSNT SW SHRA DSNT W P0000 60000 T03390133 50011 $,M
PHX,2025-09-02 03:51,-112.0116,33.4343,337.00,89.00,62.00,40.69,90.00,15.00,0.00,29.88,1009.80,10.00,M,FEW,SCT,BKN,M,8000.00,11000.00,18000.00,M,M,M,M,M,32.00,50.00,2025-09-02 03:32,89.46,KPHX 020351Z 09015KT 10SM FEW080 SCT110 BKN180 32/17 A2988 RMK AO2 PK WND 05032/0332 SLP098 T03170167 $,M
PHX,2025-09-02 04:51,-112.0116,33.4343,337.00,91.00,62.00,38.22,90.00,12.00,0.00,29.89,1010.10,10.00,M,FEW,SCT,BKN,M,8000.00,11000.00,18000.00,M,M,M,M,M,M,M,M,91.55,KPHX 020451Z 09012KT 10SM FEW080 SCT110 BKN180 33/17 A2989 RMK AO2 SLP101 T03280167 $,M
PHX,2025-09-02 05:51,-112.0116,33.4343,337.00,90.00,62.00,39.43,80.00,8.00,0.00,29.89,1010.00,10.00,M,SCT,BKN,BKN,M,11000.00,18000.00,24000.00,M,M,M,M,M,M,M,M,90.49,KPHX 020551Z 08008KT 10SM SCT110 BKN180 BKN240 32/17 A2989 RMK AO2 SLP100 60000 T03220167 10411 20317 50017 $,M
PHX,2025-09-02 06:51,-112.0116,33.4343,337.00,91.00,61.00,36.89,90.00,10.00,0.00,29.89,1010.00,10.00,M,SCT,BKN,OVC,M,14000.00,18000.00,24000.00,M,M,M,M,M,M,M,M,91.09,KPHX 020651Z 09010KT 10SM SCT140 BKN180 OVC240 33/16 A2989 RMK AO2 SLP100 T03280161 404170311 $,M
PHX,2025-09-02 07:51,-112.0116,33.4343,337.00,89.00,63.00,42.15,110.00,6.00,0.00,29.91,1010.40,10.00,M,SCT,BKN,OVC,M,11000.00,19000.00,24000.00,M,M,M,M,M,M,M,M,89.92,KPHX 020751Z 11006KT 10SM SCT110 BKN190 OVC240 32/17 A2991 RMK AO2 SLP104 T03170172 $,M
PHX,2025-09-02 08:51,-112.0116,33.4343,337.00,90.00,60.00,36.73,90.00,7.00,0.00,29.91,1010.50,10.00,M,SCT,BKN,OVC,M,11000.00,18000.00,20000.00,M,M,M,M,M,M,M,M,89.65,KPHX 020851Z 09007KT 10SM SCT110 BKN180 OVC200 32/16 A2991 RMK AO2 SLP105 T03220156 53005 $,M
PHX,2025-09-02 09:51,-112.0116,33.4343,337.00,91.00,59.00,34.36,80.00,7.00,0.00,29.91,1010.40,10.00,M,FEW,BKN,BKN,M,11000.00,16000.00,19000.00,M,M,M,M,M,M,M,M,90.29,KPHX 020951Z 08007KT 10SM FEW110 BKN160 BKN190 33/15 A2991 RMK AO2 SLP104 T03280150 $,M
PHX,2025-09-02 10:51,-112.0116,33.4343,337.00,89.00,60.00,37.91,110.00,6.00,0.00,29.91,1010.50,10.00,M,SCT,BKN,BKN,M,11000.00,18000.00,20000.00,M,M,M,M,M,M,M,M,88.65,KPHX 021051Z 11006KT 10SM SCT110 BKN180 BKN200 32/16 A2991 RMK AO2 SLP105 T03170156 $,M
PHX,2025-09-02 11:51,-112.0116,33.4343,337.00,89.00,59.00,36.58,90.00,7.00,0.00,29.91,1010.70,10.00,M,SCT,BKN,BKN,M,11000.00,18000.00,20000.00,M,M,M,M,M,M,M,M,88.29,KPHX 021151Z 09007KT 10SM SCT110 BKN180 BKN200 32/15 A2991 RMK AO2 SLP107 T03170150 10328 20317 53002 $,M
PHX,2025-09-02 12:51,-112.0116,33.4343,337.00,89.00,59.00,36.58,130.00,5.00,0.00,29.92,1011.10,10.00,M,FEW,BKN,M,M,11000.00,21000.00,M,M,M,M,M,M,M,M,M,88.29,KPHX 021251Z 13005KT 10SM FEW110 BKN210 32/15 A2992 RMK AO2 SLP111 T03170150 $,M
PHX,2025-09-02 13:51,-112.0116,33.4343,337.00,89.00,59.00,36.58,100.00,5.00,0.00,29.94,1011.70,10.00,M,FEW,BKN,BKN,M,11000.00,21000.00,25000.00,M,M,M,M,M,M,M,M,88.29,KPHX 021351Z 10005KT 10SM FEW110 BKN210 BKN250 32/15 A2994 RMK AO2 SLP117 T03170150 $,M
PHX,2025-09-02 14:51,-112.0116,33.4343,337.00,92.00,59.00,33.31,100.00,9.00,0.00,29.95,1011.90,10.00,M,FEW,BKN,BKN,M,11000.00,20000.00,25000.00,M,M,M,M,M,M,M,M,91.33,KPHX 021451Z 10009KT 10SM FEW110 BKN200 BKN250 33/15 A2995 RMK AO2 SLP119 T03330150 52010 $,M
PHX,2025-09-02 15:51,-112.0116,33.4343,337.00,97.00,58.00,27.56,100.00,9.00,0.00,29.94,1011.90,10.00,M,BKN,BKN,M,M,20000.00,27000.00,M,M,M,M,M,M,M,M,M,96.35,KPHX 021551Z 10009KT 10SM BKN200 BKN270 36/14 A2994 RMK AO2 SLP119 T03610144 $,M
PHX,2025-09-02 16:51,-112.0116,33.4343,337.00,101.00,56.00,22.73,110.00,17.00,0.00,29.94,1011.80,10.00,23.00,SCT,BKN,M,M,19000.00,27000.00,M,M,M,M,M,M,M,M,M,100.00,KPHX 021651Z 11017G23KT 10SM SCT190 BKN270 38/13 A2994 RMK AO2 SLP118 T03830133,M
PHX,2025-09-02 17:51,-112.0116,33.4343,337.00,102.00,57.00,22.87,120.00,9.00,0.00,29.94,1011.70,10.00,17.00,BKN,BKN,M,M,20000.00,27000.00,M,M,M,M,M,M,M,M,M,101.53,KPHX 021751Z 12009G17KT 090V160 10SM BKN200 BKN270 39/14 A2994 RMK AO2 SLP117 T03890139 10389 20317 58001,M
PHX,2025-09-02 18:51,-112.0116,33.4343,337.00,101.00,57.00,23.56,150.00,10.00,0.00,29.92,1011.10,10.00,19.00,FEW,BKN,BKN,M,8000.00,20000.00,27000.00,M,M,M,M,M,M,M,M,100.40,KPHX 021851Z 15010G19KT 10SM FEW080 BKN200 BKN270 38/14 A2992 RMK AO2 SLP111 T03830139,M
PHX,2025-09-02 19:51,-112.0116,33.4343,337.00,105.00,53.00,18.09,110.00,9.00,0.00,29.90,1010.10,10.00,M,FEW,BKN,BKN,M,8000.00,20000.00,27000.00,M,M,M,M,M,M,M,M,103.21,KPHX 021951Z 11009KT 10SM FEW080 BKN200 BKN270 41/12 A2990 RMK AO2 SLP101 T04060117,M
PHX,2025-09-02 20:51,-112.0116,33.4343,337.00,108.00,52.00,15.98,140.00,7.00,0.00,29.85,1008.50,10.00,21.00,FEW,SCT,BKN,M,8000.00,20000.00,27000.00,M,M,M,M,M,M,M,M,105.97,KPHX 022051Z 14007G21KT 080V160 10SM FEW080 SCT200 BKN270 42/11 A2985 RMK AO2 SLP085 CB DSNT NE AND S-SW SHRA DSNT NE T04220111 58029,M
PHX,2025-09-02 21:51,-112.0116,33.4343,337.00,107.00,53.00,17.06,200.00,6.00,0.00,29.82,1007.40,10.00,M,SCT,SCT,BKN,BKN,8000.00,12000.00,20000.00,25000.00,M,M,M,M,M,M,M,105.32,KPHX 022151Z COR 20006KT 10SM SCT080 SCT120 BKN200 BKN250 42/12 A2982 RMK AO2 SLP074 VIRGA CB DSNT S-SW T04170117,M
PHX,2025-09-02 22:51,-112.0116,33.4343,337.00,107.00,55.00,18.36,230.00,9.00,0.00,29.80,1006.90,10.00,M,SCT,SCT,BKN,BKN,8000.00,13000.00,20000.00,25000.00,M,M,M,M,M,M,M,106.16,KPHX 022251Z 23009KT 10SM SCT080 SCT130 BKN200 BKN250 42/13 A2980 RMK AO2 SLP069 T04170128,M
PHX,2025-09-02 23:51,-112.0116,33.4343,337.00,104.00,53.00,18.63,250.00,10.00,0.00,29.80,1006.80,10.00,M,FEW,SCT,BKN,OVC,8000.00,13000.00,20000.00,25000.00,M,M,M,M,M,M,M,102.15,KPHX 022351Z 25010KT 10SM FEW080 SCT130 BKN200 OVC250 40/12 A2980 RMK AO2 SLP068 T04000117 10428 20383 56017,M
PHX,2025-09-03 00:51,-112.0116,33.4343,337.00,97.00,60.00,29.60,260.00,15.00,0.00,29.82,1007.70,10.00,21.00,FEW,SCT,BKN,OVC,8000.00,13000.00,20000.00,25000.00,M,M,M,M,M,M,M,97.22,KPHX 030051Z 26015G21KT 10SM FEW080 SCT130 BKN200 OVC250 36/16 A2982 RMK AO2 SLP077 T03610156,M
PHX,2025-09-03 01:51,-112.0116,33.4343,337.00,93.00,61.00,34.67,270.00,15.00,0.00,29.84,1008.30,10.00,M,FEW,SCT,BKN,OVC,8000.00,12000.00,16000.00,22000.00,M,M,M,M,27.00,270.00,2025-09-03 01:09,93.23,KPHX 030151Z 27015KT 10SM FEW080 SCT120 BKN160 OVC220 34/16 A2984 RMK AO2 PK WND 27027/0109 SLP083 BLDU DSNT NE-SE T03390161,M
PHX,2025-09-03 02:51,-112.0116,33.4343,337.00,91.00,62.00,38.22,280.00,8.00,0.00,29.89,1010.00,10.00,M,SCT,BKN,OVC,M,12000.00,15000.00,20000.00,M,M,M,M,M,M,M,M,91.55,KPHX 030251Z 28008KT 10SM SCT120 BKN150 OVC200 33/17 A2989 RMK AO2 SLP100 BLDU DSNT E-SE T03280167 53030,M
PHX,2025-09-03 03:51,-112.0116,33.4343,337.00,92.00,60.00,34.51,350.00,7.00,0.00,29.91,1010.60,10.00,M,BKN,OVC,M,M,15000.00,19000.00,M,M,M,M,M,M,M,M,M,91.73,KPHX 030351Z 35007KT 10SM BKN150 OVC190 33/16 A2991 RMK AO2 SLP106 T03330156,M
PHX,2025-09-03 04:51,-112.0116,33.4343,337.00,91.00,60.00,35.61,10.00,4.00,0.00,29.94,1011.70,10.00,M,SCT,BKN,OVC,M,10000.00,15000.00,19000.00,M,M,M,M,M,M,M,M,90.68,KPHX 030451Z 01004KT 10SM SCT100 BKN150 OVC190 33/16 A2994 RMK AO2 SLP117 T03280156,M
PHX,2025-09-03 05:51,-112.0116,33.4343,337.00,86.00,65.00,49.70,170.00,13.00,0.00,29.96,1012.40,10.00,M,SCT,BKN,OVC,M,10000.00,15000.00,19000.00,M,M,M,M,M,M,M,M,87.80,KPHX 030551Z 17013KT 10SM SCT100 BKN150 OVC190 30/18 A2996 RMK AO2 SLP124 T03000183 10400 20300 51022,M
PHX,2025-09-03 06:51,-112.0116,33.4343,337.00,86.00,64.00,47.99,150.00,6.00,0.00,29.96,1012.50,10.00,M,SCT,BKN,BKN,M,10000.00,16000.00,19000.00,M,M,M,M,M,M,M,M,87.34,KPHX 030651Z 15006KT 10SM SCT100 BKN160 BKN190 30/18 A2996 RMK AO2 SLP125 T03000178 404280300,M
PHX,2025-09-03 07:51,-112.0116,33.4343,337.00,85.00,64.00,49.55,160.00,6.00,0.00,29.95,1012.10,10.00,M,FEW,BKN,BKN,M,12000.00,16000.00,20000.00,M,M,M,M,M,M,M,M,86.35,KPHX 030751Z 16006KT 10SM FEW120 BKN160 BKN200 29/18 A2995 RMK AO2 SLP121 T02940178,M
PHX,2025-09-03 08:51,-112.0116,33.4343,337.00,85.00,64.00,49.55,100.00,4.00,0.00,29.94,1011.50,10.00,M,FEW,SCT,BKN,M,12000.00,16000.00,19000.00,M,M,M,M,M,M,M,M,86.35,KPHX 030851Z 10004KT 10SM FEW120 SCT160 BKN190 29/18 A2994 RMK AO2 SLP115 T02940178 58007,M
PHX,2025-09-03 09:51,-112.0116,33.4343,337.00,85.00,64.00,49.55,20.00,3.00,0.00,29.93,1011.10,10.00,M,FEW,FEW,M,M,14000.00,17000.00,M,M,M,M,M,M,M,M,M,86.35,KPHX 030951Z 02003KT 10SM FEW140 FEW170 29/18 A2993 RMK AO2 SLP111 T02940178,M
PHX,2025-09-03 10:51,-112.0116,33.4343,337.00,84.00,65.00,52.98,0.00,0.00,0.00,29.92,1011.00,10.00,M,FEW,FEW,FEW,M,10000.00,14000.00,16000.00,M,M,M,M,M,M,M,M,85.79,KPHX 031051Z 00000KT 10SM FEW100 FEW140 FEW160 29/18 A2992 RMK AO2 SLP110 T02890183,M
PHX,2025-09-03 11:51,-112.0116,33.4343,337.00,84.00,65.00,52.98,220.00,3.00,0.00,29.94,1011.70,10.00,M,FEW,FEW,FEW,M,10000.00,14000.00,16000.00,M,M,M,M,M,M,M,M,85.79,KPHX 031151Z 22003KT 10SM FEW100 FEW140 FEW160 29/18 A2994 RMK AO2 SLP117 T02890183 10300 20289 53000,M
PHX,2025-09-03 12:51,-112.0116,33.4343,337.00,85.00,64.00,49.55,0.00,0.00,0.00,29.95,1012.00,10.00,M,BKN,M,M,M,15000.00,M,M,M,M,M,M,M,M,M,M,86.35,KPHX 031251Z 00000KT 10SM BKN150 29/18 A2995 RMK AO2 SLP120 T02940178,M
PHX,2025-09-03 13:51,-112.0116,33.4343,337.00,85.00,65.00,51.31,230.00,3.00,0.00,29.96,1012.50,10.00,M,BKN,BKN,M,M,17000.00,24000.00,M,M,M,M,M,M,M,M,M,86.79,KPHX 031351Z 23003KT 10SM BKN170 BKN240 29/18 A2996 RMK AO2 SLP125 T02940183,M
PHX,2025-09-03 14:51,-112.0116,33.4343,337.00,85.00,65.00,51.31,360.00,7.00,0.00,29.96,1012.50,10.00,M,BKN,BKN,M,M,16000.00,24000.00,M,M,M,M,M,M,M,M,M,86.79,KPHX 031451Z 36007KT 10SM BKN160 BKN240 29/18 A2996 RMK AO2 SLP125 T02940183 51007,M
PHX,2025-09-03 15:51,-112.0116,33.4343,337.00,88.00,64.00,45.05,M,3.00,0.00,29.96,1012.60,10.00,M,FEW,BKN,BKN,M,14000.00,17000.00,25000.00,M,M,M,M,M,M,M,M,89.37,KPHX 031551Z VRB03KT 10SM FEW140 BKN170 BKN250 31/18 A2996 RMK AO2 SLP126 T03110178,M
PHX,2025-09-03 16:51,-112.0116,33.4343,337.00,93.00,63.00,37.21,180.00,4.00,0.00,29.97,1012.70,10.00,M,FEW,BKN,M,M,15000.00,24000.00,M,M,M,M,M,M,M,M,M,94.23,KPHX 031651Z 18004KT 10SM FEW150 BKN240 34/17 A2997 RMK AO2 SLP127 T03390172,M
PHX,2025-09-03 17:51,-112.0116,33.4343,337.00,95.00,60.00,31.46,280.00,4.00,0.00,29.95,1012.00,10.00,M,FEW,BKN,BKN,M,13000.00,19000.00,27000.00,M,M,M,M,M,M,M,M,94.98,KPHX 031751Z 28004KT 10SM FEW130 BKN190 BKN270 35/16 A2995 RMK AO2 SLP120 T03500156 10350 20289 58004,M
PHX,2025-09-03 18:51,-112.0116,33.4343,337.00,99.00,60.00,27.86,210.00,5.00,0.00,29.92,1011.20,10.00,M,FEW,BKN,BKN,M,13000.00,19000.00,27000.00,M,M,M,M,M,M,M,M,99.50,KPHX 031851Z 21005KT 10SM FEW130 BKN190 BKN270 37/16 A2992 RMK AO2 SLP112 CB DSNT N T03720156,M
PHX,2025-09-03 19:51,-112.0116,33.4343,337.00,99.00,59.00,26.88,M,4.00,0.00,29.90,1010.40,10.00,M,FEW,BKN,BKN,M,13000.00,20000.00,27000.00,M,M,M,M,M,M,M,M,99.03,KPHX 031951Z VRB04KT 10SM FEW130 BKN200 BKN270 37/15 A2990 RMK AO2 SLP104 CB DSNT N T03720150,M
PHX,2025-09-03 20:51,-112.0116,33.4343,337.00,101.00,58.00,24.43,0.00,0.00,0.00,29.87,1009.40,10.00,M,FEW,FEW,SCT,SCT,9000.00,12000.00,17000.00,25000.00,M,M,M,M,M,M,M,100.84,KPHX 032051Z 00000KT 10SM FEW090 FEW120 SCT170 SCT250 38/14 A2987 RMK AO2 SLP094 CB DSNT SE TCU DSNT S T03830144 58025,M
PHX,2025-09-03 21:51,-112.0116,33.4343,337.00,102.00,57.00,22.87,120.00,3.00,0.00,29.84,1008.10,10.00,M,FEW,FEW,SCT,M,9000.00,15000.00,23000.00,M,M,M,M,M,M,M,M,101.53,KPHX 032151Z 12003KT 10SM FEW090 FEW150 SCT230 39/14 A2984 RMK AO2 SLP081 CB DSNT E-SE T03890139,M
PHX,2025-09-03 22:51,-112.0116,33.4343,337.00,104.00,53.00,18.63,190.00,8.00,0.00,29.81,1007.30,10.00,M,FEW,FEW,SCT,M,9000.00,15000.00,23000.00,M,M,M,M,M,M,M,M,102.15,KPHX 032251Z 19008KT 10SM FEW090 FEW150 SCT230 40/12 A2981 RMK AO2 SLP073 CB DSNT NE-SE T04000117,M
PHX,2025-09-03 23:51,-112.0116,33.4343,337.00,104.00,52.00,17.96,170.00,9.00,0.00,29.80,1006.80,10.00,M,FEW,FEW,SCT,M,9000.00,15000.00,23000.00,M,M,M,M,M,M,M,M,101.80,KPHX 032351Z 17009KT 10SM FEW090 FEW150 SCT230 40/11 A2980 RMK AO2 SLP068 OCNL LTGCG DSNT NE CB DSNT NE-SE T04000111 10411 20344 56025,M
PHX,2025-09-04 00:51,-112.0116,33.4343,337.00,102.00,52.00,19.06,160.00,4.00,0.00,29.80,1007.10,10.00,M,FEW,FEW,BKN,M,9000.00,15000.00,23000.00,M,M,M,M,M,M,M,M,99.68,KPHX 040051Z 16004KT 10SM FEW090 FEW150 BKN230 39/11 A2980 RMK AO2 SLP071 CB DSNT NE AND SE T03890111,M
PHX,2025-09-04 01:51,-112.0116,33.4343,337.00,100.00,56.00,23.42,260.00,10.00,0.00,29.80,1006.90,10.00,M,FEW,FEW,BKN,M,9000.00,15000.00,25000.00,M,M,M,M,M,M,M,M,98.89,KPHX 040151Z 26010KT 10SM FEW090 FEW150 BKN250 38/13 A2980 RMK AO2 SLP069 CB DSNT SE-S SHRA DSNT S T03780133,M
PHX,2025-09-04 02:51,-112.0116,33.4343,337.00,99.00,58.00,25.94,260.00,10.00,0.00,29.83,1008.00,10.00,M,SCT,SCT,BKN,M,9000.00,15000.00,25000.00,M,M,M,M,M,M,M,M,98.58,KPHX 040251Z 26010KT 10SM SCT090 SCT150 BKN250 37/14 A2983 RMK AO2 SLP080 CONS LTGCGIC DSNT SE-S CB DSNT SE-S T03720144 53011,M
PHX,2025-09-04 03:28,-112.0116,33.4343,337.00,98.00,59.00,27.71,220.00,12.00,0.00,29.86,M,10.00,M,FEW,SCT,BKN,BKN,0.00,9000.00,11000.00,15000.00,M,M,M,M,M,M,M,97.89,KPHX 040328Z 22012KT 10SM FEW000 SCT090 BKN110 BKN150 37/15 A2986 RMK AO2 CONS LTGCGIC DSNT SE-S BLDU FEW000 CB DSNT SE-S T03670150,M
PHX,2025-09-04 03:32,-112.0116,33.4343,337.00,97.00,59.00,28.56,190.00,26.00,0.00,29.87,M,2.00,34.00,SCT,BKN,BKN,BKN,0.00,9000.00,11000.00,15000.00,BLDU,M,M,M,34.00,180.00,2025-09-04 03:32,96.77,KPHX 040332Z 19026G34KT 2SM BLDU SCT000 BKN090 BKN110 BKN150 36/15 A2987 RMK AO2 PK WND 18034/0332 PRESRR CONS LTGCGIC DSNT SE-S BLDU SCT000 CB DSNT SE-S T03610150,M
PHX,2025-09-04 03:33,-112.0116,33.4343,337.00,96.00,59.00,29.45,190.00,25.00,0.00,29.87,M,1.50,34.00,SCT,BKN,BKN,BKN,0.00,9000.00,11000.00,15000.00,BLDU,M,M,M,34.00,180.00,2025-09-04 03:32,95.65,KPHX 040333Z 19025G34KT 1 1/2SM BLDU SCT000 BKN090 BKN110 BKN150 36/15 A2987 RMK AO2 PK WND 18034/0332 PRESRR CONS LTGCGIC DSNT SE-S BLDU SCT000 CB DSNT SE-S T03560150,M
PHX,2025-09-04 03:34,-112.0116,33.4343,337.00,95.00,60.00,31.46,190.00,22.00,0.00,29.86,M,0.50,34.00,SCT,BKN,BKN,BKN,0.00,9000.00,11000.00,15000.00,DS,M,M,M,34.00,180.00,2025-09-04 03:32,94.98,KPHX 040334Z 19022G34KT 1/2SM R07L/P6000FT DS SCT000 BKN090 BKN110 BKN150 35/16 A2986 RMK AO2 PK WND 18034/0332 CONS LTGCGIC DSNT SE-S BLDU SCT000 CB DSNT SE-S T03500156,M
PHX,2025-09-04 03:36,-112.0116,33.4343,337.00,92.00,60.00,34.51,200.00,15.00,0.00,29.87,M,0.50,34.00,SCT,BKN,BKN,M,0.00,9000.00,11000.00,M,TS DS,M,M,M,34.00,180.00,2025-09-04 03:32,91.73,KPHX 040336Z COR 20015G34KT 1/2SM R07L/P6000FT TS DS SCT000 BKN090CB BKN110 33/16 A2987 RMK AO2 PK WND 18034/0332 TSB36 PRESRR CONS LTGCGIC SE-S TS SE MOV N BLDU SCT000 T03330156,M
PHX,2025-09-04 03:42,-112.0116,33.4343,337.00,90.00,61.00,38.06,190.00,9.00,0.00,29.88,M,0.25,32.00,BKN,BKN,BKN,M,800.00,9000.00,11000.00,M,TS +DS,M,M,M,34.00,180.00,2025-09-04 03:32,90.06,KPHX 040342Z 19009G32KT 150V220 1/4SM R07L/4000VP6000FT TS +DS BKN008 BKN090CB BKN110 32/16 A2988 RMK AO2 PK WND 18034/0332 WSHFT 0324 TSB36 CONS LTGCGIC SE-S TS SE MOV N T03220161,M
PHX,2025-09-04 03:45,-112.0116,33.4343,337.00,89.60,60.80,38.27,190.00,14.00,0.00,29.88,M,0.25,23.00,BKN,BKN,BKN,M,600.00,9000.00,11000.00,M,TS +DS,M,M,M,34.00,180.00,2025-09-04 03:32,89.56,KPHX 040345Z 19014G23KT 1/4SM R07L/3500VP6000FT TS +DS BKN006 BKN090CB BKN110 32/16 A2988 RMK AO2 PK WND 18034/0332 WSHFT 0324 TSB36 CONS LTGCGIC E-SE TS E-SE MOV N,M
PHX,2025-09-04 03:51,-112.0116,33.4343,337.00,90.00,59.00,35.45,160.00,20.00,0.00,29.88,1009.60,0.25,34.00,BKN,BKN,OVC,M,600.00,9000.00,11000.00,M,TS +DS,M,M,M,34.00,180.00,2025-09-04 03:32,89.28,KPHX 040351Z 16020G34KT 1/4SM R07L/3500V4500FT TS +DS BKN006 BKN090CB OVC110 32/15 A2988 RMK AO2 PK WND 18034/0332 WSHFT 0324 TSB36 SLP096 CONS LTGCGIC E-S TS E-S MOV N T03220150,M
PHX,2025-09-04 03:55,-112.0116,33.4343,337.00,89.00,59.00,36.58,160.00,20.00,0.00,29.88,M,0.50,34.00,BKN,BKN,OVC,M,600.00,9000.00,11000.00,M,TS DS,M,M,M,33.00,160.00,2025-09-04 03:52,88.29,KPHX 040355Z 16020G34KT 1/2SM R07L/3500V4500FT TS DS BKN006 BKN090CB OVC110 32/15 A2988 RMK AO2 PK WND 16033/0352 CONS LTGCGIC E-S TS E AND S MOV N T03170150,M
PHX,2025-09-04 03:59,-112.0116,33.4343,337.00,89.00,60.00,37.91,160.00,20.00,0.00,29.89,M,1.50,33.00,BKN,BKN,OVC,M,600.00,9000.00,11000.00,M,TS BLDU,M,M,M,33.00,160.00,2025-09-04 03:52,88.65,KPHX 040359Z 16020G33KT 1 1/2SM R07L/4000VP6000FT TS BLDU BKN006 BKN090CB OVC110 32/16 A2989 RMK AO2 PK WND 16033/0352 CONS LTGCGIC NE-SE AND DSNT S TS NE-SE MOV N CB DSNT S T03170156,M
PHX,2025-09-04 04:04,-112.0116,33.4343,337.00,87.00,62.00,43.34,150.00,20.00,0.00,29.89,M,2.50,29.00,BKN,BKN,OVC,M,600.00,9000.00,11000.00,M,TS BLDU,M,M,M,33.00,160.00,2025-09-04 03:52,87.47,KPHX 040404Z 15020G29KT 2 1/2SM R07L/4500VP6000FT TS BLDU BKN006 BKN090CB OVC110 31/17 A2989 RMK AO2 PK WND 16033/0352 CONS LTGCGIC NE-SE AND DSNT S TS NE-SE MOV N CB DSNT S T03060167,M
PHX,2025-09-04 04:08,-112.0116,33.4343,337.00,87.00,62.00,43.34,150.00,16.00,0.00,29.89,M,4.00,31.00,SCT,BKN,OVC,M,600.00,9000.00,11000.00,M,TS BLDU,M,M,M,33.00,160.00,2025-09-04 03:52,87.47,KPHX 040408Z 15016G31KT 4SM TS BLDU SCT006 BKN090CB OVC110 31/17 A2989 RMK AO2 PK WND 16033/0352 CONS LTGCGIC NE-SE AND DSNT S TS NE-SE MOV N CB DSNT S T03060167,M
PHX,2025-09-04 04:51,-112.0116,33.4343,337.00,87.00,61.00,41.83,150.00,21.00,0.00,29.91,1010.80,10.00,30.00,BKN,BKN,OVC,M,8000.00,10000.00,14000.00,M,TS,M,M,M,33.00,160.00,2025-09-04 03:52,87.08,KPHX 040451Z 15021G30KT 10SM TS BKN080CB BKN100 OVC140 31/16 A2991 RMK AO2 PK WND 16033/0352 SLP108 CONS LTGCGCCIC ALQDS TS ALQDS MOV NW T03060161 $,M
PHX,2025-09-04 05:51,-112.0116,33.4343,337.00,79.00,64.00,60.17,200.00,15.00,0.03,29.94,1011.80,10.00,29.00,BKN,BKN,OVC,M,8000.00,10000.00,14000.00,M,-TSRA,M,M,M,32.00,180.00,2025-09-04 05:26,79.00,KPHX 040551Z 20015G29KT 10SM -TSRA BKN080CB BKN100 OVC140 26/18 A2994 RMK AO2 PK WND 18032/0526 RAB12 SLP118 CONS LTGCGICCCCA ALQDS AND DSNT ALQDS TS ALQDS MOV NW CB DSNT ALQDS P0003 60003 T02610178 10406 20261 51035 $,M
PHX,2025-09-04 06:51,-112.0116,33.4343,337.00,78.00,66.00,66.67,340.00,14.00,T,29.97,1012.80,10.00,M,BKN,BKN,OVC,M,11000.00,13000.00,15000.00,M,-TSRA,M,M,M,32.00,220.00,2025-09-04 06:03,78.00,KPHX 040651Z 34014KT 10SM -TSRA BKN110CB BKN130 OVC150 26/19 A2997 RMK AO2 PK WND 22032/0603 SLP128 CONS LTGICCCCA ALQDS AND DSNT ALQDS TS ALQDS MOV NW CB DSNT ALQDS P0000 T02560189 404110256 $,M
PHX,2025-09-04 07:28,-112.0116,33.4343,337.00,76.00,68.00,76.32,300.00,3.00,0.03,29.99,M,9.00,M,BKN,BKN,OVC,M,8000.00,11000.00,13000.00,M,RA,M,M,M,M,M,M,76.00,KPHX 040728Z 30003KT 9SM RA BKN080 BKN110 OVC130 24/20 A2999 RMK AO2 TSE28 FRQ LTGICCA DSNT SW-W AND NW CB DSNT SW-W AND NW P0003 T02440200 $,M
PHX,2025-09-04 07:51,-112.0116,33.4343,337.00,77.00,68.00,73.83,290.00,4.00,0.07,29.97,1012.80,6.00,M,BKN,BKN,OVC,M,9500.00,12000.00,14000.00,M,RA,M,M,M,M,M,M,77.00,KPHX 040751Z 29004KT 6SM RA BKN095 BKN120 OVC140 25/20 A2997 RMK AO2 TSE28 SLP128 FRQ LTGCGICCCCA DSNT SW-W AND NW CB DSNT SW-W AND NW P0007 T02500200 $,M
PHX,2025-09-04 08:39,-112.0116,33.4343,337.00,77.00,66.00,68.90,360.00,14.00,0.04,29.93,M,10.00,M,BKN,BKN,OVC,M,9500.00,12000.00,14000.00,M,VCTS -RA,M,M,M,M,M,M,77.00,KPHX 040839Z 36014KT 10SM VCTS -RA BKN095 BKN120 OVC140 25/19 A2993 RMK AO2 TSE33 PRESFR FRQ LTGCGICCCCA DSNT SW-W AND NW CB DSNT SW-W AND NW P0004 T02500189 $,M
PHX,2025-09-04 08:51,-112.0116,33.4343,337.00,79.00,65.00,62.31,350.00,13.00,0.04,29.91,1010.90,10.00,27.00,BKN,BKN,OVC,M,8000.00,11000.00,13000.00,M,-RA,M,M,M,27.00,360.00,2025-09-04 08:48,79.00,KPHX 040851Z 35013G27KT 10SM -RA BKN080 BKN110 OVC130 26/18 A2991 RMK AO2 PK WND 36027/0848 TSE33 PRESFR SLP109 FRQ LTGCGICCCCA DSNT SW-W AND NW CB DSNT SW-W AND NW P0004 60011 T02610183 58007 $,M
PHX,2025-09-04 09:51,-112.0116,33.4343,337.00,76.00,68.00,76.32,310.00,10.00,0.02,29.92,1011.30,8.00,M,BKN,OVC,M,M,11000.00,13000.00,M,M,RA,M,M,M,27.00,350.00,2025-09-04 09:02,76.00,KPHX 040951Z 31010KT 8SM RA BKN110 OVC130 24/20 A2992 RMK AO2 PK WND 35027/0902 SLP113 FRQ LTGIC DSNT W-NW CB DSNT W-NW P0002 T02440200 $,M
PHX,2025-09-04 10:11,-112.0116,33.4343,337.00,75.00,70.00,84.49,270.00,9.00,0.01,29.94,M,10.00,17.00,FEW,SCT,OVC,M,9000.00,11000.00,13000.00,M,-RA,M,M,M,M,M,M,75.00,KPHX 041011Z 27009G17KT 10SM -RA FEW090 SCT110 OVC130 24/21 A2994 RMK AO2 WSHFT 0951 FRQ LTGIC DSNT W-NW CB DSNT W-NW P0001 T02390211 $,M
PHX,2025-09-04 10:51,-112.0116,33.4343,337.00,76.00,67.00,73.73,290.00,8.00,0.02,29.92,1011.10,10.00,M,FEW,BKN,BKN,M,8000.00,11000.00,13000.00,M,-RA,M,M,M,M,M,M,76.00,KPHX 041051Z 29008KT 10SM -RA FEW080 BKN110 BKN130 24/19 A2992 RMK AO2 WSHFT 0951 SLP111 OCNL LTGICCC DSNT W CB DSNT W P0002 T02440194 $,M
PHX,2025-09-04 11:51,-112.0116,33.4343,337.00,76.00,68.00,76.32,230.00,4.00,T,29.92,1011.00,10.00,M,FEW,BKN,BKN,M,8000.00,11000.00,13000.00,M,M,M,M,M,M,M,M,76.00,KPHX 041151Z 23004KT 10SM FEW080 BKN110 BKN130 24/20 A2992 RMK AO2 RAE06 SLP110 OCNL LTGICCC DSNT W CB DSNT W P0000 60015 70018 T02440200 10278 20239 50000 $,M
PHX,2025-09-04 12:51,-112.0116,33.4343,337.00,77.00,68.00,73.83,0.00,0.00,0.00,29.91,1010.90,10.00,M,FEW,SCT,BKN,M,8000.00,11000.00,16000.00,M,M,M,M,M,M,M,M,77.00,KPHX 041251Z 00000KT 10SM FEW080 SCT110 BKN160 25/20 A2991 RMK AO2 SLP109 T02500200 $,M
PHX,2025-09-04 13:51,-112.0116,33.4343,337.00,78.00,69.00,73.93,180.00,5.00,0.00,29.91,1010.90,10.00,M,FEW,BKN,BKN,M,9000.00,16000.00,25000.00,M,M,M,M,M,M,M,M,78.00,KPHX 041351Z 18005KT 10SM FEW090 BKN160 BKN250 26/21 A2991 RMK AO2 SLP109 T02560206 $,M
PHX,2025-09-04 14:51,-112.0116,33.4343,337.00,80.00,65.00,60.30,190.00,4.00,0.00,29.93,1011.50,10.00,M,FEW,BKN,BKN,BKN,9000.00,15000.00,18000.00,25000.00,M,M,M,M,M,M,M,81.84,KPHX 041451Z 19004KT 10SM FEW090 BKN150 BKN180 BKN250 27/18 A2993 RMK AO2 SLP115 T02670183 53004 $,M
PHX,2025-09-04 15:51,-112.0116,33.4343,337.00,81.00,67.00,62.56,350.00,7.00,0.00,29.94,1011.80,10.00,M,FEW,SCT,BKN,BKN,9000.00,12000.00,15000.00,18000.00,M,M,M,M,M,M,M,83.44,KPHX 041551Z 35007KT 10SM FEW090 SCT120 BKN150 BKN180 BKN250 27/19 A2994 RMK AO2 SLP118 T02720194 $,M
PHX,2025-09-04 16:51,-112.0116,33.4343,337.00,81.00,68.00,64.76,340.00,6.00,0.00,29.95,1012.20,10.00,M,FEW,FEW,BKN,BKN,9000.00,12000.00,16000.00,25000.00,M,M,M,M,M,M,M,83.77,KPHX 041651Z 34006KT 10SM FEW090 FEW120 BKN160 BKN250 27/20 A2995 RMK AO2 SLP122 T02720200 $,M
PHX,2025-09-04 17:51,-112.0116,33.4343,337.00,84.00,64.00,51.16,290.00,3.00,0.00,29.94,1012.00,10.00,M,FEW,FEW,BKN,BKN,9000.00,12000.00,16000.00,25000.00,M,M,M,M,M,M,M,85.38,KPHX 041751Z 29003KT 10SM FEW090 FEW120 BKN160 BKN250 29/18 A2994 RMK AO2 SLP120 T02890178 10289 20244 50003,M
PHX,2025-09-04 18:51,-112.0116,33.4343,337.00,87.00,64.00,46.49,0.00,0.00,0.00,29.92,1011.30,10.00,M,FEW,SCT,BKN,BKN,10000.00,15000.00,18000.00,25000.00,M,M,M,M,M,M,M,88.34,KPHX 041851Z 00000KT 10SM FEW100 SCT150 BKN180 BKN250 31/18 A2992 RMK AO2 SLP113 T03060178,M
PHX,2025-09-04 19:51,-112.0116,33.4343,337.00,89.00,64.00,43.65,40.00,3.00,0.00,29.89,1010.40,10.00,M,FEW,SCT,BKN,BKN,12000.00,15000.00,18000.00,25000.00,M,M,M,M,M,M,M,90.41,KPHX 041951Z COR 04003KT 10SM FEW120 SCT150 BKN180 BKN250 32/18 A2989 RMK AO2 SLP104 T03170178,M
PHX,2025-09-04 20:51,-112.0116,33.4343,337.00,92.00,64.00,39.75,0.00,0.00,0.00,29.85,1008.80,10.00,M,FEW,FEW,SCT,SCT,12000.00,15000.00,18000.00,25000.00,M,M,M,M,M,M,M,93.66,KPHX 042051Z 00000KT 10SM FEW120 FEW150 SCT180 SCT250 33/18 A2985 RMK AO2 SLP088 CB DSNT N NE SE-S AND NW T03330178 58029,M
PHX,2025-09-04 21:51,-112.0116,33.4343,337.00,95.00,61.00,32.60,0.00,0.00,0.00,29.81,1007.40,10.00,M,FEW,FEW,SCT,SCT,10000.00,15000.00,18000.00,25000.00,M,M,M,M,M,M,M,95.44,KPHX 042151Z 00000KT 10SM FEW100 FEW150 SCT180 SCT250 35/16 A2981 RMK AO2 SLP074 CB DSNT S-SW AND NW T03500161,M
PHX,2025-09-04 22:51,-112.0116,33.4343,337.00,96.00,59.00,29.45,M,3.00,0.00,29.81,1007.40,10.00,M,FEW,SCT,BKN,BKN,10000.00,15000.00,18000.00,25000.00,M,M,M,M,M,M,M,95.65,KPHX 042251Z VRB03KT 10SM FEW100 SCT150 BKN180 BKN250 36/15 A2981 RMK AO2 SLP074 T03560150,M
PHX,2025-09-04 23:31,-112.0116,33.4343,337.00,95.00,59.00,30.36,180.00,13.00,0.00,29.80,M,10.00,20.00,FEW,SCT,BKN,BKN,0.00,10000.00,15000.00,20000.00,M,M,M,M,M,M,M,94.55,KPHX 042331Z 18013G20KT 10SM FEW000 SCT100 BKN150 BKN200 35/15 A2980 RMK AO2 BLDU FEW000 CB DSNT SW T03500150,M
PHX,2025-09-04 23:51,-112.0116,33.4343,337.00,92.00,61.00,35.76,170.00,12.00,0.00,29.80,1007.40,4.00,25.00,FEW,SCT,BKN,BKN,2100.00,10000.00,15000.00,20000.00,BLDU,M,M,M,28.00,180.00,2025-09-04 23:36,92.15,KPHX 042351Z 17012G25KT 4SM BLDU FEW021 SCT100 BKN150 BKN200 33/16 A2980 RMK AO2 PK WND 18028/2336 SLP074 OCNL LTGCG DSNT SW BLDU FEW021 CB DSNT SW T03330161 10361 20289 56015,M
PHX,2025-09-05 00:51,-112.0116,33.4343,337.00,90.00,62.00,39.43,190.00,15.00,0.00,29.80,1007.10,10.00,M,FEW,SCT,BKN,BKN,10000.00,15000.00,20000.00,25000.00,M,M,M,M,M,M,M,90.49,KPHX 050051Z 19015KT 10SM FEW100 SCT150 BKN200 BKN250 32/17 A2980 RMK AO2 SLP071 T03220167,M
PHX,2025-09-05 01:51,-112.0116,33.4343,337.00,89.00,62.00,40.69,170.00,7.00,0.00,29.80,1007.30,10.00,M,FEW,SCT,SCT,BKN,10000.00,15000.00,20000.00,25000.00,M,M,M,M,M,M,M,89.46,KPHX 050151Z 17007KT 10SM FEW100 SCT150 SCT200 BKN250 32/17 A2980 RMK AO2 SLP073 T03170167,M
PHX,2025-09-05 02:51,-112.0116,33.4343,337.00,88.00,62.00,41.99,140.00,8.00,0.00,29.82,1007.80,10.00,M,FEW,SCT,BKN,BKN,10000.00,15000.00,20000.00,25000.00,M,M,M,M,M,M,M,88.45,KPHX 050251Z 14008KT 10SM FEW100 SCT150 BKN200 BKN250 31/17 A2982 RMK AO2 SLP078 T03110167 53004,M
PHX,2025-09-05 03:51,-112.0116,33.4343,337.00,88.00,61.00,40.53,140.00,5.00,0.00,29.82,1008.10,10.00,M,FEW,SCT,BKN,BKN,10000.00,15000.00,20000.00,25000.00,M,M,M,M,M,M,M,88.05,KPHX 050351Z 14005KT 10SM FEW100 SCT150 BKN200 BKN250 31/16 A2982 RMK AO2 SLP081 T03110161,M
PHX,2025-09-05 04:51,-112.0116,33.4343,337.00,86.00,63.00,46.34,120.00,6.00,0.00,29.84,1008.60,10.00,M,FEW,BKN,BKN,M,12000.00,20000.00,25000.00,M,M,M,M,M,M,M,M,86.90,KPHX 050451Z 12006KT 10SM FEW120 BKN200 BKN250 30/17 A2984 RMK AO2 SLP086 T03000172,M
PHX,2025-09-05 05:51,-112.0116,33.4343,337.00,88.00,64.00,45.05,280.00,9.00,0.00,29.85,1008.70,10.00,M,FEW,BKN,BKN,M,12000.00,20000.00,25000.00,M,M,M,M,M,M,M,M,89.37,KPHX 050551Z 28009KT 10SM FEW120 BKN200 BKN250 31/18 A2985 RMK AO2 SLP087 T03110178 10333 20300 51010,M
PHX,2025-09-05 06:51,-112.0116,33.4343,337.00,85.00,66.00,53.12,260.00,5.00,0.00,29.84,1008.70,10.00,M,FEW,FEW,SCT,M,12000.00,20000.00,25000.00,M,M,M,M,M,M,M,M,87.26,KPHX 050651Z 26005KT 10SM FEW120 FEW200 SCT250 29/19 A2984 RMK AO2 SLP087 T02940189 403610239,M
PHX,2025-09-05 07:51,-112.0116,33.4343,337.00,85.00,65.00,51.31,300.00,6.00,0.00,29.83,1008.20,10.00,M,FEW,BKN,M,M,20000.00,25000.00,M,M,M,M,M,M,M,M,M,86.79,KPHX 050751Z 30006KT 10SM FEW200 BKN250 29/18 A2983 RMK AO2 SLP082 T02940183,M
PHX,2025-09-05 08:51,-112.0116,33.4343,337.00,82.00,67.00,60.57,240.00,4.00,0.00,29.82,1008.00,10.00,M,SCT,M,M,M,25000.00,M,M,M,M,M,M,M,M,M,M,84.53,KPHX 050851Z 24004KT 10SM SCT250 28/19 A2982 RMK AO2 SLP080 T02780194 58007,M
PHX,2025-09-05 09:51,-112.0116,33.4343,337.00,82.00,68.00,62.69,240.00,4.00,0.00,29.82,1007.80,10.00,M,FEW,M,M,M,25000.00,M,M,M,M,M,M,M,M,M,M,84.93,KPHX 050951Z 24004KT 10SM FEW250 28/20 A2982 RMK AO2 SLP078 T02780200,M
PHX,2025-09-05 10:51,-112.0116,33.4343,337.00,81.00,68.00,64.76,0.00,0.00,0.00,29.83,1008.10,10.00,M,SCT,M,M,M,25000.00,M,M,M,M,M,M,M,M,M,M,83.77,KPHX 051051Z 00000KT 10SM SCT250 27/20 A2983 RMK AO2 SLP081 T02720200,M
PHX,2025-09-05 11:51,-112.0116,33.4343,337.00,82.00,67.00,60.57,280.00,3.00,0.00,29.85,1008.70,10.00,M,FEW,M,M,M,25000.00,M,M,M,M,M,M,M,M,M,M,84.53,KPHX 051151Z 28003KT 10SM FEW250 28/19 A2985 RMK AO2 SLP087 T02780194 10311 20272 53007,M
PHX,2025-09-05 12:51,-112.0116,33.4343,337.00,81.00,69.00,67.01,0.00,0.00,0.00,29.86,1009.40,10.00,M,FEW,FEW,M,M,12000.00,25000.00,M,M,M,M,M,M,M,M,M,84.13,KPHX 051251Z 00000KT 10SM FEW120 FEW250 27/21 A2986 RMK AO2 SLP094 T02720206,M
PHX,2025-09-05 13:51,-112.0116,33.4343,337.00,81.00,68.00,64.76,140.00,3.00,0.00,29.88,1010.00,10.00,M,FEW,FEW,FEW,M,9000.00,13000.00,20000.00,M,M,M,M,M,M,M,M,83.77,KPHX 051351Z 14003KT 10SM FEW090 FEW130 FEW200 27/20 A2988 RMK AO2 SLP100 T02720200,M
PHX,2025-09-05 14:51,-112.0116,33.4343,337.00,83.00,69.00,62.81,330.00,5.00,0.00,29.89,1010.30,10.00,M,FEW,FEW,FEW,M,8000.00,18000.00,24000.00,M,M,M,M,M,M,M,M,86.57,KPHX 051451Z 33005KT 10SM FEW080 FEW180 FEW240 28/21 A2989 RMK AO2 SLP103 CB DSNT NW MOV SE T02830206 51015,M
PHX,2025-09-05 15:51,-112.0116,33.4343,337.00,84.00,69.00,60.82,290.00,5.00,0.00,29.89,1010.40,10.00,M,FEW,FEW,SCT,M,8000.00,15000.00,24000.00,M,M,M,M,M,M,M,M,87.75,KPHX 051551Z 29005KT 10SM FEW080 FEW150 SCT240 29/21 A2989 RMK AO2 SLP104 CB DSNT NW MOV SE T02890206,M
PHX,2025-09-05 16:51,-112.0116,33.4343,337.00,87.00,68.00,53.41,M,4.00,0.00,29.89,1010.20,10.00,M,FEW,SCT,SCT,SCT,3400.00,4500.00,8000.00,18000.00,M,M,M,M,M,M,M,90.56,KPHX 051651Z VRB04KT 10SM FEW034 SCT045TCU SCT080 SCT180 SCT240 31/20 A2989 RMK AO2 SLP102 CB DSNT NW MOV SE TCU SW T03060200,M
PHX,2025-09-05 17:51,-112.0116,33.4343,337.00,89.00,68.00,50.14,270.00,5.00,0.00,29.89,1010.00,10.00,M,SCT,SCT,SCT,SCT,4200.00,6000.00,9000.00,24000.00,M,M,M,M,M,M,M,92.83,KPHX 051751Z COR 27005KT 10SM SCT042TCU SCT060 SCT090 SCT240 32/20 A2989 RMK AO2 SLP100 CB DSNT NW-N MOV E-SE TCU SE-SW T03170200 10317 20272 58001,M
PHX,2025-09-05 18:51,-112.0116,33.4343,337.00,91.00,66.00,43.96,270.00,4.00,0.00,29.87,1009.30,10.00,15.00,BKN,BKN,BKN,BKN,4900.00,7000.00,9000.00,21000.00,M,M,M,M,M,M,M,93.75,KPHX 051851Z 27004G15KT 10SM BKN049 BKN070 BKN090 BKN210 33/19 A2987 RMK AO2 SLP093 CB DSNT W-N MOV E-SE T03280189,M
PHX,2025-09-05 19:51,-112.0116,33.4343,337.00,94.00,64.00,37.36,230.00,7.00,0.00,29.82,1007.80,10.00,M,SCT,SCT,SCT,SCT,5000.00,8000.00,12000.00,21000.00,M,M,M,M,M,M,M,95.92,KPHX 051951Z 23007KT 10SM SCT050 SCT080 SCT120 SCT210 34/18 A2982 RMK AO2 SLP078 CB DSNT N-NE MOV E-SE T03440178,M
PHX,2025-09-05 20:51,-112.0116,33.4343,337.00,95.00,64.00,36.23,250.00,8.00,0.00,29.80,1007.10,10.00,M,FEW,SCT,SCT,SCT,6000.00,9000.00,13000.00,23000.00,M,M,M,M,M,M,M,97.07,KPHX 052051Z 25008KT 10SM FEW060 SCT090 SCT130 SCT230 35/18 A2980 RMK AO2 SLP071 T03500178 57028,M
PHX,2025-09-05 21:51,-112.0116,33.4343,337.00,96.00,63.00,33.93,290.00,7.00,0.00,29.78,1006.20,10.00,M,FEW,SCT,SCT,SCT,6000.00,9000.00,13000.00,25000.00,M,M,M,M,M,M,M,97.64,KPHX 052151Z 29007KT 250V320 10SM FEW060 SCT090 SCT130 SCT250 36/17 A2978 RMK AO2 SLP062 CB DSNT N-NE T03560172,M
PHX,2025-09-05 22:51,-112.0116,33.4343,337.00,96.00,62.00,32.76,310.00,11.00,0.00,29.76,1005.70,10.00,22.00,FEW,SCT,SCT,SCT,7000.00,9000.00,15000.00,25000.00,M,M,M,M,M,M,M,97.08,KPHX 052251Z 31011G22KT 10SM FEW070 SCT090 SCT150 SCT250 36/17 A2976 RMK AO2 SLP057 TCU DSNT NE T03560167,M
PHX,2025-09-05 23:51,-112.0116,33.4343,337.00,95.00,60.00,31.46,320.00,7.00,0.00,29.75,1005.30,10.00,18.00,FEW,FEW,FEW,M,7000.00,12000.00,20000.00,M,M,M,M,M,M,M,M,94.98,KPHX 052351Z 32007G18KT 10SM FEW070 FEW120 FEW200 35/16 A2975 RMK AO2 SLP053 CB DSNT NE T03500156 10361 20317 56017,M
PHX,2025-09-06 00:51,-112.0116,33.4343,337.00,96.00,60.00,30.52,280.00,9.00,0.00,29.75,1005.20,10.00,M,FEW,FEW,FEW,SCT,7000.00,12000.00,20000.00,25000.00,M,M,M,M,M,M,M,96.09,KPHX 060051Z 28009KT 10SM FEW070 FEW120 FEW200 SCT250 36/16 A2975 RMK AO2 SLP052 TCU DSNT E T03560156,M
PHX,2025-09-06 01:51,-112.0116,33.4343,337.00,94.00,59.00,31.31,250.00,8.00,0.00,29.75,1005.50,10.00,M,FEW,FEW,FEW,M,8000.00,12000.00,25000.00,M,M,M,M,M,M,M,M,93.46,KPHX 060151Z 25008KT 10SM FEW080 FEW120 FEW250 34/15 A2975 RMK AO2 SLP055 T03440150,M
PHX,2025-09-06 02:51,-112.0116,33.4343,337.00,93.00,60.00,33.46,250.00,6.00,0.00,29.78,1006.30,10.00,M,FEW,FEW,M,M,8000.00,25000.00,M,M,M,M,M,M,M,M,M,92.79,KPHX 060251Z 25006KT 10SM FEW080 FEW250 34/16 A2978 RMK AO2 SLP063 OCNL LTGIC DSNT SE-S CB DSNT SE-S T03390156 53010,M
PHX,2025-09-06 03:51,-112.0116,33.4343,337.00,92.00,60.00,34.51,260.00,6.00,0.00,29.80,1007.10,10.00,M,FEW,FEW,M,M,8000.00,25000.00,M,M,M,M,M,M,M,M,M,91.73,KPHX 060351Z 26006KT 10SM FEW080 FEW250 33/16 A2980 RMK AO2 SLP071 OCNL LTGIC DSNT SE CB DSNT SE T03330156,M
PHX,2025-09-06 04:51,-112.0116,33.4343,337.00,90.00,61.00,38.06,250.00,4.00,0.00,29.81,1007.50,10.00,M,CLR,M,M,M,M,M,M,M,M,M,M,M,M,M,M,90.06,KPHX 060451Z 25004KT 10SM CLR 32/16 A2981 RMK AO2 SLP075 T03220161,M
PHX,2025-09-06 05:51,-112.0116,33.4343,337.00,90.00,60.00,36.73,260.00,5.00,0.00,29.83,1007.90,10.00,M,CLR,M,M,M,M,M,M,M,M,M,M,M,M,M,M,89.65,KPHX 060551Z 26005KT 10SM CLR 32/16 A2983 RMK AO2 SLP079 T03220156 10356 20322 51015,M
PHX,2025-09-06 06:51,-112.0116,33.4343,337.00,91.00,61.00,36.89,290.00,7.00,0.00,29.84,1008.40,10.00,M,CLR,M,M,M,M,M,M,M,M,M,M,M,M,M,M,91.09,KPHX 060651Z 29007KT 10SM CLR 33/16 A2984 RMK AO2 SLP084 T03280161 403610272,M
PHX,2025-09-06 07:51,-112.0116,33.4343,337.00,87.00,63.00,44.89,220.00,4.00,0.00,29.85,1008.60,10.00,M,FEW,FEW,M,M,8000.00,12000.00,M,M,M,M,M,M,M,M,M,87.89,KPHX 060751Z 22004KT 10SM FEW080 FEW120 31/17 A2985 RMK AO2 SLP086 T03060172,M
PHX,2025-09-06 08:51,-112.0116,33.4343,337.00,87.00,63.00,44.89,250.00,7.00,0.00,29.86,1008.90,10.00,M,FEW,FEW,M,M,8000.00,10000.00,M,M,M,M,M,M,M,M,M,87.89,KPHX 060851Z 25007KT 10SM FEW080 FEW100 31/17 A2986 RMK AO2 SLP089 OCNL LTGIC DSNT SE CB DSNT SE T03060172 51010,M
PHX,2025-09-06 09:51,-112.0116,33.4343,337.00,85.00,66.00,53.12,250.00,6.00,0.00,29.87,1009.20,10.00,M,FEW,FEW,M,M,8000.00,10000.00,M,M,M,M,M,M,M,M,M,87.26,KPHX 060951Z 25006KT 10SM FEW080 FEW100 29/19 A2987 RMK AO2 SLP092 T02940189,M
PHX,2025-09-06 10:51,-112.0116,33.4343,337.00,86.00,67.00,53.27,300.00,7.00,0.00,29.87,1009.40,10.00,M,FEW,M,M,M,8000.00,M,M,M,M,M,M,M,M,M,M,88.85,KPHX 061051Z 30007KT 10SM FEW080 30/19 A2987 RMK AO2 SLP094 T03000194,M
PHX,2025-09-06 11:51,-112.0116,33.4343,337.00,85.00,67.00,54.99,290.00,8.00,0.00,29.89,1010.20,10.00,M,SCT,BKN,M,M,8000.00,10000.00,M,M,M,M,M,M,M,M,M,87.77,KPHX 061151Z 29008KT 10SM SCT080 BKN100 29/19 A2989 RMK AO2 SLP102 T02940194 10333 20294 53012,M
PHX,2025-09-06 12:51,-112.0116,33.4343,337.00,85.00,67.00,54.99,300.00,11.00,0.00,29.92,1011.10,10.00,M,FEW,SCT,BKN,M,6000.00,8000.00,10000.00,M,M,M,M,M,M,M,M,87.77,KPHX 061251Z 30011KT 10SM FEW060 SCT080TCU BKN100 29/19 A2992 RMK AO2 SLP111 TCU SW T02940194,M
PHX,2025-09-06 13:51,-112.0116,33.4343,337.00,84.00,66.00,54.85,290.00,8.00,0.00,29.95,1012.10,10.00,M,FEW,SCT,SCT,M,8000.00,9000.00,25000.00,M,M,M,M,M,M,M,M,86.22,KPHX 061351Z 29008KT 10SM FEW080 SCT090TCU SCT250 29/19 A2995 RMK AO2 SLP121 TCU SW-W AND DSNT ALQDS T02890189,M
PHX,2025-09-06 14:51,-112.0116,33.4343,337.00,87.00,66.00,49.85,270.00,12.00,0.00,29.97,1012.90,10.00,M,SCT,SCT,SCT,M,9000.00,14000.00,25000.00,M,M,M,M,M,M,M,M,89.37,KPHX 061451Z 27012KT 10SM SCT090TCU SCT140 SCT250 31/19 A2997 RMK AO2 SLP129 TCU SW-W T03060189 51026,M
PHX,2025-09-06 15:51,-112.0116,33.4343,337.00,88.00,66.00,48.30,300.00,7.00,0.00,29.98,1013.30,10.00,M,FEW,FEW,SCT,M,9000.00,14000.00,25000.00,M,M,M,M,M,M,M,M,90.44,KPHX 061551Z 30007KT 10SM FEW090 FEW140 SCT250 31/19 A2998 RMK AO2 SLP133 T03110189,M
PHX,2025-09-06 16:51,-112.0116,33.4343,337.00,89.00,65.00,45.20,M,4.00,0.00,29.98,1013.10,10.00,M,FEW,FEW,SCT,M,9000.00,14000.00,25000.00,M,M,M,M,M,M,M,M,90.95,KPHX 061651Z VRB04KT 10SM FEW090 FEW140 SCT250 32/18 A2998 RMK AO2 SLP131 TCU DSNT E T03170183,M
PHX,2025-09-06 17:51,-112.0116,33.4343,337.00,91.00,66.00,43.96,300.00,4.00,0.00,29.99,1013.30,10.00,M,BKN,BKN,BKN,M,5000.00,7000.00,14000.00,M,M,M,M,M,M,M,M,93.75,KPHX 061751Z 30004KT 10SM BKN050 BKN070 BKN140 33/19 A2999 RMK AO2 SLP133 T03280189 10333 20289 51005,M
PHX,2025-09-06 18:51,-112.0116,33.4343,337.00,93.00,66.00,41.31,M,4.00,0.00,29.97,1012.80,10.00,M,FEW,SCT,SCT,M,5000.00,7000.00,14000.00,M,M,M,M,M,M,M,M,96.04,KPHX 061851Z VRB04KT 10SM FEW050 SCT070 SCT140 34/19 A2997 RMK AO2 SLP128 TCU DSNT E AND SW T03390189,M
PHX,2025-09-06 19:51,-112.0116,33.4343,337.00,96.00,66.00,37.68,220.00,8.00,0.00,29.95,1012.20,10.00,M,SCT,SCT,M,M,7000.00,20000.00,M,M,M,M,M,M,M,M,M,99.57,KPHX 061951Z 22008KT 10SM SCT070 SCT200 36/19 A2995 RMK AO2 SLP122 CB DSNT NE TCU DSNT S T03560189,M
PHX,2025-09-06 20:51,-112.0116,33.4343,337.00,96.00,64.00,35.14,M,4.00,0.00,29.93,1011.20,10.00,M,FEW,SCT,M,M,7000.00,20000.00,M,M,M,M,M,M,M,M,M,98.23,KPHX 062051Z VRB04KT 10SM FEW070 SCT200 36/18 A2993 RMK AO2 SLP112 CB DSNT NE T03560178 58020,M
PHX,2025-09-06 21:51,-112.0116,33.4343,337.00,96.00,62.00,32.76,300.00,5.00,0.00,29.90,1010.20,10.00,14.00,SCT,SCT,M,M,7000.00,20000.00,M,M,M,M,M,M,M,M,M,97.08,KPHX 062151Z 30005G14KT 10SM SCT070 SCT200 36/17 A2990 RMK AO2 SLP102 CB DSNT N TCU DSNT NE AND NW T03560167,M
PHX,2025-09-06 22:51,-112.0116,33.4343,337.00,99.00,62.00,29.91,240.00,6.00,0.00,29.88,1009.80,10.00,M,SCT,SCT,SCT,M,7000.00,18000.00,25000.00,M,M,M,M,M,M,M,M,100.57,KPHX 062251Z 24006KT 10SM SCT070 SCT180 SCT250 37/17 A2988 RMK AO2 SLP098 CB DSNT N-NE AND NW TCU DSNT SE T03720167,M
PHX,2025-09-06 23:51,-112.0116,33.4343,337.00,100.00,60.00,27.04,260.00,6.00,0.00,29.88,1009.60,10.00,M,SCT,SCT,SCT,M,7000.00,18000.00,25000.00,M,M,M,M,M,M,M,M,100.65,KPHX 062351Z 26006KT 10SM SCT070 SCT180 SCT250 38/16 A2988 RMK AO2 SLP096 CB DSNT NE TCU DSNT E T03780156 10378 20322 56016,M
PHX,2025-09-07 00:51,-112.0116,33.4343,337.00,98.00,57.00,25.79,270.00,8.00,0.00,29.88,1009.70,10.00,M,SCT,SCT,SCT,M,7000.00,18000.00,25000.00,M,M,M,M,M,M,M,M,97.06,KPHX 070051Z 27008KT 10SM SCT070 SCT180 SCT250 37/14 A2988 RMK AO2 SLP097 CB DSNT NE TCU DSNT N AND SE-S T03670139,M
PHX,2025-09-07 01:51,-112.0116,33.4343,337.00,97.00,59.00,28.56,260.00,9.00,0.00,29.88,1009.60,10.00,M,FEW,SCT,BKN,M,7000.00,18000.00,25000.00,M,M,M,M,M,M,M,M,96.77,KPHX 070151Z 26009KT 10SM FEW070 SCT180 BKN250 36/15 A2988 RMK AO2 SLP096 CB DSNT SE-S T03610150,M
PHX,2025-09-07 02:51,-112.0116,33.4343,337.00,96.00,60.00,30.52,260.00,7.00,0.00,29.90,1010.40,10.00,M,FEW,SCT,BKN,M,7000.00,18000.00,25000.00,M,M,M,M,M,M,M,M,96.09,KPHX 070251Z 26007KT 10SM FEW070 SCT180 BKN250 36/16 A2990 RMK AO2 SLP104 CONS LTGICCA DSNT SE-S CB DSNT SE-S T03560156 53008,M
PHX,2025-09-07 03:51,-112.0116,33.4343,337.00,94.00,62.00,34.83,240.00,4.00,0.00,29.93,1011.30,10.00,M,FEW,FEW,SCT,M,7000.00,18000.00,25000.00,M,M,M,M,M,M,M,M,94.82,KPHX 070351Z 24004KT 10SM FEW070 FEW180 SCT250 34/17 A2993 RMK AO2 SLP113 FRQ LTGIC DSNT S CB DSNT S T03440167,M
PHX,2025-09-07 04:51,-112.0116,33.4343,337.00,93.00,64.00,38.53,240.00,3.00,0.00,29.94,1011.80,10.00,M,FEW,FEW,M,M,7000.00,25000.00,M,M,M,M,M,M,M,M,M,94.78,KPHX 070451Z 24003KT 10SM FEW070 FEW250 34/18 A2994 RMK AO2 SLP118 FRQ LTGIC DSNT S CB DSNT S T03390178,M
PHX,2025-09-07 05:51,-112.0116,33.4343,337.00,92.00,64.00,39.75,230.00,3.00,0.00,29.94,1011.90,10.00,M,FEW,FEW,M,M,7000.00,25000.00,M,M,M,M,M,M,M,M,M,93.66,KPHX 070551Z 23003KT 10SM FEW070 FEW250 33/18 A2994 RMK AO2 SLP119 T03330178 10378 20333 51014,M
PHX,2025-09-07 06:51,-112.0116,33.4343,337.00,91.00,64.00,41.00,220.00,4.00,0.00,29.96,1012.30,10.00,M,FEW,M,M,M,7000.00,M,M,M,M,M,M,M,M,M,M,92.56,KPHX 070651Z 22004KT 10SM FEW070 33/18 A2996 RMK AO2 SLP123 T03280178 403780289,M
PHX,2025-09-07 07:51,-112.0116,33.4343,337.00,87.00,69.00,55.27,0.00,0.00,0.00,29.97,1012.60,10.00,M,FEW,M,M,M,7000.00,M,M,M,M,M,M,M,M,M,M,91.23,KPHX 070751Z 00000KT 10SM FEW070 31/21 A2997 RMK AO2 SLP126 T03060206,M
PHX,2025-09-07 08:51,-112.0116,33.4343,337.00,89.00,69.00,51.89,270.00,11.00,0.00,29.97,1012.70,10.00,M,FEW,M,M,M,9000.00,M,M,M,M,M,M,M,M,M,M,93.56,KPHX 070851Z 27011KT 10SM FEW090 32/21 A2997 RMK AO2 SLP127 T03170206 51008,M
PHX,2025-09-07 09:51,-112.0116,33.4343,337.00,88.00,69.00,53.55,280.00,9.00,0.00,29.98,1013.00,10.00,M,FEW,M,M,M,9000.00,M,M,M,M,M,M,M,M,M,M,92.39,KPHX 070951Z 28009KT 10SM FEW090 31/21 A2998 RMK AO2 SLP130 T03110206,M
PHX,2025-09-07 10:51,-112.0116,33.4343,337.00,86.00,70.00,59.04,230.00,5.00,0.00,29.98,1013.20,10.00,M,FEW,M,M,M,9000.00,M,M,M,M,M,M,M,M,M,M,90.76,KPHX 071051Z 23005KT 10SM FEW090 30/21 A2998 RMK AO2 SLP132 T03000211,M
PHX,2025-09-07 11:51,-112.0116,33.4343,337.00,84.00,67.00,56.78,140.00,7.00,0.00,30.00,1013.70,10.00,M,CLR,M,M,M,M,M,M,M,M,M,M,M,M,M,M,86.69,KPHX 071151Z 14007KT 10SM CLR 29/19 A3000 RMK AO2 SLP137 T02890194 10333 20289 53009,M
PHX,2025-09-07 12:51,-112.0116,33.4343,337.00,84.00,66.00,54.85,110.00,6.00,0.00,30.02,1014.30,10.00,M,FEW,FEW,M,M,9000.00,25000.00,M,M,M,M,M,M,M,M,M,86.22,KPHX 071251Z 11006KT 10SM FEW090 FEW250 29/19 A3002 RMK AO2 SLP143 T02890189,M
PHX,2025-09-07 13:51,-112.0116,33.4343,337.00,84.00,66.00,54.85,90.00,4.00,0.00,30.04,1015.00,10.00,M,FEW,M,M,M,25000.00,M,M,M,M,M,M,M,M,M,M,86.22,KPHX 071351Z 09004KT 10SM FEW250 29/19 A3004 RMK AO2 SLP150 T02890189,M
PHX,2025-09-07 14:51,-112.0116,33.4343,337.00,87.00,66.00,49.85,110.00,4.00,0.00,30.05,1015.40,10.00,M,CLR,M,M,M,M,M,M,M,M,M,M,M,M,M,M,89.37,KPHX 071451Z 11004KT 10SM CLR 31/19 A3005 RMK AO2 SLP154 T03060189 51016,M
PHX,2025-09-07 15:51,-112.0116,33.4343,337.00,89.00,68.00,50.14,M,4.00,0.00,30.06,1015.70,10.00,M,FEW,M,M,M,7000.00,M,M,M,M,M,M,M,M,M,M,92.83,KPHX 071551Z VRB04KT 10SM FEW070 32/20 A3006 RMK AO2 SLP157 T03170200,M
PHX,2025-09-07 16:51,-112.0116,33.4343,337.00,90.00,69.00,50.29,M,3.00,0.00,30.06,1015.80,10.00,M,FEW,M,M,M,7000.00,M,M,M,M,M,M,M,M,M,M,94.73,KPHX 071651Z VRB03KT 10SM FEW070 32/21 A3006 RMK AO2 SLP158 T03220206,M
PHX,2025-09-07 17:51,-112.0116,33.4343,337.00,91.00,68.00,47.10,320.00,5.00,0.00,30.05,1015.60,10.00,M,FEW,M,M,M,7000.00,M,M,M,M,M,M,M,M,M,M,95.13,KPHX 071751Z 32005KT 10SM FEW070 33/20 A3005 RMK AO2 SLP156 TCU DSNT NE-E AND NW T03280200 10333 20283 50002,M
PHX,2025-09-07 18:51,-112.0116,33.4343,337.00,95.00,69.00,43.07,290.00,8.00,0.00,30.03,1014.80,10.00,M,FEW,M,M,M,7000.00,M,M,M,M,M,M,M,M,M,M,100.73,KPHX 071851Z 29008KT 10SM FEW070 35/21 A3003 RMK AO2 SLP148 CB DSNT NE TCU DSNT N-E AND NW T03500206,M
PHX,2025-09-07 19:51,-112.0116,33.4343,337.00,97.00,67.00,37.83,280.00,9.00,0.00,30.00,1013.80,10.00,M,FEW,FEW,M,M,7000.00,25000.00,M,M,M,M,M,M,M,M,M,101.52,KPHX 071951Z 28009KT 10SM FEW070 FEW250 36/19 A3000 RMK AO2 SLP138 TCU DSNT ALQDS T03610194,M
PHX,2025-09-07 20:51,-112.0116,33.4343,337.00,98.00,65.00,34.24,M,5.00,0.00,29.98,1012.90,10.00,M,FEW,FEW,M,M,7000.00,25000.00,M,M,M,M,M,M,M,M,M,101.26,KPHX 072051Z VRB05KT 10SM FEW070 FEW250 37/18 A2998 RMK AO2 SLP129 CB DSNT NE TCU DSNT ALQDS T03670183 58025,M
PHX,2025-09-07 21:51,-112.0116,33.4343,337.00,101.00,63.00,29.17,270.00,7.00,0.00,29.95,1011.80,10.00,M,FEW,FEW,M,M,7000.00,25000.00,M,M,M,M,M,M,M,M,M,103.54,KPHX 072151Z 27007KT 10SM FEW070 FEW250 38/17 A2995 RMK AO2 SLP118 TCU DSNT E AND NW T03830172,M
PHX,2025-09-07 22:51,-112.0116,33.4343,337.00,102.00,61.00,26.39,220.00,9.00,0.00,29.93,1011.30,10.00,M,FEW,FEW,M,M,7000.00,25000.00,M,M,M,M,M,M,M,M,M,103.52,KPHX 072251Z 22009KT 10SM FEW070 FEW250 39/16 A2993 RMK AO2 SLP113 CB DSNT E TCU DSNT SE AND S T03890161,M
PHX,2025-09-07 23:51,-112.0116,33.4343,337.00,101.00,59.00,25.32,M,4.00,0.00,29.91,1010.60,10.00,M,FEW,FEW,SCT,M,7000.00,20000.00,25000.00,M,M,M,M,M,M,M,M,101.31,KPHX 072351Z VRB04KT 10SM FEW070 FEW200 SCT250 38/15 A2991 RMK AO2 SLP106 TCU DSNT S T03830150 10389 20328 56022,M
PHX,2025-09-08 00:51,-112.0116,33.4343,337.00,100.00,56.00,23.42,260.00,5.00,0.00,29.91,1010.70,10.00,M,FEW,FEW,SCT,M,7000.00,20000.00,25000.00,M,M,M,M,M,M,M,M,98.89,KPHX 080051Z 26005KT 10SM FEW070 FEW200 SCT250 38/13 A2991 RMK AO2 SLP107 T03780133,M
PHX,2025-09-08 01:51,-112.0116,33.4343,337.00,99.00,59.00,26.88,270.00,10.00,0.00,29.91,1010.50,10.00,M,FEW,FEW,SCT,M,7000.00,20000.00,25000.00,M,M,M,M,M,M,M,M,99.03,KPHX 080151Z 27010KT 10SM FEW070 FEW200 SCT250 37/15 A2991 RMK AO2 SLP105 T03720150,M
PHX,2025-09-08 02:51,-112.0116,33.4343,337.00,97.00,61.00,30.67,260.00,9.00,0.00,29.92,1010.90,10.00,M,FEW,FEW,SCT,M,7000.00,20000.00,25000.00,M,M,M,M,M,M,M,M,97.71,KPHX 080251Z 26009KT 10SM FEW070 FEW200 SCT250 36/16 A2992 RMK AO2 SLP109 T03610161 53002,M
PHX,2025-09-08 03:51,-112.0116,33.4343,337.00,96.00,63.00,33.93,260.00,5.00,0.00,29.93,1011.30,10.00,M,FEW,FEW,M,M,20000.00,25000.00,M,M,M,M,M,M,M,M,M,97.64,KPHX 080351Z 26005KT 10SM FEW200 FEW250 36/17 A2993 RMK AO2 SLP113 T03560172,M
PHX,2025-09-08 04:51,-112.0116,33.4343,337.00,96.00,63.00,33.93,300.00,8.00,0.00,29.93,1011.40,10.00,M,FEW,M,M,M,20000.00,M,M,M,M,M,M,M,M,M,M,97.64,KPHX 080451Z 30008KT 10SM FEW200 36/17 A2993 RMK AO2 SLP114 T03560172,M
PHX,2025-09-08 05:51,-112.0116,33.4343,337.00,93.00,64.00,38.53,240.00,4.00,0.00,29.94,1011.60,10.00,M,FEW,M,M,M,20000.00,M,M,M,M,M,M,M,M,M,M,94.78,KPHX 080551Z 24004KT 10SM FEW200 34/18 A2994 RMK AO2 SLP116 T03390178 10389 20339 51007,M
PHX,2025-09-08 06:51,-112.0116,33.4343,337.00,92.00,65.00,41.16,240.00,4.00,0.00,29.94,1011.80,10.00,M,CLR,M,M,M,M,M,M,M,M,M,M,M,M,M,M,94.25,KPHX 080651Z 24004KT 10SM CLR 33/18 A2994 RMK AO2 SLP118 T03330183 403890283,M
PHX,2025-09-08 07:51,-112.0116,33.4343,337.00,91.00,65.00,42.46,240.00,4.00,0.00,29.95,1011.90,10.00,M,CLR,M,M,M,M,M,M,M,M,M,M,M,M,M,M,93.13,KPHX 080751Z 24004KT 10SM CLR 33/18 A2995 RMK AO2 SLP119 T03280183,M
PHX,2025-09-08 08:51,-112.0116,33.4343,337.00,90.00,65.00,43.80,270.00,3.00,0.00,29.94,1011.90,10.00,M,CLR,M,M,M,M,M,M,M,M,M,M,M,M,M,M,92.03,KPHX 080851Z 27003KT 10SM CLR 32/18 A2994 RMK AO2 SLP119 T03220183 50003,M
PHX,2025-09-08 09:51,-112.0116,33.4343,337.00,90.00,64.00,42.30,270.00,5.00,0.00,29.94,1011.80,10.00,M,CLR,M,M,M,M,M,M,M,M,M,M,M,M,M,M,91.48,KPHX 080951Z 27005KT 10SM CLR 32/18 A2994 RMK AO2 SLP118 T03220178,M
PHX,2025-09-08 10:51,-112.0116,33.4343,337.00,91.00,65.00,42.46,280.00,8.00,0.00,29.94,1011.70,10.00,M,CLR,M,M,M,M,M,M,M,M,M,M,M,M,M,M,93.13,KPHX 081051Z 28008KT 10SM CLR 33/18 A2994 RMK AO2 SLP117 T03280183,M
PHX,2025-09-08 11:51,-112.0116,33.4343,337.00,90.00,66.00,45.35,290.00,7.00,0.00,29.95,1011.90,10.00,M,CLR,M,M,M,M,M,M,M,M,M,M,M,M,M,M,92.63,KPHX 081151Z 29007KT 10SM CLR 32/19 A2995 RMK AO2 SLP119 T03220189 10339 20317 53002,M
PHX,2025-09-08 12:51,-112.0116,33.4343,337.00,88.00,66.00,48.30,10.00,4.00,0.00,29.96,1012.40,10.00,M,FEW,M,M,M,15000.00,M,M,M,M,M,M,M,M,M,M,90.44,KPHX 081251Z 01004KT 10SM FEW150 31/19 A2996 RMK AO2 SLP124 T03110189,M
PHX,2025-09-08 13:51,-112.0116,33.4343,337.00,88.00,66.00,48.30,360.00,5.00,0.00,29.98,1012.90,10.00,M,FEW,FEW,FEW,M,4000.00,16000.00,27000.00,M,M,M,M,M,M,M,M,90.44,KPHX 081351Z 36005KT 10SM FEW040 FEW160 FEW270 31/19 A2998 RMK AO2 SLP129 T03110189,M
PHX,2025-09-08 14:51,-112.0116,33.4343,337.00,90.00,68.00,48.59,M,4.00,0.00,29.98,1013.20,10.00,M,FEW,FEW,FEW,M,4000.00,16000.00,27000.00,M,M,M,M,M,M,M,M,93.98,KPHX 081451Z VRB04KT 10SM FEW040 FEW160 FEW270 32/20 A2998 RMK AO2 SLP132 T03220200 51011,M
PHX,2025-09-08 15:51,-112.0116,33.4343,337.00,92.00,68.00,45.66,280.00,7.00,0.00,29.99,1013.40,10.00,M,FEW,FEW,SCT,M,8000.00,14000.00,27000.00,M,M,M,M,M,M,M,M,96.31,KPHX 081551Z 28007KT 10SM FEW080 FEW140 SCT270 33/20 A2999 RMK AO2 SLP134 T03330200,M
PHX,2025-09-08 16:51,-112.0116,33.4343,337.00,95.00,67.00,40.21,250.00,6.00,0.00,29.99,1013.40,10.00,M,FEW,FEW,SCT,M,8000.00,14000.00,27000.00,M,M,M,M,M,M,M,M,99.10,KPHX 081651Z 25006KT 10SM FEW080 FEW140 SCT270 35/19 A2999 RMK AO2 SLP134 T03500194,M
PHX,2025-09-08 17:51,-112.0116,33.4343,337.00,98.00,66.00,35.45,M,3.00,0.00,29.98,1013.00,10.00,M,FEW,FEW,FEW,M,9000.00,15000.00,27000.00,M,M,M,M,M,M,M,M,101.98,KPHX 081751Z VRB03KT 10SM FEW090 FEW150 FEW270 37/19 A2998 RMK AO2 SLP130 T03670189 10367 20311 58001,M
PHX,2025-09-08 18:51,-112.0116,33.4343,337.00,98.00,64.00,33.07,230.00,6.00,0.00,29.96,1012.20,10.00,M,FEW,M,M,M,10000.00,M,M,M,M,M,M,M,M,M,M,100.60,KPHX 081851Z COR 23006KT 10SM FEW100 37/18 A2996 RMK AO2 SLP122 T03670178,M
PHX,2025-09-08 19:51,-112.0116,33.4343,337.00,101.00,64.00,30.21,M,3.00,0.00,29.93,1011.10,10.00,M,SCT,M,M,M,7500.00,M,M,M,M,M,M,M,M,M,M,104.19,KPHX 081951Z VRB03KT 10SM SCT075 38/18 A2993 RMK AO2 SLP111 T03830178,M
PHX,2025-09-08 20:51,-112.0116,33.4343,337.00,101.00,62.00,28.16,M,5.00,0.00,29.90,1010.10,10.00,M,SCT,M,M,M,9000.00,M,M,M,M,M,M,M,M,M,M,102.92,KPHX 082051Z VRB05KT 10SM SCT090 38/17 A2990 RMK AO2 SLP101 T03830167 58028,M
PHX,2025-09-08 21:51,-112.0116,33.4343,337.00,104.00,59.00,23.16,0.00,0.00,0.00,29.86,1009.00,10.00,M,SCT,M,M,M,9000.00,M,M,M,M,M,M,M,M,M,M,104.75,KPHX 082151Z 00000KT 10SM SCT090 40/15 A2986 RMK AO2 SLP090 T04000150,M
PHX,2025-09-08 22:51,-112.0116,33.4343,337.00,104.00,57.00,21.55,230.00,11.00,0.00,29.83,1007.80,10.00,M,FEW,M,M,M,9000.00,M,M,M,M,M,M,M,M,M,M,103.77,KPHX 082251Z 23011KT 10SM FEW090 40/14 A2983 RMK AO2 SLP078 T04000139,M
PHX,2025-09-08 23:51,-112.0116,33.4343,337.00,103.00,53.00,19.19,M,3.00,0.00,29.81,1007.20,10.00,M,FEW,SCT,M,M,9000.00,25000.00,M,M,M,M,M,M,M,M,M,101.08,KPHX 082351Z VRB03KT 10SM FEW090 SCT250 39/12 A2981 RMK AO2 SLP072 CB DSNT S T03940117 10406 20356 56027,M
PHX,2025-09-09 00:51,-112.0116,33.4343,337.00,102.00,56.00,22.06,250.00,7.00,0.00,29.80,1006.90,10.00,M,FEW,SCT,M,M,9000.00,25000.00,M,M,M,M,M,M,M,M,M,101.11,KPHX 090051Z 25007KT 10SM FEW090 SCT250 39/13 A2980 RMK AO2 SLP069 T03890133,M
PHX,2025-09-09 01:51,-112.0116,33.4343,337.00,102.00,53.00,19.77,310.00,9.00,0.00,29.79,1006.60,10.00,M,FEW,FEW,M,M,9000.00,25000.00,M,M,M,M,M,M,M,M,M,100.00,KPHX 090151Z 31009KT 10SM FEW090 FEW250 39/12 A2979 RMK AO2 SLP066 T03890117,M
PHX,2025-09-09 02:51,-112.0116,33.4343,337.00,101.00,58.00,24.43,290.00,8.00,0.00,29.80,1006.90,10.00,M,FEW,M,M,M,9000.00,M,M,M,M,M,M,M,M,M,M,100.84,KPHX 090251Z 29008KT 10SM FEW090 38/14 A2980 RMK AO2 SLP069 T03830144 55003,M
PHX,2025-09-09 03:51,-112.0116,33.4343,337.00,98.00,61.00,29.75,240.00,5.00,0.00,29.81,1007.30,10.00,M,CLR,M,M,M,M,M,M,M,M,M,M,M,M,M,M,98.86,KPHX 090351Z 24005KT 10SM CLR 37/16 A2981 RMK AO2 SLP073 T03670161,M
PHX,2025-09-09 04:51,-112.0116,33.4343,337.00,96.00,60.00,30.52,240.00,4.00,0.00,29.81,1007.30,10.00,M,CLR,M,M,M,M,M,M,M,M,M,M,M,M,M,M,96.09,KPHX 090451Z 24004KT 10SM CLR 36/16 A2981 RMK AO2 SLP073 T03560156,M
PHX,2025-09-09 05:51,-112.0116,33.4343,337.00,95.00,59.00,30.36,250.00,6.00,0.00,29.81,1007.20,10.00,M,CLR,M,M,M,M,M,M,M,M,M,M,M,M,M,M,94.55,KPHX 090551Z 25006KT 10SM CLR 35/15 A2981 RMK AO2 SLP072 T03500150 10400 20350 50003,M
PHX,2025-09-09 06:51,-112.0116,33.4343,337.00,93.00,59.00,32.29,250.00,5.00,0.00,29.81,1007.30,10.00,M,CLR,M,M,M,M,M,M,M,M,M,M,M,M,M,M,92.39,KPHX 090651Z 25005KT 10SM CLR 34/15 A2981 RMK AO2 SLP073 T03390150 404060311,M
PHX,2025-09-09 07:51,-112.0116,33.4343,337.00,93.00,58.00,31.15,260.00,4.00,0.00,29.81,1007.10,10.00,M,CLR,M,M,M,M,M,M,M,M,M,M,M,M,M,M,92.01,KPHX 090751Z 26004KT 10SM CLR 34/14 A2981 RMK AO2 SLP071 T03390144,M
PHX,2025-09-09 08:51,-112.0116,33.4343,337.00,93.00,58.00,31.15,280.00,5.00,0.00,29.81,1007.10,10.00,M,CLR,M,M,M,M,M,M,M,M,M,M,M,M,M,M,92.01,KPHX 090851Z 28005KT 10SM CLR 34/14 A2981 RMK AO2 SLP071 T03390144 58001,M
PHX,2025-09-09 09:51,-112.0116,33.4343,337.00,91.00,58.00,33.15,0.00,0.00,0.00,29.81,1007.10,10.00,M,CLR,M,M,M,M,M,M,M,M,M,M,M,M,M,M,89.94,KPHX 090951Z 00000KT 10SM CLR 33/14 A2981 RMK AO2 SLP071 T03280144,M
PHX,2025-09-09 10:51,-112.0116,33.4343,337.00,89.00,61.00,39.28,100.00,3.00,0.00,29.80,1007.00,10.00,M,FEW,M,M,M,10000.00,M,M,M,M,M,M,M,M,M,M,89.04,KPHX 091051Z 10003KT 10SM FEW100 32/16 A2980 RMK AO2 SLP070 T03170161,M
PHX,2025-09-09 11:51,-112.0116,33.4343,337.00,88.00,61.00,40.53,90.00,4.00,0.00,29.81,1007.20,10.00,M,FEW,M,M,M,10000.00,M,M,M,M,M,M,M,M,M,M,88.05,KPHX 091151Z 09004KT 10SM FEW100 31/16 A2981 RMK AO2 SLP072 T03110161 10350 20311 53001,M
PHX,2025-09-09 12:51,-112.0116,33.4343,337.00,86.00,62.00,44.74,100.00,3.00,0.00,29.81,1007.40,10.00,M,FEW,FEW,M,M,10000.00,25000.00,M,M,M,M,M,M,M,M,M,86.51,KPHX 091251Z 10003KT 10SM FEW100 FEW250 30/17 A2981 RMK AO2 SLP074 T03000167,M
PHX,2025-09-09 13:51,-112.0116,33.4343,337.00,87.00,60.00,40.38,100.00,5.00,0.00,29.83,1007.80,10.00,M,FEW,FEW,M,M,10000.00,25000.00,M,M,M,M,M,M,M,M,M,86.72,KPHX 091351Z 10005KT 10SM FEW100 FEW250 31/16 A2983 RMK AO2 SLP078 T03060156,M
PHX,2025-09-09 14:51,-112.0116,33.4343,337.00,89.00,59.00,36.58,100.00,4.00,0.00,29.84,1008.20,10.00,M,FEW,M,M,M,10000.00,M,M,M,M,M,M,M,M,M,M,88.29,KPHX 091451Z 10004KT 10SM FEW100 32/15 A2984 RMK AO2 SLP082 T03170150 53010,M
PHX,2025-09-09 15:51,-112.0116,33.4343,337.00,93.00,60.00,33.46,110.00,4.00,0.00,29.84,1008.30,10.00,M,FEW,M,M,M,10000.00,M,M,M,M,M,M,M,M,M,M,92.79,KPHX 091551Z 11004KT 10SM FEW100 34/16 A2984 RMK AO2 SLP083 T03390156,M
PHX,2025-09-09 16:51,-112.0116,33.4343,337.00,97.00,57.00,26.58,M,4.00,0.00,29.84,1008.20,10.00,M,FEW,M,M,M,10000.00,M,M,M,M,M,M,M,M,M,M,95.96,KPHX 091651Z VRB04KT 10SM FEW100 36/14 A2984 RMK AO2 SLP082 T03610139,M
PHX,2025-09-09 17:51,-112.0116,33.4343,337.00,98.00,57.00,25.79,M,4.00,0.00,29.83,1007.80,10.00,M,FEW,M,M,M,10000.00,M,M,M,M,M,M,M,M,M,M,97.06,KPHX 091751Z VRB04KT 10SM FEW100 37/14 A2983 RMK AO2 SLP078 T03670139 10372 20300 58004,M
PHX,2025-09-09 18:51,-112.0116,33.4343,337.00,99.00,58.00,25.94,310.00,4.00,0.00,29.80,1006.90,10.00,M,FEW,M,M,M,10000.00,M,M,M,M,M,M,M,M,M,M,98.58,KPHX 091851Z 31004KT 10SM FEW100 37/14 A2980 RMK AO2 SLP069 T03720144,M
PHX,2025-09-09 19:51,-112.0116,33.4343,337.00,104.00,58.00,22.34,150.00,12.00,0.00,29.78,1006.00,10.00,16.00,FEW,M,M,M,10000.00,M,M,M,M,M,M,M,M,M,M,104.24,KPHX 091951Z 15012G16KT 10SM FEW100 40/14 A2978 RMK AO2 SLP060 T04000144,M
PHX,2025-09-09 20:51,-112.0116,33.4343,337.00,104.00,58.00,22.34,180.00,6.00,0.00,29.75,1004.90,10.00,M,FEW,M,M,M,10000.00,M,M,M,M,M,M,M,M,M,M,104.24,KPHX 092051Z 18006KT 10SM FEW100 40/14 A2975 RMK AO2 SLP049 T04000144 58026,M
PHX,2025-09-09 21:51,-112.0116,33.4343,337.00,105.00,56.00,20.18,M,5.00,0.00,29.73,1004.30,10.00,M,FEW,M,M,M,10000.00,M,M,M,M,M,M,M,M,M,M,104.43,KPHX 092151Z VRB05KT 10SM FEW100 41/13 A2973 RMK AO2 SLP043 T04060133,M
PHX,2025-09-09 22:51,-112.0116,33.4343,337.00,103.00,55.00,20.65,0.00,0.00,0.00,29.70,1003.60,10.00,M,FEW,M,M,M,10000.00,M,M,M,M,M,M,M,M,M,M,101.81,KPHX 092251Z 00000KT 10SM FEW100 39/13 A2970 RMK AO2 SLP036 T03940128,M
PHX,2025-09-09 23:51,-112.0116,33.4343,337.00,104.00,55.00,20.05,300.00,6.00,0.00,29.69,1002.90,10.00,M,FEW,M,M,M,10000.00,M,M,M,M,M,M,M,M,M,M,102.90,KPHX 092351Z 30006KT 10SM FEW100 40/13 A2969 RMK AO2 SLP029 T04000128 10411 20367 56020,M
PHX,2025-09-10 00:51,-112.0116,33.4343,337.00,103.00,54.00,19.91,250.00,9.00,0.00,29.67,1002.50,10.00,M,FEW,M,M,M,10000.00,M,M,M,M,M,M,M,M,M,M,101.43,KPHX 100051Z COR 25009KT 10SM FEW100 39/12 A2967 RMK AO2 SLP025 T03940122,M
PHX,2025-09-10 01:51,-112.0116,33.4343,337.00,103.00,55.00,20.65,300.00,11.00,0.00,29.67,1002.50,10.00,M,FEW,M,M,M,10000.00,M,M,M,M,M,M,M,M,M,M,101.81,KPHX 100151Z 30011KT 10SM FEW100 39/13 A2967 RMK AO2 SLP025 T03940128,M
PHX,2025-09-10 02:51,-112.0116,33.4343,337.00,101.00,55.00,21.92,310.00,9.00,0.00,29.69,1003.10,10.00,M,FEW,M,M,M,10000.00,M,M,M,M,M,M,M,M,M,M,99.62,KPHX 100251Z 31009KT 10SM FEW100 38/13 A2969 RMK AO2 SLP031 T03830128 53001,M
PHX,2025-09-10 03:51,-112.0116,33.4343,337.00,100.00,56.00,23.42,260.00,5.00,0.00,29.70,1003.40,10.00,M,CLR,M,M,M,M,M,M,M,M,M,M,M,M,M,M,98.89,KPHX 100351Z 26005KT 10SM CLR 38/13 A2970 RMK AO2 SLP034 T03780133,M
PHX,2025-09-10 04:51,-112.0116,33.4343,337.00,97.00,57.00,26.58,250.00,7.00,0.00,29.71,1003.90,10.00,M,CLR,M,M,M,M,M,M,M,M,M,M,M,M,M,M,95.96,KPHX 100451Z 25007KT 10SM CLR 36/14 A2971 RMK AO2 SLP039 T03610139,M
PHX,2025-09-10 05:51,-112.0116,33.4343,337.00,97.00,54.00,23.84,280.00,11.00,0.00,29.72,1004.10,10.00,M,CLR,M,M,M,M,M,M,M,M,M,M,M,M,M,M,94.95,KPHX 100551Z 28011KT 10SM CLR 36/12 A2972 RMK AO2 SLP041 T03610122 10406 20356 51009,M
PHX,2025-09-10 06:51,-112.0116,33.4343,337.00,95.00,52.00,23.55,290.00,5.00,0.00,29.73,1004.40,10.00,M,CLR,M,M,M,M,M,M,M,M,M,M,M,M,M,M,92.33,KPHX 100651Z 29005KT 10SM CLR 35/11 A2973 RMK AO2 SLP044 T03500111 404110300,M
PHX,2025-09-10 07:51,-112.0116,33.4343,337.00,92.00,55.00,28.83,0.00,0.00,0.00,29.74,1004.90,10.00,M,CLR,M,M,M,M,M,M,M,M,M,M,M,M,M,M,90.04,KPHX 100751Z 00000KT 10SM CLR 33/13 A2974 RMK AO2 SLP049 T03330128,M
PHX,2025-09-10 08:51,-112.0116,33.4343,337.00,89.00,55.00,31.66,190.00,4.00,0.00,29.74,1004.90,10.00,M,FEW,M,M,M,10000.00,M,M,M,M,M,M,M,M,M,M,87.13,KPHX 100851Z 19004KT 10SM FEW100 32/13 A2974 RMK AO2 SLP049 T03170128 51008,M
PHX,2025-09-10 09:51,-112.0116,33.4343,337.00,88.00,55.00,32.68,90.00,5.00,0.00,29.74,1004.90,10.00,M,FEW,M,M,M,10000.00,M,M,M,M,M,M,M,M,M,M,86.22,KPHX 100951Z 09005KT 10SM FEW100 31/13 A2974 RMK AO2 SLP049 T03110128,M
PHX,2025-09-10 10:51,-112.0116,33.4343,337.00,86.00,54.00,33.57,90.00,5.00,0.00,29.74,1004.90,10.00,M,CLR,M,M,M,M,M,M,M,M,M,M,M,M,M,M,84.27,KPHX 101051Z 09005KT 10SM CLR 30/12 A2974 RMK AO2 SLP049 T03000122,M
PHX,2025-09-10 11:51,-112.0116,33.4343,337.00,87.00,51.00,29.12,140.00,7.00,0.00,29.75,1005.10,10.00,M,CLR,M,M,M,M,M,M,M,M,M,M,M,M,M,M,84.59,KPHX 101151Z 14007KT 10SM CLR 31/11 A2975 RMK AO2 SLP051 T03060106 10361 20300 53001,M
PHX,2025-09-10 12:51,-112.0116,33.4343,337.00,87.00,54.00,32.52,160.00,6.00,0.00,29.77,1005.90,10.00,M,FEW,M,M,M,9000.00,M,M,M,M,M,M,M,M,M,M,85.12,KPHX 101251Z 16006KT 10SM FEW090 31/12 A2977 RMK AO2 SLP059 T03060122,M
PHX,2025-09-10 13:51,-112.0116,33.4343,337.00,86.00,55.00,34.82,140.00,8.00,0.00,29.79,1006.60,10.00,M,FEW,M,M,M,9000.00,M,M,M,M,M,M,M,M,M,M,84.47,KPHX 101351Z 14008KT 10SM FEW090 30/13 A2979 RMK AO2 SLP066 T03000128,M
PHX,2025-09-10 14:51,-112.0116,33.4343,337.00,88.00,56.00,33.89,120.00,3.00,0.00,29.81,1007.20,10.00,M,FEW,M,M,M,9000.00,M,M,M,M,M,M,M,M,M,M,86.46,KPHX 101451Z 12003KT 10SM FEW090 31/13 A2981 RMK AO2 SLP072 T03110133 51020,M
PHX,2025-09-10 15:51,-112.0116,33.4343,337.00,91.00,56.00,30.84,140.00,9.00,0.00,29.81,1007.30,10.00,M,FEW,M,M,M,9000.00,M,M,M,M,M,M,M,M,M,M,89.32,KPHX 101551Z 14009KT 10SM FEW090 33/13 A2981 RMK AO2 SLP073 T03280133,M
PHX,2025-09-10 16:51,-112.0116,33.4343,337.00,95.00,55.00,26.28,150.00,6.00,0.00,29.83,1007.70,10.00,M,FEW,FEW,M,M,9000.00,21000.00,M,M,M,M,M,M,M,M,M,93.13,KPHX 101651Z 15006KT 10SM FEW090 FEW210 35/13 A2983 RMK AO2 SLP077 T03500128,M
PHX,2025-09-10 17:51,-112.0116,33.4343,337.00,99.00,54.00,22.44,M,6.00,0.00,29.82,1007.50,10.00,M,FEW,FEW,FEW,M,9000.00,21000.00,27000.00,M,M,M,M,M,M,M,M,97.10,KPHX 101751Z VRB06KT 10SM FEW090 FEW210 FEW270 37/12 A2982 RMK AO2 SLP075 T03720122 10372 20300 50003,M
PHX,2025-09-10 18:51,-112.0116,33.4343,337.00,104.00,54.00,19.33,190.00,12.00,0.00,29.80,1006.90,10.00,18.00,FEW,FEW,FEW,M,9000.00,21000.00,27000.00,M,M,M,M,M,M,M,M,102.51,KPHX 101851Z 19012G18KT 10SM FEW090 FEW210 FEW270 40/12 A2980 RMK AO2 SLP069 T04000122,M
PHX,2025-09-10 19:51,-112.0116,33.4343,337.00,103.00,54.00,19.91,200.00,11.00,0.00,29.78,1006.20,10.00,20.00,FEW,FEW,FEW,M,9000.00,21000.00,27000.00,M,M,M,M,M,M,M,M,101.43,KPHX 101951Z 20011G20KT 10SM FEW090 FEW210 FEW270 39/12 A2978 RMK AO2 SLP062 T03940122,M
PHX,2025-09-10 20:51,-112.0116,33.4343,337.00,106.00,54.00,18.23,160.00,10.00,0.00,29.75,1005.20,10.00,16.00,FEW,FEW,FEW,M,9000.00,21000.00,27000.00,M,M,M,M,M,M,M,M,104.66,KPHX 102051Z 16010G16KT 10SM FEW090 FEW210 FEW270 41/12 A2975 RMK AO2 SLP052 T04110122 58022,M
PHX,2025-09-10 21:51,-112.0116,33.4343,337.00,105.00,54.00,18.77,300.00,13.00,0.00,29.73,1004.40,10.00,20.00,SCT,M,M,M,11000.00,M,M,M,M,M,M,M,M,M,M,103.59,KPHX 102151Z 30013G20KT 10SM SCT110 41/12 A2973 RMK AO2 SLP044 T04060122,M
PHX,2025-09-10 22:51,-112.0116,33.4343,337.00,106.00,52.00,16.94,280.00,13.00,0.00,29.70,1003.50,10.00,19.00,SCT,M,M,M,11000.00,M,M,M,M,M,M,M,M,M,M,103.90,KPHX 102251Z 28013G19KT 10SM SCT110 41/11 A2970 RMK AO2 SLP035 T04110111,M
PHX,2025-09-10 23:51,-112.0116,33.4343,337.00,104.00,54.00,19.33,270.00,6.00,0.00,29.70,1003.40,10.00,M,SCT,M,M,M,11000.00,M,M,M,M,M,M,M,M,M,M,102.51,KPHX 102351Z 27006KT 10SM SCT110 40/12 A2970 RMK AO2 SLP034 T04000122 10422 20372 56017,M
PHX,2025-09-11 00:51,-112.0116,33.4343,337.00,104.00,52.00,17.96,270.00,13.00,0.00,29.70,1003.40,10.00,20.00,SCT,M,M,M,11000.00,M,M,M,M,M,M,M,M,M,M,101.80,KPHX 110051Z 27013G20KT 10SM SCT110 40/11 A2970 RMK AO2 SLP034 CB DSNT E-S T04000111,M
PHX,2025-09-11 01:51,-112.0116,33.4343,337.00,101.00,53.00,20.37,260.00,12.00,0.00,29.71,1004.00,10.00,18.00,FEW,FEW,M,M,11000.00,25000.00,M,M,M,M,M,M,M,M,M,98.93,KPHX 110151Z 26012G18KT 10SM FEW110 FEW250 38/12 A2971 RMK AO2 SLP040 T03830117,M
PHX,2025-09-11 02:51,-112.0116,33.4343,337.00,98.00,55.00,23.99,270.00,14.00,0.00,29.74,1005.00,10.00,M,FEW,M,M,M,11000.00,M,M,M,M,M,M,M,M,M,M,96.34,KPHX 110251Z 27014KT 10SM FEW110 37/13 A2974 RMK AO2 SLP050 T03670128 53015,M
PHX,2025-09-11 03:51,-112.0116,33.4343,337.00,96.00,55.00,25.49,260.00,13.00,0.00,29.76,1005.70,10.00,M,FEW,M,M,M,11000.00,M,M,M,M,M,M,M,M,M,M,94.19,KPHX 110351Z 26013KT 10SM FEW110 36/13 A2976 RMK AO2 SLP057 T03560128,M
PHX,2025-09-11 04:51,-112.0116,33.4343,337.00,94.00,55.00,27.10,230.00,4.00,0.00,29.78,1006.30,10.00,M,FEW,M,M,M,11000.00,M,M,M,M,M,M,M,M,M,M,92.08,KPHX 110451Z 23004KT 10SM FEW110 34/13 A2978 RMK AO2 SLP063 T03440128,M
PHX,2025-09-11 05:51,-112.0116,33.4343,337.00,94.00,55.00,27.10,190.00,4.00,0.00,29.79,1006.60,10.00,M,FEW,M,M,M,11000.00,M,M,M,M,M,M,M,M,M,M,92.08,KPHX 110551Z 19004KT 10SM FEW110 34/13 A2979 RMK AO2 SLP066 T03440128 10400 20339 51017,M
PHX,2025-09-11 06:51,-112.0116,33.4343,337.00,92.00,54.00,27.80,180.00,6.00,0.00,29.81,1007.10,10.00,M,FEW,M,M,M,11000.00,M,M,M,M,M,M,M,M,M,M,89.78,KPHX 110651Z 18006KT 10SM FEW110 33/12 A2981 RMK AO2 SLP071 T03330122 404220300,M
PHX,2025-09-11 07:51,-112.0116,33.4343,337.00,89.00,55.00,31.66,170.00,8.00,0.00,29.81,1007.20,10.00,M,FEW,M,M,M,11000.00,M,M,M,M,M,M,M,M,M,M,87.13,KPHX 110751Z 17008KT 10SM FEW110 32/13 A2981 RMK AO2 SLP072 T03170128,M
PHX,2025-09-11 08:51,-112.0116,33.4343,337.00,88.00,51.00,28.22,180.00,9.00,0.00,29.81,1007.30,10.00,M,CLR,M,M,M,M,M,M,M,M,M,M,M,M,M,M,85.44,KPHX 110851Z 18009KT 10SM CLR 31/11 A2981 RMK AO2 SLP073 T03110106 51006,M
PHX,2025-09-11 09:51,-112.0116,33.4343,337.00,86.00,49.00,27.91,180.00,5.00,0.00,29.82,1007.50,10.00,M,FEW,M,M,M,11000.00,M,M,M,M,M,M,M,M,M,M,83.50,KPHX 110951Z 18005KT 10SM FEW110 30/09 A2982 RMK AO2 SLP075 T03000094,M
PHX,2025-09-11 10:51,-112.0116,33.4343,337.00,86.00,47.00,25.89,0.00,0.00,0.00,29.83,1007.80,10.00,M,FEW,M,M,M,11000.00,M,M,M,M,M,M,M,M,M,M,83.28,KPHX 111051Z 00000KT 10SM FEW110 30/08 A2983 RMK AO2 SLP078 T03000083,M
PHX,2025-09-11 11:51,-112.0116,33.4343,337.00,84.00,50.00,30.88,100.00,6.00,0.00,29.84,1008.50,10.00,M,FEW,M,M,M,11000.00,M,M,M,M,M,M,M,M,M,M,82.10,KPHX 111151Z 10006KT 10SM FEW110 29/10 A2984 RMK AO2 SLP085 T02890100 10344 20289 53010,M
PHX,2025-09-11 12:51,-112.0116,33.4343,337.00,83.00,51.00,33.09,70.00,5.00,0.00,29.86,1008.90,10.00,M,FEW,M,M,M,11000.00,M,M,M,M,M,M,M,M,M,M,81.51,KPHX 111251Z 07005KT 10SM FEW110 28/11 A2986 RMK AO2 SLP089 T02830106,M
PHX,2025-09-11 13:51,-112.0116,33.4343,337.00,83.00,53.00,35.63,80.00,4.00,0.00,29.88,1009.60,10.00,M,FEW,M,M,M,11000.00,M,M,M,M,M,M,M,M,M,M,81.79,KPHX 111351Z 08004KT 10SM FEW110 28/12 A2988 RMK AO2 SLP096 T02830117,M
PHX,2025-09-11 14:51,-112.0116,33.4343,337.00,87.00,55.00,33.73,130.00,4.00,0.00,29.89,1010.00,10.00,M,FEW,M,M,M,11000.00,M,M,M,M,M,M,M,M,M,M,85.33,KPHX 111451Z 13004KT 10SM FEW110 31/13 A2989 RMK AO2 SLP100 T03060128 51015,M
PHX,2025-09-11 15:51,-112.0116,33.4343,337.00,90.00,59.00,35.45,110.00,6.00,0.00,29.90,1010.30,10.00,M,FEW,M,M,M,11000.00,M,M,M,M,M,M,M,M,M,M,89.28,KPHX 111551Z COR 11006KT 10SM FEW110 32/15 A2990 RMK AO2 SLP103 T03220150,M
PHX,2025-09-11 16:51,-112.0116,33.4343,337.00,93.00,63.00,37.21,110.00,6.00,0.00,29.90,1010.40,10.00,M,FEW,FEW,M,M,8000.00,12000.00,M,M,M,M,M,M,M,M,M,94.23,KPHX 111651Z 11006KT 10SM FEW080 FEW120 34/17 A2990 RMK AO2 SLP104 T03390172,M
PHX,2025-09-11 17:51,-112.0116,33.4343,337.00,94.00,65.00,38.69,110.00,6.00,0.00,29.89,1010.20,10.00,M,SCT,SCT,M,M,7000.00,12000.00,M,M,M,M,M,M,M,M,M,96.54,KPHX 111751Z 11006KT 10SM SCT070 SCT120 34/18 A2989 RMK AO2 SLP102 T03440183 10356 20278 50001,M
PHX,2025-09-11 18:51,-112.0116,33.4343,337.00,97.00,65.00,35.30,160.00,6.00,0.00,29.88,1009.40,10.00,M,SCT,SCT,M,M,7000.00,12000.00,M,M,M,M,M,M,M,M,M,100.06,KPHX 111851Z 16006KT 10SM SCT070 SCT120 36/18 A2988 RMK AO2 SLP094 T03610183,M
PHX,2025-09-11 19:51,-112.0116,33.4343,337.00,98.00,64.00,33.07,M,5.00,0.00,29.84,1008.50,10.00,20.00,SCT,SCT,M,M,6500.00,12000.00,M,M,M,M,M,M,M,M,M,100.60,KPHX 111951Z VRB05G20KT 10SM SCT065 SCT120 37/18 A2984 RMK AO2 SLP085 T03670178,M
PHX,2025-09-11 20:51,-112.0116,33.4343,337.00,102.00,61.00,26.39,190.00,14.00,0.00,29.80,1007.00,10.00,22.00,SCT,M,M,M,7500.00,M,M,M,M,M,M,M,M,M,M,103.52,KPHX 112051Z 19014G22KT 10SM SCT075 39/16 A2980 RMK AO2 SLP070 T03890161 58029,M
PHX,2025-09-11 21:51,-112.0116,33.4343,337.00,101.00,58.00,24.43,220.00,11.00,0.00,29.78,1006.20,10.00,20.00,SCT,M,M,M,7500.00,M,M,M,M,M,M,M,M,M,M,100.84,KPHX 112151Z 22011G20KT 10SM SCT075 38/14 A2978 RMK AO2 SLP062 T03830144,M
PHX,2025-09-11 22:51,-112.0116,33.4343,337.00,101.00,61.00,27.19,320.00,6.00,0.00,29.76,1005.40,10.00,M,SCT,SCT,M,M,8500.00,14000.00,M,M,M,M,M,M,M,M,M,102.35,KPHX 112251Z 32006KT 10SM SCT085 SCT140 38/16 A2976 RMK AO2 SLP054 T03830161,M
PHX,2025-09-11 23:51,-112.0116,33.4343,337.00,102.00,60.00,25.47,260.00,6.00,0.00,29.74,1005.00,10.00,19.00,SCT,SCT,M,M,8500.00,13000.00,M,M,M,M,M,M,M,M,M,102.97,KPHX 112351Z 26006G19KT 10SM SCT085 SCT130 39/16 A2974 RMK AO2 SLP050 T03890156 10400 20350 56020,M
PHX,2025-09-12 00:51,-112.0116,33.4343,337.00,100.00,61.00,28.01,250.00,11.00,0.00,29.74,1004.80,10.00,M,FEW,SCT,M,M,8500.00,13000.00,M,M,M,M,M,M,M,M,M,101.18,KPHX 120051Z 25011KT 10SM FEW085 SCT130 38/16 A2974 RMK AO2 SLP048 TCU DSNT E T03780161,M
PHX,2025-09-12 01:51,-112.0116,33.4343,337.00,99.00,60.00,27.86,280.00,14.00,0.00,29.74,1005.00,10.00,M,FEW,M,M,M,8500.00,M,M,M,M,M,M,M,M,M,M,99.50,KPHX 120151Z 28014KT 10SM FEW085 37/16 A2974 RMK AO2 SLP050 T03720156,M
PHX,2025-09-12 02:51,-112.0116,33.4343,337.00,96.00,56.00,26.43,270.00,11.00,0.00,29.77,1005.80,10.00,M,FEW,M,M,M,9000.00,M,M,M,M,M,M,M,M,M,M,94.51,KPHX 120251Z 27011KT 10SM FEW090 36/13 A2977 RMK AO2 SLP058 OCNL LTGIC DSNT SE CB DSNT SE T03560133 53008,M
PHX,2025-09-12 03:51,-112.0116,33.4343,337.00,94.00,53.00,25.19,270.00,9.00,0.00,29.79,1006.60,10.00,M,FEW,M,M,M,9000.00,M,M,M,M,M,M,M,M,M,M,91.55,KPHX 120351Z 27009KT 10SM FEW090 34/12 A2979 RMK AO2 SLP066 T03440117,M
PHX,2025-09-12 04:51,-112.0116,33.4343,337.00,93.00,54.00,26.95,270.00,5.00,0.00,29.80,1007.10,10.00,M,FEW,M,M,M,9000.00,M,M,M,M,M,M,M,M,M,M,90.78,KPHX 120451Z 27005KT 10SM FEW090 34/12 A2980 RMK AO2 SLP071 OCNL LTGIC DSNT SE CB DSNT SE T03390122,M
PHX,2025-09-12 05:51,-112.0116,33.4343,337.00,91.00,55.00,29.74,110.00,3.00,0.00,29.81,1007.30,10.00,M,CLR,M,M,M,M,M,M,M,M,M,M,M,M,M,M,89.05,KPHX 120551Z 11003KT 10SM CLR 33/13 A2981 RMK AO2 SLP073 T03280128 10383 20328 51014,M
PHX,2025-09-12 06:51,-112.0116,33.4343,337.00,89.00,61.00,39.28,160.00,4.00,0.00,29.81,1007.20,10.00,M,FEW,M,M,M,10000.00,M,M,M,M,M,M,M,M,M,M,89.04,KPHX 120651Z 16004KT 10SM FEW100 32/16 A2981 RMK AO2 SLP072 T03170161 404000278,M
PHX,2025-09-12 07:51,-112.0116,33.4343,337.00,88.00,60.00,39.12,160.00,5.00,0.00,29.81,1007.20,10.00,M,FEW,M,M,M,10000.00,M,M,M,M,M,M,M,M,M,M,87.67,KPHX 120751Z 16005KT 10SM FEW100 31/16 A2981 RMK AO2 SLP072 T03110156,M
PHX,2025-09-12 08:51,-112.0116,33.4343,337.00,87.00,60.00,40.38,210.00,4.00,0.00,29.82,1007.50,10.00,M,SCT,M,M,M,10000.00,M,M,M,M,M,M,M,M,M,M,86.72,KPHX 120851Z 21004KT 10SM SCT100 31/16 A2982 RMK AO2 SLP075 T03060156 53003,M
PHX,2025-09-12 09:51,-112.0116,33.4343,337.00,86.00,56.00,36.10,0.00,0.00,0.00,29.82,1007.60,10.00,M,SCT,M,M,M,10000.00,M,M,M,M,M,M,M,M,M,M,84.69,KPHX 120951Z 00000KT 10SM SCT100 30/13 A2982 RMK AO2 SLP076 CONS LTGIC DSNT NE CB DSNT NE T03000133,M
PHX,2025-09-12 10:51,-112.0116,33.4343,337.00,86.00,48.00,26.88,340.00,5.00,0.00,29.82,1007.60,10.00,M,SCT,SCT,M,M,8000.00,10000.00,M,M,M,M,M,M,M,M,M,83.38,KPHX 121051Z 34005KT 10SM SCT080 SCT100 30/09 A2982 RMK AO2 SLP076 T03000089,M
PHX,2025-09-12 11:51,-112.0116,33.4343,337.00,85.00,49.00,28.81,10.00,3.00,0.00,29.83,1008.10,10.00,M,SCT,SCT,M,M,8000.00,10000.00,M,M,M,M,M,M,M,M,M,82.72,KPHX 121151Z 01003KT 10SM SCT080 SCT100 29/09 A2983 RMK AO2 SLP081 T02940094 10328 20289 53005,M
PHX,2025-09-12 12:51,-112.0116,33.4343,337.00,83.00,54.00,36.96,0.00,0.00,0.00,29.85,1008.70,10.00,M,FEW,FEW,M,M,8000.00,10000.00,M,M,M,M,M,M,M,M,M,81.95,KPHX 121251Z 00000KT 10SM FEW080 FEW100 28/12 A2985 RMK AO2 SLP087 T02830122,M
PHX,2025-09-12 13:51,-112.0116,33.4343,337.00,82.00,56.00,41.05,110.00,3.00,0.00,29.86,1009.20,10.00,M,FEW,FEW,M,M,8000.00,10000.00,M,M,M,M,M,M,M,M,M,81.58,KPHX 121351Z 11003KT 10SM FEW080 FEW100 28/13 A2986 RMK AO2 SLP092 T02780133,M
PHX,2025-09-12 14:51,-112.0116,33.4343,337.00,86.00,50.00,28.97,120.00,4.00,0.00,29.87,1009.40,10.00,M,FEW,FEW,M,M,8000.00,20000.00,M,M,M,M,M,M,M,M,M,83.62,KPHX 121451Z 12004KT 10SM FEW080 FEW200 30/10 A2987 RMK AO2 SLP094 T03000100 51013,M
PHX,2025-09-12 15:51,-112.0116,33.4343,337.00,88.00,45.00,22.53,50.00,5.00,0.00,29.88,1009.60,10.00,M,FEW,FEW,M,M,8000.00,20000.00,M,M,M,M,M,M,M,M,M,84.73,KPHX 121551Z 05005KT 10SM FEW080 FEW200 31/07 A2988 RMK AO2 SLP096 T03110072,M
PHX,2025-09-12 16:51,-112.0116,33.4343,337.00,90.00,48.00,23.69,0.00,0.00,0.00,29.88,1009.60,10.00,M,SCT,SCT,SCT,M,7500.00,11000.00,23000.00,M,M,M,M,M,M,M,M,86.79,KPHX 121651Z 00000KT 10SM SCT075 SCT110 SCT230 32/09 A2988 RMK AO2 SLP096 T03220089,M
PHX,2025-09-12 17:51,-112.0116,33.4343,337.00,95.00,53.00,24.43,170.00,5.00,0.00,29.86,1009.00,10.00,M,FEW,SCT,SCT,M,7500.00,11000.00,23000.00,M,M,M,M,M,M,M,M,92.58,KPHX 121751Z 17005KT 10SM FEW075 SCT110 SCT230 35/12 A2986 RMK AO2 SLP090 T03500117 10350 20278 58004,M
PHX,2025-09-12 18:51,-112.0116,33.4343,337.00,96.00,59.00,29.45,190.00,9.00,0.00,29.83,1008.10,10.00,18.00,FEW,FEW,M,M,7500.00,11000.00,M,M,M,M,M,M,M,M,M,95.65,KPHX 121851Z 19009G18KT 10SM FEW075 FEW110 36/15 A2983 RMK AO2 SLP081 T03560150,M
PHX,2025-09-12 19:51,-112.0116,33.4343,337.00,98.00,62.00,30.82,M,5.00,0.00,29.80,1007.10,10.00,M,FEW,FEW,M,M,7500.00,11000.00,M,M,M,M,M,M,M,M,M,99.40,KPHX 121951Z VRB05KT 10SM FEW075 FEW110 37/17 A2980 RMK AO2 SLP071 T03670167,M
PHX,2025-09-12 20:51,-112.0116,33.4343,337.00,98.00,61.00,29.75,220.00,9.00,0.00,29.77,1006.00,10.00,14.00,FEW,FEW,M,M,8000.00,11000.00,M,M,M,M,M,M,M,M,M,98.86,KPHX 122051Z 22009G14KT 10SM FEW080 FEW110 37/16 A2977 RMK AO2 SLP060 T03670161 58029,M
PHX,2025-09-12 21:51,-112.0116,33.4343,337.00,98.00,60.00,28.72,M,5.00,0.00,29.75,1005.10,10.00,M,SCT,M,M,M,8000.00,M,M,M,M,M,M,M,M,M,M,98.36,KPHX 122151Z VRB05KT 10SM SCT080 37/16 A2975 RMK AO2 SLP051 T03670156,M
PHX,2025-09-12 22:51,-112.0116,33.4343,337.00,98.00,56.00,24.87,320.00,9.00,0.00,29.73,1004.40,10.00,18.00,SCT,SCT,M,M,8000.00,10000.00,M,M,M,M,M,M,M,M,M,96.69,KPHX 122251Z 32009G18KT 10SM SCT080 SCT100 37/13 A2973 RMK AO2 SLP044 T03670133,M
PHX,2025-09-12 23:51,-112.0116,33.4343,337.00,100.00,49.00,18.10,270.00,8.00,0.00,29.71,1003.90,10.00,20.00,FEW,FEW,M,M,8000.00,11000.00,M,M,M,M,M,M,M,M,M,96.80,KPHX 122351Z 27008G20KT 10SM FEW080 FEW110 38/09 A2971 RMK AO2 SLP039 T03780094 10389 20339 56020,M
PHX,2025-09-13 00:51,-112.0116,33.4343,337.00,100.00,44.00,14.99,260.00,13.00,0.00,29.70,1003.60,10.00,M,FEW,FEW,M,M,8000.00,11000.00,M,M,M,M,M,M,M,M,M,95.85,KPHX 130051Z 26013KT 10SM FEW080 FEW110 38/07 A2970 RMK AO2 SLP036 T03780067,M
PHX,2025-09-13 01:51,-112.0116,33.4343,337.00,97.00,36.00,12.02,270.00,12.00,0.00,29.71,1004.00,10.00,M,FEW,FEW,M,M,8000.00,11000.00,M,M,M,M,M,M,M,M,M,91.97,KPHX 130151Z 27012KT 10SM FEW080 FEW110 36/02 A2971 RMK AO2 SLP040 T03610022,M
PHX,2025-09-13 02:51,-112.0116,33.4343,337.00,94.00,34.00,12.17,250.00,10.00,0.00,29.73,1004.50,10.00,M,FEW,M,M,M,8000.00,M,M,M,M,M,M,M,M,M,M,89.22,KPHX 130251Z 25010KT 10SM FEW080 34/01 A2973 RMK AO2 SLP045 T03440011 53005,M
PHX,2025-09-13 03:51,-112.0116,33.4343,337.00,92.00,29.00,10.57,250.00,10.00,0.00,29.74,1005.10,10.00,M,FEW,M,M,M,8000.00,M,M,M,M,M,M,M,M,M,M,87.05,KPHX 130351Z 25010KT 10SM FEW080 33/M02 A2974 RMK AO2 SLP051 FRQ LTGIC DSNT SE CB DSNT SE T03331017,M
PHX,2025-09-13 04:51,-112.0116,33.4343,337.00,89.00,29.00,11.61,230.00,4.00,0.00,29.76,1005.80,10.00,M,FEW,M,M,M,8000.00,M,M,M,M,M,M,M,M,M,M,84.78,KPHX 130451Z 23004KT 10SM FEW080 32/M02 A2976 RMK AO2 SLP058 CONS LTGIC DSNT SE CB DSNT SE T03171017,M
PHX,2025-09-13 05:51,-112.0116,33.4343,337.00,88.00,28.00,11.50,240.00,6.00,0.00,29.77,1006.10,10.00,M,FEW,M,M,M,8000.00,M,M,M,M,M,M,M,M,M,M,83.95,KPHX 130551Z 24006KT 10SM FEW080 31/M02 A2977 RMK AO2 SLP061 FRQ LTGIC DSNT SE CB DSNT SE T03111022 10383 20311 51016,M
PHX,2025-09-13 06:51,-112.0116,33.4343,337.00,87.00,29.00,12.37,220.00,8.00,0.00,29.78,1006.30,10.00,M,CLR,M,M,M,M,M,M,M,M,M,M,M,M,M,M,83.31,KPHX 130651Z 22008KT 10SM CLR 31/M02 A2978 RMK AO2 SLP063 T03061017 403890278,M
PHX,2025-09-13 07:51,-112.0116,33.4343,337.00,83.00,33.00,16.53,90.00,5.00,0.00,29.79,1006.70,10.00,M,CLR,M,M,M,M,M,M,M,M,M,M,M,M,M,M,80.43,KPHX 130751Z 09005KT 10SM CLR 28/01 A2979 RMK AO2 SLP067 T02830006,M
PHX,2025-09-13 08:51,-112.0116,33.4343,337.00,81.00,33.00,17.64,120.00,5.00,0.00,29.81,1007.30,10.00,M,CLR,M,M,M,M,M,M,M,M,M,M,M,M,M,M,79.10,KPHX 130851Z 12005KT 10SM CLR 27/01 A2981 RMK AO2 SLP073 T02720006 53010,M
PHX,2025-09-13 09:51,-112.0116,33.4343,337.00,79.00,35.00,20.39,160.00,9.00,0.00,29.81,1007.20,10.00,M,CLR,M,M,M,M,M,M,M,M,M,M,M,M,M,M,79.00,KPHX 130951Z 16009KT 10SM CLR 26/02 A2981 RMK AO2 SLP072 T02610017,M
PHX,2025-09-13 10:51,-112.0116,33.4343,337.00,79.00,35.00,20.39,160.00,11.00,0.00,29.81,1007.50,10.00,M,CLR,M,M,M,M,M,M,M,M,M,M,M,M,M,M,79.00,KPHX 131051Z 16011KT 10SM CLR 26/02 A2981 RMK AO2 SLP075 T02610017,M
PHX,2025-09-13 11:51,-112.0116,33.4343,337.00,78.00,35.00,21.07,100.00,6.00,0.00,29.83,1008.10,10.00,M,CLR,M,M,M,M,M,M,M,M,M,M,M,M,M,M,78.00,KPHX 131151Z 10006KT 10SM CLR 26/02 A2983 RMK AO2 SLP081 T02560017 10311 20256 53007,M
PHX,2025-09-13 12:51,-112.0116,33.4343,337.00,77.00,40.00,26.52,90.00,8.00,0.00,29.84,1008.50,10.00,M,FEW,M,M,M,8000.00,M,M,M,M,M,M,M,M,M,M,77.00,KPHX 131251Z 09008KT 10SM FEW080 25/04 A2984 RMK AO2 SLP085 T02500044,M
PHX,2025-09-13 13:51,-112.0116,33.4343,337.00,77.00,39.00,25.50,90.00,7.00,0.00,29.85,1009.00,10.00,M,FEW,M,M,M,9000.00,M,M,M,M,M,M,M,M,M,M,77.00,KPHX 131351Z AUTO 09007KT 10SM FEW090 25/04 A2985 RMK AO2 SLP090 T02500039,M
PHX,2025-09-13 14:51,-112.0116,33.4343,337.00,80.00,38.00,22.22,80.00,6.00,0.00,29.87,1009.40,10.00,M,FEW,M,M,M,9000.00,M,M,M,M,M,M,M,M,M,M,78.74,KPHX 131451Z 08006KT 10SM FEW090 27/03 A2987 RMK AO2 SLP094 T02670033 52012,M
PHX,2025-09-13 15:51,-112.0116,33.4343,337.00,84.00,38.00,19.52,80.00,4.00,0.00,29.88,1009.80,10.00,M,FEW,M,M,M,9000.00,M,M,M,M,M,M,M,M,M,M,81.26,KPHX 131551Z 08004KT 10SM FEW090 29/03 A2988 RMK AO2 SLP098 T02890033,M
PHX,2025-09-13 16:51,-112.0116,33.4343,337.00,88.00,37.00,16.52,140.00,5.00,0.00,29.88,1009.70,10.00,M,FEW,M,M,M,9000.00,M,M,M,M,M,M,M,M,M,M,84.32,KPHX 131651Z 14005KT 10SM FEW090 31/03 A2988 RMK AO2 SLP097 T03110028,M
PHX,2025-09-13 17:51,-112.0116,33.4343,337.00,91.00,35.00,13.90,0.00,0.00,0.00,29.87,1009.30,10.00,M,FEW,M,M,M,9000.00,M,M,M,M,M,M,M,M,M,M,86.81,KPHX 131751Z 00000KT 10SM FEW090 33/02 A2987 RMK AO2 SLP093 T03280017 10333 20244 58000,M
PHX,2025-09-13 18:51,-112.0116,33.4343,337.00,91.00,36.00,14.46,0.00,0.00,0.00,29.85,1008.70,10.00,M,FEW,M,M,M,9000.00,M,M,M,M,M,M,M,M,M,M,86.84,KPHX 131851Z 00000KT 10SM FEW090 33/02 A2985 RMK AO2 SLP087 T03280022,M
PHX,2025-09-13 19:51,-112.0116,33.4343,337.00,95.00,37.00,13.29,250.00,6.00,0.00,29.83,1008.00,10.00,M,FEW,M,M,M,9000.00,M,M,M,M,M,M,M,M,M,M,90.44,KPHX 131951Z 25006KT 10SM FEW090 35/03 A2983 RMK AO2 SLP080 T03500028,M
PHX,2025-09-13 20:51,-112.0116,33.4343,337.00,94.00,37.00,13.71,290.00,6.00,0.00,29.80,1007.10,10.00,M,FEW,M,M,M,9000.00,M,M,M,M,M,M,M,M,M,M,89.53,KPHX 132051Z 29006KT 10SM FEW090 34/03 A2980 RMK AO2 SLP071 T03440028 58021,M
PHX,2025-09-13 21:51,-112.0116,33.4343,337.00,94.00,36.00,13.17,290.00,5.00,0.00,29.78,1006.40,10.00,M,FEW,M,M,M,9000.00,M,M,M,M,M,M,M,M,M,M,89.49,KPHX 132151Z 29005KT 10SM FEW090 34/02 A2978 RMK AO2 SLP064 T03440022,M
PHX,2025-09-13 22:51,-112.0116,33.4343,337.00,96.00,36.00,12.39,70.00,4.00,0.00,29.76,1005.70,10.00,M,FEW,M,M,M,9000.00,M,M,M,M,M,M,M,M,M,M,91.15,KPHX 132251Z 07004KT 10SM FEW090 36/02 A2976 RMK AO2 SLP057 T03560022,M
PHX,2025-09-13 23:51,-112.0116,33.4343,337.00,96.00,36.00,12.39,330.00,7.00,0.00,29.76,1005.60,10.00,20.00,FEW,M,M,M,9000.00,M,M,M,M,M,M,M,M,M,M,91.15,KPHX 132351Z 33007G20KT 10SM FEW090 36/02 A2976 RMK AO2 SLP056 T03560022 10361 20322 56016,M
PHX,2025-09-14 00:51,-112.0116,33.4343,337.00,95.00,36.00,12.78,350.00,8.00,0.00,29.75,1005.50,10.00,M,FEW,M,M,M,9000.00,M,M,M,M,M,M,M,M,M,M,90.33,KPHX 140051Z 35008KT 10SM FEW090 35/02 A2975 RMK AO2 SLP055 T03500022,M
PHX,2025-09-14 01:51,-112.0116,33.4343,337.00,94.00,35.00,12.66,320.00,7.00,0.00,29.76,1005.70,10.00,M,CLR,M,M,M,M,M,M,M,M,M,M,M,M,M,M,89.37,KPHX 140151Z 32007KT 10SM CLR 34/02 A2976 RMK AO2 SLP057 T03440017,M
PHX,2025-09-14 02:51,-112.0116,33.4343,337.00,93.00,35.00,13.06,330.00,4.00,0.00,29.77,1006.10,10.00,M,CLR,M,M,M,M,M,M,M,M,M,M,M,M,M,M,88.56,KPHX 140251Z 33004KT 10SM CLR 34/02 A2977 RMK AO2 SLP061 T03390017 53005,M
PHX,2025-09-14 03:51,-112.0116,33.4343,337.00,92.00,35.00,13.47,20.00,3.00,0.00,29.79,1006.60,10.00,M,CLR,M,M,M,M,M,M,M,M,M,M,M,M,M,M,87.68,KPHX 140351Z 02003KT 10SM CLR 33/02 A2979 RMK AO2 SLP066 T03330017,M
PHX,2025-09-14 04:51,-112.0116,33.4343,337.00,88.00,40.00,18.59,0.00,0.00,0.00,29.79,1006.70,10.00,M,CLR,M,M,M,M,M,M,M,M,M,M,M,M,M,M,84.42,KPHX 140451Z 00000KT 10SM CLR 31/04 A2979 RMK AO2 SLP067 T03110044,M
PHX,2025-09-14 05:51,-112.0116,33.4343,337.00,87.00,39.00,18.45,100.00,4.00,0.00,29.79,1006.80,10.00,M,CLR,M,M,M,M,M,M,M,M,M,M,M,M,M,M,83.57,KPHX 140551Z 10004KT 10SM CLR 31/04 A2979 RMK AO2 SLP068 T03060039 10356 20306 51007,M
PHX,2025-09-14 06:51,-112.0116,33.4343,337.00,86.00,40.00,19.80,0.00,0.00,0.00,29.79,1006.90,10.00,M,CLR,M,M,M,M,M,M,M,M,M,M,M,M,M,M,82.82,KPHX 140651Z 00000KT 10SM CLR 30/04 A2979 RMK AO2 SLP069 T03000044 403610244,M
PHX,2025-09-14 07:51,-112.0116,33.4343,337.00,85.00,35.00,16.79,60.00,8.00,0.00,29.80,1007.00,10.00,M,CLR,M,M,M,M,M,M,M,M,M,M,M,M,M,M,81.92,KPHX 140751Z 06008KT 10SM CLR 29/02 A2980 RMK AO2 SLP070 T02940017,M
PHX,2025-09-14 08:51,-112.0116,33.4343,337.00,81.00,38.00,21.51,110.00,6.00,0.00,29.81,1007.30,10.00,M,CLR,M,M,M,M,M,M,M,M,M,M,M,M,M,M,79.28,KPHX 140851Z 11006KT 10SM CLR 27/03 A2981 RMK AO2 SLP073 T02720033 53005,M
PHX,2025-09-14 09:51,-112.0116,33.4343,337.00,80.00,37.00,21.36,0.00,0.00,0.00,29.80,1007.30,10.00,M,CLR,M,M,M,M,M,M,M,M,M,M,M,M,M,M,78.70,KPHX 140951Z 00000KT 10SM CLR 27/03 A2980 RMK AO2 SLP073 T02670028,M
PHX,2025-09-14 10:51,-112.0116,33.4343,337.00,78.00,34.00,20.25,90.00,7.00,0.00,29.80,1007.30,10.00,M,CLR,M,M,M,M,M,M,M,M,M,M,M,M,M,M,78.00,KPHX 141051Z 09007KT 10SM CLR 26/01 A2980 RMK AO2 SLP073 T02560011,M
PHX,2025-09-14 11:51,-112.0116,33.4343,337.00,77.00,38.00,24.52,110.00,4.00,0.00,29.81,1007.60,10.00,M,CLR,M,M,M,M,M,M,M,M,M,M,M,M,M,M,77.00,KPHX 141151Z 11004KT 10SM CLR 25/03 A2981 RMK AO2 SLP076 T02500033 10306 20244 53002,M
PHX,2025-09-14 12:51,-112.0116,33.4343,337.00,76.00,40.00,27.41,130.00,6.00,0.00,29.83,1008.10,10.00,M,FEW,M,M,M,25000.00,M,M,M,M,M,M,M,M,M,M,76.00,KPHX 141251Z 13006KT 10SM FEW250 24/04 A2983 RMK AO2 SLP081 T02440044,M
PHX,2025-09-14 13:51,-112.0116,33.4343,337.00,76.00,38.00,25.35,110.00,5.00,0.00,29.84,1008.80,10.00,M,FEW,M,M,M,9000.00,M,M,M,M,M,M,M,M,M,M,76.00,KPHX 141351Z 11005KT 10SM FEW090 24/03 A2984 RMK AO2 SLP088 T02440033,M
PHX,2025-09-14 14:51,-112.0116,33.4343,337.00,80.00,40.00,24.03,120.00,7.00,0.00,29.86,1009.10,10.00,M,FEW,M,M,M,9000.00,M,M,M,M,M,M,M,M,M,M,78.83,KPHX 141451Z 12007KT 10SM FEW090 27/04 A2986 RMK AO2 SLP091 T02670044 51015,M
PHX,2025-09-14 15:51,-112.0116,33.4343,337.00,84.00,42.00,22.81,140.00,6.00,0.00,29.87,1009.50,10.00,M,FEW,M,M,M,9000.00,M,M,M,M,M,M,M,M,M,M,81.43,KPHX 141551Z 14006KT 10SM FEW090 29/06 A2987 RMK AO2 SLP095 T02890056,M
PHX,2025-09-14 16:51,-112.0116,33.4343,337.00,88.00,40.00,18.59,150.00,5.00,0.00,29.88,1009.70,10.00,M,FEW,M,M,M,9000.00,M,M,M,M,M,M,M,M,M,M,84.42,KPHX 141651Z 15005KT 10SM FEW090 31/04 A2988 RMK AO2 SLP097 T03110044,M
PHX,2025-09-14 17:51,-112.0116,33.4343,337.00,91.00,40.00,16.92,140.00,6.00,0.00,29.87,1009.50,10.00,M,FEW,M,M,M,9000.00,M,M,M,M,M,M,M,M,M,M,86.99,KPHX 141751Z 14006KT 10SM FEW090 33/04 A2987 RMK AO2 SLP095 T03280044 10333 20244 50004,M
PHX,2025-09-14 18:51,-112.0116,33.4343,337.00,94.00,37.00,13.71,140.00,5.00,0.00,29.86,1009.00,10.00,M,FEW,M,M,M,9000.00,M,M,M,M,M,M,M,M,M,M,89.53,KPHX 141851Z 14005KT 10SM FEW090 34/03 A2986 RMK AO2 SLP090 T03440028,M
PHX,2025-09-14 19:51,-112.0116,33.4343,337.00,97.00,40.00,14.06,M,6.00,0.00,29.84,1008.20,10.00,M,FEW,M,M,M,9000.00,M,M,M,M,M,M,M,M,M,M,92.49,KPHX 141951Z VRB06KT 10SM FEW090 36/04 A2984 RMK AO2 SLP082 T03610044,M
PHX,2025-09-14 20:51,-112.0116,33.4343,337.00,99.00,42.00,14.30,210.00,11.00,0.00,29.81,1007.30,10.00,16.00,FEW,M,M,M,9000.00,M,M,M,M,M,M,M,M,M,M,94.60,KPHX 142051Z 21011G16KT 10SM FEW090 37/06 A2981 RMK AO2 SLP073 T03720056 58021,M
PHX,2025-09-14 21:51,-112.0116,33.4343,337.00,98.00,37.00,12.13,160.00,7.00,0.00,29.79,1006.60,10.00,M,FEW,M,M,M,9000.00,M,M,M,M,M,M,M,M,M,M,92.98,KPHX 142151Z 16007KT 120V220 10SM FEW090 37/03 A2979 RMK AO2 SLP066 T03670028,M
PHX,2025-09-14 22:51,-112.0116,33.4343,337.00,99.00,36.00,11.31,100.00,3.00,0.00,29.77,1005.90,10.00,M,FEW,M,M,M,9000.00,M,M,M,M,M,M,M,M,M,M,93.65,KPHX 142251Z 10003KT 10SM FEW090 37/02 A2977 RMK AO2 SLP059 T03720022,M
PHX,2025-09-14 23:51,-112.0116,33.4343,337.00,99.00,34.00,10.45,0.00,0.00,0.00,29.76,1005.50,10.00,M,FEW,M,M,M,9000.00,M,M,M,M,M,M,M,M,M,M,93.33,KPHX 142351Z 00000KT 10SM FEW090 37/01 A2976 RMK AO2 SLP055 T03720011 10383 20328 56017,M
PHX,2025-09-15 00:51,-112.0116,33.4343,337.00,97.00,32.00,10.24,M,3.00,0.00,29.76,1005.60,10.00,M,FEW,M,M,M,9000.00,M,M,M,M,M,M,M,M,M,M,91.36,KPHX 150051Z VRB03KT 10SM FEW090 36/00 A2976 RMK AO2 SLP056 T03610000,M
PHX,2025-09-15 01:51,-112.0116,33.4343,337.00,96.00,31.00,10.14,320.00,6.00,0.00,29.75,1005.50,10.00,M,FEW,M,M,M,9000.00,M,M,M,M,M,M,M,M,M,M,90.41,KPHX 150151Z 32006KT 10SM FEW090 36/M01 A2975 RMK AO2 SLP055 T03561006,M
PHX,2025-09-15 02:51,-112.0116,33.4343,337.00,95.00,33.00,11.34,300.00,9.00,0.00,29.77,1005.80,10.00,M,FEW,M,M,M,15000.00,M,M,M,M,M,M,M,M,M,M,89.86,KPHX 150251Z 30009KT 10SM FEW150 35/01 A2977 RMK AO2 SLP058 T03500006 53003,M
PHX,2025-09-15 03:51,-112.0116,33.4343,337.00,94.00,30.00,10.35,310.00,8.00,0.00,29.78,1006.40,10.00,M,CLR,M,M,M,M,M,M,M,M,M,M,M,M,M,M,88.69,KPHX 150351Z 31008KT 10SM CLR 34/M01 A2978 RMK AO2 SLP064 T03441011,M
PHX,2025-09-15 04:51,-112.0116,33.4343,337.00,89.00,34.00,14.21,0.00,0.00,0.00,29.79,1006.70,10.00,M,CLR,M,M,M,M,M,M,M,M,M,M,M,M,M,M,85.09,KPHX 150451Z 00000KT 10SM CLR 32/01 A2979 RMK AO2 SLP067 T03170011,M
PHX,2025-09-15 05:51,-112.0116,33.4343,337.00,86.00,35.00,16.27,230.00,3.00,0.00,29.80,1007.00,10.00,M,CLR,M,M,M,M,M,M,M,M,M,M,M,M,M,M,82.68,KPHX 150551Z 23003KT 10SM CLR 30/02 A2980 RMK AO2 SLP070 T03000017 10372 20300 51011,M
PHX,2025-09-15 06:51,-112.0116,33.4343,337.00,86.00,35.00,16.27,270.00,3.00,0.00,29.80,1007.20,10.00,M,CLR,M,M,M,M,M,M,M,M,M,M,M,M,M,M,82.68,KPHX 150651Z 27003KT 10SM CLR 30/02 A2980 RMK AO2 SLP072 T03000017 403830244,M
PHX,2025-09-15 07:51,-112.0116,33.4343,337.00,83.00,38.00,20.16,0.00,0.00,0.00,29.81,1007.30,10.00,M,CLR,M,M,M,M,M,M,M,M,M,M,M,M,M,M,80.56,KPHX 150751Z 00000KT 10SM CLR 28/03 A2981 RMK AO2 SLP073 T02830033,M
PHX,2025-09-15 08:51,-112.0116,33.4343,337.00,82.00,38.00,20.82,0.00,0.00,0.00,29.81,1007.40,10.00,M,CLR,M,M,M,M,M,M,M,M,M,M,M,M,M,M,79.90,KPHX 150851Z 00000KT 10SM CLR 28/03 A2981 RMK AO2 SLP074 T02780033 53005,M
PHX,2025-09-15 09:51,-112.0116,33.4343,337.00,81.00,41.00,24.18,120.00,3.00,0.00,29.82,1007.70,10.00,M,FEW,M,M,M,12000.00,M,M,M,M,M,M,M,M,M,M,79.43,KPHX 150951Z 12003KT 10SM FEW120 27/05 A2982 RMK AO2 SLP077 T02720050,M
PHX,2025-09-15 10:51,-112.0116,33.4343,337.00,80.00,41.00,24.98,0.00,0.00,0.00,29.82,1007.80,10.00,M,FEW,M,M,M,12000.00,M,M,M,M,M,M,M,M,M,M,78.87,KPHX 151051Z 00000KT 10SM FEW120 27/05 A2982 RMK AO2 SLP078 T02670050,M
PHX,2025-09-15 11:51,-112.0116,33.4343,337.00,81.00,36.00,19.88,300.00,3.00,0.00,29.82,1007.90,10.00,M,FEW,M,M,M,12000.00,M,M,M,M,M,M,M,M,M,M,79.20,KPHX 151151Z 30003KT 10SM FEW120 27/02 A2982 RMK AO2 SLP079 T02720022 10306 20256 51004,M
PHX,2025-09-15 12:51,-112.0116,33.4343,337.00,77.00,42.00,28.65,120.00,5.00,0.00,29.84,1008.40,10.00,M,FEW,FEW,M,M,12000.00,23000.00,M,M,M,M,M,M,M,M,M,77.00,KPHX 151251Z 12005KT 10SM FEW120 FEW230 25/06 A2984 RMK AO2 SLP084 T02500056,M
PHX,2025-09-15 13:51,-112.0116,33.4343,337.00,79.00,39.00,23.88,0.00,0.00,0.00,29.86,1009.10,10.00,M,FEW,FEW,M,M,12000.00,23000.00,M,M,M,M,M,M,M,M,M,79.00,KPHX 151351Z 00000KT 10SM FEW120 FEW230 26/04 A2986 RMK AO2 SLP091 T02610039,M
PHX,2025-09-15 14:51,-112.0116,33.4343,337.00,83.00,38.00,20.16,120.00,6.00,0.00,29.88,1009.80,10.00,M,FEW,FEW,M,M,12000.00,23000.00,M,M,M,M,M,M,M,M,M,80.56,KPHX 151451Z 12006KT 10SM FEW120 FEW230 28/03 A2988 RMK AO2 SLP098 T02830033 53019,M
PHX,2025-09-15 15:51,-112.0116,33.4343,337.00,89.00,38.00,16.66,130.00,6.00,0.00,29.90,1010.30,10.00,M,FEW,FEW,M,M,12000.00,23000.00,M,M,M,M,M,M,M,M,M,85.18,KPHX 151551Z 13006KT 10SM FEW120 FEW230 32/03 A2990 RMK AO2 SLP103 T03170033,M
PHX,2025-09-15 16:51,-112.0116,33.4343,337.00,92.00,39.00,15.77,140.00,4.00,0.00,29.91,1010.60,10.00,M,FEW,FEW,M,M,10000.00,13000.00,M,M,M,M,M,M,M,M,M,87.83,KPHX 151651Z 14004KT 10SM FEW100 FEW130 33/04 A2991 RMK AO2 SLP106 T03330039,M
PHX,2025-09-15 17:51,-112.0116,33.4343,337.00,95.00,38.00,13.82,40.00,4.00,0.00,29.90,1010.40,10.00,M,FEW,FEW,M,M,10000.00,13000.00,M,M,M,M,M,M,M,M,M,90.50,KPHX 151751Z 04004KT 10SM FEW100 FEW130 35/03 A2990 RMK AO2 SLP104 T03500033 10350 20250 50006,M
PHX,2025-09-15 18:51,-112.0116,33.4343,337.00,96.00,37.00,12.89,0.00,0.00,0.00,29.88,1009.80,10.00,M,FEW,FEW,SCT,M,10000.00,13000.00,23000.00,M,M,M,M,M,M,M,M,91.32,KPHX 151851Z 00000KT 10SM FEW100 FEW130 SCT230 36/03 A2988 RMK AO2 SLP098 T03560028,M
PHX,2025-09-15 19:51,-112.0116,33.4343,337.00,99.00,35.00,10.87,M,3.00,0.00,29.86,1009.00,10.00,M,FEW,FEW,SCT,M,10000.00,13000.00,23000.00,M,M,M,M,M,M,M,M,93.48,KPHX 151951Z VRB03KT 10SM FEW100 FEW130 SCT230 37/02 A2986 RMK AO2 SLP090 CB DSNT SE T03720017,M
PHX,2025-09-15 20:51,-112.0116,33.4343,337.00,101.00,36.00,10.65,300.00,7.00,0.00,29.84,1008.10,10.00,M,FEW,FEW,SCT,M,10000.00,13000.00,23000.00,M,M,M,M,M,M,M,M,95.36,KPHX 152051Z 30007KT 10SM FEW100 FEW130 SCT230 38/02 A2984 RMK AO2 SLP081 CB DSNT SE T03830022 58021,M
PHX,2025-09-15 21:51,-112.0116,33.4343,337.00,102.00,38.00,11.19,320.00,10.00,0.00,29.81,1007.30,10.00,16.00,FEW,M,M,M,10000.00,M,M,M,M,M,M,M,M,M,M,96.59,KPHX 152151Z 32010G16KT 10SM FEW100 39/03 A2981 RMK AO2 SLP073 CB DSNT E-SE T03890033,M
PHX,2025-09-15 22:51,-112.0116,33.4343,337.00,102.00,43.00,13.59,280.00,9.00,0.00,29.80,1006.90,10.00,M,FEW,M,M,M,10000.00,M,M,M,M,M,M,M,M,M,M,97.62,KPHX 152251Z 28009KT 10SM FEW100 39/06 A2980 RMK AO2 SLP069 CB DSNT SE T03890061,M
PHX,2025-09-15 23:51,-112.0116,33.4343,337.00,101.00,47.00,16.30,300.00,12.00,0.00,29.79,1006.50,10.00,M,FEW,M,M,M,10000.00,M,M,M,M,M,M,M,M,M,M,97.38,KPHX 152351Z 30012KT 10SM FEW100 38/08 A2979 RMK AO2 SLP065 T03830083 10406 20344 56016,M
PHX,2025-09-16 00:51,-112.0116,33.4343,337.00,100.00,46.00,16.17,300.00,7.00,0.00,29.78,1006.40,10.00,17.00,FEW,M,M,M,10000.00,M,M,M,M,M,M,M,M,M,M,96.18,KPHX 160051Z 30007G17KT 10SM FEW100 38/08 A2978 RMK AO2 SLP064 T03780078,M
PHX,2025-09-16 01:51,-112.0116,33.4343,337.00,99.00,48.00,17.97,300.00,10.00,0.00,29.78,1006.40,10.00,M,FEW,FEW,M,M,10000.00,25000.00,M,M,M,M,M,M,M,M,M,95.56,KPHX 160151Z 30010KT 10SM FEW100 FEW250 37/09 A2978 RMK AO2 SLP064 T03720089,M
PHX,2025-09-16 02:51,-112.0116,33.4343,337.00,97.00,48.00,19.09,250.00,5.00,0.00,29.80,1007.10,10.00,M,CLR,M,M,M,M,M,M,M,M,M,M,M,M,M,M,93.54,KPHX 160251Z 25005KT 10SM CLR 36/09 A2980 RMK AO2 SLP071 T03610089 53005,M
PHX,2025-09-16 03:51,-112.0116,33.4343,337.00,95.00,48.00,20.29,250.00,4.00,0.00,29.82,1007.50,10.00,M,CLR,M,M,M,M,M,M,M,M,M,M,M,M,M,M,91.54,KPHX 160351Z 25004KT 10SM CLR 35/09 A2982 RMK AO2 SLP075 T03500089,M
PHX,2025-09-16 04:51,-112.0116,33.4343,337.00,92.00,49.00,23.11,240.00,4.00,0.00,29.83,1008.00,10.00,M,CLR,M,M,M,M,M,M,M,M,M,M,M,M,M,M,88.79,KPHX 160451Z 24004KT 10SM CLR 33/09 A2983 RMK AO2 SLP080 T03330094,M
PHX,2025-09-16 05:51,-112.0116,33.4343,337.00,92.00,48.00,22.26,250.00,5.00,0.00,29.83,1008.10,10.00,M,CLR,M,M,M,M,M,M,M,M,M,M,M,M,M,M,88.64,KPHX 160551Z 25005KT 10SM CLR 33/09 A2983 RMK AO2 SLP081 T03330089 10389 20328 51010,M
PHX,2025-09-16 06:51,-112.0116,33.4343,337.00,91.00,49.00,23.84,270.00,3.00,0.00,29.84,1008.40,10.00,M,CLR,M,M,M,M,M,M,M,M,M,M,M,M,M,M,87.84,KPHX 160651Z 27003KT 10SM CLR 33/09 A2984 RMK AO2 SLP084 T03280094 404060250,M
PHX,2025-09-16 07:51,-112.0116,33.4343,337.00,89.00,51.00,27.34,220.00,4.00,0.00,29.85,1008.80,10.00,M,CLR,M,M,M,M,M,M,M,M,M,M,M,M,M,M,86.32,KPHX 160751Z 22004KT 10SM CLR 32/11 A2985 RMK AO2 SLP088 T03170106,M
PHX,2025-09-16 08:51,-112.0116,33.4343,337.00,88.00,51.00,28.22,0.00,0.00,0.00,29.86,1009.00,10.00,M,CLR,M,M,M,M,M,M,M,M,M,M,M,M,M,M,85.44,KPHX 160851Z 00000KT 10SM CLR 31/11 A2986 RMK AO2 SLP090 T03110106 52010,M
PHX,2025-09-16 09:51,-112.0116,33.4343,337.00,86.00,52.00,31.19,260.00,3.00,0.00,29.86,1008.90,10.00,M,FEW,M,M,M,25000.00,M,M,M,M,M,M,M,M,M,M,83.92,KPHX 160951Z 26003KT 10SM FEW250 30/11 A2986 RMK AO2 SLP089 T03000111,M
PHX,2025-09-16 10:51,-112.0116,33.4343,337.00,87.00,53.00,31.35,M,3.00,0.00,29.86,1008.80,10.00,M,FEW,FEW,M,M,13000.00,16000.00,M,M,M,M,M,M,M,M,M,84.92,KPHX 161051Z VRB03KT 10SM FEW130 FEW160 31/12 A2986 RMK AO2 SLP088 T03060117,M
PHX,2025-09-16 11:51,-112.0116,33.4343,337.00,84.00,52.00,33.25,120.00,4.00,0.00,29.87,1009.40,10.00,M,FEW,FEW,M,M,13000.00,16000.00,M,M,M,M,M,M,M,M,M,82.36,KPHX 161151Z 12004KT 10SM FEW130 FEW160 29/11 A2987 RMK AO2 SLP094 T02890111 10339 20289 53003,M
PHX,2025-09-16 12:51,-112.0116,33.4343,337.00,83.00,51.00,33.09,90.00,7.00,0.00,29.90,1010.50,10.00,M,FEW,M,M,M,10000.00,M,M,M,M,M,M,M,M,M,M,81.51,KPHX 161251Z 09007KT 10SM FEW100 28/11 A2990 RMK AO2 SLP105 T02830106,M
PHX,2025-09-16 13:51,-112.0116,33.4343,337.00,83.00,52.00,34.34,90.00,5.00,0.00,29.92,1011.20,10.00,M,FEW,M,M,M,10000.00,M,M,M,M,M,M,M,M,M,M,81.65,KPHX 161351Z 09005KT 10SM FEW100 28/11 A2992 RMK AO2 SLP112 T02830111,M
PHX,2025-09-16 14:51,-112.0116,33.4343,337.00,85.00,51.00,31.04,90.00,4.00,0.00,29.93,1011.50,10.00,M,FEW,SCT,M,M,10000.00,16000.00,M,M,M,M,M,M,M,M,M,82.97,KPHX 161451Z 09004KT 10SM FEW100 SCT160 29/11 A2993 RMK AO2 SLP115 SHRA DSNT SE T02940106 51021,M
PHX,2025-09-16 15:51,-112.0116,33.4343,337.00,89.00,50.00,26.34,110.00,5.00,0.00,29.94,1011.90,10.00,M,FEW,FEW,SCT,M,10000.00,16000.00,25000.00,M,M,M,M,M,M,M,M,86.17,KPHX 161551Z 11005KT 10SM FEW100 FEW160 SCT250 32/10 A2994 RMK AO2 SLP119 T03170100,M
PHX,2025-09-16 16:51,-112.0116,33.4343,337.00,92.00,50.00,23.99,330.00,5.00,0.00,29.94,1011.80,10.00,M,FEW,SCT,SCT,M,10000.00,16000.00,25000.00,M,M,M,M,M,M,M,M,88.95,KPHX 161651Z 33005KT 10SM FEW100 SCT160 SCT250 33/10 A2994 RMK AO2 SLP118 T03330100,M
PHX,2025-09-16 17:51,-112.0116,33.4343,337.00,93.00,51.00,24.14,0.00,0.00,0.00,29.94,1011.60,10.00,M,FEW,SCT,SCT,M,10000.00,16000.00,25000.00,M,M,M,M,M,M,M,M,90.11,KPHX 161751Z 00000KT 10SM FEW100 SCT160 SCT250 34/11 A2994 RMK AO2 SLP116 T03390106 10344 20278 50001,M
PHX,2025-09-16 18:51,-112.0116,33.4343,337.00,97.00,51.00,21.35,M,3.00,0.00,29.92,1011.00,10.00,M,FEW,FEW,SCT,M,10000.00,16000.00,25000.00,M,M,M,M,M,M,M,M,94.16,KPHX 161851Z VRB03KT 10SM FEW100 FEW160 SCT250 36/11 A2992 RMK AO2 SLP110 T03610106,M
PHX,2025-09-16 19:51,-112.0116,33.4343,337.00,99.00,51.00,20.10,M,3.00,0.00,29.89,1010.00,10.00,M,FEW,FEW,SCT,M,10000.00,16000.00,25000.00,M,M,M,M,M,M,M,M,96.24,KPHX 161951Z VRB03KT 10SM FEW100 FEW160 SCT250 37/11 A2989 RMK AO2 SLP100 T03720106,M
PHX,2025-09-16 20:51,-112.0116,33.4343,337.00,100.00,51.00,19.50,M,4.00,0.00,29.86,1009.10,10.00,M,FEW,FEW,SCT,M,10000.00,16000.00,25000.00,M,M,M,M,M,M,M,M,97.29,KPHX 162051Z VRB04KT 10SM FEW100 FEW160 SCT250 38/11 A2986 RMK AO2 SLP091 CB DSNT N NE AND E-SE T03780106 58024,M
PHX,2025-09-16 21:51,-112.0116,33.4343,337.00,104.00,51.00,17.31,290.00,9.00,0.00,29.83,1007.90,10.00,17.00,FEW,FEW,SCT,M,10000.00,16000.00,25000.00,M,M,M,M,M,M,M,M,101.48,KPHX 162151Z 29009G17KT 10SM FEW100 FEW160 SCT250 40/11 A2983 RMK AO2 SLP079 CB DSNT E-SE T04000106,M
PHX,2025-09-16 22:51,-112.0116,33.4343,337.00,104.00,51.00,17.31,230.00,8.00,0.00,29.81,1007.00,10.00,15.00,FEW,FEW,SCT,M,10000.00,16000.00,25000.00,M,M,M,M,M,M,M,M,101.48,KPHX 162251Z 23008G15KT 10SM FEW100 FEW160 SCT250 40/11 A2981 RMK AO2 SLP070 CB DSNT E-SE T04000106,M
PHX,2025-09-16 23:51,-112.0116,33.4343,337.00,103.00,50.00,17.18,260.00,5.00,0.00,29.79,1006.50,10.00,M,FEW,FEW,SCT,M,10000.00,16000.00,25000.00,M,M,M,M,M,M,M,M,100.15,KPHX 162351Z 26005KT 10SM FEW100 FEW160 SCT250 39/10 A2979 RMK AO2 SLP065 CB DSNT SE T03940100 10406 20339 56025,M
PHX,2025-09-17 00:51,-112.0116,33.4343,337.00,102.00,51.00,18.37,240.00,7.00,0.00,29.78,1006.30,10.00,M,FEW,FEW,SCT,M,10000.00,16000.00,25000.00,M,M,M,M,M,M,M,M,99.39,KPHX 170051Z 24007KT 10SM FEW100 FEW160 SCT250 39/11 A2978 RMK AO2 SLP063 CB DSNT NE-SE T03890106,M
PHX,2025-09-17 01:51,-112.0116,33.4343,337.00,101.00,51.00,18.92,250.00,9.00,0.00,29.79,1006.70,10.00,M,FEW,FEW,SCT,M,10000.00,16000.00,25000.00,M,M,M,M,M,M,M,M,98.34,KPHX 170151Z 25009KT 10SM FEW100 FEW160 SCT250 38/11 A2979 RMK AO2 SLP067 T03830106,M
PHX,2025-09-17 02:51,-112.0116,33.4343,337.00,99.00,52.00,20.85,250.00,7.00,0.00,29.81,1007.40,10.00,M,SCT,SCT,M,M,16000.00,25000.00,M,M,M,M,M,M,M,M,M,96.50,KPHX 170251Z 25007KT 10SM SCT160 SCT250 37/11 A2981 RMK AO2 SLP074 T03720111 53009,M
PHX,2025-09-17 03:51,-112.0116,33.4343,337.00,97.00,53.00,22.98,240.00,4.00,0.00,29.83,1008.00,10.00,M,FEW,SCT,BKN,M,12000.00,16000.00,25000.00,M,M,M,M,M,M,M,M,94.67,KPHX 170351Z 24004KT 10SM FEW120 SCT160 BKN250 36/12 A2983 RMK AO2 SLP080 T03610117,M
PHX,2025-09-17 04:51,-112.0116,33.4343,337.00,96.00,53.00,23.70,260.00,8.00,0.00,29.85,1008.50,10.00,M,FEW,SCT,SCT,M,12000.00,16000.00,25000.00,M,M,M,M,M,M,M,M,93.62,KPHX 170451Z 26008KT 10SM FEW120 SCT160 SCT250 36/12 A2985 RMK AO2 SLP085 T03560117,M
PHX,2025-09-17 05:51,-112.0116,33.4343,337.00,95.00,54.00,25.34,260.00,8.00,0.00,29.85,1008.60,10.00,M,SCT,SCT,SCT,M,12000.00,15000.00,25000.00,M,M,M,M,M,M,M,M,92.84,KPHX 170551Z 26008KT 10SM SCT120 SCT150 SCT250 35/12 A2985 RMK AO2 SLP086 T03500122 10400 20350 51012,M
PHX,2025-09-17 06:51,-112.0116,33.4343,337.00,93.00,55.00,27.95,240.00,5.00,0.00,29.85,1008.60,10.00,M,FEW,BKN,BKN,M,12000.00,15000.00,25000.00,M,M,M,M,M,M,M,M,91.05,KPHX 170651Z 24005KT 10SM FEW120 BKN150 BKN250 34/13 A2985 RMK AO2 SLP086 T03390128 404060278,M
PHX,2025-09-17 07:51,-112.0116,33.4343,337.00,92.00,55.00,28.83,0.00,0.00,0.00,29.86,1008.80,10.00,M,SCT,SCT,SCT,M,12000.00,15000.00,25000.00,M,M,M,M,M,M,M,M,90.04,KPHX 170751Z 00000KT 10SM SCT120 SCT150 SCT250 33/13 A2986 RMK AO2 SLP088 T03330128,M
PHX,2025-09-17 08:51,-112.0116,33.4343,337.00,89.00,60.00,37.91,140.00,9.00,0.00,29.86,1009.10,10.00,M,FEW,FEW,M,M,12000.00,15000.00,M,M,M,M,M,M,M,M,M,88.65,KPHX 170851Z 14009KT 10SM FEW120 FEW150 32/16 A2986 RMK AO2 SLP091 T03170156 53005,M
PHX,2025-09-17 09:51,-112.0116,33.4343,337.00,88.00,63.00,43.50,160.00,7.00,0.00,29.86,1009.00,10.00,M,FEW,FEW,FEW,M,12000.00,15000.00,18000.00,M,M,M,M,M,M,M,M,88.89,KPHX 170951Z 16007KT 10SM FEW120 FEW150 FEW180 31/17 A2986 RMK AO2 SLP090 T03110172,M
PHX,2025-09-17 10:51,-112.0116,33.4343,337.00,87.00,65.00,48.15,160.00,7.00,0.00,29.87,1009.30,10.00,M,FEW,BKN,M,M,12000.00,15000.00,M,M,M,M,M,M,M,M,M,88.84,KPHX 171051Z 16007KT 10SM FEW120 BKN150 31/18 A2987 RMK AO2 SLP093 T03060183,M
PHX,2025-09-17 11:51,-112.0116,33.4343,337.00,87.00,64.00,46.49,180.00,4.00,0.00,29.88,1009.60,10.00,M,FEW,BKN,M,M,12000.00,15000.00,M,M,M,M,M,M,M,M,M,88.34,KPHX 171151Z 18004KT 10SM FEW120 BKN150 31/18 A2988 RMK AO2 SLP096 T03060178 10350 20306 53005,M
PHX,2025-09-17 12:51,-112.0116,33.4343,337.00,87.00,64.00,46.49,150.00,7.00,0.00,29.89,1009.90,10.00,M,FEW,SCT,BKN,M,12000.00,15000.00,25000.00,M,M,M,M,M,M,M,M,88.34,KPHX 171251Z 15007KT 10SM FEW120 SCT150 BKN250 31/18 A2989 RMK AO2 SLP099 T03060178,M
PHX,2025-09-17 13:51,-112.0116,33.4343,337.00,86.00,63.00,46.34,100.00,6.00,0.00,29.90,1010.50,10.00,M,FEW,BKN,BKN,M,15000.00,17000.00,21000.00,M,M,M,M,M,M,M,M,86.90,KPHX 171351Z 10006KT 10SM FEW150 BKN170 BKN210 30/17 A2990 RMK AO2 SLP105 T03000172,M
PHX,2025-09-17 14:51,-112.0116,33.4343,337.00,87.00,62.00,43.34,90.00,7.00,0.00,29.91,1010.80,10.00,M,BKN,BKN,BKN,M,15000.00,20000.00,25000.00,M,M,M,M,M,M,M,M,87.47,KPHX 171451Z 09007KT 10SM BKN150 BKN200 BKN250 31/17 A2991 RMK AO2 SLP108 T03060167 52012,M
PHX,2025-09-17 15:51,-112.0116,33.4343,337.00,89.00,60.00,37.91,120.00,4.00,0.00,29.92,1011.10,10.00,M,BKN,BKN,BKN,M,15000.00,17000.00,25000.00,M,M,M,M,M,M,M,M,88.65,KPHX 171551Z 12004KT 10SM BKN150 BKN170 BKN250 32/16 A2992 RMK AO2 SLP111 T03170156,M
PHX,2025-09-17 16:51,-112.0116,33.4343,337.00,91.00,61.00,36.89,170.00,5.00,0.00,29.92,1011.10,10.00,M,BKN,BKN,BKN,M,14000.00,17000.00,27000.00,M,M,M,M,M,M,M,M,91.09,KPHX 171651Z 17005KT 10SM BKN140 BKN170 BKN270 33/16 A2992 RMK AO2 SLP111 T03280161,M
PHX,2025-09-17 17:51,-112.0116,33.4343,337.00,94.00,57.00,29.14,170.00,7.00,0.00,29.91,1010.70,10.00,M,FEW,BKN,BKN,BKN,10000.00,14000.00,17000.00,25000.00,M,M,M,M,M,M,M,92.72,KPHX 171751Z 17007KT 10SM FEW100 BKN140 BKN170 BKN250 34/14 A2991 RMK AO2 SLP107 T03440139 10344 20300 58001,M
PHX,2025-09-17 18:51,-112.0116,33.4343,337.00,96.00,57.00,27.41,130.00,6.00,0.00,29.89,1010.00,10.00,M,FEW,BKN,BKN,BKN,10000.00,14000.00,17000.00,25000.00,M,M,M,M,M,M,M,94.86,KPHX 171851Z 13006KT 10SM FEW100 BKN140 BKN170 BKN250 36/14 A2989 RMK AO2 SLP100 T03560139,M
PHX,2025-09-17 19:51,-112.0116,33.4343,337.00,97.00,59.00,28.56,0.00,0.00,0.00,29.86,1009.00,10.00,M,FEW,SCT,BKN,BKN,10000.00,15000.00,20000.00,25000.00,M,M,M,M,M,M,M,96.77,KPHX 171951Z 00000KT 10SM FEW100 SCT150 BKN200 BKN250 36/15 A2986 RMK AO2 SLP090 T03610150,M
PHX,2025-09-17 20:51,-112.0116,33.4343,337.00,99.00,59.00,26.88,0.00,0.00,0.00,29.83,1007.80,10.00,M,FEW,SCT,BKN,M,10000.00,15000.00,25000.00,M,M,M,M,M,M,M,M,99.03,KPHX 172051Z 00000KT 10SM FEW100 SCT150 BKN250 37/15 A2983 RMK AO2 SLP078 CB DSNT NE T03720150 58028,M
PHX,2025-09-17 21:51,-112.0116,33.4343,337.00,100.00,59.00,26.09,M,3.00,0.00,29.79,1006.60,10.00,M,FEW,FEW,BKN,M,9000.00,13000.00,25000.00,M,M,M,M,M,M,M,M,100.17,KPHX 172151Z VRB03KT 10SM FEW090 FEW130 BKN250 38/15 A2979 RMK AO2 SLP066 CB DSNT ALQDS T03780150,M
PHX,2025-09-17 22:51,-112.0116,33.4343,337.00,99.00,59.00,26.88,330.00,7.00,0.00,29.77,1005.80,10.00,M,FEW,FEW,BKN,M,9000.00,13000.00,25000.00,M,M,M,M,M,M,M,M,99.03,KPHX 172251Z 33007KT 10SM FEW090 FEW130 BKN250 37/15 A2977 RMK AO2 SLP058 CB DSNT NE AND E-S T03720150,M
PHX,2025-09-17 23:51,-112.0116,33.4343,337.00,100.00,56.00,23.42,280.00,5.00,0.00,29.76,1005.40,10.00,M,FEW,FEW,BKN,M,9000.00,13000.00,25000.00,M,M,M,M,M,M,M,M,98.89,KPHX 172351Z 28005KT 10SM FEW090 FEW130 BKN250 38/13 A2976 RMK AO2 SLP054 T03780133 10383 20339 56023,M
PHX,2025-09-18 00:51,-112.0116,33.4343,337.00,100.00,55.00,22.58,290.00,6.00,0.00,29.75,1005.30,10.00,M,FEW,SCT,BKN,BKN,9000.00,13000.00,20000.00,25000.00,M,M,M,M,M,M,M,98.52,KPHX 180051Z 29006KT 10SM FEW090 SCT130 BKN200 BKN250 38/13 A2975 RMK AO2 SLP053 CB DSNT E T03780128,M
PHX,2025-09-18 01:51,-112.0116,33.4343,337.00,98.00,55.00,23.99,250.00,6.00,0.00,29.75,1005.30,10.00,M,FEW,SCT,BKN,OVC,9000.00,13000.00,20000.00,25000.00,M,M,M,M,M,M,M,96.34,KPHX 180151Z 25006KT 10SM FEW090 SCT130 BKN200 OVC250 37/13 A2975 RMK AO2 SLP053 CB DSNT E T03670128,M
PHX,2025-09-18 02:51,-112.0116,33.4343,337.00,97.00,57.00,26.58,250.00,4.00,0.00,29.77,1006.00,10.00,M,FEW,SCT,OVC,M,9000.00,13000.00,23000.00,M,M,M,M,M,M,M,M,95.96,KPHX 180251Z 25004KT 10SM FEW090 SCT130 OVC230 36/14 A2977 RMK AO2 SLP060 T03610139 53006,M
PHX,2025-09-18 03:51,-112.0116,33.4343,337.00,96.00,58.00,28.41,240.00,4.00,0.00,29.79,1006.60,10.00,M,FEW,SCT,OVC,M,9000.00,13000.00,23000.00,M,M,M,M,M,M,M,M,95.24,KPHX 180351Z 24004KT 10SM FEW090 SCT130 OVC230 36/14 A2979 RMK AO2 SLP066 T03560144,M
PHX,2025-09-18 04:51,-112.0116,33.4343,337.00,92.00,60.00,34.51,180.00,12.00,0.00,29.81,1007.20,9.00,M,FEW,SCT,OVC,M,9000.00,13000.00,25000.00,M,M,M,M,M,M,M,M,91.73,KPHX 180451Z 18012KT 9SM FEW090 SCT130 OVC250 33/16 A2981 RMK AO2 SLP072 T03330156,M
PHX,2025-09-18 05:51,-112.0116,33.4343,337.00,91.00,62.00,38.22,180.00,8.00,0.00,29.81,1007.30,10.00,M,FEW,BKN,OVC,M,9000.00,13000.00,23000.00,M,M,M,M,M,M,M,M,91.55,KPHX 180551Z 18008KT 10SM FEW090 BKN130 OVC230 33/17 A2981 RMK AO2 SLP073 T03280167 10378 20328 51012,M
PHX,2025-09-18 06:51,-112.0116,33.4343,337.00,91.00,62.00,38.22,0.00,0.00,0.00,29.81,1007.20,10.00,M,FEW,BKN,BKN,M,10000.00,13000.00,25000.00,M,M,M,M,M,M,M,M,91.55,KPHX 180651Z 00000KT 10SM FEW100 BKN130 BKN250 33/17 A2981 RMK AO2 SLP072 T03280167 403830300,M
PHX,2025-09-18 07:51,-112.0116,33.4343,337.00,89.00,63.00,42.15,130.00,7.00,0.00,29.81,1007.10,10.00,M,BKN,OVC,M,M,13000.00,22000.00,M,M,M,M,M,M,M,M,M,89.92,KPHX 180751Z 13007KT 10SM BKN130 OVC220 32/17 A2981 RMK AO2 SLP071 T03170172,M
PHX,2025-09-18 08:51,-112.0116,33.4343,337.00,88.00,62.00,41.99,110.00,5.00,0.00,29.81,1007.30,10.00,M,FEW,BKN,OVC,M,10000.00,13000.00,22000.00,M,M,M,M,M,M,M,M,88.45,KPHX 180851Z 11005KT 10SM FEW100 BKN130 OVC220 31/17 A2981 RMK AO2 SLP073 T03110167 53000,M
PHX,2025-09-18 09:51,-112.0116,33.4343,337.00,87.00,64.00,46.49,120.00,7.00,0.00,29.81,1007.20,10.00,M,FEW,BKN,BKN,M,12000.00,15000.00,22000.00,M,M,M,M,M,M,M,M,88.34,KPHX 180951Z 12007KT 10SM FEW120 BKN150 BKN220 31/18 A2981 RMK AO2 SLP072 T03060178,M
PHX,2025-09-18 10:51,-112.0116,33.4343,337.00,86.00,63.00,46.34,130.00,8.00,0.00,29.81,1007.30,10.00,M,FEW,BKN,OVC,M,12000.00,14000.00,22000.00,M,M,M,M,M,M,M,M,86.90,KPHX 181051Z 13008KT 10SM FEW120 BKN140 OVC220 30/17 A2981 RMK AO2 SLP073 T03000172,M
PHX,2025-09-18 11:51,-112.0116,33.4343,337.00,86.00,63.00,46.34,130.00,5.00,0.00,29.81,1007.40,10.00,M,SCT,BKN,OVC,M,11000.00,14000.00,22000.00,M,M,M,M,M,M,M,M,86.90,KPHX 181151Z 13005KT 10SM SCT110 BKN140 OVC220 30/17 A2981 RMK AO2 SLP074 T03000172 10328 20300 53001,M
PHX,2025-09-18 12:51,-112.0116,33.4343,337.00,85.00,66.00,53.12,110.00,6.00,T,29.83,1007.90,10.00,M,FEW,SCT,BKN,BKN,5000.00,11000.00,14000.00,19000.00,VCTS -RA,M,M,M,M,M,M,87.26,KPHX 181251Z 11006KT 10SM VCTS -RA FEW050 SCT110 BKN140 BKN190 29/19 A2983 RMK AO2 RAB45 SLP079 P0000 T02940189,M
PHX,2025-09-18 13:16,-112.0116,33.4343,337.00,85.00,64.00,49.55,130.00,3.00,T,29.84,M,10.00,M,FEW,SCT,BKN,BKN,5000.00,11000.00,14000.00,19000.00,M,M,M,M,M,M,M,86.35,KPHX 181316Z 13003KT 10SM FEW050 SCT110 BKN140 BKN190 29/18 A2984 RMK AO2 RAE1256 P0000 T02940178,M
PHX,2025-09-18 13:51,-112.0116,33.4343,337.00,85.00,64.00,49.55,80.00,6.00,T,29.85,1008.60,10.00,M,FEW,BKN,BKN,BKN,5000.00,11000.00,14000.00,19000.00,M,M,M,M,M,M,M,86.35,KPHX 181351Z 08006KT 10SM FEW050 BKN110 BKN140 BKN190 29/18 A2985 RMK AO2 RAE1256 SLP086 P0000 T02940178,M
PHX,2025-09-18 14:51,-112.0116,33.4343,337.00,85.00,65.00,51.31,100.00,4.00,0.00,29.85,1008.80,10.00,M,FEW,BKN,BKN,M,5000.00,12000.00,20000.00,M,M,M,M,M,M,M,M,86.79,KPHX 181451Z 10004KT 10SM FEW050 BKN120 BKN200 29/18 A2985 RMK AO2 SLP088 60000 T02940183 53008,M
PHX,2025-09-18 15:38,-112.0116,33.4343,337.00,86.00,65.00,49.70,110.00,5.00,0.00,29.86,M,10.00,M,FEW,BKN,BKN,BKN,11000.00,13000.00,16000.00,21000.00,VCTS,M,M,M,M,M,M,87.80,KPHX 181538Z 11005KT 10SM VCTS FEW110 BKN130 BKN160 BKN210 30/18 A2986 RMK AO2 LTG DSNT NW T03000183,M
PHX,2025-09-18 15:51,-112.0116,33.4343,337.00,86.00,65.00,49.70,90.00,4.00,0.00,29.87,1009.30,10.00,M,FEW,BKN,BKN,BKN,11000.00,14000.00,16000.00,21000.00,M,M,M,M,M,M,M,87.80,KPHX 181551Z 09004KT 10SM FEW110 BKN140 BKN160 BKN210 30/18 A2987 RMK AO2 LTG DSNT NW SLP093 OCNL LTGCG DSNT NW CB DSNT NW SHRA DSNT NW T03000183,M
PHX,2025-09-18 16:51,-112.0116,33.4343,337.00,87.00,64.00,46.49,M,4.00,0.00,29.87,1009.30,10.00,M,FEW,BKN,BKN,M,13000.00,15000.00,23000.00,M,M,M,M,M,M,M,M,88.34,KPHX 181651Z VRB04KT 10SM FEW130 BKN150 BKN230 31/18 A2987 RMK AO2 SLP093 T03060178,M
PHX,2025-09-18 17:51,-112.0116,33.4343,337.00,89.00,65.00,45.20,0.00,0.00,0.00,29.86,1009.20,10.00,M,FEW,BKN,BKN,M,13000.00,15000.00,23000.00,M,M,M,M,M,M,M,M,90.95,KPHX 181751Z 00000KT 10SM FEW130 BKN150 BKN230 32/18 A2986 RMK AO2 SLP092 60000 T03170183 10317 20294 50002,M
PHX,2025-09-18 18:51,-112.0116,33.4343,337.00,90.00,65.00,43.80,30.00,4.00,0.00,29.84,1008.30,10.00,M,FEW,SCT,BKN,BKN,7000.00,14000.00,16000.00,25000.00,M,M,M,M,M,M,M,92.03,KPHX 181851Z 03004KT 10SM FEW070 SCT140 BKN160 BKN250 32/18 A2984 RMK AO2 SLP083 CB DSNT W TCU DSNT E T03220183,M
PHX,2025-09-18 19:51,-112.0116,33.4343,337.00,95.00,65.00,37.52,0.00,0.00,0.00,29.81,1007.20,10.00,M,FEW,SCT,SCT,BKN,7000.00,13000.00,16000.00,25000.00,M,M,M,M,M,M,M,97.70,KPHX 181951Z 00000KT 10SM FEW070 SCT130 SCT160 BKN250 35/18 A2981 RMK AO2 SLP072 T03500183,M
PHX,2025-09-18 20:51,-112.0116,33.4343,337.00,95.00,63.00,34.98,280.00,6.00,0.00,29.77,1005.90,10.00,M,FEW,SCT,BKN,BKN,7000.00,13000.00,16000.00,25000.00,M,M,M,M,M,M,M,96.49,KPHX 182051Z 28006KT 10SM FEW070 SCT130 BKN160 BKN250 35/17 A2977 RMK AO2 SLP059 T03500172 58030,M
PHX,2025-09-18 20:53,-112.0116,33.4343,337.00,96.00,63.00,33.93,250.00,4.00,0.00,29.77,M,10.00,M,FEW,SCT,SCT,BKN,7000.00,13000.00,16000.00,25000.00,M,M,M,M,M,M,M,97.64,KPHX 182053Z 25004KT 10SM FEW070 SCT130 SCT160 BKN250 36/17 A2977 RMK AO2 CB DSNT E AND W T03560172,M
PHX,2025-09-18 21:51,-112.0116,33.4343,337.00,96.00,62.00,32.76,0.00,0.00,0.00,29.75,1005.10,10.00,M,FEW,SCT,SCT,BKN,7000.00,13000.00,16000.00,25000.00,M,M,M,M,M,M,M,97.08,KPHX 182151Z 00000KT 10SM FEW070 SCT130 SCT160 BKN250 36/17 A2975 RMK AO2 SLP051 CB DSNT E SE AND W T03560167,M
PHX,2025-09-18 22:51,-112.0116,33.4343,337.00,100.00,60.00,27.04,130.00,6.00,0.00,29.73,1004.40,10.00,M,FEW,SCT,SCT,BKN,7000.00,13000.00,16000.00,25000.00,M,M,M,M,M,M,M,100.65,KPHX 182251Z 13006KT 10SM FEW070 SCT130 SCT160 BKN250 38/16 A2973 RMK AO2 SLP044 CB DSNT NE AND E TCU DSNT E T03780156,M
PHX,2025-09-18 23:51,-112.0116,33.4343,337.00,98.00,59.00,27.71,M,3.00,0.00,29.73,1004.50,10.00,M,FEW,SCT,BKN,BKN,7000.00,13000.00,16000.00,25000.00,M,M,M,M,M,M,M,97.89,KPHX 182351Z VRB03KT 10SM FEW070 SCT130 BKN160 BKN250 37/15 A2973 RMK AO2 SLP045 CB DSNT NE AND E T03670150 10383 20317 55014,M
PHX,2025-09-19 00:51,-112.0116,33.4343,337.00,96.00,61.00,31.62,350.00,7.00,0.00,29.73,1004.40,10.00,19.00,FEW,SCT,BKN,BKN,9000.00,14000.00,18000.00,25000.00,M,M,M,M,M,M,M,96.57,KPHX 190051Z 35007G19KT 10SM FEW090 SCT140 BKN180 BKN250 36/16 A2973 RMK AO2 SLP044 CB DSNT SW T03560161,M
PHX,2025-09-19 01:51,-112.0116,33.4343,337.00,96.00,61.00,31.62,330.00,9.00,0.00,29.74,1004.90,10.00,M,FEW,SCT,BKN,BKN,9000.00,12000.00,15000.00,18000.00,M,M,M,M,M,M,M,96.57,KPHX 190151Z 33009KT 10SM FEW090 SCT120 BKN150 BKN180 BKN250 36/16 A2974 RMK AO2 SLP049 FRQ LTGIC DSNT SW CB DSNT SW T03560161,M
PHX,2025-09-19 02:51,-112.0116,33.4343,337.00,94.00,62.00,34.83,310.00,15.00,0.00,29.76,1005.70,10.00,M,SCT,BKN,BKN,BKN,11000.00,15000.00,17000.00,20000.00,M,M,M,M,M,M,M,94.82,KPHX 190251Z 31015KT 10SM SCT110 BKN150 BKN170 BKN200 34/17 A2976 RMK AO2 SLP057 FRQ LTGCGIC DSNT NE SW AND NW CB DSNT NE SW AND NW T03440167 53010,M
PHX,2025-09-19 03:51,-112.0116,33.4343,337.00,90.00,66.00,45.35,290.00,12.00,0.00,29.79,1006.60,10.00,M,FEW,BKN,BKN,BKN,10000.00,14000.00,17000.00,20000.00,M,M,M,M,M,M,M,92.63,KPHX 190351Z 29012KT 10SM FEW100 BKN140 BKN170 BKN200 32/19 A2979 RMK AO2 SLP066 FRQ LTGIC DSNT N AND NW CB DSNT N AND NW T03220189,M
PHX,2025-09-19 04:51,-112.0116,33.4343,337.00,89.00,65.00,45.20,260.00,10.00,0.00,29.80,1007.20,10.00,M,FEW,BKN,BKN,BKN,10000.00,14000.00,17000.00,20000.00,M,M,M,M,M,M,M,90.95,KPHX 190451Z 26010KT 10SM FEW100 BKN140 BKN170 BKN200 32/18 A2980 RMK AO2 SLP072 FRQ LTGCGCCIC DSNT N E AND SE CB DSNT N E AND SE T03170183,M
PHX,2025-09-19 05:51,-112.0116,33.4343,337.00,90.00,60.00,36.73,290.00,8.00,0.00,29.81,1007.30,10.00,M,FEW,BKN,BKN,BKN,10000.00,13000.00,17000.00,20000.00,M,M,M,M,M,M,M,89.65,KPHX 190551Z 29008KT 10SM FEW100 BKN130 BKN170 BKN200 32/16 A2981 RMK AO2 SLP073 CONS LTGCGICCC DSNT N-NE AND E-SE CB DSNT N-NE AND E-SE T03220156 10367 20311 51016,M
PHX,2025-09-19 06:20,-112.0116,33.4343,337.00,89.00,60.00,37.91,260.00,7.00,0.00,29.81,M,10.00,M,SCT,BKN,BKN,BKN,10000.00,13000.00,17000.00,20000.00,TS,M,M,M,M,M,M,88.65,KPHX 190620Z COR 26007KT 10SM TS SCT100CB BKN130 BKN170 BKN200 32/16 A2981 RMK AO2 TSB20 CONS LTGCGICCC SW AND W-NW AND DSNT N-NE AND E-SE TS SW AND W-NW MOV N-NE CB DSNT N-NE AND E-SE T03170156,M
PHX,2025-09-19 06:32,-112.0116,33.4343,337.00,78.80,66.20,65.39,M,5.00,0.00,29.84,M,1.25,25.00,SCT,BKN,BKN,BKN,10000.00,13000.00,17000.00,20000.00,+TSRA,M,M,M,M,M,M,78.80,KPHX 190632Z COR VRB05G25KT 1 1/4SM R07L/6000VP6000FT +TSRA SCT100CB BKN130 BKN170 BKN200 26/19 A2984 RMK AO2 RAB22 TSB20 PRESRR CONS LTGCGICCC OHD SW AND W-NW AND DSNT N-NE AND E-SE TS OHD SW AND W-NW MOV N-NE C,M
PHX,2025-09-19 06:44,-112.0116,33.4343,337.00,78.80,68.00,69.58,360.00,10.00,0.22,29.85,M,10.00,M,SCT,BKN,BKN,BKN,10000.00,13000.00,17000.00,20000.00,-TSRA,M,M,M,M,M,M,78.80,KPHX 190644Z COR 36010KT 10SM -TSRA SCT100CB BKN130 BKN170 BKN200 26/20 A2985 RMK AO2 RAB22 TSB20 CONS LTGCGICCCCA OHD AND SW AND W-NW AND DSNT N-NE AND E-SE TS OHD AND SW AND W-NW MOV N-NE CB DSNT N-NE AND E-SE P0022 T02,M
PHX,2025-09-19 06:51,-112.0116,33.4343,337.00,78.80,68.00,69.58,30.00,8.00,0.00,29.84,1008.70,10.00,M,SCT,BKN,BKN,BKN,10000.00,13000.00,17000.00,20000.00,TS,M,M,M,M,M,M,78.80,KPHX 190651Z COR 03008KT 10SM TS SCT100CB BKN130 BKN170 BKN200 26/20 A2984 RMK AO2 RAB22E51 TSB20 SLP087 CONS LTGCGICCCCA OHD AND SW AND W-NW AND DSNT N-NE AND E-SE TS OHD AND SW AND W-NW MOV N-NE CB DSNT N-NE AND E-SE,M
PHX,2025-09-19 07:51,-112.0116,33.4343,337.00,81.00,68.00,64.76,130.00,14.00,0.01,29.85,1008.70,10.00,19.00,SCT,BKN,BKN,BKN,10000.00,13000.00,17000.00,20000.00,TS,M,M,M,M,M,M,83.77,KPHX 190751Z 13014G19KT 10SM TS SCT100CB BKN130 BKN170 BKN200 27/20 A2985 RMK AO2 RAB0657E38 SLP087 FRQ LTGICCA SW AND DSNT N-NE TS SW MOV N-NE CB DSNT N-NE P0001 T02720200,M
PHX,2025-09-19 08:30,-112.0116,33.4343,337.00,82.00,68.00,62.69,110.00,10.00,0.00,29.86,M,10.00,M,FEW,SCT,BKN,BKN,10000.00,13000.00,17000.00,20000.00,M,M,M,M,M,M,M,84.93,KPHX 190830Z 11010KT 10SM FEW100 SCT130 BKN170 BKN200 28/20 A2986 RMK AO2 TSE30 CONS LTGICCCCA DSNT W AND N-NE CB DSNT W AND N-NE T02780200,M
PHX,2025-09-19 08:51,-112.0116,33.4343,337.00,81.00,67.00,62.56,110.00,11.00,0.00,29.85,1008.70,10.00,M,FEW,SCT,BKN,BKN,10000.00,13000.00,17000.00,20000.00,M,M,M,M,M,M,M,83.44,KPHX 190851Z 11011KT 10SM FEW100 SCT130 BKN170 BKN200 27/19 A2985 RMK AO2 TSE30 SLP087 CONS LTGICCCCA DSNT W AND N-NE CB DSNT W AND N-NE 60023 T02720194 51013,M
PHX,2025-09-19 09:51,-112.0116,33.4343,337.00,80.00,67.00,64.63,100.00,7.00,0.00,29.84,1008.60,10.00,M,SCT,SCT,BKN,M,8000.00,10000.00,17000.00,M,M,M,M,M,M,M,M,82.32,KPHX 190951Z 10007KT 10SM SCT080 SCT100 BKN170 27/19 A2984 RMK AO2 SLP086 CONS LTGCGIC DSNT NW CB DSNT NW T02670194,M
PHX,2025-09-19 10:51,-112.0116,33.4343,337.00,80.00,68.00,66.90,340.00,5.00,0.00,29.86,1009.20,10.00,M,SCT,SCT,BKN,M,8000.00,10000.00,14000.00,M,M,M,M,M,M,M,M,82.58,KPHX 191051Z 34005KT 10SM SCT080 SCT100 BKN140 27/20 A2986 RMK AO2 SLP092 CONS LTGCGIC DSNT N-NE AND NW CB DSNT N-NE AND NW T02670200,M
PHX,2025-09-19 11:51,-112.0116,33.4343,337.00,81.00,66.00,60.44,60.00,5.00,0.00,29.87,1009.50,10.00,M,SCT,BKN,BKN,M,9000.00,14000.00,25000.00,M,M,M,M,M,M,M,M,83.12,KPHX 191151Z 06005KT 10SM SCT090 BKN140 BKN250 27/19 A2987 RMK AO2 SLP095 CONS LTGCGIC DSNT N-NE CB DSNT N-NE 60023 70023 T02720189 10322 20250 53007,M
PHX,2025-09-19 12:51,-112.0116,33.4343,337.00,80.00,66.00,62.44,100.00,6.00,0.00,29.87,1009.50,10.00,M,SCT,BKN,BKN,M,10000.00,14000.00,25000.00,M,M,M,M,M,M,M,M,82.08,KPHX 191251Z 10006KT 10SM SCT100 BKN140 BKN250 27/19 A2987 RMK AO2 SLP095 CONS LTGCGIC DSNT NW-NE CB DSNT NW-NE T02670189,M
PHX,2025-09-19 13:51,-112.0116,33.4343,337.00,80.00,66.00,62.44,90.00,5.00,0.00,29.89,1010.10,10.00,M,SCT,BKN,BKN,M,10000.00,14000.00,25000.00,M,M,M,M,M,M,M,M,82.08,KPHX 191351Z 09005KT 10SM SCT100 BKN140 BKN250 27/19 A2989 RMK AO2 SLP101 CONS LTGCGIC DSNT NW-NE CB DSNT NW-NE T02670189,M
PHX,2025-09-19 14:51,-112.0116,33.4343,337.00,82.00,64.00,54.57,80.00,8.00,0.00,29.91,1010.70,10.00,M,FEW,FEW,BKN,BKN,8500.00,11000.00,14000.00,25000.00,M,M,M,M,M,M,M,83.48,KPHX 191451Z 08008KT 10SM FEW085 FEW110 BKN140 BKN250 28/18 A2991 RMK AO2 LTG DSNT N SLP107 CB DSNT N-E T02780178 53012,M
PHX,2025-09-19 15:51,-112.0116,33.4343,337.00,85.00,62.00,46.19,70.00,13.00,0.00,29.91,1010.90,10.00,M,FEW,BKN,BKN,BKN,9500.00,14000.00,16000.00,25000.00,M,M,M,M,M,M,M,85.57,KPHX 191551Z 07013KT 10SM FEW095 BKN140 BKN160 BKN250 29/17 A2991 RMK AO2 SLP109 CB DSNT NW-NE TCU DSNT E AND W T02940167,M
PHX,2025-09-19 16:51,-112.0116,33.4343,337.00,87.00,63.00,44.89,90.00,13.00,0.00,29.92,1011.00,10.00,M,FEW,FEW,BKN,BKN,9500.00,12000.00,14000.00,16000.00,M,M,M,M,M,M,M,87.89,KPHX 191651Z 09013KT 10SM FEW095 FEW120 BKN140 BKN160 BKN250 31/17 A2992 RMK AO2 LTG DSNT N SLP110 CB DSNT N-NE TCU DSNT E S AND W T03060172,M
PHX,2025-09-19 17:51,-112.0116,33.4343,337.00,90.00,62.00,39.43,80.00,6.00,0.00,29.91,1010.60,10.00,18.00,FEW,FEW,SCT,BKN,9000.00,11000.00,14000.00,16000.00,M,M,M,M,M,M,M,90.49,KPHX 191751Z 08006G18KT 10SM FEW090 FEW110 SCT140 BKN160 BKN250 32/17 A2991 RMK AO2 LTG DSNT NW-NE SLP106 CB DSNT NW-NE SHRA DSNT NW-NE T03220167 10328 20261 58001,M
PHX,2025-09-19 18:51,-112.0116,33.4343,337.00,92.00,61.00,35.76,80.00,6.00,0.00,29.89,1010.20,10.00,M,SCT,BKN,BKN,BKN,8000.00,9500.00,14000.00,17000.00,M,M,M,M,M,M,M,92.15,KPHX 191851Z 08006KT 10SM SCT080 BKN095 BKN140 BKN170 BKN250 33/16 A2989 RMK AO2 LTG DSNT N AND NE SLP102 CB DSNT N-NE SHRA DSNT N-NE T03330161,M
PHX,2025-09-19 19:51,-112.0116,33.4343,337.00,96.00,62.00,32.76,140.00,4.00,0.00,29.86,1009.20,10.00,M,FEW,SCT,SCT,BKN,7000.00,9500.00,14000.00,17000.00,M,M,M,M,M,M,M,97.08,KPHX 191951Z 14004KT 10SM FEW070 SCT095 SCT140 BKN170 BKN250 36/17 A2986 RMK AO2 LTG DSNT NE SLP092 CB DSNT NE AND S T03560167,M
PHX,2025-09-19 20:51,-112.0116,33.4343,337.00,96.00,61.00,31.62,60.00,10.00,0.00,29.85,1008.60,10.00,18.00,FEW,FEW,SCT,SCT,7000.00,9500.00,14000.00,17000.00,M,M,M,M,M,M,M,96.57,KPHX 192051Z 06010G18KT 10SM FEW070 FEW095 SCT140 SCT170 BKN250 36/16 A2985 RMK AO2 SLP086 CB DSNT NE AND S TCU DSNT E AND NW T03560161 58020,M
PHX,2025-09-19 21:51,-112.0116,33.4343,337.00,95.00,60.00,31.46,60.00,10.00,0.00,29.82,1007.90,10.00,18.00,FEW,FEW,SCT,SCT,7000.00,10000.00,15000.00,25000.00,M,M,M,M,M,M,M,94.98,KPHX 192151Z 06010G18KT 10SM FEW070 FEW100 SCT150 SCT250 35/16 A2982 RMK AO2 SLP079 CB DSNT NE T03500156,M
PHX,2025-09-19 22:51,-112.0116,33.4343,337.00,96.00,60.00,30.52,60.00,8.00,0.00,29.81,1007.40,10.00,M,FEW,FEW,FEW,M,10000.00,15000.00,20000.00,M,M,M,M,M,M,M,M,96.09,KPHX 192251Z 06008KT 10SM FEW100 FEW150 FEW200 36/16 A2981 RMK AO2 SLP074 T03560156,M
PHX,2025-09-19 23:51,-112.0116,33.4343,337.00,96.00,60.00,30.52,360.00,4.00,0.00,29.80,1007.00,10.00,M,FEW,FEW,M,M,10000.00,15000.00,M,M,M,M,M,M,M,M,M,96.09,KPHX 192351Z 36004KT 10SM FEW100 FEW150 36/16 A2980 RMK AO2 SLP070 CB DSNT SW T03560156 10367 20322 56015,M
PHX,2025-09-20 00:51,-112.0116,33.4343,337.00,95.00,60.00,31.46,330.00,5.00,0.00,29.80,1007.00,10.00,M,FEW,FEW,M,M,10000.00,18000.00,M,M,M,M,M,M,M,M,M,94.98,KPHX 200051Z 33005KT 10SM FEW100 FEW180 35/16 A2980 RMK AO2 SLP070 T03500156,M
PHX,2025-09-20 01:51,-112.0116,33.4343,337.00,94.00,61.00,33.62,360.00,9.00,0.00,29.81,1007.60,10.00,M,FEW,FEW,M,M,10000.00,18000.00,M,M,M,M,M,M,M,M,M,94.33,KPHX 200151Z 36009KT 10SM FEW100 FEW180 34/16 A2981 RMK AO2 SLP076 T03440161,M
PHX,2025-09-20 02:51,-112.0116,33.4343,337.00,93.00,61.00,34.67,30.00,7.00,0.00,29.83,1007.90,10.00,M,FEW,M,M,M,10000.00,M,M,M,M,M,M,M,M,M,M,93.23,KPHX 200251Z 03007KT 10SM FEW100 34/16 A2983 RMK AO2 SLP079 T03390161 53008,M
PHX,2025-09-20 03:51,-112.0116,33.4343,337.00,92.00,61.00,35.76,20.00,4.00,0.00,29.85,1008.70,10.00,M,FEW,M,M,M,10000.00,M,M,M,M,M,M,M,M,M,M,92.15,KPHX 200351Z 02004KT 10SM FEW100 33/16 A2985 RMK AO2 SLP087 T03330161,M
PHX,2025-09-20 04:51,-112.0116,33.4343,337.00,90.00,63.00,40.85,110.00,4.00,0.00,29.86,1009.00,10.00,M,CLR,M,M,M,M,M,M,M,M,M,M,M,M,M,M,90.97,KPHX 200451Z 11004KT 10SM CLR 32/17 A2986 RMK AO2 SLP090 T03220172,M
PHX,2025-09-20 05:51,-112.0116,33.4343,337.00,88.00,63.00,43.50,120.00,4.00,0.00,29.86,1009.20,10.00,M,FEW,M,M,M,10000.00,M,M,M,M,M,M,M,M,M,M,88.89,KPHX 200551Z 12004KT 10SM FEW100 31/17 A2986 RMK AO2 SLP092 T03110172 10356 20311 51012,M
PHX,2025-09-20 06:51,-112.0116,33.4343,337.00,87.00,62.00,43.34,110.00,5.00,0.00,29.87,1009.40,10.00,M,CLR,M,M,M,M,M,M,M,M,M,M,M,M,M,M,87.47,KPHX 200651Z 11005KT 10SM CLR 31/17 A2987 RMK AO2 SLP094 T03060167 403670261,M
PHX,2025-09-20 07:51,-112.0116,33.4343,337.00,86.00,62.00,44.74,90.00,4.00,0.00,29.87,1009.30,10.00,M,CLR,M,M,M,M,M,M,M,M,M,M,M,M,M,M,86.51,KPHX 200751Z 09004KT 10SM CLR 30/17 A2987 RMK AO2 SLP093 T03000167,M
PHX,2025-09-20 08:51,-112.0116,33.4343,337.00,85.00,62.00,46.19,110.00,5.00,0.00,29.87,1009.30,10.00,M,FEW,M,M,M,10000.00,M,M,M,M,M,M,M,M,M,M,85.57,KPHX 200851Z 11005KT 10SM FEW100 29/17 A2987 RMK AO2 SLP093 T02940167 50002,M
PHX,2025-09-20 09:51,-112.0116,33.4343,337.00,84.00,62.00,47.69,80.00,9.00,0.00,29.87,1009.40,10.00,M,CLR,M,M,M,M,M,M,M,M,M,M,M,M,M,M,84.66,KPHX 200951Z 08009KT 10SM CLR 29/17 A2987 RMK AO2 SLP094 T02890167,M
PHX,2025-09-20 10:51,-112.0116,33.4343,337.00,83.00,62.00,49.25,100.00,4.00,0.00,29.88,1009.70,10.00,M,CLR,M,M,M,M,M,M,M,M,M,M,M,M,M,M,83.77,KPHX 201051Z 10004KT 10SM CLR 28/17 A2988 RMK AO2 SLP097 T02830167,M
PHX,2025-09-20 11:51,-112.0116,33.4343,337.00,83.00,61.00,47.54,90.00,4.00,0.00,29.89,1010.00,10.00,M,CLR,M,M,M,M,M,M,M,M,M,M,M,M,M,M,83.47,KPHX 201151Z 09004KT 10SM CLR 28/16 A2989 RMK AO2 SLP100 T02830161 10311 20278 53006,M
PHX,2025-09-20 12:51,-112.0116,33.4343,337.00,81.00,62.00,52.55,110.00,5.00,0.00,29.90,1010.60,10.00,M,FEW,M,M,M,9000.00,M,M,M,M,M,M,M,M,M,M,82.05,KPHX 201251Z 11005KT 10SM FEW090 27/17 A2990 RMK AO2 SLP106 T02720167,M
PHX,2025-09-20 13:51,-112.0116,33.4343,337.00,81.00,63.00,54.43,110.00,4.00,0.00,29.93,1011.30,10.00,M,FEW,M,M,M,9000.00,M,M,M,M,M,M,M,M,M,M,82.29,KPHX 201351Z 11004KT 10SM FEW090 27/17 A2993 RMK AO2 SLP113 T02720172,M
PHX,2025-09-20 14:51,-112.0116,33.4343,337.00,84.00,62.00,47.69,90.00,8.00,0.00,29.94,1011.70,10.00,M,FEW,M,M,M,12000.00,M,M,M,M,M,M,M,M,M,M,84.66,KPHX 201451Z 09008KT 10SM FEW120 29/17 A2994 RMK AO2 SLP117 T02890167 51016,M
PHX,2025-09-20 15:51,-112.0116,33.4343,337.00,88.00,62.00,41.99,90.00,8.00,0.00,29.95,1012.20,10.00,M,FEW,M,M,M,12000.00,M,M,M,M,M,M,M,M,M,M,88.45,KPHX 201551Z 09008KT 10SM FEW120 31/17 A2995 RMK AO2 SLP122 T03110167,M
PHX,2025-09-20 16:51,-112.0116,33.4343,337.00,92.00,64.00,39.75,160.00,8.00,0.00,29.96,1012.30,10.00,M,FEW,FEW,M,M,9000.00,12000.00,M,M,M,M,M,M,M,M,M,93.66,KPHX 201651Z 16008KT 10SM FEW090 FEW120 33/18 A2996 RMK AO2 SLP123 T03330178,M
PHX,2025-09-20 17:51,-112.0116,33.4343,337.00,94.00,64.00,37.36,120.00,4.00,0.00,29.95,1012.10,10.00,M,FEW,FEW,M,M,9000.00,12000.00,M,M,M,M,M,M,M,M,M,95.92,KPHX 201751Z 12004KT 10SM FEW090 FEW120 34/18 A2995 RMK AO2 SLP121 T03440178 10344 20272 50005,M
PHX,2025-09-20 18:51,-112.0116,33.4343,337.00,97.00,63.00,32.91,150.00,5.00,0.00,29.94,1011.60,10.00,M,FEW,M,M,M,9000.00,M,M,M,M,M,M,M,M,M,M,98.80,KPHX 201851Z 15005KT 10SM FEW090 36/17 A2994 RMK AO2 SLP116 T03610172,M
PHX,2025-09-20 19:51,-112.0116,33.4343,337.00,97.00,60.00,29.60,20.00,7.00,0.00,29.91,1010.60,10.00,M,FEW,M,M,M,9000.00,M,M,M,M,M,M,M,M,M,M,97.22,KPHX 201951Z 02007KT 350V050 10SM FEW090 36/16 A2991 RMK AO2 SLP106 TCU DSNT ALQDS T03610156,M
PHX,2025-09-20 20:51,-112.0116,33.4343,337.00,98.00,60.00,28.72,M,5.00,0.00,29.87,1009.40,10.00,M,FEW,M,M,M,9000.00,M,M,M,M,M,M,M,M,M,M,98.36,KPHX 202051Z VRB05KT 10SM FEW090 37/16 A2987 RMK AO2 SLP094 CB DSNT N-NE TCU DSNT E AND NW T03670156 58026,M
PHX,2025-09-20 21:51,-112.0116,33.4343,337.00,98.00,59.00,27.71,M,3.00,0.00,29.84,1008.50,10.00,M,SCT,M,M,M,9000.00,M,M,M,M,M,M,M,M,M,M,97.89,KPHX 202151Z VRB03KT 10SM SCT090 37/15 A2984 RMK AO2 SLP085 T03670150,M
PHX,2025-09-20 22:51,-112.0116,33.4343,337.00,100.00,59.00,26.09,300.00,6.00,0.00,29.82,1007.70,10.00,M,SCT,SCT,M,M,9000.00,15000.00,M,M,M,M,M,M,M,M,M,100.17,KPHX 202251Z 30006KT 10SM SCT090 SCT150 38/15 A2982 RMK AO2 SLP077 CB DSNT NW T03780150,M
PHX,2025-09-20 23:51,-112.0116,33.4343,337.00,99.00,59.00,26.88,0.00,0.00,0.00,29.81,1007.20,10.00,M,SCT,SCT,M,M,9000.00,15000.00,M,M,M,M,M,M,M,M,M,99.03,KPHX 202351Z 00000KT 10SM SCT090 SCT150 37/15 A2981 RMK AO2 SLP072 T03720150 10389 20339 56021,M
PHX,2025-09-21 00:51,-112.0116,33.4343,337.00,99.00,59.00,26.88,300.00,11.00,0.00,29.81,1007.40,10.00,M,FEW,FEW,M,M,9000.00,15000.00,M,M,M,M,M,M,M,M,M,99.03,KPHX 210051Z 30011KT 10SM FEW090 FEW150 37/15 A2981 RMK AO2 SLP074 T03720150,M
PHX,2025-09-21 01:51,-112.0116,33.4343,337.00,96.00,58.00,28.41,360.00,7.00,0.00,29.81,1007.40,10.00,26.00,FEW,M,M,M,9000.00,M,M,M,M,M,M,M,26.00,340.00,2025-09-21 01:42,95.24,KPHX 210151Z 36007G26KT 10SM FEW090 36/14 A2981 RMK AO2 PK WND 34026/0142 SLP074 SHRA DSNT NW T03560144,M
PHX,2025-09-21 02:51,-112.0116,33.4343,337.00,94.00,59.00,31.31,360.00,7.00,0.00,29.82,1007.70,10.00,M,CLR,M,M,M,M,M,M,M,M,M,M,M,M,M,M,93.46,KPHX 210251Z 36007KT 10SM CLR 34/15 A2982 RMK AO2 SLP077 T03440150 53004,M
PHX,2025-09-21 03:51,-112.0116,33.4343,337.00,95.00,59.00,30.36,300.00,3.00,0.00,29.83,1007.80,10.00,M,CLR,M,M,M,M,M,M,M,M,M,M,M,M,M,M,94.55,KPHX 210351Z 30003KT 10SM CLR 35/15 A2983 RMK AO2 SLP078 T03500150,M
PHX,2025-09-21 04:51,-112.0116,33.4343,337.00,93.00,59.00,32.29,290.00,4.00,0.00,29.83,1008.10,10.00,M,CLR,M,M,M,M,M,M,M,M,M,M,M,M,M,M,92.39,KPHX 210451Z 29004KT 10SM CLR 34/15 A2983 RMK AO2 SLP081 T03390150,M
PHX,2025-09-21 05:51,-112.0116,33.4343,337.00,90.00,60.00,36.73,250.00,5.00,0.00,29.84,1008.20,10.00,M,CLR,M,M,M,M,M,M,M,M,M,M,M,M,M,M,89.65,KPHX 210551Z 25005KT 10SM CLR 32/16 A2984 RMK AO2 SLP082 T03220156 10383 20317 51006,M
PHX,2025-09-21 06:51,-112.0116,33.4343,337.00,88.00,60.00,39.12,240.00,4.00,0.00,29.83,1008.10,10.00,M,CLR,M,M,M,M,M,M,M,M,M,M,M,M,M,M,87.67,KPHX 210651Z 24004KT 10SM CLR 31/16 A2983 RMK AO2 SLP081 T03110156 403890272,M
PHX,2025-09-21 07:51,-112.0116,33.4343,337.00,88.00,60.00,39.12,240.00,5.00,0.00,29.83,1008.00,10.00,M,CLR,M,M,M,M,M,M,M,M,M,M,M,M,M,M,87.67,KPHX 210751Z 24005KT 10SM CLR 31/16 A2983 RMK AO2 SLP080 T03110156,M
PHX,2025-09-21 08:51,-112.0116,33.4343,337.00,86.00,60.00,41.68,210.00,3.00,0.00,29.83,1008.10,10.00,M,CLR,M,M,M,M,M,M,M,M,M,M,M,M,M,M,85.80,KPHX 210851Z 21003KT 10SM CLR 30/16 A2983 RMK AO2 SLP081 T03000156 55001,M
PHX,2025-09-21 09:51,-112.0116,33.4343,337.00,85.00,61.00,44.58,220.00,3.00,0.00,29.82,1007.80,10.00,M,CLR,M,M,M,M,M,M,M,M,M,M,M,M,M,M,85.22,KPHX 210951Z 22003KT 10SM CLR 29/16 A2982 RMK AO2 SLP078 T02940161,M
PHX,2025-09-21 10:51,-112.0116,33.4343,337.00,85.00,61.00,44.58,0.00,0.00,0.00,29.82,1007.70,10.00,M,CLR,M,M,M,M,M,M,M,M,M,M,M,M,M,M,85.22,KPHX 211051Z 00000KT 10SM CLR 29/16 A2982 RMK AO2 SLP077 T02940161,M
PHX,2025-09-21 11:51,-112.0116,33.4343,337.00,84.00,62.00,47.69,0.00,0.00,0.00,29.83,1007.90,10.00,M,CLR,M,M,M,M,M,M,M,M,M,M,M,M,M,M,84.66,KPHX 211151Z 00000KT 10SM CLR 29/17 A2983 RMK AO2 SLP079 T02890167 10322 20289 55002,M
PHX,2025-09-21 12:51,-112.0116,33.4343,337.00,83.00,62.00,49.25,130.00,3.00,0.00,29.84,1008.30,10.00,M,FEW,M,M,M,25000.00,M,M,M,M,M,M,M,M,M,M,83.77,KPHX 211251Z 13003KT 10SM FEW250 28/17 A2984 RMK AO2 SLP083 T02830167,M
PHX,2025-09-21 13:51,-112.0116,33.4343,337.00,85.00,59.00,41.52,220.00,3.00,0.00,29.86,1008.90,10.00,M,FEW,SCT,M,M,12000.00,16000.00,M,M,M,M,M,M,M,M,M,84.61,KPHX 211351Z 22003KT 10SM FEW120 SCT160 29/15 A2986 RMK AO2 SLP089 T02940150,M
PHX,2025-09-21 14:51,-112.0116,33.4343,337.00,86.00,58.00,38.80,90.00,6.00,0.00,29.87,1009.30,10.00,M,SCT,BKN,BKN,M,12000.00,16000.00,19000.00,M,M,M,M,M,M,M,M,85.20,KPHX 211451Z 09006KT 10SM SCT120 BKN160 BKN190 30/14 A2987 RMK AO2 SLP093 VIRGA T03000144 51012,M
PHX,2025-09-21 15:51,-112.0116,33.4343,337.00,89.00,60.00,37.91,100.00,5.00,0.00,29.87,1009.40,10.00,M,FEW,SCT,BKN,BKN,9000.00,12000.00,16000.00,20000.00,M,M,M,M,M,M,M,88.65,KPHX 211551Z 10005KT 10SM FEW090 SCT120 BKN160 BKN200 32/16 A2987 RMK AO2 SLP094 VIRGA T03170156,M
PHX,2025-09-21 16:51,-112.0116,33.4343,337.00,91.00,59.00,34.36,70.00,5.00,0.00,29.88,1009.60,10.00,M,FEW,SCT,BKN,BKN,9000.00,12000.00,16000.00,20000.00,M,M,M,M,M,M,M,90.29,KPHX 211651Z 07005KT 10SM FEW090 SCT120 BKN160 BKN200 33/15 A2988 RMK AO2 SLP096 T03280150,M
PHX,2025-09-21 17:51,-112.0116,33.4343,337.00,93.00,59.00,32.29,50.00,4.00,0.00,29.86,1009.20,10.00,M,FEW,SCT,BKN,BKN,9000.00,12000.00,16000.00,20000.00,M,M,M,M,M,M,M,92.39,KPHX 211751Z 05004KT 10SM FEW090 SCT120 BKN160 BKN200 34/15 A2986 RMK AO2 SLP092 VIRGA TCU DSNT E T03390150 10339 20283 58001,M
PHX,2025-09-21 18:51,-112.0116,33.4343,337.00,94.00,60.00,32.45,310.00,3.00,0.00,29.85,1008.70,10.00,M,FEW,SCT,BKN,BKN,9000.00,12000.00,16000.00,20000.00,M,M,M,M,M,M,M,93.88,KPHX 211851Z 31003KT 10SM FEW090 SCT120 BKN160 BKN200 34/16 A2985 RMK AO2 SLP087 VIRGA T03440156,M
PHX,2025-09-21 19:51,-112.0116,33.4343,337.00,94.00,60.00,32.45,0.00,0.00,0.00,29.83,1007.90,10.00,M,FEW,SCT,BKN,BKN,9000.00,12000.00,16000.00,20000.00,M,M,M,M,M,M,M,93.88,KPHX 211951Z 00000KT 10SM FEW090 SCT120 BKN160 BKN200 34/16 A2983 RMK AO2 SLP079 VIRGA CB DSNT E AND SE T03440156,M
PHX,2025-09-21 20:51,-112.0116,33.4343,337.00,97.00,59.00,28.56,280.00,5.00,T,29.81,1007.20,10.00,M,FEW,SCT,BKN,BKN,9000.00,12000.00,16000.00,20000.00,M,M,M,M,M,M,M,96.77,KPHX 212051Z 28005KT 10SM FEW090 SCT120 BKN160 BKN200 36/15 A2981 RMK AO2 RAB12E23 SLP072 CB DSNT SE P0000 60000 T03610150 58019,M
PHX,2025-09-21 21:51,-112.0116,33.4343,337.00,98.00,59.00,27.71,350.00,9.00,0.00,29.77,1006.00,10.00,19.00,FEW,SCT,BKN,BKN,9000.00,12000.00,16000.00,20000.00,M,M,M,M,M,M,M,97.89,KPHX 212151Z 35009G19KT 10SM FEW090 SCT120 BKN160 BKN200 37/15 A2977 RMK AO2 SLP060 CB DSNT SE T03670150,M
PHX,2025-09-21 22:51,-112.0116,33.4343,337.00,98.00,59.00,27.71,310.00,9.00,0.00,29.75,1005.30,10.00,20.00,FEW,SCT,BKN,BKN,9000.00,12000.00,17000.00,20000.00,M,M,M,M,27.00,350.00,2025-09-21 22:26,97.89,KPHX 212251Z 31009G20KT 10SM FEW090 SCT120 BKN170 BKN200 37/15 A2975 RMK AO2 PK WND 35027/2226 SLP053 T03670150,M
PHX,2025-09-21 23:30,-112.0116,33.4343,337.00,97.00,58.00,27.56,320.00,13.00,0.00,29.74,M,10.00,22.00,FEW,SCT,BKN,BKN,9000.00,12000.00,15000.00,20000.00,M,M,M,M,M,M,M,96.35,KPHX 212330Z 32013G22KT 10SM FEW090 SCT120 BKN150 BKN200 36/14 A2974 RMK AO2 WSHFT 2310 T03610144,M
PHX,2025-09-21 23:51,-112.0116,33.4343,337.00,97.00,57.00,26.58,330.00,11.00,0.00,29.74,1005.10,10.00,M,FEW,SCT,SCT,BKN,9000.00,12000.00,15000.00,20000.00,M,M,M,M,M,M,M,95.96,KPHX 212351Z 33011KT 10SM FEW090 SCT120 SCT150 BKN200 36/14 A2974 RMK AO2 WSHFT 2310 SLP051 60000 T03610139 10372 20333 56021,M
PHX,2025-09-22 00:46,-112.0116,33.4343,337.00,96.80,51.80,22.13,310.00,9.00,0.00,29.76,M,10.00,M,SCT,BKN,BKN,M,9000.00,13000.00,17000.00,M,TS,M,M,M,M,M,M,94.14,KPHX 220046Z 31009KT 10SM TS SCT090CB BKN130 BKN170 36/11 A2976 RMK AO2 TSE44B46 OCNL LTGCG S TS S MOV NE VCSH S,M
PHX,2025-09-22 00:51,-112.0116,33.4343,337.00,96.00,52.00,22.84,320.00,6.00,0.00,29.76,1005.70,10.00,16.00,SCT,BKN,BKN,M,9000.00,13000.00,17000.00,M,TS,M,M,M,M,M,M,93.36,KPHX 220051Z 32006G16KT 10SM TS SCT090CB BKN130 BKN170 36/11 A2976 RMK AO2 TSE44B46 SLP057 OCNL LTGCG S TS S MOV NE VCSH SE-S T03560111,M
PHX,2025-09-22 01:46,-112.0116,33.4343,337.00,89.60,62.60,40.78,160.00,4.00,T,29.76,M,10.00,M,SCT,BKN,BKN,M,9000.00,12000.00,14000.00,M,M,M,M,M,M,M,M,90.35,KPHX 220146Z 16004KT 10SM SCT090 BKN120 BKN140 32/17 A2976 RMK AO2 RAB26E40 TSE46 VCSH NE P0000,M
PHX,2025-09-22 01:51,-112.0116,33.4343,337.00,90.00,62.00,39.43,130.00,3.00,T,29.76,1005.80,10.00,M,SCT,BKN,BKN,M,9000.00,12000.00,14000.00,M,M,M,M,M,M,M,M,90.49,KPHX 220151Z 13003KT 10SM SCT090 BKN120 BKN140 32/17 A2976 RMK AO2 RAB26E40 TSE46 SLP058 VCSH NE P0000 T03220167,M
PHX,2025-09-22 02:51,-112.0116,33.4343,337.00,91.00,58.00,33.15,0.00,0.00,T,29.78,1006.40,10.00,M,SCT,BKN,BKN,M,9000.00,12000.00,14000.00,M,M,M,M,M,M,M,M,89.94,KPHX 220251Z 00000KT 10SM SCT090 BKN120 BKN140 33/14 A2978 RMK AO2 RAB0155E06 SLP064 OCNL LTGIC DSNT NE CB DSNT NE P0000 60000 T03280144 53013,M
PHX,2025-09-22 03:51,-112.0116,33.4343,337.00,86.00,68.00,55.13,140.00,12.00,0.00,29.81,1007.30,10.00,M,FEW,SCT,BKN,BKN,9000.00,11000.00,15000.00,20000.00,M,M,M,M,M,M,M,89.44,KPHX 220351Z 14012KT 10SM FEW090 SCT110 BKN150 BKN200 30/20 A2981 RMK AO2 SLP073 T03000200,M
PHX,2025-09-22 04:51,-112.0116,33.4343,337.00,84.00,66.00,54.85,140.00,9.00,0.00,29.81,1007.30,10.00,17.00,FEW,SCT,SCT,M,10000.00,15000.00,20000.00,M,M,M,M,M,M,M,M,86.22,KPHX 220451Z 14009G17KT 10SM FEW100 SCT150 SCT200 29/19 A2981 RMK AO2 SLP073 T02890189,M
PHX,2025-09-22 05:51,-112.0116,33.4343,337.00,84.00,66.00,54.85,160.00,6.00,0.00,29.81,1007.40,10.00,M,FEW,SCT,SCT,M,10000.00,15000.00,20000.00,M,M,M,M,M,M,M,M,86.22,KPHX 220551Z 16006KT 10SM FEW100 SCT150 SCT200 29/19 A2981 RMK AO2 SLP074 60000 T02890189 10361 20289 51009,M
PHX,2025-09-22 06:51,-112.0116,33.4343,337.00,82.00,66.00,58.51,150.00,7.00,0.00,29.81,1007.50,10.00,M,FEW,BKN,BKN,M,10000.00,12000.00,22000.00,M,M,M,M,M,M,M,M,84.16,KPHX 220651Z 15007KT 10SM FEW100 BKN120 BKN220 28/19 A2981 RMK AO2 SLP075 T02780189 403720278,M
PHX,2025-09-22 07:51,-112.0116,33.4343,337.00,83.00,64.00,52.84,150.00,6.00,0.00,29.81,1007.50,10.00,M,SCT,BKN,BKN,M,11000.00,13000.00,22000.00,M,M,M,M,M,M,M,M,84.43,KPHX 220751Z 15006KT 10SM SCT110 BKN130 BKN220 28/18 A2981 RMK AO2 SLP075 T02830178,M
PHX,2025-09-22 08:51,-112.0116,33.4343,337.00,82.00,65.00,56.51,120.00,3.00,0.00,29.81,1007.30,10.00,M,FEW,BKN,BKN,M,11000.00,13000.00,22000.00,M,M,M,M,M,M,M,M,83.81,KPHX 220851Z 12003KT 10SM FEW110 BKN130 BKN220 28/18 A2981 RMK AO2 SLP073 OCNL LTGIC DSNT SW CB DSNT SW T02780183 58002,M
PHX,2025-09-22 09:51,-112.0116,33.4343,337.00,82.00,65.00,56.51,110.00,4.00,0.00,29.79,1006.80,10.00,M,SCT,BKN,BKN,M,11000.00,13000.00,22000.00,M,M,M,M,M,M,M,M,83.81,KPHX 220951Z 11004KT 10SM SCT110 BKN130 BKN220 28/18 A2979 RMK AO2 SLP068 T02780183,M
PHX,2025-09-22 10:51,-112.0116,33.4343,337.00,83.00,64.00,52.84,0.00,0.00,0.00,29.80,1007.10,10.00,M,BKN,OVC,M,M,11000.00,13000.00,M,M,M,M,M,M,M,M,M,84.43,KPHX 221051Z 00000KT 10SM BKN110 OVC130 28/18 A2980 RMK AO2 SLP071 FRQ LTGCGIC DSNT N AND NW CB DSNT N AND NW T02830178,M
PHX,2025-09-22 11:51,-112.0116,33.4343,337.00,83.00,64.00,52.84,70.00,6.00,0.00,29.82,1007.60,10.00,M,BKN,BKN,BKN,M,8000.00,11000.00,15000.00,M,M,M,M,M,M,M,M,84.43,KPHX 221151Z 07006KT 10SM BKN080 BKN110 BKN150 28/18 A2982 RMK AO2 SLP076 T02830178 10289 20278 53003,M
PHX,2025-09-22 12:51,-112.0116,33.4343,337.00,81.00,64.00,56.37,10.00,8.00,0.00,29.83,1007.90,10.00,M,SCT,SCT,BKN,M,8000.00,11000.00,15000.00,M,M,M,M,M,M,M,M,82.55,KPHX 221251Z 01008KT 10SM SCT080 SCT110 BKN150 27/18 A2983 RMK AO2 SLP079 T02720178,M
PHX,2025-09-22 13:51,-112.0116,33.4343,337.00,82.00,64.00,54.57,310.00,5.00,0.00,29.85,1008.70,10.00,M,BKN,BKN,BKN,M,8000.00,11000.00,15000.00,M,M,M,M,M,M,M,M,83.48,KPHX 221351Z 31005KT 10SM BKN080 BKN110 BKN150 28/18 A2985 RMK AO2 LTG DSNT N SLP087 T02780178,M
PHX,2025-09-22 14:51,-112.0116,33.4343,337.00,81.00,62.00,52.55,330.00,16.00,0.00,29.87,1009.40,10.00,26.00,SCT,SCT,BKN,M,8000.00,11000.00,15000.00,M,M,M,M,M,26.00,340.00,2025-09-22 14:42,82.05,KPHX 221451Z 33016G26KT 10SM SCT080 SCT110 BKN150 27/17 A2987 RMK AO2 PK WND 34026/1442 SLP094 T02720167 53017,M
PHX,2025-09-22 15:51,-112.0116,33.4343,337.00,82.00,60.00,47.39,340.00,10.00,0.00,29.89,1010.20,10.00,18.00,BKN,BKN,M,M,6000.00,15000.00,M,M,M,M,M,M,M,M,M,82.39,KPHX 221551Z 34010G18KT 10SM BKN060 BKN150 28/16 A2989 RMK AO2 SLP102 T02780156,M
PHX,2025-09-22 16:51,-112.0116,33.4343,337.00,84.00,61.00,46.04,340.00,13.00,0.00,29.89,1010.50,10.00,26.00,SCT,BKN,M,M,6500.00,15000.00,M,M,M,M,M,M,26.00,360.00,2025-09-22 16:45,84.33,KPHX 221651Z 34013G26KT 10SM SCT065 BKN150 29/16 A2989 RMK AO2 PK WND 36026/1645 SLP105 T02890161,M
PHX,2025-09-22 17:51,-112.0116,33.4343,337.00,86.00,60.00,41.68,10.00,12.00,0.00,29.89,1010.30,10.00,21.00,FEW,FEW,SCT,M,6000.00,11000.00,15000.00,M,M,M,M,M,30.00,10.00,2025-09-22 16:57,85.80,KPHX 221751Z COR 01012G21KT 10SM FEW060 FEW110 SCT150 30/16 A2989 RMK AO2 PK WND 01030/1657 SLP103 T03000156 10300 20267 50007,M
PHX,2025-09-22 18:51,-112.0116,33.4343,337.00,85.00,61.00,44.58,330.00,16.00,0.00,29.88,1009.80,10.00,34.00,FEW,FEW,SCT,M,6000.00,11000.00,15000.00,M,M,M,M,M,34.00,350.00,2025-09-22 18:49,85.22,KPHX 221851Z 33016G34KT 10SM FEW060 FEW110 SCT150 29/16 A2988 RMK AO2 PK WND 35034/1849 SLP098 TCU DSNT N-NE T02940161,M
PHX,2025-09-22 19:51,-112.0116,33.4343,337.00,87.00,61.00,41.83,30.00,11.00,0.00,29.84,1008.70,10.00,M,FEW,FEW,FEW,SCT,6000.00,11000.00,15000.00,25000.00,M,M,M,M,37.00,330.00,2025-09-22 18:59,87.08,KPHX 221951Z 03011KT 10SM FEW060 FEW110 FEW150 SCT250 31/16 A2984 RMK AO2 PK WND 33037/1859 SLP087 TCU DSNT NW T03060161,M
PHX,2025-09-22 20:51,-112.0116,33.4343,337.00,88.00,61.00,40.53,320.00,11.00,0.00,29.81,1007.60,10.00,M,FEW,FEW,FEW,SCT,7000.00,12000.00,16000.00,25000.00,M,M,M,M,M,M,M,88.05,KPHX 222051Z 32011KT 10SM FEW070 FEW120 FEW160 SCT250 31/16 A2981 RMK AO2 SLP076 T03110161 58026,M
PHX,2025-09-22 21:51,-112.0116,33.4343,337.00,90.00,61.00,38.06,350.00,5.00,0.00,29.78,1006.40,10.00,16.00,FEW,FEW,FEW,SCT,7000.00,12000.00,16000.00,25000.00,M,M,M,M,M,M,M,90.06,KPHX 222151Z 35005G16KT 10SM FEW070 FEW120 FEW160 SCT250 32/16 A2978 RMK AO2 SLP064 CB DSNT SE T03220161,M
PHX,2025-09-22 22:51,-112.0116,33.4343,337.00,91.00,61.00,36.89,310.00,8.00,0.00,29.76,1005.90,10.00,M,FEW,FEW,FEW,SCT,10000.00,16000.00,20000.00,25000.00,M,M,M,M,M,M,M,91.09,KPHX 222251Z 31008KT 10SM FEW100 FEW160 FEW200 SCT250 33/16 A2976 RMK AO2 SLP059 CB DSNT SE T03280161,M
PHX,2025-09-22 23:51,-112.0116,33.4343,337.00,90.00,60.00,36.73,300.00,5.00,0.00,29.75,1005.50,10.00,16.00,FEW,FEW,FEW,SCT,10000.00,14000.00,18000.00,25000.00,M,M,M,M,M,M,M,89.65,KPHX 222351Z 30005G16KT 10SM FEW100 FEW140 FEW180 SCT250 32/16 A2975 RMK AO2 SLP055 T03220156 10333 20294 56020,M
PHX,2025-09-23 00:51,-112.0116,33.4343,337.00,90.00,60.00,36.73,330.00,7.00,0.00,29.75,1005.30,10.00,17.00,FEW,FEW,FEW,M,10000.00,14000.00,18000.00,M,M,M,M,M,M,M,M,89.65,KPHX 230051Z 33007G17KT 10SM FEW100 FEW140 FEW180 32/16 A2975 RMK AO2 SLP053 T03220156,M
PHX,2025-09-23 01:51,-112.0116,33.4343,337.00,88.00,60.00,39.12,330.00,8.00,0.00,29.75,1005.60,10.00,M,FEW,FEW,FEW,M,10000.00,14000.00,18000.00,M,M,M,M,M,M,M,M,87.67,KPHX 230151Z 33008KT 10SM FEW100 FEW140 FEW180 31/16 A2975 RMK AO2 SLP056 T03110156,M
PHX,2025-09-23 02:51,-112.0116,33.4343,337.00,88.00,61.00,40.53,M,6.00,0.00,29.77,1006.10,10.00,M,CLR,M,M,M,M,M,M,M,M,M,M,M,M,M,M,88.05,KPHX 230251Z VRB06KT 10SM CLR 31/16 A2977 RMK AO2 SLP061 T03110161 53005,M
PHX,2025-09-23 03:51,-112.0116,33.4343,337.00,87.00,61.00,41.83,330.00,6.00,0.00,29.78,1006.60,10.00,M,CLR,M,M,M,M,M,M,M,M,M,M,M,M,M,M,87.08,KPHX 230351Z 33006KT 10SM CLR 31/16 A2978 RMK AO2 SLP066 T03060161,M
PHX,2025-09-23 04:51,-112.0116,33.4343,337.00,87.00,60.00,40.38,320.00,6.00,0.00,29.79,1006.90,10.00,M,CLR,M,M,M,M,M,M,M,M,M,M,M,M,M,M,86.72,KPHX 230451Z 32006KT 10SM CLR 31/16 A2979 RMK AO2 SLP069 T03060156,M
PHX,2025-09-23 05:51,-112.0116,33.4343,337.00,86.00,60.00,41.68,M,5.00,0.00,29.80,1007.20,10.00,M,CLR,M,M,M,M,M,M,M,M,M,M,M,M,M,M,85.80,KPHX 230551Z VRB05KT 10SM CLR 30/16 A2980 RMK AO2 SLP072 T03000156 10328 20300 51012,M
PHX,2025-09-23 06:51,-112.0116,33.4343,337.00,84.00,61.00,46.04,320.00,4.00,0.00,29.80,1007.20,10.00,M,CLR,M,M,M,M,M,M,M,M,M,M,M,M,M,M,84.33,KPHX 230651Z 32004KT 10SM CLR 29/16 A2980 RMK AO2 SLP072 T02890161 403330267,M
PHX,2025-09-23 07:51,-112.0116,33.4343,337.00,83.00,62.00,49.25,300.00,3.00,0.00,29.80,1007.20,10.00,M,CLR,M,M,M,M,M,M,M,M,M,M,M,M,M,M,83.77,KPHX 230751Z 30003KT 10SM CLR 28/17 A2980 RMK AO2 SLP072 T02830167,M
PHX,2025-09-23 08:51,-112.0116,33.4343,337.00,82.00,63.00,52.69,240.00,5.00,0.00,29.80,1007.40,10.00,M,CLR,M,M,M,M,M,M,M,M,M,M,M,M,M,M,83.18,KPHX 230851Z 24005KT 10SM CLR 28/17 A2980 RMK AO2 SLP074 T02780172 53000,M
PHX,2025-09-23 09:51,-112.0116,33.4343,337.00,81.00,63.00,54.43,260.00,3.00,0.00,29.80,1007.30,10.00,M,CLR,M,M,M,M,M,M,M,M,M,M,M,M,M,M,82.29,KPHX 230951Z 26003KT 10SM CLR 27/17 A2980 RMK AO2 SLP073 T02720172,M
PHX,2025-09-23 10:51,-112.0116,33.4343,337.00,80.00,63.00,56.23,240.00,3.00,0.00,29.80,1007.30,10.00,M,CLR,M,M,M,M,M,M,M,M,M,M,M,M,M,M,81.42,KPHX 231051Z 24003KT 10SM CLR 27/17 A2980 RMK AO2 SLP073 T02670172,M
PHX,2025-09-23 11:51,-112.0116,33.4343,337.00,79.00,63.00,58.10,240.00,3.00,0.00,29.81,1007.70,10.00,M,CLR,M,M,M,M,M,M,M,M,M,M,M,M,M,M,79.00,KPHX 231151Z 24003KT 10SM CLR 26/17 A2981 RMK AO2 SLP077 T02610172 10300 20261 53003,M
PHX,2025-09-23 12:51,-112.0116,33.4343,337.00,79.00,63.00,58.10,0.00,0.00,0.00,29.83,1008.30,10.00,M,CLR,M,M,M,M,M,M,M,M,M,M,M,M,M,M,79.00,KPHX 231251Z 00000KT 10SM CLR 26/17 A2983 RMK AO2 SLP083 T02610172,M
PHX,2025-09-23 13:51,-112.0116,33.4343,337.00,81.00,63.00,54.43,120.00,4.00,0.00,29.85,1009.00,10.00,M,FEW,M,M,M,8000.00,M,M,M,M,M,M,M,M,M,M,82.29,KPHX 231351Z 12004KT 10SM FEW080 27/17 A2985 RMK AO2 SLP090 T02720172,M
PHX,2025-09-23 14:51,-112.0116,33.4343,337.00,83.00,61.00,47.54,110.00,6.00,0.00,29.87,1009.60,10.00,M,FEW,M,M,M,8000.00,M,M,M,M,M,M,M,M,M,M,83.47,KPHX 231451Z 11006KT 10SM FEW080 28/16 A2987 RMK AO2 SLP096 T02830161 53020,M
PHX,2025-09-23 15:51,-112.0116,33.4343,337.00,87.00,60.00,40.38,90.00,8.00,0.00,29.88,1009.80,10.00,M,FEW,M,M,M,23000.00,M,M,M,M,M,M,M,M,M,M,86.72,KPHX 231551Z 09008KT 10SM FEW230 31/16 A2988 RMK AO2 SLP098 T03060156,M
PHX,2025-09-23 16:51,-112.0116,33.4343,337.00,89.00,60.00,37.91,70.00,7.00,0.00,29.88,1009.90,10.00,M,CLR,M,M,M,M,M,M,M,M,M,M,M,M,M,M,88.65,KPHX 231651Z 07007KT 10SM CLR 32/16 A2988 RMK AO2 SLP099 T03170156,M
PHX,2025-09-23 17:51,-112.0116,33.4343,337.00,91.00,59.00,34.36,60.00,4.00,0.00,29.88,1009.60,10.00,M,CLR,M,M,M,M,M,M,M,M,M,M,M,M,M,M,90.29,KPHX 231751Z 06004KT 10SM CLR 33/15 A2988 RMK AO2 SLP096 T03280150 10339 20261 50001,M
PHX,2025-09-23 18:51,-112.0116,33.4343,337.00,94.00,60.00,32.45,10.00,3.00,0.00,29.86,1009.10,10.00,M,FEW,FEW,M,M,9000.00,23000.00,M,M,M,M,M,M,M,M,M,93.88,KPHX 231851Z 01003KT 10SM FEW090 FEW230 34/16 A2986 RMK AO2 SLP091 T03440156,M
PHX,2025-09-23 19:51,-112.0116,33.4343,337.00,97.00,59.00,28.56,0.00,0.00,0.00,29.83,1008.20,10.00,M,FEW,FEW,M,M,9000.00,23000.00,M,M,M,M,M,M,M,M,M,96.77,KPHX 231951Z 00000KT 10SM FEW090 FEW230 36/15 A2983 RMK AO2 SLP082 T03610150,M
PHX,2025-09-23 20:51,-112.0116,33.4343,337.00,98.00,58.00,26.73,M,3.00,0.00,29.81,1007.40,10.00,M,FEW,FEW,M,M,9000.00,23000.00,M,M,M,M,M,M,M,M,M,97.46,KPHX 232051Z VRB03KT 10SM FEW090 FEW230 37/14 A2981 RMK AO2 SLP074 T03670144 58022,M
PHX,2025-09-23 21:51,-112.0116,33.4343,337.00,100.00,58.00,25.17,M,6.00,0.00,29.79,1006.50,10.00,M,FEW,M,M,M,9000.00,M,M,M,M,M,M,M,M,M,M,99.71,KPHX 232151Z VRB06KT 10SM FEW090 38/14 A2979 RMK AO2 SLP065 T03780144,M
PHX,2025-09-23 22:51,-112.0116,33.4343,337.00,100.00,57.00,24.28,M,5.00,0.00,29.78,1006.30,10.00,15.00,FEW,M,M,M,9000.00,M,M,M,M,M,M,M,M,M,M,99.28,KPHX 232251Z VRB05G15KT 10SM FEW090 38/14 A2978 RMK AO2 SLP063 TCU DSNT E T03780139,M
PHX,2025-09-23 23:33,-112.0116,33.4343,337.00,99.00,57.00,25.02,350.00,7.00,0.00,29.77,M,10.00,M,FEW,M,M,M,9000.00,M,M,M,M,M,M,M,M,M,M,98.17,KPHX 232333Z 35007KT 300V020 10SM FEW090 37/14 A2977 RMK AO2 TCU DSNT E T03720139,M
PHX,2025-09-23 23:51,-112.0116,33.4343,337.00,100.00,56.00,23.42,10.00,7.00,0.00,29.78,1006.20,10.00,16.00,FEW,M,M,M,9000.00,M,M,M,M,M,M,M,M,M,M,98.89,KPHX 232351Z COR 01007G16KT 10SM FEW090 38/13 A2978 RMK AO2 SLP062 T03780133 10383 20328 56011,M
PHX,2025-09-24 00:51,-112.0116,33.4343,337.00,99.00,55.00,23.27,340.00,4.00,0.00,29.78,1006.30,10.00,M,FEW,M,M,M,9000.00,M,M,M,M,M,M,M,M,M,M,97.43,KPHX 240051Z 34004KT 10SM FEW090 37/13 A2978 RMK AO2 SLP063 T03720128,M
PHX,2025-09-24 01:51,-112.0116,33.4343,337.00,99.00,55.00,23.27,310.00,9.00,0.00,29.79,1006.70,10.00,17.00,FEW,M,M,M,9000.00,M,M,M,M,M,M,M,M,M,M,97.43,KPHX 240151Z 31009G17KT 10SM FEW090 37/13 A2979 RMK AO2 SLP067 T03720128,M
PHX,2025-09-24 02:51,-112.0116,33.4343,337.00,98.00,55.00,23.99,300.00,7.00,0.00,29.80,1007.00,10.00,M,CLR,M,M,M,M,M,M,M,M,M,M,M,M,M,M,96.34,KPHX 240251Z 30007KT 10SM CLR 37/13 A2980 RMK AO2 SLP070 T03670128 53009,M
PHX,2025-09-24 04:51,-112.0116,33.4343,337.00,92.00,59.00,33.31,0.00,0.00,0.00,29.84,1008.20,10.00,M,CLR,M,M,M,M,M,M,M,M,M,M,M,M,M,M,91.33,KPHX 240451Z 00000KT 10SM CLR 33/15 A2984 RMK AO2 SLP082 T03330150,M
PHX,2025-09-24 05:51,-112.0116,33.4343,337.00,93.00,57.00,30.05,10.00,3.00,0.00,29.85,1008.50,10.00,M,CLR,M,M,M,M,M,M,M,M,M,M,M,M,M,M,91.66,KPHX 240551Z 01003KT 10SM CLR 34/14 A2985 RMK AO2 SLP085 T03390139 10378 20333 51015,M
PHX,2025-09-24 06:51,-112.0116,33.4343,337.00,90.00,60.00,36.73,0.00,0.00,0.00,29.85,1008.60,10.00,M,CLR,M,M,M,M,M,M,M,M,M,M,M,M,M,M,89.65,KPHX 240651Z 00000KT 10SM CLR 32/16 A2985 RMK AO2 SLP086 T03220156 403830261,M
PHX,2025-09-24 07:51,-112.0116,33.4343,337.00,89.00,58.00,35.29,0.00,0.00,0.00,29.86,1008.80,10.00,M,CLR,M,M,M,M,M,M,M,M,M,M,M,M,M,M,87.96,KPHX 240751Z 00000KT 10SM CLR 32/14 A2986 RMK AO2 SLP088 T03170144,M
PHX,2025-09-24 08:51,-112.0116,33.4343,337.00,87.00,59.00,38.96,0.00,0.00,0.00,29.86,1009.00,10.00,M,CLR,M,M,M,M,M,M,M,M,M,M,M,M,M,M,86.39,KPHX 240851Z 00000KT 10SM CLR 31/15 A2986 RMK AO2 SLP090 T03060150 53004,M
PHX,2025-09-24 09:51,-112.0116,33.4343,337.00,86.00,60.00,41.68,0.00,0.00,0.00,29.86,1009.00,10.00,M,CLR,M,M,M,M,M,M,M,M,M,M,M,M,M,M,85.80,KPHX 240951Z 00000KT 10SM CLR 30/16 A2986 RMK AO2 SLP090 T03000156,M
PHX,2025-09-24 10:51,-112.0116,33.4343,337.00,84.00,60.00,44.43,240.00,3.00,0.00,29.87,1009.40,10.00,M,CLR,M,M,M,M,M,M,M,M,M,M,M,M,M,M,84.04,KPHX 241051Z 24003KT 10SM CLR 29/16 A2987 RMK AO2 SLP094 T02890156,M
PHX,2025-09-24 11:51,-112.0116,33.4343,337.00,83.00,58.00,42.72,220.00,3.00,0.00,29.89,1010.00,10.00,M,CLR,M,M,M,M,M,M,M,M,M,M,M,M,M,M,82.71,KPHX 241151Z 22003KT 10SM CLR 28/14 A2989 RMK AO2 SLP100 T02830144 10344 20283 53009,M
PHX,2025-09-24 12:51,-112.0116,33.4343,337.00,82.00,57.00,42.56,220.00,4.00,0.00,29.90,1010.40,10.00,M,FEW,M,M,M,11000.00,M,M,M,M,M,M,M,M,M,M,81.76,KPHX 241251Z 22004KT 10SM FEW110 28/14 A2990 RMK AO2 SLP104 T02780139,M
PHX,2025-09-24 13:51,-112.0116,33.4343,337.00,82.00,56.00,41.05,220.00,3.00,0.00,29.92,1011.10,10.00,M,CLR,M,M,M,M,M,M,M,M,M,M,M,M,M,M,81.58,KPHX 241351Z 22003KT 10SM CLR 28/13 A2992 RMK AO2 SLP111 T02780133,M
PHX,2025-09-24 14:51,-112.0116,33.4343,337.00,86.00,52.00,31.19,230.00,3.00,0.00,29.94,1011.60,10.00,M,CLR,M,M,M,M,M,M,M,M,M,M,M,M,M,M,83.92,KPHX 241451Z 23003KT 10SM CLR 30/11 A2994 RMK AO2 SLP116 T03000111 53015,M
PHX,2025-09-24 15:51,-112.0116,33.4343,337.00,92.00,41.00,17.05,100.00,4.00,0.00,29.94,1011.90,10.00,M,CLR,M,M,M,M,M,M,M,M,M,M,M,M,M,M,87.94,KPHX 241551Z 10004KT 10SM CLR 33/05 A2994 RMK AO2 SLP119 T03330050,M
PHX,2025-09-24 16:51,-112.0116,33.4343,337.00,97.00,36.00,12.02,80.00,13.00,0.00,29.94,1011.70,10.00,M,CLR,M,M,M,M,M,M,M,M,M,M,M,M,M,M,91.97,KPHX 241651Z 08013KT 10SM CLR 36/02 A2994 RMK AO2 SLP117 T03610022,M
PHX,2025-09-24 17:51,-112.0116,33.4343,337.00,99.00,37.00,11.77,70.00,14.00,0.00,29.93,1011.40,10.00,M,CLR,M,M,M,M,M,M,M,M,M,M,M,M,M,M,93.83,KPHX 241751Z 07014KT 10SM CLR 37/03 A2993 RMK AO2 SLP114 T03720028 10372 20272 58001,M
PHX,2025-09-24 18:51,-112.0116,33.4343,337.00,101.00,39.00,11.99,80.00,7.00,0.00,29.92,1010.90,10.00,15.00,CLR,M,M,M,M,M,M,M,M,M,M,M,M,M,M,95.93,KPHX 241851Z 08007G15KT 10SM CLR 38/04 A2992 RMK AO2 SLP109 T03830039,M
PHX,2025-09-24 19:51,-112.0116,33.4343,337.00,104.00,41.00,11.85,100.00,5.00,0.00,29.89,1009.90,10.00,M,FEW,M,M,M,9000.00,M,M,M,M,M,M,M,M,M,M,99.00,KPHX 241951Z 10005KT 10SM FEW090 40/05 A2989 RMK AO2 SLP099 T04000050,M
PHX,2025-09-24 20:51,-112.0116,33.4343,337.00,104.00,42.00,12.32,360.00,7.00,0.00,29.87,1009.00,10.00,M,FEW,M,M,M,9000.00,M,M,M,M,M,M,M,M,M,M,99.24,KPHX 242051Z 36007KT 10SM FEW090 40/06 A2987 RMK AO2 SLP090 T04000056 58023,M
PHX,2025-09-24 21:51,-112.0116,33.4343,337.00,105.00,45.00,13.42,10.00,8.00,0.00,29.84,1008.30,10.00,M,FEW,M,M,M,9000.00,M,M,M,M,M,M,M,M,M,M,100.90,KPHX 242151Z 01008KT 10SM FEW090 41/07 A2984 RMK AO2 SLP083 TCU DSNT SE T04060072,M
PHX,2025-09-24 22:51,-112.0116,33.4343,337.00,104.00,46.00,14.35,0.00,0.00,0.00,29.83,1007.90,10.00,M,FEW,M,M,M,9000.00,M,M,M,M,M,M,M,M,M,M,100.15,KPHX 242251Z 00000KT 10SM FEW090 40/08 A2983 RMK AO2 SLP079 T04000078,M
PHX,2025-09-24 23:51,-112.0116,33.4343,337.00,105.00,46.00,13.94,M,4.00,0.00,29.82,1007.60,10.00,M,FEW,M,M,M,9000.00,M,M,M,M,M,M,M,M,M,M,101.13,KPHX 242351Z VRB04KT 10SM FEW090 41/08 A2982 RMK AO2 SLP076 T04060078 10417 20372 56014,M
PHX,2025-09-25 00:51,-112.0116,33.4343,337.00,104.00,47.00,14.91,M,3.00,0.00,29.82,1007.50,10.00,M,FEW,M,M,M,9000.00,M,M,M,M,M,M,M,M,M,M,100.38,KPHX 250051Z VRB03KT 10SM FEW090 40/08 A2982 RMK AO2 SLP075 T04000083,M
PHX,2025-09-25 01:51,-112.0116,33.4343,337.00,103.00,47.00,15.36,0.00,0.00,0.00,29.82,1007.60,10.00,M,FEW,M,M,M,9000.00,M,M,M,M,M,M,M,M,M,M,99.38,KPHX 250151Z 00000KT 10SM FEW090 39/08 A2982 RMK AO2 SLP076 T03940083,M
PHX,2025-09-25 02:51,-112.0116,33.4343,337.00,102.00,47.00,15.82,310.00,5.00,0.00,29.83,1007.90,10.00,M,CLR,M,M,M,M,M,M,M,M,M,M,M,M,M,M,98.38,KPHX 250251Z 31005KT 10SM CLR 39/08 A2983 RMK AO2 SLP079 T03890083 53002,M
PHX,2025-09-25 03:51,-112.0116,33.4343,337.00,97.00,50.00,20.57,240.00,3.00,0.00,29.84,1008.30,10.00,M,CLR,M,M,M,M,M,M,M,M,M,M,M,M,M,M,93.93,KPHX 250351Z 24003KT 10SM CLR 36/10 A2984 RMK AO2 SLP083 T03610100,M
PHX,2025-09-25 04:51,-112.0116,33.4343,337.00,97.00,49.00,19.82,300.00,3.00,0.00,29.85,1008.50,10.00,M,CLR,M,M,M,M,M,M,M,M,M,M,M,M,M,M,93.73,KPHX 250451Z 30003KT 10SM CLR 36/09 A2985 RMK AO2 SLP085 T03610094,M
PHX,2025-09-25 05:51,-112.0116,33.4343,337.00,93.00,51.00,24.14,0.00,0.00,0.00,29.84,1008.40,10.00,M,CLR,M,M,M,M,M,M,M,M,M,M,M,M,M,M,90.11,KPHX 250551Z 00000KT 10SM CLR 34/11 A2984 RMK AO2 SLP084 T03390106 10406 20339 50005,M
PHX,2025-09-25 06:51,-112.0116,33.4343,337.00,90.00,52.00,27.49,120.00,3.00,0.00,29.85,1008.50,10.00,M,CLR,M,M,M,M,M,M,M,M,M,M,M,M,M,M,87.42,KPHX 250651Z 12003KT 10SM CLR 32/11 A2985 RMK AO2 SLP085 T03220111 404170272,M
PHX,2025-09-25 07:51,-112.0116,33.4343,337.00,88.00,51.00,28.22,110.00,3.00,0.00,29.85,1008.60,10.00,M,CLR,M,M,M,M,M,M,M,M,M,M,M,M,M,M,85.44,KPHX 250751Z 11003KT 10SM CLR 31/11 A2985 RMK AO2 SLP086 T03110106,M
PHX,2025-09-25 08:51,-112.0116,33.4343,337.00,88.00,50.00,27.19,100.00,5.00,0.00,29.85,1008.70,10.00,M,CLR,M,M,M,M,M,M,M,M,M,M,M,M,M,M,85.29,KPHX 250851Z 10005KT 10SM CLR 31/10 A2985 RMK AO2 SLP087 T03110100 51003,M
PHX,2025-09-25 09:51,-112.0116,33.4343,337.00,89.00,47.00,23.55,0.00,0.00,0.00,29.85,1008.60,10.00,M,CLR,M,M,M,M,M,M,M,M,M,M,M,M,M,M,85.78,KPHX 250951Z 00000KT 10SM CLR 32/08 A2985 RMK AO2 SLP086 T03170083,M
PHX,2025-09-25 10:51,-112.0116,33.4343,337.00,88.00,46.00,23.40,140.00,4.00,0.00,29.85,1008.60,10.00,M,CLR,M,M,M,M,M,M,M,M,M,M,M,M,M,M,84.82,KPHX 251051Z 14004KT 10SM CLR 31/08 A2985 RMK AO2 SLP086 T03110078,M
PHX,2025-09-25 11:51,-112.0116,33.4343,337.00,87.00,45.00,23.25,120.00,4.00,0.00,29.86,1008.90,10.00,M,CLR,M,M,M,M,M,M,M,M,M,M,M,M,M,M,83.90,KPHX 251151Z 12004KT 10SM CLR 31/07 A2986 RMK AO2 SLP089 T03060072 10339 20306 53003,M
PHX,2025-09-25 12:51,-112.0116,33.4343,337.00,86.00,47.00,25.89,120.00,3.00,0.00,29.88,1009.60,10.00,M,FEW,M,M,M,15000.00,M,M,M,M,M,M,M,M,M,M,83.28,KPHX 251251Z 12003KT 10SM FEW150 30/08 A2988 RMK AO2 SLP096 T03000083,M
PHX,2025-09-25 13:51,-112.0116,33.4343,337.00,87.00,48.00,26.04,120.00,5.00,0.00,29.89,1009.90,10.00,M,FEW,M,M,M,12000.00,M,M,M,M,M,M,M,M,M,M,84.19,KPHX 251351Z 12005KT 10SM FEW120 31/09 A2989 RMK AO2 SLP099 T03060089,M
PHX,2025-09-25 14:51,-112.0116,33.4343,337.00,91.00,50.00,24.75,110.00,7.00,0.00,29.90,1010.30,10.00,M,FEW,M,M,M,12000.00,M,M,M,M,M,M,M,M,M,M,88.00,KPHX 251451Z 11007KT 10SM FEW120 33/10 A2990 RMK AO2 SLP103 T03280100 51013,M
PHX,2025-09-25 15:51,-112.0116,33.4343,337.00,93.00,52.00,25.04,100.00,7.00,0.00,29.91,1010.60,10.00,M,FEW,M,M,M,12000.00,M,M,M,M,M,M,M,M,M,M,90.31,KPHX 251551Z 10007KT 10SM FEW120 34/11 A2991 RMK AO2 SLP106 T03390111,M
PHX,2025-09-25 16:51,-112.0116,33.4343,337.00,97.00,56.00,25.64,140.00,7.00,0.00,29.90,1010.40,10.00,M,FEW,M,M,M,13000.00,M,M,M,M,M,M,M,M,M,M,95.60,KPHX 251651Z 14007KT 10SM FEW130 36/13 A2990 RMK AO2 SLP104 T03610133,M
PHX,2025-09-25 17:51,-112.0116,33.4343,337.00,99.00,58.00,25.94,170.00,8.00,0.00,29.90,1010.20,10.00,M,SCT,SCT,M,M,13000.00,21000.00,M,M,M,M,M,M,M,M,M,98.58,KPHX 251751Z 17008KT 10SM SCT130 SCT210 37/14 A2990 RMK AO2 SLP102 TCU DSNT E AND SE T03720144 10372 20289 58001,M
PHX,2025-09-25 18:51,-112.0116,33.4343,337.00,101.00,58.00,24.43,120.00,8.00,0.00,29.87,1009.30,10.00,17.00,SCT,SCT,M,M,12000.00,21000.00,M,M,M,M,M,M,M,M,M,100.84,KPHX 251851Z 12008G17KT 10SM SCT120 SCT210 38/14 A2987 RMK AO2 SLP093 CB DSNT E TCU DSNT NE AND SE T03830144,M
PHX,2025-09-25 19:51,-112.0116,33.4343,337.00,101.00,55.00,21.92,190.00,5.00,0.00,29.85,1008.50,10.00,M,FEW,SCT,SCT,M,8000.00,12000.00,23000.00,M,M,M,M,M,M,M,M,99.62,KPHX 251951Z 19005KT 10SM FEW080 SCT120 SCT230 38/13 A2985 RMK AO2 SLP085 OCNL LTGCG DSNT E CB DSNT NE-SE TCU DSNT N AND SE T03830128,M
PHX,2025-09-25 20:51,-112.0116,33.4343,337.00,104.00,55.00,20.05,M,6.00,0.00,29.81,1007.10,10.00,M,FEW,FEW,FEW,M,8000.00,12000.00,21000.00,M,M,M,M,M,M,M,M,102.90,KPHX 252051Z VRB06KT 10SM FEW080 FEW120 FEW210 40/13 A2981 RMK AO2 SLP071 CB DSNT N-E-SE T04000128 58030,M
PHX,2025-09-25 21:51,-112.0116,33.4343,337.00,107.00,52.00,16.45,270.00,8.00,0.00,29.77,1005.80,10.00,18.00,FEW,FEW,FEW,M,8000.00,12000.00,21000.00,M,M,M,M,M,M,M,M,104.94,KPHX 252151Z 27008G18KT 10SM FEW080 FEW120 FEW210 42/11 A2977 RMK AO2 SLP058 CB DSNT NE-SE T04170111,M
PHX,2025-09-25 22:51,-112.0116,33.4343,337.00,106.00,54.00,18.23,270.00,12.00,0.00,29.75,1005.20,10.00,19.00,FEW,FEW,M,M,8000.00,12000.00,M,M,M,M,M,M,M,M,M,104.66,KPHX 252251Z 27012G19KT 10SM FEW080 FEW120 41/12 A2975 RMK AO2 SLP052 CB DSNT NE-E T04110122,M
PHX,2025-09-25 23:51,-112.0116,33.4343,337.00,105.00,52.00,17.44,270.00,13.00,0.00,29.74,1004.70,10.00,22.00,FEW,FEW,M,M,8000.00,12000.00,M,M,M,M,M,M,M,M,M,102.86,KPHX 252351Z 27013G22KT 10SM FEW080 FEW120 41/11 A2974 RMK AO2 SLP047 T04060111 10417 20367 56023,M
PHX,2025-09-26 00:51,-112.0116,33.4343,337.00,102.00,52.00,19.06,250.00,12.00,0.00,29.74,1004.80,10.00,M,FEW,FEW,M,M,8000.00,12000.00,M,M,M,M,M,M,M,M,M,99.68,KPHX 260051Z 25012KT 10SM FEW080 FEW120 39/11 A2974 RMK AO2 SLP048 CB DSNT E T03890111,M
PHX,2025-09-26 01:51,-112.0116,33.4343,337.00,100.00,51.00,19.50,260.00,12.00,0.00,29.74,1005.00,10.00,18.00,FEW,FEW,M,M,8000.00,12000.00,M,M,M,M,M,M,M,M,M,97.29,KPHX 260151Z 26012G18KT 10SM FEW080 FEW120 38/11 A2974 RMK AO2 SLP050 OCNL LTGIC DSNT NE CB DSNT NE T03780106,M
PHX,2025-09-26 02:51,-112.0116,33.4343,337.00,98.00,54.00,23.13,260.00,9.00,0.00,29.76,1005.40,10.00,M,FEW,M,M,M,10000.00,M,M,M,M,M,M,M,M,M,M,96.02,KPHX 260251Z 26009KT 10SM FEW100 37/12 A2976 RMK AO2 SLP054 FRQ LTGICCA DSNT N-NE CB DSNT N-NE T03670122 53007,M
PHX,2025-09-26 03:51,-112.0116,33.4343,337.00,96.00,58.00,28.41,140.00,5.00,0.00,29.79,1006.50,10.00,M,FEW,M,M,M,10000.00,M,M,M,M,M,M,M,M,M,M,95.24,KPHX 260351Z 14005KT 10SM FEW100 36/14 A2979 RMK AO2 SLP065 OCNL LTGIC DSNT NE-E CB DSNT NE-E T03560144,M
PHX,2025-09-26 04:51,-112.0116,33.4343,337.00,94.00,58.00,30.21,210.00,6.00,0.00,29.81,1007.00,10.00,M,FEW,FEW,M,M,10000.00,20000.00,M,M,M,M,M,M,M,M,M,93.07,KPHX 260451Z 21006KT 10SM FEW100 FEW200 34/14 A2981 RMK AO2 SLP070 T03440144,M
PHX,2025-09-26 05:51,-112.0116,33.4343,337.00,90.00,59.00,35.45,130.00,9.00,0.00,29.82,1007.60,10.00,16.00,FEW,FEW,M,M,10000.00,20000.00,M,M,M,M,M,M,M,M,M,89.28,KPHX 260551Z 13009G16KT 10SM FEW100 FEW200 32/15 A2982 RMK AO2 SLP076 T03220150 10406 20322 51021,M
PHX,2025-09-26 06:51,-112.0116,33.4343,337.00,88.00,60.00,39.12,140.00,13.00,0.00,29.82,1007.40,10.00,25.00,FEW,FEW,M,M,10000.00,20000.00,M,M,M,M,M,M,M,M,M,87.67,KPHX 260651Z 14013G25KT 10SM FEW100 FEW200 31/16 A2982 RMK AO2 SLP074 FRQ LTGIC DSNT N CB DSNT N T03110156 404170289,M
PHX,2025-09-26 07:51,-112.0116,33.4343,337.00,87.00,61.00,41.83,140.00,13.00,0.00,29.82,1007.50,10.00,23.00,FEW,M,M,M,12000.00,M,M,M,M,M,M,M,M,M,M,87.08,KPHX 260751Z 14013G23KT 10SM FEW120 31/16 A2982 RMK AO2 SLP075 T03060161,M
PHX,2025-09-26 08:51,-112.0116,33.4343,337.00,85.00,61.00,44.58,140.00,11.00,0.00,29.82,1007.50,10.00,19.00,FEW,SCT,M,M,12000.00,15000.00,M,M,M,M,M,M,M,M,M,85.22,KPHX 260851Z 14011G19KT 10SM FEW120 SCT150 29/16 A2982 RMK AO2 SLP075 T02940161 55000,M
PHX,2025-09-26 09:51,-112.0116,33.4343,337.00,85.00,61.00,44.58,140.00,12.00,0.00,29.81,1007.30,10.00,19.00,FEW,SCT,M,M,12000.00,15000.00,M,M,M,M,M,M,M,M,M,85.22,KPHX 260951Z 14012G19KT 10SM FEW120 SCT150 29/16 A2981 RMK AO2 SLP073 T02940161,M
PHX,2025-09-26 10:51,-112.0116,33.4343,337.00,84.00,61.00,46.04,120.00,9.00,0.00,29.82,1007.40,10.00,M,FEW,SCT,BKN,M,10000.00,12000.00,15000.00,M,M,M,M,M,M,M,M,84.33,KPHX 261051Z 12009KT 10SM FEW100 SCT120 BKN150 29/16 A2982 RMK AO2 SLP074 FRQ LTGICCA DSNT NE AND E CB DSNT NE AND E T02890161,M
PHX,2025-09-26 11:51,-112.0116,33.4343,337.00,84.00,61.00,46.04,120.00,10.00,0.00,29.80,1007.00,10.00,M,FEW,SCT,BKN,BKN,6000.00,10000.00,12000.00,15000.00,M,M,M,M,M,M,M,84.33,KPHX 261151Z 12010KT 10SM FEW060 SCT100 BKN120 BKN150 29/16 A2980 RMK AO2 SLP070 FRQ LTGCGICCA DSNT N NE AND E CB DSNT N NE AND E T02890161 10322 20289 58005,M
PHX,2025-09-26 12:51,-112.0116,33.4343,337.00,83.00,61.00,47.54,130.00,6.00,0.00,29.81,1007.20,10.00,M,SCT,SCT,BKN,M,6000.00,11000.00,14000.00,M,M,M,M,M,M,M,M,83.47,KPHX 261251Z 13006KT 10SM SCT060 SCT110 BKN140 28/16 A2981 RMK AO2 SLP072 CONS LTGCGIC DSNT N AND NE CB DSNT N AND NE TCU DSNT NE T02830161,M
PHX,2025-09-26 13:51,-112.0116,33.4343,337.00,84.00,61.00,46.04,150.00,11.00,0.00,29.81,1007.50,10.00,M,SCT,BKN,BKN,BKN,6000.00,11000.00,14000.00,17000.00,M,M,M,M,M,M,M,84.33,KPHX 261351Z 15011KT 10SM SCT060 BKN110 BKN140 BKN170 29/16 A2981 RMK AO2 SLP075 CB DSNT N-E TCU DSNT SW MOV NE T02890161,M
PHX,2025-09-26 14:51,-112.0116,33.4343,337.00,85.00,61.00,44.58,110.00,10.00,0.00,29.82,1007.60,10.00,M,SCT,BKN,BKN,BKN,5500.00,11000.00,13000.00,17000.00,M,M,M,M,M,M,M,85.22,KPHX 261451Z 11010KT 10SM SCT055 BKN110 BKN130 BKN170 BKN220 29/16 A2982 RMK AO2 SLP076 CB DSNT N-E TCU DSNT SW T02940161 52005,M
PHX,2025-09-26 15:51,-112.0116,33.4343,337.00,87.00,62.00,43.34,90.00,11.00,0.00,29.83,1008.10,10.00,M,SCT,BKN,BKN,BKN,9000.00,12000.00,15000.00,22000.00,M,M,M,M,M,M,M,87.47,KPHX 261551Z 09011KT 10SM SCT090 BKN120 BKN150 BKN220 31/17 A2983 RMK AO2 SLP081 TCU DSNT S-NW T03060167,M
PHX,2025-09-26 16:51,-112.0116,33.4343,337.00,89.00,64.00,43.65,170.00,9.00,0.00,29.82,1007.50,10.00,19.00,BKN,BKN,BKN,BKN,5000.00,9000.00,15000.00,22000.00,M,M,M,M,M,M,M,90.41,KPHX 261651Z 17009G19KT 10SM BKN050 BKN090 BKN150 BKN220 32/18 A2982 RMK AO2 LTG DSNT W-NE SLP075 CB DSNT SW-NW MOV N TCU ALQDS T03170178,M
PHX,2025-09-26 17:07,-112.0116,33.4343,337.00,87.00,65.00,48.15,140.00,14.00,T,29.81,M,10.00,21.00,SCT,BKN,M,M,5000.00,7000.00,M,M,VCTS,M,M,M,M,M,M,88.84,KPHX 261707Z COR 14014G21KT 10SM VCTS SCT050 BKN070 31/18 A2981 RMK AO2 FRQ LTGCG VC FRQ LTGCG DSNT W-N RAB1657E07 TSE01 P0000 T03060183,M
PHX,2025-09-26 17:51,-112.0116,33.4343,337.00,87.00,66.00,49.85,130.00,11.00,T,29.80,1006.90,10.00,M,BKN,BKN,BKN,M,7000.00,9500.00,14000.00,M,VCTS,M,M,M,26.00,180.00,2025-09-26 17:22,89.37,KPHX 261751Z 13011KT 10SM VCTS BKN070 BKN095CB BKN140 31/19 A2980 RMK AO2 PK WND 18026/1722 RAB1657E07B12E30 TSE01 SLP069 +SHRA DSNT S-N FRQ LTGCG VC FRQ LTGCG DSNT S-N CB DSNT S-N TCU DSNT E-S P0000 60000 T03060189,M
PHX,2025-09-26 18:04,-112.0116,33.4343,337.00,89.00,66.00,46.80,160.00,14.00,T,29.78,M,10.00,21.00,BKN,BKN,BKN,M,6500.00,9500.00,14000.00,M,TS,M,M,M,M,M,M,91.53,KPHX 261804Z 16014G21KT 10SM TS BKN065 BKN095CB BKN140 32/19 A2978 RMK AO2 RAB1753E02 TSB1758 FRQ LTGCG VC FRQ LTGCG DSNT NW CB ALQDS P0000 T03170189,M
PHX,2025-09-26 18:22,-112.0116,33.4343,337.00,84.00,67.00,56.78,340.00,20.00,T,29.81,M,10.00,27.00,CLR,M,M,M,M,M,M,M,TS,M,M,M,27.00,340.00,2025-09-26 18:19,86.69,KPHX 261822Z 34020G27KT 10SM TS CLR 29/19 A2981 RMK AO2 PK WND 34027/1819 WSHFT 1808 RAB1753E02 TSB1758 PRESRR FRQ LTGCG VC FRQ LTGCG DSNT NW CB ALQDS P0000 T02890194,M
PHX,2025-09-26 18:29,-112.0116,33.4343,337.00,84.00,67.00,56.78,350.00,13.00,T,29.80,M,10.00,27.00,SCT,BKN,M,M,5000.00,8000.00,M,M,TS,M,M,M,27.00,340.00,2025-09-26 18:19,86.69,KPHX 261829Z COR 35013G27KT 10SM TS SCT050 BKN080CB 29/19 A2980 RMK AO2 PK WND 34027/1819 WSHFT 1809 RAB1753E02 TSB1758 FRQ LTGCG VC FRQ LTGCG DSNT N-E CB NW-NE TCU E-S P0000 T02890194,M
PHX,2025-09-26 18:51,-112.0116,33.4343,337.00,82.40,66.20,58.16,20.00,19.00,T,29.79,1006.70,10.00,M,BKN,BKN,BKN,BKN,6000.00,8000.00,12000.00,20000.00,VCTS,M,M,M,27.00,340.00,2025-09-26 18:19,84.65,KPHX 261851Z 02019KT 10SM VCTS BKN060 BKN080CB BKN120 BKN200 28/19 A2979 RMK AO2 PK WND 34027/1819 WSHFT 1809 RAB1753E02 TSB1758E50 SLP067 SHRA DSNT SW-N FRQ LTGCGIC VC FRQ LTGCG DSNT SW-NE CB DSNT SW-NE TCU DSNT S P0000 T,M
PHX,2025-09-26 19:12,-112.0116,33.4343,337.00,81.00,67.00,62.56,320.00,18.00,T,29.79,M,10.00,35.00,SCT,SCT,OVC,M,5000.00,6500.00,8500.00,M,TS,M,M,M,35.00,20.00,2025-09-26 19:05,83.44,KPHX 261912Z COR 32018G35KT 10SM R07L/6000VP6000FT TS SCT050 SCT065CB OVC085 27/19 A2979 RMK AO2 PK WND 02035/1905 RAB1859E08 TSB06 SHRA VC SHRA DSNT N-SE OCNL LTGCG SW-NE CB DSNT SW-NE P0000 T02720194,M
PHX,2025-09-26 19:23,-112.0116,33.4343,337.00,76.00,70.00,81.72,10.00,17.00,0.02,29.79,M,5.00,M,FEW,SCT,OVC,M,5000.00,6500.00,8500.00,M,-TSRA,M,M,M,35.00,20.00,2025-09-26 19:05,76.00,KPHX 261923Z 01017KT 5SM -TSRA FEW050 SCT065CB OVC085 24/21 A2979 RMK AO2 PK WND 02035/1905 WSHFT 1903 RAB1859E08B16 TSB06 SHRA VC SHRA DSNT SW-NE OCNL LTGCG SW-NE CB DSNT SW-NE P0002 T02440211,M
PHX,2025-09-26 19:51,-112.0116,33.4343,337.00,75.20,66.20,73.66,30.00,21.00,0.02,29.76,1005.80,10.00,30.00,FEW,BKN,OVC,M,2300.00,3200.00,4700.00,M,VCTS -RA,M,M,M,35.00,20.00,2025-09-26 19:05,75.20,KPHX 261951Z 03021G30KT 10SM VCTS -RA FEW023 BKN032 OVC047CB 24/19 A2976 RMK AO2 PK WND 02035/1905 WSHFT 1903 RAB1859E08B16 TSB06E51 PRESFR SLP058 -SHRA VC SHRA DSNT SW OCNL LTGCGIC SW-NE CB SW-NE AND E-SE MOV N P0002 T023,M
PHX,2025-09-26 20:05,-112.0116,33.4343,337.00,75.00,67.00,76.23,60.00,19.00,T,29.77,M,8.00,M,SCT,BKN,OVC,M,3000.00,6000.00,10000.00,M,-TSRA,M,M,M,M,M,M,75.00,KPHX 262005Z 06019KT 8SM -TSRA SCT030 BKN060CB OVC100 24/19 A2977 RMK AO2 TSB1959 SHRA VC FRQ LTGCGIC VC FRQ LTGCG DSNT SW CB SW MOV N-NE CB DSNT W-NE P0000 T02390194,M
PHX,2025-09-26 20:12,-112.0116,33.4343,337.00,74.00,68.00,81.58,40.00,15.00,0.02,29.78,M,1.75,25.00,FEW,BKN,OVC,M,2500.00,6000.00,10000.00,M,+TSRA,M,M,M,M,M,M,74.00,KPHX 262012Z 04015G25KT 1 3/4SM R07L/4500VP6000FT +TSRA FEW025 BKN060CB OVC100 23/20 A2978 RMK AO2 TSB1959 SHRA VC FRQ LTGCGIC VC FRQ LTGCG DSNT SW CB SW MOV N-NE CB DSNT W-NE P0002 T02330200,M
PHX,2025-09-26 20:20,-112.0116,33.4343,337.00,74.00,67.00,78.82,360.00,12.00,0.11,29.84,M,3.00,27.00,FEW,BKN,OVC,M,2500.00,6000.00,10000.00,M,TSRA,M,M,M,27.00,60.00,2025-09-26 20:14,74.00,KPHX 262020Z 36012G27KT 290V020 3SM R07L/2400VP6000FT TSRA FEW025 BKN060CB OVC100 23/19 A2984 RMK AO2 PK WND 06027/2014 TSB1959 PRESRR SHRA VC FRQ LTGCGIC VC FRQ LTGCG DSNT SW CB SW MOV N-NE CB DSNT W-NE P0011 T02330194,M
PHX,2025-09-26 20:27,-112.0116,33.4343,337.00,71.00,67.00,87.21,340.00,32.00,0.14,29.89,M,0.75,48.00,FEW,SCT,OVC,M,3700.00,4700.00,6000.00,M,+TSRA BR,M,M,M,48.00,340.00,2025-09-26 20:26,71.00,KPHX 262027Z 34032G48KT 3/4SM R07L/1200V3500FT +TSRA BR FEW037 SCT047 OVC060CB 22/19 A2989 RMK AO2 PK WND 34048/2026 WSHFT 2007 TSB1959 PRESRR SHRA VC FRQ LTGCGIC VC CB W MOV N P0014 T02170194,M
PHX,2025-09-26 20:31,-112.0116,33.4343,337.00,69.00,66.00,90.18,10.00,18.00,0.22,29.88,M,0.25,48.00,BKN,BKN,OVC,M,1900.00,4400.00,5500.00,M,+TSRA FG,M,M,M,48.00,340.00,2025-09-26 20:26,69.00,KPHX 262031Z 01018G48KT 1/4SM R07L/1200V1800FT +TSRA FG BKN019 BKN044 OVC055CB 21/19 A2988 RMK AO2 PK WND 34048/2026 WSHFT 2007 TSB1959 SHRA TSRA OCNL LTGCG OHD CB OHD MOV N P0022 T02060189,M
PHX,2025-09-26 20:38,-112.0116,33.4343,337.00,67.00,65.00,93.30,30.00,11.00,0.78,29.83,M,0.25,49.00,BKN,BKN,OVC,M,1200.00,1900.00,4400.00,M,+TSRA FG,M,M,M,49.00,30.00,2025-09-26 20:32,67.00,KPHX 262038Z 03011G49KT 1/4SM R07L/1000V3000FT +TSRA FG BKN012 BKN019 OVC044 19/18 A2983 RMK AO2 PK WND 03049/2032 WSHFT 2007 TSB1959 SHRA TSRA OCNL LTGCG OHD CB OHD MOV N P0078 T01940183,M
PHX,2025-09-26 20:43,-112.0116,33.4343,337.00,68.00,66.00,93.33,70.00,20.00,1.04,29.82,M,0.50,33.00,BKN,BKN,OVC,M,1200.00,1900.00,4400.00,M,+TSRA FG,M,M,M,49.00,30.00,2025-09-26 20:32,68.00,KPHX 262043Z 07020G33KT 1/2SM R07L/1200V4500FT +TSRA FG BKN012 BKN019 OVC044CB 20/19 A2982 RMK AO2 PK WND 03049/2032 WSHFT 2026 TSB1959 SHRA TSRA OCNL LTGCG OHD CB OHD MOV N P0104 T02000189,M
PHX,2025-09-26 20:51,-112.0116,33.4343,337.00,69.00,66.00,90.18,70.00,19.00,1.09,29.79,1007.10,3.00,29.00,BKN,OVC,M,M,1700.00,3800.00,M,M,-TSRA BR,M,M,M,49.00,30.00,2025-09-26 20:32,69.00,KPHX 262051Z 07019G29KT 3SM R07L/4500VP6000FT -TSRA BR BKN017 OVC038CB 21/19 A2979 RMK AO2 PK WND 03049/2032 WSHFT 2026 TSB1959 SLP071 FRQ LTGIC OHD TSRA OHD MOV N P0109 60111 T02060189 55002,M
PHX,2025-09-26 21:00,-112.0116,33.4343,337.00,69.00,65.00,87.10,60.00,18.00,T,29.80,M,10.00,27.00,SCT,SCT,BKN,M,1700.00,8000.00,9500.00,M,VCTS,M,M,M,27.00,50.00,2025-09-26 21:00,69.00,KPHX 262100Z COR 06018G27KT 10SM VCTS SCT017 SCT080CB BKN095 21/18 A2980 RMK AO2 PK WND 05027/2100 RAE00 TSE00 P0000 T02060183 OCNL LTGCG VC CB E MOV N,M
PHX,2025-09-26 21:20,-112.0116,33.4343,337.00,70.00,66.00,87.16,70.00,19.00,T,29.78,M,10.00,24.00,FEW,SCT,BKN,M,1700.00,6000.00,8000.00,M,TS,M,M,M,27.00,50.00,2025-09-26 21:00,70.00,KPHX 262120Z 07019G24KT 10SM TS FEW017 SCT060CB BKN080 21/19 A2978 RMK AO2 PK WND 05027/2100 RAE00 TSE00B14 OCNL LTGCG SW-NW TS SW-NW MOV N CB DSNT ALQDS P0000 T02110189,M
PHX,2025-09-26 21:51,-112.0116,33.4343,337.00,71.00,63.00,75.87,70.00,12.00,T,29.79,1007.30,10.00,26.00,FEW,SCT,BKN,M,1700.00,6000.00,8000.00,M,TS,M,M,M,27.00,50.00,2025-09-26 21:00,71.00,KPHX 262151Z 07012G26KT 10SM TS FEW017 SCT060CB BKN080 22/17 A2979 RMK AO2 PK WND 05027/2100 RAE00 TSE00B14E29B30 SLP073 FRQ LTGCGIC SW-NW TS SW-NW MOV N CB DSNT ALQDS VCSH SW AND NW P0000 T02170172,M
PHX,2025-09-26 22:18,-112.0116,33.4343,337.00,71.00,64.00,78.57,0.00,0.00,0.02,29.84,M,1.50,M,FEW,SCT,OVC,M,2000.00,6000.00,8000.00,M,+TSRA,M,M,M,30.00,250.00,2025-09-26 22:10,71.00,KPHX 262218Z 00000KT 1 1/2SM R07L/4500VP6000FT +TSRA FEW020 SCT060CB OVC080 22/18 A2984 RMK AO2 PK WND 25030/2210 RAB06 CONS LTGCGIC OHD AND ALQDS AND DSNT ALQDS TS OHD AND ALQDS MOV N CB DSNT ALQDS P0002 T02170178,M
PHX,2025-09-26 22:27,-112.0116,33.4343,337.00,69.00,63.00,81.22,30.00,13.00,0.21,29.82,M,0.50,M,FEW,SCT,OVC,M,2000.00,3500.00,6000.00,M,+TSRA,M,M,M,30.00,250.00,2025-09-26 22:10,69.00,KPHX 262227Z 03013KT 1/2SM R07L/4000VP6000FT +TSRA FEW020 SCT035 OVC060CB 21/17 A2982 RMK AO2 PK WND 25030/2210 RAB06 FRQ LTGCGIC OHD AND ALQDS AND DSNT ALQDS TS OHD AND ALQDS MOV N CB DSNT ALQDS P0021 T02060172,M
PHX,2025-09-26 22:37,-112.0116,33.4343,337.00,67.00,64.00,90.10,70.00,13.00,0.49,29.82,M,4.00,24.00,FEW,SCT,BKN,OVC,2000.00,3500.00,6000.00,13000.00,+TSRA,M,M,M,30.00,250.00,2025-09-26 22:10,67.00,KPHX 262237Z 07013G24KT 4SM +TSRA FEW020 SCT035 BKN060CB OVC130 19/18 A2982 RMK AO2 PK WND 25030/2210 RAB06 FRQ LTGCGIC OHD AND ALQDS AND DSNT ALQDS TS OHD AND ALQDS MOV N CB DSNT ALQDS P0049 T01940178,M
PHX,2025-09-26 22:51,-112.0116,33.4343,337.00,69.00,63.00,81.22,40.00,13.00,0.53,29.80,1007.70,10.00,M,FEW,SCT,BKN,OVC,2000.00,3500.00,6000.00,13000.00,-TSRA,M,M,M,30.00,250.00,2025-09-26 22:10,69.00,KPHX 262251Z 04013KT 10SM -TSRA FEW020 SCT035 BKN060CB OVC130 21/17 A2980 RMK AO2 PK WND 25030/2210 RAB06 SLP077 OCNL LTGIC N-E-SE AND SW AND DSNT ALQDS TS N-E-SE AND SW MOV N CB DSNT ALQDS P0053 T02060172,M
PHX,2025-09-26 23:51,-112.0116,33.4343,337.00,71.00,64.00,78.57,60.00,23.00,T,29.79,1007.40,10.00,30.00,FEW,BKN,BKN,BKN,3000.00,7000.00,12000.00,15000.00,TS,M,M,M,30.00,50.00,2025-09-26 23:51,71.00,KPHX 262351Z 06023G30KT 10SM TS FEW030 BKN070CB BKN120 BKN150 22/18 A2979 RMK AO2 PK WND 05030/2351 RAE03 SLP074 OCNL LTGCGIC NE-E AND SW TS NE-E AND SW MOV N VCSH NE-E AND SW P0000 60164 T02170178 10317 20194 50002,M
PHX,2025-09-27 00:18,-112.0116,33.4343,337.00,72.00,64.00,75.96,70.00,16.00,0.00,29.79,M,10.00,26.00,FEW,SCT,BKN,BKN,3000.00,7000.00,12000.00,25000.00,M,M,M,M,29.00,60.00,2025-09-26 23:52,72.00,KPHX 270018Z 07016G26KT 10SM FEW030 SCT070 BKN120 BKN250 22/18 A2979 RMK AO2 PK WND 06029/2352 TSE18 OCNL LTGCG DSNT NE-SE CB DSNT NE-SE T02220178,M
PHX,2025-09-27 00:51,-112.0116,33.4343,337.00,74.00,62.00,66.20,70.00,17.00,0.00,29.80,1007.30,10.00,21.00,FEW,SCT,BKN,BKN,3000.00,7000.00,10000.00,19000.00,M,M,M,M,29.00,60.00,2025-09-26 23:52,74.00,KPHX 270051Z 07017G21KT 10SM FEW030 SCT070 BKN100 BKN190 BKN250 23/17 A2980 RMK AO2 PK WND 06029/2352 TSE18 SLP073 OCNL LTGCG DSNT E CB DSNT E-SE T02330167,M
PHX,2025-09-27 00:55,-112.0116,33.4343,337.00,74.00,62.00,66.20,80.00,15.00,0.00,29.80,M,10.00,M,FEW,SCT,BKN,BKN,3000.00,7000.00,10000.00,19000.00,M,M,M,M,M,M,M,74.00,KPHX 270055Z 08015KT 10SM FEW030 SCT070 BKN100 BKN190 BKN250 23/17 A2980 RMK AO2 OCNL LTGCG DSNT E CB DSNT E-SE T02330167,M
PHX,2025-09-27 01:51,-112.0116,33.4343,337.00,72.00,63.00,73.34,80.00,14.00,0.00,29.80,1007.50,10.00,M,FEW,SCT,SCT,SCT,7000.00,10000.00,19000.00,25000.00,M,M,M,M,M,M,M,72.00,KPHX 270151Z 08014KT 10SM FEW070 SCT100 SCT190 SCT250 22/17 A2980 RMK AO2 SLP075 OCNL LTGIC DSNT E-SE CB DSNT E-SE T02220172,M
PHX,2025-09-27 02:51,-112.0116,33.4343,337.00,71.00,63.00,75.87,90.00,11.00,0.00,29.80,1007.70,10.00,M,FEW,SCT,SCT,M,10000.00,20000.00,25000.00,M,M,M,M,M,M,M,M,71.00,KPHX 270251Z 09011KT 10SM FEW100 SCT200 SCT250 22/17 A2980 RMK AO2 SLP077 OCNL LTGIC DSNT NE CB DSNT NE T02170172 53003,M
PHX,2025-09-27 03:51,-112.0116,33.4343,337.00,72.00,63.00,73.34,130.00,7.00,0.00,29.82,1008.10,10.00,M,FEW,M,M,M,25000.00,M,M,M,M,M,M,M,M,M,M,72.00,KPHX 270351Z 13007KT 10SM FEW250 22/17 A2982 RMK AO2 SLP081 T02220172,M
PHX,2025-09-27 04:51,-112.0116,33.4343,337.00,72.00,63.00,73.34,140.00,5.00,0.00,29.82,1008.20,10.00,M,FEW,FEW,M,M,10000.00,25000.00,M,M,M,M,M,M,M,M,M,72.00,KPHX 270451Z 14005KT 10SM FEW100 FEW250 22/17 A2982 RMK AO2 SLP082 T02220172,M
PHX,2025-09-27 05:51,-112.0116,33.4343,337.00,73.00,63.00,70.91,80.00,5.00,0.00,29.82,1008.00,10.00,M,FEW,M,M,M,25000.00,M,M,M,M,M,M,M,M,M,M,73.00,KPHX 270551Z 08005KT 10SM FEW250 23/17 A2982 RMK AO2 SLP080 T02280172 10233 20217 50004,M
PHX,2025-09-27 06:51,-112.0116,33.4343,337.00,73.00,62.00,68.46,90.00,7.00,0.00,29.82,1008.20,10.00,M,SCT,M,M,M,10000.00,M,M,M,M,M,M,M,M,M,M,73.00,KPHX 270651Z 09007KT 10SM SCT100 23/17 A2982 RMK AO2 SLP082 T02280167 403170194,M
PHX,2025-09-27 07:51,-112.0116,33.4343,337.00,72.00,63.00,73.34,100.00,8.00,0.00,29.82,1008.40,10.00,M,FEW,BKN,M,M,8000.00,10000.00,M,M,M,M,M,M,M,M,M,72.00,KPHX 270751Z 10008KT 10SM FEW080 BKN100 22/17 A2982 RMK AO2 SLP084 T02220172,M
PHX,2025-09-27 08:51,-112.0116,33.4343,337.00,72.00,63.00,73.34,80.00,8.00,0.00,29.82,1008.60,10.00,M,FEW,SCT,M,M,8000.00,10000.00,M,M,M,M,M,M,M,M,M,72.00,KPHX 270851Z 08008KT 10SM FEW080 SCT100 22/17 A2982 RMK AO2 SLP086 T02220172 52002,M
PHX,2025-09-27 09:51,-112.0116,33.4343,337.00,72.00,62.00,70.81,90.00,10.00,0.00,29.82,1008.50,10.00,M,FEW,SCT,M,M,8000.00,10000.00,M,M,M,M,M,M,M,M,M,72.00,KPHX 270951Z 09010KT 10SM FEW080 SCT100 22/17 A2982 RMK AO2 SLP085 T02220167,M
PHX,2025-09-27 10:51,-112.0116,33.4343,337.00,72.00,62.00,70.81,90.00,7.00,0.00,29.82,1008.50,10.00,M,FEW,SCT,M,M,7000.00,10000.00,M,M,M,M,M,M,M,M,M,72.00,KPHX 271051Z 09007KT 10SM FEW070 SCT100 22/17 A2982 RMK AO2 SLP085 T02220167,M
PHX,2025-09-27 11:51,-112.0116,33.4343,337.00,71.00,62.00,73.24,90.00,9.00,0.00,29.82,1008.60,10.00,M,FEW,FEW,M,M,7000.00,10000.00,M,M,M,M,M,M,M,M,M,71.00,KPHX 271151Z 09009KT 10SM FEW070 FEW100 22/17 A2982 RMK AO2 SLP086 70164 T02170167 10228 20217 53000,M
PHX,2025-09-27 12:51,-112.0116,33.4343,337.00,71.00,62.00,73.24,90.00,7.00,0.00,29.84,1009.00,10.00,M,FEW,SCT,BKN,M,3800.00,7000.00,10000.00,M,M,M,M,M,M,M,M,71.00,KPHX 271251Z 09007KT 10SM FEW038 SCT070 BKN100 22/17 A2984 RMK AO2 SLP090 T02170167,M
PHX,2025-09-27 13:51,-112.0116,33.4343,337.00,72.00,62.00,70.81,80.00,8.00,0.00,29.85,1009.50,10.00,M,FEW,FEW,SCT,M,4400.00,7000.00,9000.00,M,M,M,M,M,M,M,M,72.00,KPHX 271351Z 08008KT 10SM FEW044 FEW070 SCT090 22/17 A2985 RMK AO2 SLP095 CB DSNT NE AND S SHRA DSNT NE AND SE-S T02220167,M
PHX,2025-09-27 14:25,-112.0116,33.4343,337.00,73.00,61.00,66.08,100.00,7.00,0.00,29.87,M,10.00,M,FEW,SCT,BKN,M,4400.00,7000.00,9000.00,M,TS,M,M,M,M,M,M,73.00,KPHX 271425Z 10007KT 10SM TS FEW044 SCT070CB BKN090 23/16 A2987 RMK AO2 TSB25 OCNL LTGCG S TS S MOV NW SHRA VC S T02280161,M
PHX,2025-09-27 14:51,-112.0116,33.4343,337.00,72.00,64.00,75.96,200.00,7.00,T,29.88,1010.40,8.00,M,SCT,BKN,BKN,M,5500.00,7500.00,10000.00,M,TSRA,M,M,M,M,M,M,72.00,KPHX 271451Z 20007KT 8SM TSRA SCT055 BKN075CB BKN100 22/18 A2988 RMK AO2 RAB36 TSB25 SLP104 OCNL LTGCG W TS W-NW MOV NW CB DSNT E AND S P0000 60000 T02220178 53017,M
PHX,2025-09-27 15:08,-112.0116,33.4343,337.00,72.00,64.00,75.96,170.00,7.00,0.01,29.88,M,10.00,M,SCT,BKN,BKN,M,5500.00,8000.00,10000.00,M,VCTS -RA,M,M,M,M,M,M,72.00,KPHX 271508Z COR 17007KT 10SM VCTS -RA SCT055 BKN080CB BKN100 22/18 A2988 RMK AO2 OCNL LTGCG DSNT NW CB S MOV NW CB DSNT NW P0001 T02220178,M
PHX,2025-09-27 15:19,-112.0116,33.4343,337.00,71.00,65.00,81.37,180.00,7.00,0.01,29.89,M,7.00,M,FEW,BKN,BKN,M,5500.00,7500.00,10000.00,M,RA,M,M,M,M,M,M,71.00,KPHX 271519Z 18007KT 7SM RA FEW055 BKN075CB BKN100 22/18 A2989 RMK AO2 OCNL LTGCG DSNT NW CB S MOV NW CB DSNT NW P0001 T02170183,M
PHX,2025-09-27 15:51,-112.0116,33.4343,337.00,72.00,64.00,75.96,60.00,8.00,0.07,29.89,1010.90,9.00,M,SCT,BKN,BKN,M,4700.00,6500.00,8000.00,M,-RA,M,M,M,M,M,M,72.00,KPHX 271551Z 06008KT 9SM -RA SCT047 BKN065 BKN080 22/18 A2989 RMK AO2 SLP109 CB DSNT SE P0007 T02220178,M
PHX,2025-09-27 16:51,-112.0116,33.4343,337.00,72.00,64.00,75.96,40.00,5.00,T,29.90,1011.00,10.00,M,FEW,SCT,BKN,M,2900.00,5500.00,9000.00,M,M,M,M,M,M,M,M,72.00,KPHX 271651Z 04005KT 10SM FEW029 SCT055 BKN090CB 22/18 A2990 RMK AO2 RAE41 SLP110 CB NE MOV NW AND CB DSNT N-E-S SHRA VC NE AND DSNT SE P0000 T02220178,M
PHX,2025-09-27 17:51,-112.0116,33.4343,337.00,74.00,64.00,71.02,60.00,9.00,0.00,29.89,1010.70,10.00,M,SCT,SCT,BKN,M,5000.00,7500.00,9000.00,M,M,M,M,M,M,M,M,74.00,KPHX 271751Z 06009KT 10SM SCT050 SCT075 BKN090CB 23/18 A2989 RMK AO2 SLP107 CB N AND NE MOV NW SHRA VC NE 60007 T02330178 10233 20206 50003,M
PHX,2025-09-27 18:51,-112.0116,33.4343,337.00,79.00,63.00,58.10,M,4.00,0.00,29.87,1009.90,10.00,M,FEW,SCT,SCT,M,5000.00,7500.00,9000.00,M,M,M,M,M,M,M,M,79.00,KPHX 271851Z VRB04KT 10SM FEW050 SCT075 SCT090 26/17 A2987 RMK AO2 SLP099 VIRGA CB DSNT N AND E T02610172,M
PHX,2025-09-27 19:51,-112.0116,33.4343,337.00,83.00,63.00,51.02,0.00,0.00,0.00,29.85,1009.10,10.00,M,FEW,SCT,SCT,SCT,7500.00,9000.00,13000.00,20000.00,M,M,M,M,M,M,M,84.08,KPHX 271951Z 00000KT 10SM FEW075 SCT090 SCT130 SCT200 28/17 A2985 RMK AO2 SLP091 CB DSNT ALQDS T02830172,M
PHX,2025-09-27 20:51,-112.0116,33.4343,337.00,85.00,62.00,46.19,120.00,3.00,0.00,29.82,1008.00,10.00,M,FEW,FEW,SCT,SCT,7500.00,9000.00,13000.00,20000.00,M,M,M,M,M,M,M,85.57,KPHX 272051Z 12003KT 10SM FEW075 FEW090 SCT130 SCT200 29/17 A2982 RMK AO2 SLP080 CB DSNT ALQDS T02940167 58023,M
PHX,2025-09-27 21:51,-112.0116,33.4343,337.00,86.00,62.00,44.74,210.00,4.00,0.00,29.79,1007.20,10.00,M,SCT,SCT,SCT,BKN,6000.00,8000.00,13000.00,20000.00,M,M,M,M,M,M,M,86.51,KPHX 272151Z 21004KT 10SM SCT060 SCT080 SCT130 BKN200 30/17 A2979 RMK AO2 SLP072 OCNL LTGCG DSNT SE-S CB DSNT NE AND SE-SW T03000167,M
PHX,2025-09-27 22:51,-112.0116,33.4343,337.00,85.00,61.00,44.58,140.00,5.00,0.00,29.78,1006.70,10.00,M,FEW,SCT,BKN,BKN,6000.00,10000.00,16000.00,25000.00,M,M,M,M,M,M,M,85.22,KPHX 272251Z 14005KT 10SM FEW060 SCT100 BKN160 BKN250 29/16 A2978 RMK AO2 SLP067 OCNL LTGCG DSNT S-SW CB DSNT SE AND S-W T02940161,M
PHX,2025-09-27 23:51,-112.0116,33.4343,337.00,84.00,58.00,41.36,0.00,0.00,0.00,29.78,1006.90,10.00,M,FEW,SCT,BKN,BKN,6000.00,10000.00,16000.00,25000.00,M,M,M,M,M,M,M,83.51,KPHX 272351Z 00000KT 10SM FEW060 SCT100 BKN160 BKN250 29/14 A2978 RMK AO2 SLP069 OCNL LTGCG DSNT SE AND SW CB DSNT SE AND SW T02890144 10306 20233 55012,M
PHX,2025-09-28 00:51,-112.0116,33.4343,337.00,83.00,64.00,52.84,160.00,3.00,T,29.80,1007.40,10.00,M,FEW,BKN,BKN,BKN,5000.00,9000.00,15000.00,25000.00,TS,M,M,M,M,M,M,84.43,KPHX 280051Z 16003KT 10SM TS FEW050 BKN090CB BKN150 BKN250 28/18 A2980 RMK AO2 RAB2352E02 TSB49 SLP074 OCNL LTGCGIC SW AND DSNT NE-E AND W TS SW MOV N CB DSNT NE-E AND W VCSH SW SHRA DSNT NE AND W P0000 T02830178,M
PHX,2025-09-28 01:08,-112.0116,33.4343,337.00,75.20,66.20,73.66,280.00,33.00,0.00,29.82,M,1.00,43.00,FEW,BKN,BKN,BKN,5000.00,9000.00,15000.00,25000.00,TSRA,M,M,M,43.00,280.00,2025-09-28 01:06,75.20,KPHX 280108Z COR 28033G43KT 1SM R07L/1800VP6000FT TSRA FEW050 BKN090CB BKN150 BKN250 24/19 A2982 RMK AO2 PK WND 28043/0106 RAB07 PRESRR OCNL LTGCGIC SW-NW AND DSNT NE-E TS SW-NW MOV N CB DSNT NE-E,M
PHX,2025-09-28 01:17,-112.0116,33.4343,337.00,70.00,63.00,78.49,330.00,25.00,0.14,29.81,M,3.00,43.00,FEW,BKN,BKN,BKN,5000.00,9000.00,15000.00,25000.00,-TSRA,M,M,M,43.00,320.00,2025-09-28 01:15,70.00,KPHX 280117Z 33025G43KT 3SM R07L/2000VP6000FT -TSRA FEW050 BKN090CB BKN150 BKN250 21/17 A2981 RMK AO2 PK WND 32043/0115 WSHFT 0058 RAB07 CONS LTGCGIC W-N AND DSNT NE-E TS W-N MOV N CB DSNT NE-E P0014 T02110172,M
PHX,2025-09-28 01:20,-112.0116,33.4343,337.00,71.00,62.00,73.24,320.00,17.00,0.14,29.82,M,3.00,43.00,SCT,BKN,BKN,BKN,5000.00,9000.00,15000.00,25000.00,-TSRA,M,M,M,43.00,320.00,2025-09-28 01:15,71.00,KPHX 280120Z 32017G43KT 3SM R07L/2000VP6000FT -TSRA SCT050 BKN090CB BKN150 BKN250 22/17 A2982 RMK AO2 PK WND 32043/0115 WSHFT 0058 RAB07 CONS LTGCGIC W-N AND DSNT NE-E TS W-N MOV N CB DSNT NE-E P0014 T02170167,M
PHX,2025-09-28 01:51,-112.0116,33.4343,337.00,71.00,61.00,70.70,M,4.00,0.14,29.84,1009.00,10.00,M,FEW,SCT,SCT,BKN,5000.00,9000.00,12000.00,15000.00,TS,M,M,M,43.00,320.00,2025-09-28 01:15,71.00,KPHX 280151Z VRB04KT 10SM TS FEW050 SCT090CB SCT120 BKN150 BKN250 22/16 A2984 RMK AO2 PK WND 32043/0115 WSHFT 0058 RAB07E28 SLP090 CONS LTGCGIC NW-NE OCNL LTGIC DSNT E AND SE TS NW-NE MOV N CB DSNT E AND SE P0014 T02170161,M
PHX,2025-09-28 02:08,-112.0116,33.4343,337.00,71.00,62.00,73.24,0.00,0.00,0.00,29.85,M,10.00,M,FEW,SCT,SCT,BKN,5000.00,9000.00,12000.00,15000.00,M,M,M,M,M,M,M,71.00,KPHX 280208Z COR 00000KT 10SM FEW050 SCT090 SCT120 BKN150 BKN250 22/17 A2985 RMK AO2 TSE08 CONS LTGCGIC DSNT SE AND NW-N CB DSNT SE AND NW-N T02170167,M
PHX,2025-09-28 02:51,-112.0116,33.4343,337.00,74.00,63.00,68.57,0.00,0.00,0.00,29.86,1009.80,10.00,M,FEW,SCT,SCT,BKN,5000.00,9000.00,12000.00,16000.00,M,M,M,M,M,M,M,74.00,KPHX 280251Z 00000KT 10SM FEW050 SCT090 SCT120 BKN160 BKN250 23/17 A2986 RMK AO2 TSE08 SLP098 CONS LTGICCA DSNT N CB DSNT N 60014 T02330172 53025,M
PHX,2025-09-28 03:51,-112.0116,33.4343,337.00,74.00,63.00,68.57,110.00,3.00,0.00,29.87,1010.20,10.00,M,FEW,SCT,M,M,9000.00,15000.00,M,M,M,M,M,M,M,M,M,74.00,KPHX 280351Z 11003KT 10SM FEW090 SCT150 23/17 A2987 RMK AO2 SLP102 T02330172,M
PHX,2025-09-28 04:51,-112.0116,33.4343,337.00,73.00,64.00,73.44,260.00,3.00,0.00,29.87,1010.20,10.00,M,FEW,SCT,M,M,9000.00,20000.00,M,M,M,M,M,M,M,M,M,73.00,KPHX 280451Z 26003KT 10SM FEW090 SCT200 23/18 A2987 RMK AO2 SLP102 T02280178,M
PHX,2025-09-28 05:51,-112.0116,33.4343,337.00,72.00,65.00,78.66,0.00,0.00,0.00,29.88,1010.50,10.00,M,BKN,M,M,M,8500.00,M,M,M,M,M,M,M,M,M,M,72.00,KPHX 280551Z 00000KT 10SM BKN085 22/18 A2988 RMK AO2 SLP105 60014 T02220183 10294 20211 51007,M
PHX,2025-09-28 06:51,-112.0116,33.4343,337.00,72.00,66.00,81.44,0.00,0.00,0.00,29.88,1010.40,10.00,M,SCT,BKN,M,M,8500.00,20000.00,M,M,M,M,M,M,M,M,M,72.00,KPHX 280651Z 00000KT 10SM SCT085 BKN200 22/19 A2988 RMK AO2 SLP104 T02220189 403060206,M
PHX,2025-09-28 07:51,-112.0116,33.4343,337.00,73.00,65.00,76.05,0.00,0.00,0.00,29.88,1010.40,10.00,M,SCT,BKN,M,M,8500.00,20000.00,M,M,M,M,M,M,M,M,M,73.00,KPHX 280751Z 00000KT 10SM SCT085 BKN200 23/18 A2988 RMK AO2 SLP104 T02280183,M
PHX,2025-09-28 08:51,-112.0116,33.4343,337.00,72.00,64.00,75.96,0.00,0.00,0.00,29.90,1010.70,10.00,M,SCT,BKN,BKN,M,8000.00,17000.00,20000.00,M,M,M,M,M,M,M,M,72.00,KPHX 280851Z 00000KT 10SM SCT080 BKN170 BKN200 22/18 A2990 RMK AO2 SLP107 T02220178 53005,M
PHX,2025-09-28 09:51,-112.0116,33.4343,337.00,73.00,62.00,68.46,80.00,5.00,0.00,29.90,1010.80,10.00,M,FEW,SCT,BKN,BKN,6500.00,9000.00,14000.00,17000.00,M,M,M,M,M,M,M,73.00,KPHX 280951Z 08005KT 10SM FEW065 SCT090 BKN140 BKN170 23/17 A2990 RMK AO2 SLP108 T02280167,M
PHX,2025-09-28 10:51,-112.0116,33.4343,337.00,73.00,62.00,68.46,90.00,3.00,0.00,29.90,1010.90,10.00,M,FEW,SCT,BKN,BKN,6500.00,9000.00,14000.00,17000.00,M,M,M,M,M,M,M,73.00,KPHX 281051Z 09003KT 10SM FEW065 SCT090 BKN140 BKN170 23/17 A2990 RMK AO2 SLP109 T02280167,M
PHX,2025-09-28 11:51,-112.0116,33.4343,337.00,72.00,63.00,73.34,90.00,5.00,0.00,29.91,1011.30,10.00,M,FEW,SCT,BKN,BKN,7500.00,10000.00,14000.00,17000.00,M,M,M,M,M,M,M,72.00,KPHX 281151Z 09005KT 10SM FEW075 SCT100 BKN140 BKN170 22/17 A2991 RMK AO2 SLP113 70021 T02220172 10228 20222 53005,M
PHX,2025-09-28 12:51,-112.0116,33.4343,337.00,72.00,62.00,70.81,120.00,3.00,0.00,29.93,1011.90,10.00,M,FEW,SCT,BKN,BKN,5500.00,9000.00,12000.00,15000.00,M,M,M,M,M,M,M,72.00,KPHX 281251Z 12003KT 10SM FEW055 SCT090 BKN120 BKN150 22/17 A2993 RMK AO2 SLP119 T02220167,M
PHX,2025-09-28 13:51,-112.0116,33.4343,337.00,72.00,62.00,70.81,130.00,5.00,0.00,29.94,1012.60,10.00,M,FEW,SCT,SCT,BKN,6000.00,9000.00,12000.00,15000.00,M,M,M,M,M,M,M,72.00,KPHX 281351Z 13005KT 10SM FEW060 SCT090 SCT120 BKN150 22/17 A2994 RMK AO2 SLP126 T02220167,M
PHX,2025-09-28 14:51,-112.0116,33.4343,337.00,73.00,64.00,73.44,120.00,6.00,0.00,29.96,1013.20,10.00,M,FEW,BKN,BKN,BKN,6000.00,9000.00,12000.00,15000.00,M,M,M,M,M,M,M,73.00,KPHX 281451Z 12006KT 10SM FEW060 BKN090 BKN120 BKN150 23/18 A2996 RMK AO2 SLP132 T02280178 53017,M
PHX,2025-09-28 15:51,-112.0116,33.4343,337.00,77.00,65.00,66.55,90.00,6.00,0.00,29.97,1013.50,10.00,M,FEW,SCT,SCT,M,8000.00,12000.00,16000.00,M,M,M,M,M,M,M,M,77.00,KPHX 281551Z 09006KT 10SM FEW080 SCT120 SCT160 25/18 A2997 RMK AO2 SLP135 T02500183,M
PHX,2025-09-28 16:51,-112.0116,33.4343,337.00,79.00,64.00,60.17,130.00,5.00,0.00,29.98,1013.80,10.00,M,FEW,SCT,SCT,M,7000.00,12000.00,16000.00,M,M,M,M,M,M,M,M,79.00,KPHX 281651Z 13005KT 10SM FEW070 SCT120 SCT160 26/18 A2998 RMK AO2 SLP138 T02610178,M
PHX,2025-09-28 17:51,-112.0116,33.4343,337.00,81.00,64.00,56.37,130.00,5.00,0.00,29.97,1013.50,10.00,M,FEW,SCT,SCT,M,6000.00,9000.00,12000.00,M,M,M,M,M,M,M,M,82.55,KPHX 281751Z 13005KT 10SM FEW060 SCT090 SCT120 27/18 A2997 RMK AO2 SLP135 T02720178 10272 20222 50004,M
PHX,2025-09-28 18:51,-112.0116,33.4343,337.00,84.00,64.00,51.16,M,4.00,0.00,29.96,1012.90,10.00,M,FEW,SCT,SCT,BKN,5000.00,7500.00,11000.00,14000.00,M,M,M,M,M,M,M,85.38,KPHX 281851Z VRB04KT 10SM FEW050 SCT075 SCT110 BKN140 29/18 A2996 RMK AO2 SLP129 T02890178,M
PHX,2025-09-28 19:51,-112.0116,33.4343,337.00,86.00,60.00,41.68,M,6.00,0.00,29.94,1012.10,10.00,M,SCT,SCT,SCT,M,5500.00,7500.00,12000.00,M,M,M,M,M,M,M,M,85.80,KPHX 281951Z VRB06KT 10SM SCT055 SCT075 SCT120 30/16 A2994 RMK AO2 SLP121 T03000156,M
PHX,2025-09-28 20:51,-112.0116,33.4343,337.00,87.00,59.00,38.96,M,4.00,0.00,29.92,1011.40,10.00,M,SCT,SCT,SCT,M,5500.00,7500.00,12000.00,M,M,M,M,M,M,M,M,86.39,KPHX 282051Z VRB04KT 10SM SCT055 SCT075 SCT120 31/15 A2992 RMK AO2 SLP114 T03060150 58019,M
PHX,2025-09-28 21:51,-112.0116,33.4343,337.00,88.00,61.00,40.53,0.00,0.00,0.00,29.90,1010.90,10.00,M,FEW,SCT,SCT,SCT,5500.00,7500.00,12000.00,25000.00,M,M,M,M,M,M,M,88.05,KPHX 282151Z 00000KT 10SM FEW055 SCT075 SCT120 SCT250 31/16 A2990 RMK AO2 SLP109 T03110161,M
PHX,2025-09-28 22:51,-112.0116,33.4343,337.00,87.00,58.00,37.59,290.00,7.00,0.00,29.90,1010.80,10.00,M,SCT,SCT,SCT,M,6000.00,12000.00,25000.00,M,M,M,M,M,M,M,M,86.09,KPHX 282251Z 29007KT 10SM SCT060 SCT120 SCT250 31/14 A2990 RMK AO2 SLP108 T03060144,M
PHX,2025-09-28 23:51,-112.0116,33.4343,337.00,87.00,58.00,37.59,240.00,4.00,0.00,29.89,1010.40,10.00,M,FEW,FEW,FEW,M,6000.00,12000.00,25000.00,M,M,M,M,M,M,M,M,86.09,KPHX 282351Z 24004KT 10SM FEW060 FEW120 FEW250 31/14 A2989 RMK AO2 SLP104 CB DSNT NW T03060144 10317 20272 58009,M
PHX,2025-09-29 00:51,-112.0116,33.4343,337.00,87.00,56.00,34.97,310.00,8.00,0.00,29.88,1010.30,10.00,M,FEW,FEW,M,M,6000.00,25000.00,M,M,M,M,M,M,M,M,M,85.56,KPHX 290051Z 31008KT 10SM FEW060 FEW250 31/13 A2988 RMK AO2 SLP103 CB DSNT NW-N TCU DSNT SE T03060133,M
PHX,2025-09-29 01:51,-112.0116,33.4343,337.00,86.00,55.00,34.82,340.00,8.00,0.00,29.88,1010.20,10.00,M,FEW,FEW,M,M,7000.00,25000.00,M,M,M,M,M,M,M,M,M,84.47,KPHX 290151Z 34008KT 10SM FEW070 FEW250 30/13 A2988 RMK AO2 SLP102 T03000128,M
PHX,2025-09-29 02:51,-112.0116,33.4343,337.00,83.00,57.00,41.21,360.00,8.00,0.00,29.90,1011.00,10.00,M,FEW,M,M,M,8000.00,M,M,M,M,M,M,M,M,M,M,82.50,KPHX 290251Z 36008KT 10SM FEW080 28/14 A2990 RMK AO2 SLP110 T02830139 53004,M
PHX,2025-09-29 03:51,-112.0116,33.4343,337.00,81.00,58.00,45.57,340.00,5.00,0.00,29.91,1011.30,10.00,M,CLR,M,M,M,M,M,M,M,M,M,M,M,M,M,M,81.23,KPHX 290351Z 34005KT 10SM CLR 27/14 A2991 RMK AO2 SLP113 T02720144,M
PHX,2025-09-29 04:51,-112.0116,33.4343,337.00,80.00,59.00,48.80,0.00,0.00,0.00,29.93,1011.70,10.00,M,CLR,M,M,M,M,M,M,M,M,M,M,M,M,M,M,80.69,KPHX 290451Z 00000KT 10SM CLR 27/15 A2993 RMK AO2 SLP117 T02670150,M
PHX,2025-09-29 05:51,-112.0116,33.4343,337.00,77.00,63.00,62.06,240.00,4.00,0.00,29.93,1011.80,10.00,M,CLR,M,M,M,M,M,M,M,M,M,M,M,M,M,M,77.00,KPHX 290551Z 24004KT 10SM CLR 25/17 A2993 RMK AO2 SLP118 T02500172 10306 20250 51009,M
PHX,2025-09-29 06:51,-112.0116,33.4343,337.00,75.00,63.00,66.32,230.00,4.00,0.00,29.92,1011.70,10.00,M,CLR,M,M,M,M,M,M,M,M,M,M,M,M,M,M,75.00,KPHX 290651Z 23004KT 10SM CLR 24/17 A2992 RMK AO2 SLP117 T02390172 403170222,M
PHX,2025-09-29 07:51,-112.0116,33.4343,337.00,74.00,63.00,68.57,0.00,0.00,0.00,29.92,1011.60,10.00,M,CLR,M,M,M,M,M,M,M,M,M,M,M,M,M,M,74.00,KPHX 290751Z 00000KT 10SM CLR 23/17 A2992 RMK AO2 SLP116 T02330172,M
PHX,2025-09-29 08:51,-112.0116,33.4343,337.00,74.00,61.00,63.90,0.00,0.00,0.00,29.93,1011.70,10.00,M,CLR,M,M,M,M,M,M,M,M,M,M,M,M,M,M,74.00,KPHX 290851Z 00000KT 10SM CLR 23/16 A2993 RMK AO2 SLP117 T02330161 55000,M
PHX,2025-09-29 09:51,-112.0116,33.4343,337.00,73.00,63.00,70.91,0.00,0.00,0.00,29.92,1011.60,10.00,M,CLR,M,M,M,M,M,M,M,M,M,M,M,M,M,M,73.00,KPHX 290951Z 00000KT 10SM CLR 23/17 A2992 RMK AO2 SLP116 T02280172,M
PHX,2025-09-29 10:51,-112.0116,33.4343,337.00,73.00,60.00,63.78,0.00,0.00,0.00,29.92,1011.40,10.00,M,CLR,M,M,M,M,M,M,M,M,M,M,M,M,M,M,73.00,KPHX 291051Z 00000KT 10SM CLR 23/16 A2992 RMK AO2 SLP114 T02280156,M
PHX,2025-09-29 11:51,-112.0116,33.4343,337.00,72.00,61.00,68.35,130.00,4.00,0.00,29.93,1011.70,10.00,M,CLR,M,M,M,M,M,M,M,M,M,M,M,M,M,M,72.00,KPHX 291151Z 13004KT 10SM CLR 22/16 A2993 RMK AO2 SLP117 T02220161 10250 20222 55001,M
PHX,2025-09-29 12:51,-112.0116,33.4343,337.00,72.00,61.00,68.35,140.00,3.00,0.00,29.93,1012.00,10.00,M,CLR,M,M,M,M,M,M,M,M,M,M,M,M,M,M,72.00,KPHX 291251Z 14003KT 10SM CLR 22/16 A2993 RMK AO2 SLP120 T02220161,M
PHX,2025-09-29 13:51,-112.0116,33.4343,337.00,72.00,61.00,68.35,0.00,0.00,0.00,29.95,1012.50,10.00,M,FEW,M,M,M,10000.00,M,M,M,M,M,M,M,M,M,M,72.00,KPHX 291351Z 00000KT 10SM FEW100 22/16 A2995 RMK AO2 SLP125 T02220161,M
PHX,2025-09-29 14:51,-112.0116,33.4343,337.00,75.00,58.00,55.53,230.00,3.00,0.00,29.96,1013.00,10.00,M,FEW,M,M,M,10000.00,M,M,M,M,M,M,M,M,M,M,75.00,KPHX 291451Z AUTO 23003KT 10SM FEW100 24/14 A2996 RMK AO2 SLP130 T02390144 53012,M
PHX,2025-09-29 15:51,-112.0116,33.4343,337.00,78.00,59.00,52.11,120.00,3.00,0.00,29.97,1013.30,10.00,M,FEW,M,M,M,10000.00,M,M,M,M,M,M,M,M,M,M,78.00,KPHX 291551Z 12003KT 10SM FEW100 26/15 A2997 RMK AO2 SLP133 T02560150,M
PHX,2025-09-29 16:51,-112.0116,33.4343,337.00,80.00,60.00,50.57,70.00,3.00,0.00,29.98,1013.40,10.00,M,FEW,M,M,M,8000.00,M,M,M,M,M,M,M,M,M,M,80.86,KPHX 291651Z 07003KT 10SM FEW080 27/16 A2998 RMK AO2 SLP134 T02670156,M
PHX,2025-09-29 17:51,-112.0116,33.4343,337.00,84.00,59.00,42.87,M,4.00,0.00,29.97,1013.10,10.00,M,FEW,M,M,M,8000.00,M,M,M,M,M,M,M,M,M,M,83.76,KPHX 291751Z VRB04KT 10SM FEW080 29/15 A2997 RMK AO2 SLP131 T02890150 10289 20222 50001,M
PHX,2025-09-29 18:51,-112.0116,33.4343,337.00,86.00,57.00,37.43,M,4.00,0.00,29.95,1012.40,10.00,M,FEW,M,M,M,8000.00,M,M,M,M,M,M,M,M,M,M,84.93,KPHX 291851Z VRB04KT 10SM FEW080 30/14 A2995 RMK AO2 SLP124 T03000139,M
PHX,2025-09-29 19:51,-112.0116,33.4343,337.00,89.00,56.00,32.83,M,3.00,0.00,29.92,1011.60,10.00,M,FEW,M,M,M,8000.00,M,M,M,M,M,M,M,M,M,M,87.39,KPHX 291951Z VRB03KT 10SM FEW080 32/13 A2992 RMK AO2 SLP116 T03170133,M
PHX,2025-09-29 20:51,-112.0116,33.4343,337.00,91.00,56.00,30.84,0.00,0.00,0.00,29.89,1010.50,10.00,M,FEW,M,M,M,8000.00,M,M,M,M,M,M,M,M,M,M,89.32,KPHX 292051Z COR 00000KT 10SM FEW080 33/13 A2989 RMK AO2 SLP105 T03280133 58024,M
PHX,2025-09-29 21:51,-112.0116,33.4343,337.00,90.00,52.00,27.49,M,3.00,0.00,29.88,1009.90,10.00,M,FEW,M,M,M,8000.00,M,M,M,M,M,M,M,M,M,M,87.42,KPHX 292151Z VRB03KT 10SM FEW080 32/11 A2988 RMK AO2 SLP099 T03220111,M
PHX,2025-09-29 22:51,-112.0116,33.4343,337.00,91.00,53.00,27.65,M,3.00,0.00,29.87,1009.60,10.00,M,FEW,M,M,M,8000.00,M,M,M,M,M,M,M,M,M,M,88.57,KPHX 292251Z VRB03KT 10SM FEW080 33/12 A2987 RMK AO2 SLP096 T03280117,M
PHX,2025-09-29 23:51,-112.0116,33.4343,337.00,92.00,54.00,27.80,230.00,6.00,0.00,29.86,1009.30,10.00,M,FEW,M,M,M,8000.00,M,M,M,M,M,M,M,M,M,M,89.78,KPHX 292351Z 23006KT 10SM FEW080 33/12 A2986 RMK AO2 SLP093 T03330122 10344 20283 56013,M
PHX,2025-09-30 00:51,-112.0116,33.4343,337.00,90.00,53.00,28.52,250.00,5.00,0.00,29.85,1009.00,10.00,M,FEW,M,M,M,8000.00,M,M,M,M,M,M,M,M,M,M,87.62,KPHX 300051Z 25005KT 10SM FEW080 32/12 A2985 RMK AO2 SLP090 T03220117,M
PHX,2025-09-30 01:51,-112.0116,33.4343,337.00,88.00,56.00,33.89,0.00,0.00,0.00,29.85,1009.00,10.00,M,FEW,M,M,M,8000.00,M,M,M,M,M,M,M,M,M,M,86.46,KPHX 300151Z 00000KT 10SM FEW080 31/13 A2985 RMK AO2 SLP090 T03110133,M
PHX,2025-09-30 02:51,-112.0116,33.4343,337.00,89.00,54.00,30.53,330.00,4.00,0.00,29.85,1009.10,10.00,M,CLR,M,M,M,M,M,M,M,M,M,M,M,M,M,M,86.90,KPHX 300251Z 33004KT 10SM CLR 32/12 A2985 RMK AO2 SLP091 T03170122 55002,M
PHX,2025-09-30 03:51,-112.0116,33.4343,337.00,88.00,55.00,32.68,10.00,4.00,0.00,29.86,1009.30,10.00,M,CLR,M,M,M,M,M,M,M,M,M,M,M,M,M,M,86.22,KPHX 300351Z 01004KT 10SM CLR 31/13 A2986 RMK AO2 SLP093 T03110128,M
PHX,2025-09-30 04:51,-112.0116,33.4343,337.00,87.00,55.00,33.73,M,3.00,0.00,29.86,1009.40,10.00,M,CLR,M,M,M,M,M,M,M,M,M,M,M,M,M,M,85.33,KPHX 300451Z VRB03KT 10SM CLR 31/13 A2986 RMK AO2 SLP094 T03060128,M
PHX,2025-09-30 05:51,-112.0116,33.4343,337.00,81.00,65.00,58.37,230.00,3.00,0.00,29.87,1009.60,10.00,M,CLR,M,M,M,M,M,M,M,M,M,M,M,M,M,M,82.83,KPHX 300551Z 23003KT 10SM CLR 27/18 A2987 RMK AO2 SLP096 T02720183 10328 20272 51006,M
PHX,2025-09-30 06:51,-112.0116,33.4343,337.00,80.00,64.00,58.24,120.00,3.00,0.00,29.87,1009.70,10.00,M,CLR,M,M,M,M,M,M,M,M,M,M,M,M,M,M,81.62,KPHX 300651Z 12003KT 10SM CLR 27/18 A2987 RMK AO2 SLP097 T02670178 403440222,M
PHX,2025-09-30 07:51,-112.0116,33.4343,337.00,80.00,59.00,48.80,110.00,4.00,0.00,29.88,1010.10,10.00,M,CLR,M,M,M,M,M,M,M,M,M,M,M,M,M,M,80.69,KPHX 300751Z 11004KT 10SM CLR 27/15 A2988 RMK AO2 SLP101 T02670150,M
PHX,2025-09-30 08:51,-112.0116,33.4343,337.00,79.00,57.00,46.93,130.00,3.00,0.00,29.88,1010.10,10.00,M,CLR,M,M,M,M,M,M,M,M,M,M,M,M,M,M,79.00,KPHX 300851Z 13003KT 10SM CLR 26/14 A2988 RMK AO2 SLP101 T02610139 53005,M
PHX,2025-09-30 09:51,-112.0116,33.4343,337.00,77.00,60.00,55.81,100.00,6.00,0.00,29.87,1009.50,10.00,M,CLR,M,M,M,M,M,M,M,M,M,M,M,M,M,M,77.00,KPHX 300951Z 10006KT 10SM CLR 25/16 A2987 RMK AO2 SLP095 T02500156,M
PHX,2025-09-30 10:51,-112.0116,33.4343,337.00,76.00,58.00,53.71,110.00,5.00,0.00,29.86,1009.40,10.00,M,CLR,M,M,M,M,M,M,M,M,M,M,M,M,M,M,76.00,KPHX 301051Z 11005KT 10SM CLR 24/14 A2986 RMK AO2 SLP094 T02440144,M
PHX,2025-09-30 11:51,-112.0116,33.4343,337.00,76.00,56.00,49.97,100.00,5.00,0.00,29.88,1010.10,10.00,M,CLR,M,M,M,M,M,M,M,M,M,M,M,M,M,M,76.00,KPHX 301151Z 10005KT 10SM CLR 24/13 A2988 RMK AO2 SLP101 T02440133 10278 20244 55000,M
PHX,2025-09-30 12:51,-112.0116,33.4343,337.00,75.00,57.00,53.57,130.00,4.00,0.00,29.90,1010.60,10.00,M,FEW,M,M,M,8000.00,M,M,M,M,M,M,M,M,M,M,75.00,KPHX 301251Z 13004KT 10SM FEW080 24/14 A2990 RMK AO2 SLP106 T02390139,M
PHX,2025-09-30 13:51,-112.0116,33.4343,337.00,75.00,56.00,51.67,90.00,5.00,0.00,29.91,1011.30,10.00,M,FEW,M,M,M,8000.00,M,M,M,M,M,M,M,M,M,M,75.00,KPHX 301351Z 09005KT 10SM FEW080 24/13 A2991 RMK AO2 SLP113 T02390133,M
PHX,2025-09-30 14:51,-112.0116,33.4343,337.00,78.00,56.00,46.78,100.00,7.00,0.00,29.93,1011.80,10.00,M,FEW,M,M,M,8000.00,M,M,M,M,M,M,M,M,M,M,78.00,KPHX 301451Z 10007KT 10SM FEW080 26/13 A2993 RMK AO2 SLP118 T02560133 53016,M
PHX,2025-09-30 15:51,-112.0116,33.4343,337.00,81.00,55.00,40.89,90.00,8.00,0.00,29.95,1012.20,10.00,M,FEW,FEW,M,M,15000.00,23000.00,M,M,M,M,M,M,M,M,M,80.74,KPHX 301551Z 09008KT 10SM FEW150 FEW230 27/13 A2995 RMK AO2 SLP122 T02720128,M
PHX,2025-09-30 16:51,-112.0116,33.4343,337.00,84.00,56.00,38.49,90.00,5.00,0.00,29.96,1012.70,10.00,M,FEW,FEW,FEW,M,8000.00,15000.00,23000.00,M,M,M,M,M,M,M,M,83.06,KPHX 301651Z COR 09005KT 10SM FEW080 FEW150 FEW230 29/13 A2996 RMK AO2 SLP127 T02890133,M
PHX,2025-09-30 17:51,-112.0116,33.4343,337.00,88.00,55.00,32.68,90.00,5.00,0.00,29.95,1012.50,10.00,M,FEW,FEW,FEW,M,8000.00,15000.00,23000.00,M,M,M,M,M,M,M,M,86.22,KPHX 301751Z 09005KT 10SM FEW080 FEW150 FEW230 31/13 A2995 RMK AO2 SLP125 T03110128 10311 20239 50007,M
PHX,2025-09-30 18:51,-112.0116,33.4343,337.00,89.00,54.00,30.53,80.00,4.00,0.00,29.94,1011.80,10.00,M,FEW,FEW,FEW,M,8000.00,15000.00,23000.00,M,M,M,M,M,M,M,M,86.90,KPHX 301851Z 08004KT 10SM FEW080 FEW150 FEW230 32/12 A2994 RMK AO2 SLP118 T03170122,M
PHX,2025-09-30 19:51,-112.0116,33.4343,337.00,93.00,55.00,27.95,140.00,6.00,0.00,29.91,1010.80,10.00,M,FEW,FEW,FEW,M,8000.00,15000.00,23000.00,M,M,M,M,M,M,M,M,91.05,KPHX 301951Z 14006KT 10SM FEW080 FEW150 FEW230 34/13 A2991 RMK AO2 SLP108 T03390128,M
PHX,2025-09-30 20:51,-112.0116,33.4343,337.00,95.00,53.00,24.43,220.00,6.00,0.00,29.89,1010.10,10.00,M,FEW,M,M,M,9000.00,M,M,M,M,M,M,M,M,M,M,92.58,KPHX 302051Z 22006KT 10SM FEW090 35/12 A2989 RMK AO2 SLP101 T03500117 58022,M
PHX,2025-09-30 21:51,-112.0116,33.4343,337.00,97.00,52.00,22.15,180.00,6.00,0.00,29.86,1009.30,10.00,16.00,FEW,M,M,M,9000.00,M,M,M,M,M,M,M,M,M,M,94.40,KPHX 302151Z 18006G16KT 10SM FEW090 36/11 A2986 RMK AO2 SLP093 T03610111,M
PHX,2025-09-30 22:51,-112.0116,33.4343,337.00,95.00,52.00,23.55,240.00,6.00,0.00,29.85,1008.80,10.00,15.00,FEW,M,M,M,9000.00,M,M,M,M,M,M,M,M,M,M,92.33,KPHX 302251Z 24006G15KT 10SM FEW090 35/11 A2985 RMK AO2 SLP088 T03500111,M
PHX,2025-09-30 23:51,-112.0116,33.4343,337.00,94.00,52.00,24.28,250.00,5.00,0.00,29.84,1008.70,10.00,M,FEW,M,M,M,9000.00,M,M,M,M,M,M,M,M,M,M,91.32,KPHX 302351Z 25005KT 10SM FEW090 34/11 A2984 RMK AO2 SLP087 T03440111 10361 20306 56014,M
PHX,2025-10-01 00:51,-112.0116,33.4343,337.00,94.00,50.00,22.55,290.00,6.00,0.00,29.84,1008.40,10.00,M,FEW,M,M,M,9000.00,M,M,M,M,M,M,M,M,M,M,90.90,KPHX 010051Z 29006KT 10SM FEW090 34/10 A2984 RMK AO2 SLP084 T03440100,M
PHX,2025-10-01 01:51,-112.0116,33.4343,337.00,92.00,51.00,24.90,360.00,5.00,0.00,29.84,1008.60,10.00,M,FEW,M,M,M,9000.00,M,M,M,M,M,M,M,M,M,M,89.13,KPHX 010151Z 36005KT 10SM FEW090 33/11 A2984 RMK AO2 SLP086 T03330106,M
PHX,2025-10-01 02:51,-112.0116,33.4343,337.00,91.00,51.00,25.68,340.00,5.00,0.00,29.85,1009.00,10.00,M,CLR,M,M,M,M,M,M,M,M,M,M,M,M,M,M,88.17,KPHX 010251Z 34005KT 10SM CLR 33/11 A2985 RMK AO2 SLP090 T03280106 53003,M
PHX,2025-10-01 03:51,-112.0116,33.4343,337.00,87.00,58.00,37.59,230.00,4.00,0.00,29.87,1009.60,10.00,M,CLR,M,M,M,M,M,M,M,M,M,M,M,M,M,M,86.09,KPHX 010351Z 23004KT 10SM CLR 31/14 A2987 RMK AO2 SLP096 T03060144,M
PHX,2025-10-01 04:51,-112.0116,33.4343,337.00,85.00,57.00,38.64,240.00,3.00,0.00,29.87,1009.80,10.00,M,CLR,M,M,M,M,M,M,M,M,M,M,M,M,M,M,84.09,KPHX 010451Z 24003KT 10SM CLR 29/14 A2987 RMK AO2 SLP098 T02940139,M
PHX,2025-10-01 05:51,-112.0116,33.4343,337.00,84.00,55.00,37.11,240.00,3.00,0.00,29.88,1010.00,10.00,M,CLR,M,M,M,M,M,M,M,M,M,M,M,M,M,M,82.86,KPHX 010551Z 24003KT 10SM CLR 29/13 A2988 RMK AO2 SLP100 T02890128 10350 20283 51011,M
PHX,2025-10-01 06:51,-112.0116,33.4343,337.00,82.00,55.00,39.59,0.00,0.00,0.00,29.89,1010.10,10.00,M,FEW,M,M,M,13000.00,M,M,M,M,M,M,M,M,M,M,81.41,KPHX 010651Z 00000KT 10SM FEW130 28/13 A2989 RMK AO2 SLP101 T02780128 403610239,M
PHX,2025-10-01 07:51,-112.0116,33.4343,337.00,81.00,57.00,43.96,0.00,0.00,0.00,29.90,1010.50,10.00,M,FEW,FEW,M,M,14000.00,20000.00,M,M,M,M,M,M,M,M,M,81.05,KPHX 010751Z 00000KT 10SM FEW140 FEW200 27/14 A2990 RMK AO2 SLP105 T02720139,M
PHX,2025-10-01 08:51,-112.0116,33.4343,337.00,80.00,59.00,48.80,0.00,0.00,0.00,29.90,1010.60,10.00,M,CLR,M,M,M,M,M,M,M,M,M,M,M,M,M,M,80.69,KPHX 010851Z 00000KT 10SM CLR 27/15 A2990 RMK AO2 SLP106 T02670150 53006,M
PHX,2025-10-01 09:51,-112.0116,33.4343,337.00,78.00,58.00,50.27,110.00,4.00,0.00,29.90,1010.40,10.00,M,CLR,M,M,M,M,M,M,M,M,M,M,M,M,M,M,78.00,KPHX 010951Z 11004KT 10SM CLR 26/14 A2990 RMK AO2 SLP104 T02560144,M
PHX,2025-10-01 10:51,-112.0116,33.4343,337.00,78.00,57.00,48.50,80.00,7.00,0.00,29.91,1010.70,10.00,M,CLR,M,M,M,M,M,M,M,M,M,M,M,M,M,M,78.00,KPHX 011051Z 08007KT 10SM CLR 26/14 A2991 RMK AO2 SLP107 T02560139,M
PHX,2025-10-01 11:51,-112.0116,33.4343,337.00,76.00,58.00,53.71,110.00,3.00,0.00,29.92,1011.30,10.00,M,CLR,M,M,M,M,M,M,M,M,M,M,M,M,M,M,76.00,KPHX 011151Z 11003KT 10SM CLR 24/14 A2992 RMK AO2 SLP113 T02440144 10294 20244 53005,M
PHX,2025-10-01 12:51,-112.0116,33.4343,337.00,76.00,56.00,49.97,110.00,7.00,0.00,29.93,1011.60,10.00,M,CLR,M,M,M,M,M,M,M,M,M,M,M,M,M,M,76.00,KPHX 011251Z 11007KT 10SM CLR 24/13 A2993 RMK AO2 SLP116 T02440133,M
PHX,2025-10-01 13:51,-112.0116,33.4343,337.00,76.00,56.00,49.97,100.00,5.00,0.00,29.95,1012.30,10.00,M,CLR,M,M,M,M,M,M,M,M,M,M,M,M,M,M,76.00,KPHX 011351Z 10005KT 10SM CLR 24/13 A2995 RMK AO2 SLP123 T02440133,M
PHX,2025-10-01 14:51,-112.0116,33.4343,337.00,78.00,55.00,45.11,100.00,6.00,0.00,29.96,1012.70,10.00,M,CLR,M,M,M,M,M,M,M,M,M,M,M,M,M,M,78.00,KPHX 011451Z 10006KT 10SM CLR 26/13 A2996 RMK AO2 SLP127 T02560128 53013,M
PHX,2025-10-01 15:51,-112.0116,33.4343,337.00,82.00,55.00,39.59,130.00,4.00,0.00,29.97,1013.00,10.00,M,CLR,M,M,M,M,M,M,M,M,M,M,M,M,M,M,81.41,KPHX 011551Z 13004KT 10SM CLR 28/13 A2997 RMK AO2 SLP130 T02780128,M
PHX,2025-10-01 16:51,-112.0116,33.4343,337.00,84.00,54.00,35.79,M,3.00,0.00,29.98,1013.40,10.00,M,CLR,M,M,M,M,M,M,M,M,M,M,M,M,M,M,82.68,KPHX 011651Z VRB03KT 10SM CLR 29/12 A2998 RMK AO2 SLP134 T02890122,M
PHX,2025-10-01 17:51,-112.0116,33.4343,337.00,86.00,54.00,33.57,0.00,0.00,0.00,29.98,1013.40,10.00,M,CLR,M,M,M,M,M,M,M,M,M,M,M,M,M,M,84.27,KPHX 011751Z 00000KT 10SM CLR 30/12 A2998 RMK AO2 SLP134 T03000122 10306 20239 51006,M
PHX,2025-10-01 18:51,-112.0116,33.4343,337.00,88.00,54.00,31.51,0.00,0.00,0.00,29.97,1012.90,10.00,M,CLR,M,M,M,M,M,M,M,M,M,M,M,M,M,M,85.99,KPHX 011851Z 00000KT 10SM CLR 31/12 A2997 RMK AO2 SLP129 T03110122,M
PHX,2025-10-01 19:51,-112.0116,33.4343,337.00,91.00,52.00,26.65,50.00,5.00,0.00,29.93,1011.70,10.00,M,CLR,M,M,M,M,M,M,M,M,M,M,M,M,M,M,88.36,KPHX 011951Z 05005KT 10SM CLR 33/11 A2993 RMK AO2 SLP117 T03280111,M
PHX,2025-10-01 20:51,-112.0116,33.4343,337.00,95.00,49.00,21.07,200.00,8.00,0.00,29.91,1010.60,10.00,M,CLR,M,M,M,M,M,M,M,M,M,M,M,M,M,M,91.72,KPHX 012051Z 20008KT 10SM CLR 35/09 A2991 RMK AO2 SLP106 T03500094 58024,M
PHX,2025-10-01 21:51,-112.0116,33.4343,337.00,96.00,48.00,19.68,270.00,5.00,0.00,29.89,1010.10,10.00,M,CLR,M,M,M,M,M,M,M,M,M,M,M,M,M,M,92.54,KPHX 012151Z 27005KT 10SM CLR 36/09 A2989 RMK AO2 SLP101 T03560089,M
PHX,2025-10-01 22:51,-112.0116,33.4343,337.00,95.00,47.00,19.54,M,3.00,0.00,29.88,1009.80,10.00,M,CLR,M,M,M,M,M,M,M,M,M,M,M,M,M,M,91.39,KPHX 012251Z VRB03KT 10SM CLR 35/08 A2988 RMK AO2 SLP098 T03500083,M
PHX,2025-10-01 23:51,-112.0116,33.4343,337.00,94.00,47.00,20.15,290.00,3.00,0.00,29.87,1009.70,10.00,M,CLR,M,M,M,M,M,M,M,M,M,M,M,M,M,M,90.41,KPHX 012351Z 29003KT 10SM CLR 34/08 A2987 RMK AO2 SLP097 T03440083 10361 20300 56011,M
PHX,2025-10-02 00:51,-112.0116,33.4343,337.00,94.00,48.00,20.93,230.00,3.00,0.00,29.87,1009.70,10.00,M,CLR,M,M,M,M,M,M,M,M,M,M,M,M,M,M,90.56,KPHX 020051Z 23003KT 10SM CLR 34/09 A2987 RMK AO2 SLP097 T03440089,M
PHX,2025-10-02 01:51,-112.0116,33.4343,337.00,93.00,47.00,20.79,M,5.00,0.00,29.87,1009.80,10.00,M,CLR,M,M,M,M,M,M,M,M,M,M,M,M,M,M,89.45,KPHX 020151Z VRB05KT 10SM CLR 34/08 A2987 RMK AO2 SLP098 T03390083,M
PHX,2025-10-02 02:51,-112.0116,33.4343,337.00,92.00,48.00,22.26,40.00,4.00,0.00,29.89,1010.20,10.00,M,CLR,M,M,M,M,M,M,M,M,M,M,M,M,M,M,88.64,KPHX 020251Z 04004KT 10SM CLR 33/09 A2989 RMK AO2 SLP102 T03330089 53005,M
PHX,2025-10-02 03:51,-112.0116,33.4343,337.00,91.00,49.00,23.84,350.00,4.00,0.00,29.90,1010.40,10.00,M,CLR,M,M,M,M,M,M,M,M,M,M,M,M,M,M,87.84,KPHX 020351Z 35004KT 10SM CLR 33/09 A2990 RMK AO2 SLP104 T03280094,M
PHX,2025-10-02 04:51,-112.0116,33.4343,337.00,85.00,55.00,35.94,0.00,0.00,0.00,29.90,1010.70,10.00,M,CLR,M,M,M,M,M,M,M,M,M,M,M,M,M,M,83.65,KPHX 020451Z 00000KT 10SM CLR 29/13 A2990 RMK AO2 SLP107 T02940128,M
PHX,2025-10-02 05:51,-112.0116,33.4343,337.00,84.00,57.00,39.90,0.00,0.00,0.00,29.91,1011.20,10.00,M,CLR,M,M,M,M,M,M,M,M,M,M,M,M,M,M,83.28,KPHX 020551Z 00000KT 10SM CLR 29/14 A2991 RMK AO2 SLP112 T02890139 10356 20289 53009,M
PHX,2025-10-02 06:51,-112.0116,33.4343,337.00,82.00,58.00,44.12,130.00,3.00,0.00,29.91,1011.10,10.00,M,CLR,M,M,M,M,M,M,M,M,M,M,M,M,M,M,81.95,KPHX 020651Z 13003KT 10SM CLR 28/14 A2991 RMK AO2 SLP111 T02780144 403610239,M
PHX,2025-10-02 07:51,-112.0116,33.4343,337.00,82.00,54.00,38.17,0.00,0.00,0.00,29.91,1010.90,10.00,M,CLR,M,M,M,M,M,M,M,M,M,M,M,M,M,M,81.25,KPHX 020751Z 00000KT 10SM CLR 28/12 A2991 RMK AO2 SLP109 T02780122,M
PHX,2025-10-02 08:51,-112.0116,33.4343,337.00,79.00,58.00,48.65,90.00,5.00,0.00,29.91,1010.80,10.00,M,CLR,M,M,M,M,M,M,M,M,M,M,M,M,M,M,79.00,KPHX 020851Z 09005KT 10SM CLR 26/14 A2991 RMK AO2 SLP108 T02610144 58003 $,M
PHX,2025-10-02 09:51,-112.0116,33.4343,337.00,77.00,57.00,50.12,120.00,4.00,0.00,29.90,1010.50,10.00,M,CLR,M,M,M,M,M,M,M,M,M,M,M,M,M,M,77.00,KPHX 020951Z 12004KT 10SM CLR 25/14 A2990 RMK AO2 SLP105 T02500139 $,M
PHX,2025-10-02 10:51,-112.0116,33.4343,337.00,77.00,54.00,44.95,120.00,4.00,0.00,29.91,1010.80,10.00,M,CLR,M,M,M,M,M,M,M,M,M,M,M,M,M,M,77.00,KPHX 021051Z 12004KT 10SM CLR 25/12 A2991 RMK AO2 SLP108 T02500122 $,M
PHX,2025-10-02 11:51,-112.0116,33.4343,337.00,77.00,53.00,43.34,110.00,4.00,0.00,29.92,1011.30,10.00,M,CLR,M,M,M,M,M,M,M,M,M,M,M,M,M,M,77.00,KPHX 021151Z 11004KT 10SM CLR 25/12 A2992 RMK AO2 SLP113 T02500117 10289 20244 53005 $,M
PHX,2025-10-02 12:51,-112.0116,33.4343,337.00,76.00,53.00,44.80,130.00,4.00,0.00,29.95,1012.20,10.00,M,CLR,M,M,M,M,M,M,M,M,M,M,M,M,M,M,76.00,KPHX 021251Z 13004KT 10SM CLR 24/12 A2995 RMK AO2 SLP122 T02440117 $,M
PHX,2025-10-02 13:51,-112.0116,33.4343,337.00,77.00,53.00,43.34,100.00,5.00,0.00,29.96,1012.70,10.00,M,CLR,M,M,M,M,M,M,M,M,M,M,M,M,M,M,77.00,KPHX 021351Z 10005KT 10SM CLR 25/12 A2996 RMK AO2 SLP127 T02500117,M
PHX,2025-10-02 14:51,-112.0116,33.4343,337.00,79.00,53.00,40.57,100.00,6.00,0.00,29.97,1013.00,10.00,M,CLR,M,M,M,M,M,M,M,M,M,M,M,M,M,M,79.00,KPHX 021451Z 10006KT 10SM CLR 26/12 A2997 RMK AO2 SLP130 T02610117 51017,M
PHX,2025-10-02 15:51,-112.0116,33.4343,337.00,84.00,51.00,32.05,110.00,10.00,0.00,29.99,1013.40,10.00,M,CLR,M,M,M,M,M,M,M,M,M,M,M,M,M,M,82.22,KPHX 021551Z 11010KT 10SM CLR 29/11 A2999 RMK AO2 SLP134 T02890106,M
PHX,2025-10-02 16:51,-112.0116,33.4343,337.00,87.00,52.00,30.22,120.00,5.00,0.00,29.99,1013.60,10.00,M,CLR,M,M,M,M,M,M,M,M,M,M,M,M,M,M,84.75,KPHX 021651Z 12005KT 10SM CLR 31/11 A2999 RMK AO2 SLP136 T03060111,M
PHX,2025-10-02 17:51,-112.0116,33.4343,337.00,90.00,51.00,26.50,140.00,6.00,0.00,29.97,1013.00,10.00,M,CLR,M,M,M,M,M,M,M,M,M,M,M,M,M,M,87.24,KPHX 021751Z 14006KT 10SM CLR 32/11 A2997 RMK AO2 SLP130 T03220106 10328 20244 50000,M
PHX,2025-10-02 18:51,-112.0116,33.4343,337.00,93.00,50.00,23.26,150.00,6.00,0.00,29.96,1012.30,10.00,M,CLR,M,M,M,M,M,M,M,M,M,M,M,M,M,M,89.92,KPHX 021851Z 15006KT 10SM CLR 34/10 A2996 RMK AO2 SLP123 T03390100,M
PHX,2025-10-02 19:51,-112.0116,33.4343,337.00,96.00,50.00,21.21,M,3.00,0.00,29.93,1011.50,10.00,M,FEW,M,M,M,9000.00,M,M,M,M,M,M,M,M,M,M,92.91,KPHX 021951Z VRB03KT 10SM FEW090 36/10 A2993 RMK AO2 SLP115 T03560100,M
PHX,2025-10-02 20:51,-112.0116,33.4343,337.00,99.00,47.00,17.31,150.00,5.00,0.00,29.90,1010.50,10.00,M,FEW,M,M,M,9000.00,M,M,M,M,M,M,M,M,M,M,95.37,KPHX 022051Z 15005KT 10SM FEW090 37/08 A2990 RMK AO2 SLP105 T03720083 58023,M
PHX,2025-10-02 21:51,-112.0116,33.4343,337.00,99.00,45.00,16.04,M,4.00,0.00,29.88,1009.80,10.00,M,FEW,M,M,M,9000.00,M,M,M,M,M,M,M,M,M,M,95.02,KPHX 022151Z VRB04KT 10SM FEW090 37/07 A2988 RMK AO2 SLP098 T03720072,M
PHX,2025-10-02 22:51,-112.0116,33.4343,337.00,100.00,46.00,16.17,150.00,4.00,0.00,29.86,1009.00,10.00,M,FEW,M,M,M,9000.00,M,M,M,M,M,M,M,M,M,M,96.18,KPHX 022251Z 15004KT 10SM FEW090 38/08 A2986 RMK AO2 SLP090 T03780078,M
PHX,2025-10-02 23:51,-112.0116,33.4343,337.00,100.00,45.00,15.57,210.00,4.00,0.00,29.85,1008.70,10.00,M,FEW,M,M,M,11000.00,M,M,M,M,M,M,M,M,M,M,96.01,KPHX 022351Z 21004KT 10SM FEW110 38/07 A2985 RMK AO2 SLP087 T03780072 10389 20328 56017,M
PHX,2025-10-03 00:51,-112.0116,33.4343,337.00,98.00,45.00,16.54,0.00,0.00,0.00,29.85,1008.70,10.00,M,FEW,M,M,M,11000.00,M,M,M,M,M,M,M,M,M,M,94.04,KPHX 030051Z 00000KT 10SM FEW110 37/07 A2985 RMK AO2 SLP087 T03670072,M
PHX,2025-10-03 01:51,-112.0116,33.4343,337.00,97.00,45.00,17.05,350.00,5.00,0.00,29.85,1008.70,10.00,M,FEW,M,M,M,11000.00,M,M,M,M,M,M,M,M,M,M,93.06,KPHX 030151Z 35005KT 10SM FEW110 36/07 A2985 RMK AO2 SLP087 T03610072,M
PHX,2025-10-03 02:51,-112.0116,33.4343,337.00,95.00,46.00,18.82,360.00,4.00,0.00,29.85,1009.00,10.00,M,CLR,M,M,M,M,M,M,M,M,M,M,M,M,M,M,91.24,KPHX 030251Z 36004KT 10SM CLR 35/08 A2985 RMK AO2 SLP090 T03500078 53002,M
PHX,2025-10-03 03:51,-112.0116,33.4343,337.00,90.00,53.00,28.52,230.00,4.00,0.00,29.86,1009.20,10.00,M,CLR,M,M,M,M,M,M,M,M,M,M,M,M,M,M,87.62,KPHX 030351Z 23004KT 10SM CLR 32/12 A2986 RMK AO2 SLP092 T03220117,M
PHX,2025-10-03 04:51,-112.0116,33.4343,337.00,87.00,54.00,32.52,0.00,0.00,0.00,29.87,1009.60,10.00,M,CLR,M,M,M,M,M,M,M,M,M,M,M,M,M,M,85.12,KPHX 030451Z 00000KT 10SM CLR 31/12 A2987 RMK AO2 SLP096 T03060122,M
PHX,2025-10-03 05:51,-112.0116,33.4343,337.00,87.00,52.00,30.22,270.00,3.00,0.00,29.88,1009.60,10.00,M,CLR,M,M,M,M,M,M,M,M,M,M,M,M,M,M,84.75,KPHX 030551Z 27003KT 10SM CLR 31/11 A2988 RMK AO2 SLP096 T03060111 10378 20300 51007,M
PHX,2025-10-03 06:51,-112.0116,33.4343,337.00,85.00,52.00,32.20,0.00,0.00,0.00,29.88,1009.60,10.00,M,CLR,M,M,M,M,M,M,M,M,M,M,M,M,M,M,83.12,KPHX 030651Z 00000KT 10SM CLR 29/11 A2988 RMK AO2 SLP096 T02940111 403890244,M
PHX,2025-10-03 07:51,-112.0116,33.4343,337.00,83.00,55.00,38.33,0.00,0.00,0.00,29.87,1009.50,10.00,M,CLR,M,M,M,M,M,M,M,M,M,M,M,M,M,M,82.11,KPHX 030751Z 00000KT 10SM CLR 28/13 A2987 RMK AO2 SLP095 T02830128,M
PHX,2025-10-03 08:51,-112.0116,33.4343,337.00,80.00,56.00,43.81,120.00,4.00,0.00,29.87,1009.30,10.00,M,CLR,M,M,M,M,M,M,M,M,M,M,M,M,M,M,80.25,KPHX 030851Z 12004KT 10SM CLR 27/13 A2987 RMK AO2 SLP093 T02670133 58003,M
PHX,2025-10-03 09:51,-112.0116,33.4343,337.00,79.00,53.00,40.57,110.00,5.00,0.00,29.86,1009.20,10.00,M,CLR,M,M,M,M,M,M,M,M,M,M,M,M,M,M,79.00,KPHX 030951Z 11005KT 10SM CLR 26/12 A2986 RMK AO2 SLP092 T02610117,M
PHX,2025-10-03 10:51,-112.0116,33.4343,337.00,79.00,51.00,37.69,110.00,5.00,0.00,29.86,1009.20,10.00,M,FEW,SCT,M,M,10000.00,14000.00,M,M,M,M,M,M,M,M,M,79.00,KPHX 031051Z 11005KT 10SM FEW100 SCT140 26/11 A2986 RMK AO2 SLP092 T02610106,M
PHX,2025-10-03 11:51,-112.0116,33.4343,337.00,79.00,51.00,37.69,100.00,3.00,0.00,29.87,1009.40,10.00,M,FEW,BKN,M,M,10000.00,14000.00,M,M,M,M,M,M,M,M,M,79.00,KPHX 031151Z 10003KT 10SM FEW100 BKN140 26/11 A2987 RMK AO2 SLP094 T02610106 10311 20256 53001,M
PHX,2025-10-03 12:51,-112.0116,33.4343,337.00,77.00,52.00,41.77,110.00,6.00,0.00,29.88,1009.80,10.00,M,FEW,BKN,M,M,10000.00,14000.00,M,M,M,M,M,M,M,M,M,77.00,KPHX 031251Z 11006KT 10SM FEW100 BKN140 25/11 A2988 RMK AO2 SLP098 T02500111,M
PHX,2025-10-03 13:51,-112.0116,33.4343,337.00,77.00,52.00,41.77,100.00,7.00,0.00,29.89,1010.10,10.00,M,FEW,SCT,M,M,10000.00,14000.00,M,M,M,M,M,M,M,M,M,77.00,KPHX 031351Z 10007KT 10SM FEW100 SCT140 25/11 A2989 RMK AO2 SLP101 T02500111,M
PHX,2025-10-03 14:51,-112.0116,33.4343,337.00,79.00,52.00,39.11,90.00,6.00,0.00,29.90,1010.60,10.00,M,FEW,SCT,M,M,10000.00,14000.00,M,M,M,M,M,M,M,M,M,79.00,KPHX 031451Z 09006KT 10SM FEW100 SCT140 26/11 A2990 RMK AO2 SLP106 T02610111 53011,M
PHX,2025-10-03 15:51,-112.0116,33.4343,337.00,84.00,50.00,30.88,110.00,5.00,0.00,29.91,1011.00,10.00,M,FEW,SCT,M,M,10000.00,14000.00,M,M,M,M,M,M,M,M,M,82.10,KPHX 031551Z 11005KT 10SM FEW100 SCT140 29/10 A2991 RMK AO2 SLP110 T02890100,M
PHX,2025-10-03 16:51,-112.0116,33.4343,337.00,89.00,49.00,25.38,130.00,6.00,0.00,29.91,1010.80,10.00,M,FEW,FEW,M,M,11000.00,15000.00,M,M,M,M,M,M,M,M,M,86.02,KPHX 031651Z 13006KT 10SM FEW110 FEW150 32/09 A2991 RMK AO2 SLP108 T03170094,M
PHX,2025-10-03 17:51,-112.0116,33.4343,337.00,91.00,47.00,22.12,180.00,5.00,0.00,29.89,1010.20,10.00,M,FEW,FEW,M,M,11000.00,15000.00,M,M,M,M,M,M,M,M,M,87.58,KPHX 031751Z 18005KT 10SM FEW110 FEW150 33/08 A2989 RMK AO2 SLP102 T03280083 10333 20250 58003,M
PHX,2025-10-03 18:51,-112.0116,33.4343,337.00,94.00,48.00,20.93,90.00,5.00,0.00,29.87,1009.30,10.00,M,FEW,FEW,M,M,11000.00,15000.00,M,M,M,M,M,M,M,M,M,90.56,KPHX 031851Z 09005KT 10SM FEW110 FEW150 34/09 A2987 RMK AO2 SLP093 T03440089,M
PHX,2025-10-03 19:51,-112.0116,33.4343,337.00,98.00,47.00,17.84,M,3.00,0.00,29.83,1008.10,10.00,M,FEW,M,M,M,11000.00,M,M,M,M,M,M,M,M,M,M,94.36,KPHX 031951Z VRB03KT 10SM FEW110 37/08 A2983 RMK AO2 SLP081 T03670083,M
PHX,2025-10-03 20:51,-112.0116,33.4343,337.00,99.00,45.00,16.04,210.00,9.00,0.00,29.79,1006.70,10.00,M,FEW,FEW,M,M,11000.00,18000.00,M,M,M,M,M,M,M,M,M,95.02,KPHX 032051Z 21009KT 10SM FEW110 FEW180 37/07 A2979 RMK AO2 SLP067 T03720072 58033,M
PHX,2025-10-03 21:51,-112.0116,33.4343,337.00,102.00,45.00,14.66,210.00,7.00,0.00,29.76,1005.40,10.00,M,FEW,M,M,M,11000.00,M,M,M,M,M,M,M,M,M,M,97.98,KPHX 032151Z 21007KT 10SM FEW110 39/07 A2976 RMK AO2 SLP054 T03890072,M
PHX,2025-10-03 22:51,-112.0116,33.4343,337.00,99.00,45.00,16.04,290.00,6.00,0.00,29.74,1004.90,10.00,M,FEW,M,M,M,11000.00,M,M,M,M,M,M,M,M,M,M,95.02,KPHX 032251Z 29006KT 10SM FEW110 37/07 A2974 RMK AO2 SLP049 T03720072,M
PHX,2025-10-03 23:51,-112.0116,33.4343,337.00,99.00,46.00,16.66,300.00,14.00,0.00,29.73,1004.60,10.00,M,FEW,M,M,M,11000.00,M,M,M,M,M,M,M,M,M,M,95.19,KPHX 032351Z 30014KT 10SM FEW110 37/08 A2973 RMK AO2 SLP046 T03720078 10389 20328 56021,M
PHX,2025-10-04 00:51,-112.0116,33.4343,337.00,97.00,43.00,15.79,270.00,14.00,0.00,29.72,1004.60,10.00,M,FEW,M,M,M,11000.00,M,M,M,M,M,M,M,M,M,M,92.80,KPHX 040051Z 27014KT 10SM FEW110 36/06 A2972 RMK AO2 SLP046 T03610061,M
PHX,2025-10-04 01:51,-112.0116,33.4343,337.00,94.00,42.00,16.66,280.00,13.00,0.00,29.73,1004.70,10.00,M,CLR,M,M,M,M,M,M,M,M,M,M,M,M,M,M,89.86,KPHX 040151Z 28013KT 10SM CLR 34/06 A2973 RMK AO2 SLP047 T03440056,M
PHX,2025-10-04 02:51,-112.0116,33.4343,337.00,91.00,41.00,17.59,280.00,10.00,0.00,29.74,1005.20,10.00,M,CLR,M,M,M,M,M,M,M,M,M,M,M,27.00,310.00,2025-10-04 02:08,87.05,KPHX 040251Z 28010KT 10SM CLR 33/05 A2974 RMK AO2 PK WND 31027/0208 SLP052 T03280050 53004,M
PHX,2025-10-04 03:51,-112.0116,33.4343,337.00,89.00,40.00,18.01,260.00,7.00,0.00,29.75,1005.30,10.00,M,CLR,M,M,M,M,M,M,M,M,M,M,M,M,M,M,85.26,KPHX 040351Z 26007KT 10SM CLR 32/04 A2975 RMK AO2 SLP053 T03170044,M
PHX,2025-10-04 04:51,-112.0116,33.4343,337.00,86.00,42.00,21.40,230.00,6.00,0.00,29.75,1005.20,10.00,M,CLR,M,M,M,M,M,M,M,M,M,M,M,M,M,M,82.91,KPHX 040451Z 23006KT 10SM CLR 30/06 A2975 RMK AO2 SLP052 T03000056,M
PHX,2025-10-04 05:51,-112.0116,33.4343,337.00,87.00,35.00,15.76,270.00,9.00,0.00,29.75,1005.50,10.00,M,CLR,M,M,M,M,M,M,M,M,M,M,M,M,M,M,83.47,KPHX 040551Z 27009KT 10SM CLR 31/02 A2975 RMK AO2 SLP055 T03060017 10372 20300 53004,M
PHX,2025-10-04 06:51,-112.0116,33.4343,337.00,85.00,36.00,17.47,280.00,6.00,0.00,29.75,1005.50,10.00,M,CLR,M,M,M,M,M,M,M,M,M,M,M,M,M,M,81.94,KPHX 040651Z 28006KT 10SM CLR 29/02 A2975 RMK AO2 SLP055 T02940022 403890250,M
PHX,2025-10-04 07:51,-112.0116,33.4343,337.00,84.00,41.00,21.94,240.00,5.00,0.00,29.75,1005.20,10.00,M,CLR,M,M,M,M,M,M,M,M,M,M,M,M,M,M,81.38,KPHX 040751Z 24005KT 10SM CLR 29/05 A2975 RMK AO2 SLP052 T02890050,M
PHX,2025-10-04 08:51,-112.0116,33.4343,337.00,83.00,41.00,22.66,290.00,11.00,0.00,29.76,1005.50,10.00,M,CLR,M,M,M,M,M,M,M,M,M,M,M,M,M,M,80.69,KPHX 040851Z 29011KT 10SM CLR 28/05 A2976 RMK AO2 SLP055 T02830050 53001,M
PHX,2025-10-04 09:51,-112.0116,33.4343,337.00,80.00,39.00,23.11,280.00,16.00,0.00,29.76,1005.60,10.00,M,CLR,M,M,M,M,M,M,M,M,M,M,M,M,M,M,78.79,KPHX 040951Z 28016KT 10SM CLR 27/04 A2976 RMK AO2 SLP056 T02670039,M
PHX,2025-10-04 10:51,-112.0116,33.4343,337.00,76.00,40.00,27.41,270.00,14.00,0.00,29.76,1005.60,10.00,M,CLR,M,M,M,M,M,M,M,M,M,M,M,M,M,M,76.00,KPHX 041051Z 27014KT 10SM CLR 24/04 A2976 RMK AO2 SLP056 T02440044,M
PHX,2025-10-04 11:51,-112.0116,33.4343,337.00,75.00,42.00,30.62,270.00,11.00,0.00,29.75,1005.60,10.00,M,CLR,M,M,M,M,M,M,M,M,M,M,M,M,M,M,75.00,KPHX 041151Z 27011KT 10SM CLR 24/06 A2975 RMK AO2 SLP056 T02390056 10311 20239 58001,M
PHX,2025-10-04 12:51,-112.0116,33.4343,337.00,74.00,41.00,30.46,300.00,15.00,0.00,29.78,1006.40,10.00,M,CLR,M,M,M,M,M,M,M,M,M,M,M,M,M,M,74.00,KPHX 041251Z 30015KT 10SM CLR 23/05 A2978 RMK AO2 SLP064 T02330050,M
PHX,2025-10-04 13:51,-112.0116,33.4343,337.00,72.00,39.00,30.14,280.00,11.00,0.00,29.79,1006.90,10.00,M,CLR,M,M,M,M,M,M,M,M,M,M,M,M,M,M,72.00,KPHX 041351Z 28011KT 10SM CLR 22/04 A2979 RMK AO2 SLP069 T02220039,M
PHX,2025-10-04 14:51,-112.0116,33.4343,337.00,73.00,40.00,30.30,270.00,7.00,0.00,29.80,1007.50,10.00,M,CLR,M,M,M,M,M,M,M,M,M,M,M,M,M,M,73.00,KPHX 041451Z 27007KT 10SM CLR 23/04 A2980 RMK AO2 SLP075 T02280044 51016,M
PHX,2025-10-04 15:51,-112.0116,33.4343,337.00,74.00,40.00,29.30,220.00,3.00,0.00,29.82,1007.90,10.00,M,CLR,M,M,M,M,M,M,M,M,M,M,M,M,M,M,74.00,KPHX 041551Z 22003KT 10SM CLR 23/04 A2982 RMK AO2 SLP079 T02330044,M
PHX,2025-10-04 16:51,-112.0116,33.4343,337.00,79.00,41.00,25.81,240.00,5.00,0.00,29.83,1008.10,10.00,M,CLR,M,M,M,M,M,M,M,M,M,M,M,M,M,M,79.00,KPHX 041651Z 24005KT 10SM CLR 26/05 A2983 RMK AO2 SLP081 T02610050,M
PHX,2025-10-04 17:51,-112.0116,33.4343,337.00,81.00,39.00,22.37,230.00,3.00,0.00,29.82,1007.80,10.00,M,CLR,M,M,M,M,M,M,M,M,M,M,M,M,M,M,79.33,KPHX 041751Z 23003KT 10SM CLR 27/04 A2982 RMK AO2 SLP078 T02720039 10278 20222 50004,M
PHX,2025-10-04 18:51,-112.0116,33.4343,337.00,83.00,36.00,18.63,M,6.00,0.00,29.80,1007.30,10.00,M,CLR,M,M,M,M,M,M,M,M,M,M,M,M,M,M,80.50,KPHX 041851Z VRB06KT 10SM CLR 28/02 A2980 RMK AO2 SLP073 T02830022,M
PHX,2025-10-04 19:51,-112.0116,33.4343,337.00,85.00,33.00,15.50,280.00,7.00,0.00,29.78,1006.40,10.00,M,CLR,M,M,M,M,M,M,M,M,M,M,M,M,M,M,81.89,KPHX 041951Z 28007KT 10SM CLR 29/01 A2978 RMK AO2 SLP064 T02940006,M
PHX,2025-10-04 20:51,-112.0116,33.4343,337.00,87.00,34.00,15.14,310.00,10.00,0.00,29.75,1005.50,10.00,15.00,CLR,M,M,M,M,M,M,M,M,M,M,M,M,M,M,83.45,KPHX 042051Z 31010G15KT 10SM CLR 31/01 A2975 RMK AO2 SLP055 T03060011 58022,M
PHX,2025-10-04 21:51,-112.0116,33.4343,337.00,87.00,34.00,15.14,280.00,4.00,0.00,29.73,1004.90,10.00,16.00,CLR,M,M,M,M,M,M,M,M,M,M,M,M,M,M,83.45,KPHX 042151Z 28004G16KT 10SM CLR 31/01 A2973 RMK AO2 SLP049 T03060011,M
PHX,2025-10-04 22:51,-112.0116,33.4343,337.00,88.00,31.00,13.00,270.00,8.00,0.00,29.72,1004.60,10.00,M,CLR,M,M,M,M,M,M,M,M,M,M,M,M,M,M,84.24,KPHX 042251Z 27008KT 10SM CLR 31/M01 A2972 RMK AO2 SLP046 T03111006,M
PHX,2025-10-04 23:51,-112.0116,33.4343,337.00,86.00,26.00,11.28,300.00,11.00,0.00,29.71,1004.30,10.00,22.00,CLR,M,M,M,M,M,M,M,M,M,M,M,M,M,M,82.35,KPHX 042351Z 30011G22KT 10SM CLR 30/M03 A2971 RMK AO2 SLP043 T03001033 10311 20272 56012,M
PHX,2025-10-05 00:51,-112.0116,33.4343,337.00,85.00,27.00,12.14,300.00,8.00,0.00,29.71,1004.20,10.00,M,CLR,M,M,M,M,M,M,M,M,M,M,M,M,M,M,81.72,KPHX 050051Z 30008KT 10SM CLR 29/M03 A2971 RMK AO2 SLP042 T02941028,M
PHX,2025-10-05 01:51,-112.0116,33.4343,337.00,83.00,29.00,14.06,280.00,8.00,0.00,29.71,1004.50,10.00,M,CLR,M,M,M,M,M,M,M,M,M,M,M,M,M,M,80.37,KPHX 050151Z 28008KT 10SM CLR 28/M02 A2971 RMK AO2 SLP045 T02831017,M
PHX,2025-10-05 02:51,-112.0116,33.4343,337.00,83.00,29.00,14.06,290.00,6.00,0.00,29.72,1004.70,10.00,M,CLR,M,M,M,M,M,M,M,M,M,M,M,M,M,M,80.37,KPHX 050251Z 29006KT 10SM CLR 28/M02 A2972 RMK AO2 SLP047 T02831017 53002,M
PHX,2025-10-05 03:51,-112.0116,33.4343,337.00,79.00,33.00,18.83,270.00,3.00,0.00,29.72,1004.80,10.00,M,CLR,M,M,M,M,M,M,M,M,M,M,M,M,M,M,79.00,KPHX 050351Z 27003KT 10SM CLR 26/01 A2972 RMK AO2 SLP048 T02610006,M
PHX,2025-10-05 04:51,-112.0116,33.4343,337.00,76.00,39.00,26.36,240.00,4.00,0.00,29.73,1005.10,10.00,M,CLR,M,M,M,M,M,M,M,M,M,M,M,M,M,M,76.00,KPHX 050451Z 24004KT 10SM CLR 24/04 A2973 RMK AO2 SLP051 T02440039,M
PHX,2025-10-05 05:51,-112.0116,33.4343,337.00,74.00,38.00,27.10,230.00,4.00,0.00,29.73,1005.30,10.00,M,CLR,M,M,M,M,M,M,M,M,M,M,M,M,M,M,74.00,KPHX 050551Z 23004KT 10SM CLR 23/03 A2973 RMK AO2 SLP053 T02330033 10300 20233 53006,M
PHX,2025-10-05 06:51,-112.0116,33.4343,337.00,74.00,36.00,25.04,0.00,0.00,0.00,29.74,1005.40,10.00,M,CLR,M,M,M,M,M,M,M,M,M,M,M,M,M,M,74.00,KPHX 050651Z 00000KT 10SM CLR 23/02 A2974 RMK AO2 SLP054 T02330022 403110222,M
PHX,2025-10-05 07:51,-112.0116,33.4343,337.00,73.00,39.00,29.14,100.00,3.00,0.00,29.73,1005.20,10.00,M,CLR,M,M,M,M,M,M,M,M,M,M,M,M,M,M,73.00,KPHX 050751Z 10003KT 10SM CLR 23/04 A2973 RMK AO2 SLP052 T02280039,M
PHX,2025-10-05 08:51,-112.0116,33.4343,337.00,71.00,39.00,31.18,90.00,6.00,0.00,29.74,1005.50,10.00,M,CLR,M,M,M,M,M,M,M,M,M,M,M,M,M,M,71.00,KPHX 050851Z 09006KT 10SM CLR 22/04 A2974 RMK AO2 SLP055 T02170039 53003,M
PHX,2025-10-05 09:51,-112.0116,33.4343,337.00,69.00,42.00,37.50,110.00,4.00,0.00,29.74,1005.50,10.00,M,CLR,M,M,M,M,M,M,M,M,M,M,M,M,M,M,69.00,KPHX 050951Z 11004KT 10SM CLR 21/06 A2974 RMK AO2 SLP055 T02060056,M
PHX,2025-10-05 10:51,-112.0116,33.4343,337.00,69.00,38.00,32.10,90.00,4.00,0.00,29.75,1005.60,10.00,M,CLR,M,M,M,M,M,M,M,M,M,M,M,M,M,M,69.00,KPHX 051051Z 09004KT 10SM CLR 21/03 A2975 RMK AO2 SLP056 T02060033,M
PHX,2025-10-05 11:51,-112.0116,33.4343,337.00,68.00,40.00,35.92,110.00,4.00,0.00,29.75,1005.70,10.00,M,CLR,M,M,M,M,M,M,M,M,M,M,M,M,M,M,68.00,KPHX 051151Z 11004KT 10SM CLR 20/04 A2975 RMK AO2 SLP057 T02000044 10239 20194 53001,M
PHX,2025-10-05 12:51,-112.0116,33.4343,337.00,67.00,37.00,33.05,120.00,4.00,0.00,29.76,1006.10,10.00,M,CLR,M,M,M,M,M,M,M,M,M,M,M,M,M,M,67.00,KPHX 051251Z 12004KT 10SM CLR 19/03 A2976 RMK AO2 SLP061 T01940028,M
PHX,2025-10-05 13:51,-112.0116,33.4343,337.00,67.00,37.00,33.05,110.00,5.00,0.00,29.77,1006.60,10.00,M,CLR,M,M,M,M,M,M,M,M,M,M,M,M,M,M,67.00,KPHX 051351Z 11005KT 10SM CLR 19/03 A2977 RMK AO2 SLP066 T01940028,M
PHX,2025-10-05 14:51,-112.0116,33.4343,337.00,70.00,38.00,31.02,100.00,7.00,0.00,29.78,1007.00,10.00,M,CLR,M,M,M,M,M,M,M,M,M,M,M,M,M,M,70.00,KPHX 051451Z 10007KT 10SM CLR 21/03 A2978 RMK AO2 SLP070 T02110033 53012,M
PHX,2025-10-05 15:51,-112.0116,33.4343,337.00,74.00,35.00,24.07,110.00,5.00,0.00,29.80,1007.50,10.00,M,CLR,M,M,M,M,M,M,M,M,M,M,M,M,M,M,74.00,KPHX 051551Z 11005KT 10SM CLR 23/02 A2980 RMK AO2 SLP075 T02330017,M
PHX,2025-10-05 16:51,-112.0116,33.4343,337.00,78.00,35.00,21.07,110.00,6.00,0.00,29.80,1007.60,10.00,M,CLR,M,M,M,M,M,M,M,M,M,M,M,M,M,M,78.00,KPHX 051651Z 11006KT 10SM CLR 26/02 A2980 RMK AO2 SLP076 T02560017,M
PHX,2025-10-05 17:51,-112.0116,33.4343,337.00,80.00,34.00,18.96,0.00,0.00,0.00,29.79,1007.30,10.00,M,CLR,M,M,M,M,M,M,M,M,M,M,M,M,M,M,78.59,KPHX 051751Z 00000KT 10SM CLR 27/01 A2979 RMK AO2 SLP073 T02670011 10272 20194 50003,M
PHX,2025-10-05 18:51,-112.0116,33.4343,337.00,82.00,33.00,17.07,60.00,3.00,0.00,29.78,1006.90,10.00,M,CLR,M,M,M,M,M,M,M,M,M,M,M,M,M,M,79.75,KPHX 051851Z 06003KT 10SM CLR 28/01 A2978 RMK AO2 SLP069 T02780006,M
PHX,2025-10-05 19:51,-112.0116,33.4343,337.00,84.00,31.00,14.77,0.00,0.00,0.00,29.76,1005.90,10.00,M,CLR,M,M,M,M,M,M,M,M,M,M,M,M,M,M,81.12,KPHX 051951Z 00000KT 10SM CLR 29/M01 A2976 RMK AO2 SLP059 T02891006,M
PHX,2025-10-05 20:51,-112.0116,33.4343,337.00,88.00,31.00,13.00,180.00,5.00,0.00,29.73,1005.20,10.00,M,CLR,M,M,M,M,M,M,M,M,M,M,M,M,M,M,84.24,KPHX 052051Z 18005KT 10SM CLR 31/M01 A2973 RMK AO2 SLP052 T03111006 58019,M
PHX,2025-10-05 21:51,-112.0116,33.4343,337.00,87.00,31.00,13.42,0.00,0.00,0.00,29.72,1004.70,10.00,M,CLR,M,M,M,M,M,M,M,M,M,M,M,M,M,M,83.43,KPHX 052151Z 00000KT 10SM CLR 31/M01 A2972 RMK AO2 SLP047 T03061006,M
PHX,2025-10-05 22:51,-112.0116,33.4343,337.00,87.00,30.00,12.88,260.00,4.00,0.00,29.71,1004.50,10.00,M,CLR,M,M,M,M,M,M,M,M,M,M,M,M,M,M,83.41,KPHX 052251Z 26004KT 10SM CLR 31/M01 A2971 RMK AO2 SLP045 T03061011,M
PHX,2025-10-05 23:51,-112.0116,33.4343,337.00,87.00,30.00,12.88,270.00,4.00,0.00,29.70,1004.30,10.00,M,CLR,M,M,M,M,M,M,M,M,M,M,M,M,M,M,83.41,KPHX 052351Z 27004KT 10SM CLR 31/M01 A2970 RMK AO2 SLP043 T03061011 10317 20261 56010,M
PHX,2025-10-06 00:51,-112.0116,33.4343,337.00,86.00,30.00,13.30,230.00,4.00,0.00,29.71,1004.30,10.00,M,CLR,M,M,M,M,M,M,M,M,M,M,M,M,M,M,82.64,KPHX 060051Z 23004KT 10SM CLR 30/M01 A2971 RMK AO2 SLP043 T03001011,M
PHX,2025-10-06 01:51,-112.0116,33.4343,337.00,84.00,31.00,14.77,260.00,3.00,0.00,29.71,1004.60,10.00,M,CLR,M,M,M,M,M,M,M,M,M,M,M,M,M,M,81.12,KPHX 060151Z 26003KT 10SM CLR 29/M01 A2971 RMK AO2 SLP046 T02891006,M
PHX,2025-10-06 02:51,-112.0116,33.4343,337.00,81.00,38.00,21.51,0.00,0.00,0.00,29.73,1005.10,10.00,M,CLR,M,M,M,M,M,M,M,M,M,M,M,M,M,M,79.28,KPHX 060251Z 00000KT 10SM CLR 27/03 A2973 RMK AO2 SLP051 T02720033 53008,M
PHX,2025-10-06 03:51,-112.0116,33.4343,337.00,78.00,42.00,27.72,230.00,3.00,0.00,29.74,1005.60,10.00,M,CLR,M,M,M,M,M,M,M,M,M,M,M,M,M,M,78.00,KPHX 060351Z 23003KT 10SM CLR 26/06 A2974 RMK AO2 SLP056 T02560056,M
PHX,2025-10-06 04:51,-112.0116,33.4343,337.00,78.00,37.00,22.81,0.00,0.00,0.00,29.74,1005.50,10.00,M,CLR,M,M,M,M,M,M,M,M,M,M,M,M,M,M,78.00,KPHX 060451Z 00000KT 10SM CLR 26/03 A2974 RMK AO2 SLP055 T02560028,M
PHX,2025-10-06 05:51,-112.0116,33.4343,337.00,77.00,37.00,23.58,120.00,4.00,0.00,29.75,1005.70,10.00,M,CLR,M,M,M,M,M,M,M,M,M,M,M,M,M,M,77.00,KPHX 060551Z 12004KT 10SM CLR 25/03 A2975 RMK AO2 SLP057 T02500028 10311 20244 51006,M
PHX,2025-10-06 06:51,-112.0116,33.4343,337.00,74.00,39.00,28.18,110.00,4.00,0.00,29.75,1005.90,10.00,M,CLR,M,M,M,M,M,M,M,M,M,M,M,M,M,M,74.00,KPHX 060651Z 11004KT 10SM CLR 23/04 A2975 RMK AO2 SLP059 T02330039 403170194,M
PHX,2025-10-06 07:51,-112.0116,33.4343,337.00,72.00,39.00,30.14,120.00,3.00,0.00,29.75,1006.00,10.00,M,CLR,M,M,M,M,M,M,M,M,M,M,M,M,M,M,72.00,KPHX 060751Z 12003KT 10SM CLR 22/04 A2975 RMK AO2 SLP060 T02220039,M
PHX,2025-10-06 08:51,-112.0116,33.4343,337.00,71.00,39.00,31.18,130.00,4.00,0.00,29.76,1006.00,10.00,M,CLR,M,M,M,M,M,M,M,M,M,M,M,M,M,M,71.00,KPHX 060851Z 13004KT 10SM CLR 22/04 A2976 RMK AO2 SLP060 T02170039 52003,M
PHX,2025-10-06 09:51,-112.0116,33.4343,337.00,69.00,39.00,33.38,100.00,3.00,0.00,29.75,1005.90,10.00,M,CLR,M,M,M,M,M,M,M,M,M,M,M,M,M,M,69.00,KPHX 060951Z 10003KT 10SM CLR 21/04 A2975 RMK AO2 SLP059 T02060039,M
PHX,2025-10-06 10:51,-112.0116,33.4343,337.00,68.00,39.00,34.54,110.00,3.00,0.00,29.75,1005.90,10.00,M,CLR,M,M,M,M,M,M,M,M,M,M,M,M,M,M,68.00,KPHX 061051Z 11003KT 10SM CLR 20/04 A2975 RMK AO2 SLP059 T02000039,M
PHX,2025-10-06 11:51,-112.0116,33.4343,337.00,67.00,40.00,37.17,0.00,0.00,0.00,29.76,1006.10,10.00,M,CLR,M,M,M,M,M,M,M,M,M,M,M,M,M,M,67.00,KPHX 061151Z 00000KT 10SM CLR 19/04 A2976 RMK AO2 SLP061 T01940044 10250 20194 53001,M
PHX,2025-10-06 12:51,-112.0116,33.4343,337.00,66.00,40.00,38.48,0.00,0.00,0.00,29.77,1006.50,10.00,M,CLR,M,M,M,M,M,M,M,M,M,M,M,M,M,M,66.00,KPHX 061251Z 00000KT 10SM CLR 19/04 A2977 RMK AO2 SLP065 T01890044,M
PHX,2025-10-06 13:51,-112.0116,33.4343,337.00,67.00,39.00,35.75,120.00,4.00,0.00,29.79,1007.20,10.00,M,CLR,M,M,M,M,M,M,M,M,M,M,M,M,M,M,67.00,KPHX 061351Z 12004KT 10SM CLR 19/04 A2979 RMK AO2 SLP072 T01940039,M
PHX,2025-10-06 14:51,-112.0116,33.4343,337.00,71.00,38.00,29.98,110.00,6.00,0.00,29.81,1007.90,10.00,M,CLR,M,M,M,M,M,M,M,M,M,M,M,M,M,M,71.00,KPHX 061451Z 11006KT 10SM CLR 22/03 A2981 RMK AO2 SLP079 T02170033 53017,M
PHX,2025-10-06 15:51,-112.0116,33.4343,337.00,77.00,36.00,22.66,110.00,8.00,0.00,29.83,1008.60,10.00,M,CLR,M,M,M,M,M,M,M,M,M,M,M,M,M,M,77.00,KPHX 061551Z 11008KT 10SM CLR 25/02 A2983 RMK AO2 SLP086 T02500022,M
PHX,2025-10-06 16:51,-112.0116,33.4343,337.00,80.00,35.00,19.74,100.00,8.00,0.00,29.84,1008.70,10.00,M,CLR,M,M,M,M,M,M,M,M,M,M,M,M,M,M,78.63,KPHX 061651Z 10008KT 10SM CLR 27/02 A2984 RMK AO2 SLP087 T02670017,M
PHX,2025-10-06 17:51,-112.0116,33.4343,337.00,83.00,35.00,17.91,M,4.00,0.00,29.82,1008.20,10.00,M,CLR,M,M,M,M,M,M,M,M,M,M,M,M,M,M,80.47,KPHX 061751Z VRB04KT 10SM CLR 28/02 A2982 RMK AO2 SLP082 T02830017 10289 20189 50004,M
PHX,2025-10-06 18:51,-112.0116,33.4343,337.00,85.00,33.00,15.50,0.00,0.00,0.00,29.81,1007.70,10.00,M,CLR,M,M,M,M,M,M,M,M,M,M,M,M,M,M,81.89,KPHX 061851Z 00000KT 10SM CLR 29/01 A2981 RMK AO2 SLP077 T02940006,M
PHX,2025-10-06 19:51,-112.0116,33.4343,337.00,89.00,32.00,13.12,M,3.00,0.00,29.78,1006.80,10.00,M,CLR,M,M,M,M,M,M,M,M,M,M,M,M,M,M,85.07,KPHX 061951Z VRB03KT 10SM CLR 32/00 A2978 RMK AO2 SLP068 T03170000,M
PHX,2025-10-06 20:51,-112.0116,33.4343,337.00,92.00,32.00,11.94,210.00,4.00,0.00,29.76,1006.00,10.00,M,CLR,M,M,M,M,M,M,M,M,M,M,M,M,M,M,87.38,KPHX 062051Z 21004KT 10SM CLR 33/00 A2976 RMK AO2 SLP060 T03330000 58021,M
PHX,2025-10-06 21:51,-112.0116,33.4343,337.00,92.00,31.00,11.47,50.00,3.00,0.00,29.75,1005.50,10.00,M,FEW,M,M,M,9000.00,M,M,M,M,M,M,M,M,M,M,87.26,KPHX 062151Z 05003KT 10SM FEW090 33/M01 A2975 RMK AO2 SLP055 T03331006,M
PHX,2025-10-06 22:51,-112.0116,33.4343,337.00,93.00,28.00,9.84,240.00,7.00,0.00,29.74,1005.20,10.00,M,FEW,FEW,M,M,9000.00,25000.00,M,M,M,M,M,M,M,M,M,87.71,KPHX 062251Z 24007KT 10SM FEW090 FEW250 34/M02 A2974 RMK AO2 SLP052 T03391022,M
PHX,2025-10-06 23:51,-112.0116,33.4343,337.00,93.00,26.00,9.06,0.00,0.00,0.00,29.74,1005.30,10.00,M,FEW,FEW,M,M,9000.00,25000.00,M,M,M,M,M,M,M,M,M,87.52,KPHX 062351Z 00000KT 10SM FEW090 FEW250 34/M03 A2974 RMK AO2 SLP053 T03391033 10344 20278 56008,M
PHX,2025-10-07 00:51,-112.0116,33.4343,337.00,91.00,25.00,9.25,70.00,3.00,0.00,29.73,1005.00,10.00,M,FEW,M,M,M,25000.00,M,M,M,M,M,M,M,M,M,M,85.94,KPHX 070051Z 07003KT 10SM FEW250 33/M04 A2973 RMK AO2 SLP050 T03281039,M
PHX,2025-10-07 01:51,-112.0116,33.4343,337.00,88.00,30.00,12.48,0.00,0.00,0.00,29.74,1005.40,10.00,M,CLR,M,M,M,M,M,M,M,M,M,M,M,M,M,M,84.14,KPHX 070151Z 00000KT 10SM CLR 31/M01 A2974 RMK AO2 SLP054 T03111011,M
PHX,2025-10-07 02:51,-112.0116,33.4343,337.00,88.00,32.00,13.54,350.00,4.00,0.00,29.75,1005.70,10.00,M,CLR,M,M,M,M,M,M,M,M,M,M,M,M,M,M,84.24,KPHX 070251Z 35004KT 10SM CLR 31/00 A2975 RMK AO2 SLP057 T03110000 53005,M
PHX,2025-10-07 03:51,-112.0116,33.4343,337.00,81.00,38.00,21.51,230.00,3.00,0.00,29.77,1006.30,10.00,M,CLR,M,M,M,M,M,M,M,M,M,M,M,M,M,M,79.28,KPHX 070351Z 23003KT 10SM CLR 27/03 A2977 RMK AO2 SLP063 T02720033,M
PHX,2025-10-07 04:51,-112.0116,33.4343,337.00,80.00,38.00,22.22,260.00,3.00,0.00,29.78,1006.70,10.00,M,CLR,M,M,M,M,M,M,M,M,M,M,M,M,M,M,78.74,KPHX 070451Z 26003KT 10SM CLR 27/03 A2978 RMK AO2 SLP067 T02670033,M
PHX,2025-10-07 05:51,-112.0116,33.4343,337.00,77.00,40.00,26.52,0.00,0.00,0.00,29.79,1007.00,10.00,M,CLR,M,M,M,M,M,M,M,M,M,M,M,M,M,M,77.00,KPHX 070551Z 00000KT 10SM CLR 25/04 A2979 RMK AO2 SLP070 T02500044 10339 20250 51012,M
PHX,2025-10-07 06:51,-112.0116,33.4343,337.00,76.00,45.00,33.22,0.00,0.00,0.00,29.78,1006.80,10.00,M,CLR,M,M,M,M,M,M,M,M,M,M,M,M,M,M,76.00,KPHX 070651Z 00000KT 10SM CLR 24/07 A2978 RMK AO2 SLP068 T02440072 403440189,M
PHX,2025-10-07 07:51,-112.0116,33.4343,337.00,74.00,42.00,31.66,100.00,5.00,0.00,29.78,1006.80,10.00,M,CLR,M,M,M,M,M,M,M,M,M,M,M,M,M,M,74.00,KPHX 070751Z 10005KT 10SM CLR 23/06 A2978 RMK AO2 SLP068 T02330056,M
PHX,2025-10-07 08:51,-112.0116,33.4343,337.00,72.00,46.00,39.45,0.00,0.00,0.00,29.79,1007.00,10.00,M,CLR,M,M,M,M,M,M,M,M,M,M,M,M,M,M,72.00,KPHX 070851Z 00000KT 10SM CLR 22/08 A2979 RMK AO2 SLP070 T02220078 53001,M
PHX,2025-10-07 09:51,-112.0116,33.4343,337.00,72.00,43.00,35.19,0.00,0.00,0.00,29.79,1006.90,10.00,M,CLR,M,M,M,M,M,M,M,M,M,M,M,M,M,M,72.00,KPHX 070951Z 00000KT 10SM CLR 22/06 A2979 RMK AO2 SLP069 T02220061,M
PHX,2025-10-07 10:51,-112.0116,33.4343,337.00,70.00,43.00,37.66,140.00,3.00,0.00,29.79,1007.10,10.00,M,CLR,M,M,M,M,M,M,M,M,M,M,M,M,M,M,70.00,KPHX 071051Z 14003KT 10SM CLR 21/06 A2979 RMK AO2 SLP071 T02110061,M
PHX,2025-10-07 11:51,-112.0116,33.4343,337.00,70.00,39.00,32.26,80.00,6.00,0.00,29.80,1007.50,10.00,M,CLR,M,M,M,M,M,M,M,M,M,M,M,M,M,M,70.00,KPHX 071151Z 08006KT 10SM CLR 21/04 A2980 RMK AO2 SLP075 T02110039 10256 20206 53005,M
PHX,2025-10-07 12:51,-112.0116,33.4343,337.00,69.00,39.00,33.38,100.00,3.00,0.00,29.82,1008.00,10.00,M,CLR,M,M,M,M,M,M,M,M,M,M,M,M,M,M,69.00,KPHX 071251Z 10003KT 10SM CLR 21/04 A2982 RMK AO2 SLP080 T02060039,M
PHX,2025-10-07 13:51,-112.0116,33.4343,337.00,68.00,40.00,35.92,80.00,3.00,0.00,29.83,1008.50,10.00,M,FEW,M,M,M,13000.00,M,M,M,M,M,M,M,M,M,M,68.00,KPHX 071351Z 08003KT 10SM FEW130 20/04 A2983 RMK AO2 SLP085 T02000044,M
PHX,2025-10-07 14:51,-112.0116,33.4343,337.00,72.00,37.00,27.86,70.00,4.00,0.00,29.84,1008.90,10.00,M,FEW,M,M,M,13000.00,M,M,M,M,M,M,M,M,M,M,72.00,KPHX 071451Z 07004KT 10SM FEW130 22/03 A2984 RMK AO2 SLP089 T02220028 53013,M
PHX,2025-10-07 15:51,-112.0116,33.4343,337.00,78.00,37.00,22.81,80.00,6.00,0.00,29.87,1009.70,10.00,M,FEW,FEW,M,M,2000.00,13000.00,M,M,M,M,M,M,M,M,M,78.00,KPHX 071551Z 08006KT 10SM FEW020 FEW130 26/03 A2987 RMK AO2 SLP097 FU VC SW FEW020 T02560028,M
PHX,2025-10-07 16:51,-112.0116,33.4343,337.00,83.00,38.00,20.16,120.00,5.00,0.00,29.87,1009.70,10.00,M,FEW,FEW,M,M,2000.00,13000.00,M,M,M,M,M,M,M,M,M,80.56,KPHX 071651Z 12005KT 10SM FEW020 FEW130 28/03 A2987 RMK AO2 SLP097 FU DSNT SW-W FEW020 T02830033,M
PHX,2025-10-07 17:51,-112.0116,33.4343,337.00,88.00,36.00,15.88,M,5.00,0.00,29.86,1009.40,10.00,M,FEW,FEW,M,M,3000.00,14000.00,M,M,M,M,M,M,M,M,M,84.30,KPHX 071751Z VRB05KT 10SM FEW030 FEW140 31/02 A2986 RMK AO2 SLP094 FU DSNT SW-W FEW030 T03110022 10311 20194 50006,M
PHX,2025-10-07 18:51,-112.0116,33.4343,337.00,91.00,34.00,13.35,70.00,4.00,0.00,29.84,1008.70,10.00,M,FEW,M,M,M,14000.00,M,M,M,M,M,M,M,M,M,M,86.79,KPHX 071851Z 07004KT 10SM FEW140 33/01 A2984 RMK AO2 SLP087 T03280011,M
PHX,2025-10-07 19:51,-112.0116,33.4343,337.00,92.00,33.00,12.43,70.00,4.00,0.00,29.82,1008.00,10.00,M,FEW,M,M,M,14000.00,M,M,M,M,M,M,M,M,M,M,87.51,KPHX 071951Z 07004KT 10SM FEW140 33/01 A2982 RMK AO2 SLP080 T03330006,M
PHX,2025-10-07 20:51,-112.0116,33.4343,337.00,97.00,33.00,10.66,170.00,5.00,0.00,29.80,1007.30,10.00,M,FEW,FEW,FEW,M,9000.00,14000.00,23000.00,M,M,M,M,M,M,M,M,91.50,KPHX 072051Z 17005KT 10SM FEW090 FEW140 FEW230 36/01 A2980 RMK AO2 SLP073 T03610006 58020,M
PHX,2025-10-07 21:51,-112.0116,33.4343,337.00,98.00,33.00,10.35,0.00,0.00,0.00,29.79,1006.80,10.00,M,FEW,FEW,M,M,9000.00,14000.00,M,M,M,M,M,M,M,M,M,92.34,KPHX 072151Z 00000KT 10SM FEW090 FEW140 37/01 A2979 RMK AO2 SLP068 T03670006,M
PHX,2025-10-07 22:51,-112.0116,33.4343,337.00,97.00,32.00,10.24,0.00,0.00,0.00,29.78,1006.60,10.00,M,FEW,FEW,M,M,9000.00,14000.00,M,M,M,M,M,M,M,M,M,91.36,KPHX 072251Z 00000KT 10SM FEW090 FEW140 36/00 A2978 RMK AO2 SLP066 T03610000,M
PHX,2025-10-07 23:51,-112.0116,33.4343,337.00,97.00,29.00,9.07,200.00,4.00,0.00,29.78,1006.50,10.00,M,FEW,M,M,M,14000.00,M,M,M,M,M,M,M,M,M,M,90.99,KPHX 072351Z 20004KT 10SM FEW140 36/M02 A2978 RMK AO2 SLP065 T03611017 10372 20306 56008,M
PHX,2025-10-08 00:51,-112.0116,33.4343,337.00,96.00,30.00,9.74,0.00,0.00,0.00,29.78,1006.50,10.00,M,FEW,M,M,M,14000.00,M,M,M,M,M,M,M,M,M,M,90.28,KPHX 080051Z 00000KT 10SM FEW140 36/M01 A2978 RMK AO2 SLP065 T03561011,M
PHX,2025-10-08 01:51,-112.0116,33.4343,337.00,94.00,32.00,11.23,340.00,5.00,0.00,29.79,1006.90,10.00,M,CLR,M,M,M,M,M,M,M,M,M,M,M,M,M,M,88.94,KPHX 080151Z 34005KT 10SM CLR 34/00 A2979 RMK AO2 SLP069 T03440000,M
PHX,2025-10-08 02:51,-112.0116,33.4343,337.00,88.00,37.00,16.52,230.00,3.00,0.00,29.80,1007.40,10.00,M,CLR,M,M,M,M,M,M,M,M,M,M,M,M,M,M,84.32,KPHX 080251Z 23003KT 10SM CLR 31/03 A2980 RMK AO2 SLP074 T03110028 53007,M
PHX,2025-10-08 03:51,-112.0116,33.4343,337.00,85.00,38.00,18.91,0.00,0.00,0.00,29.82,1008.00,10.00,M,CLR,M,M,M,M,M,M,M,M,M,M,M,M,M,M,81.99,KPHX 080351Z 00000KT 10SM CLR 29/03 A2982 RMK AO2 SLP080 T02940033,M
PHX,2025-10-08 04:51,-112.0116,33.4343,337.00,83.00,37.00,19.38,220.00,3.00,0.00,29.83,1008.40,10.00,M,FEW,M,M,M,14000.00,M,M,M,M,M,M,M,M,M,M,80.53,KPHX 080451Z 22003KT 10SM FEW140 28/03 A2983 RMK AO2 SLP084 T02830028,M
PHX,2025-10-08 05:51,-112.0116,33.4343,337.00,82.00,41.00,23.41,0.00,0.00,0.00,29.84,1008.80,10.00,M,FEW,M,M,M,14000.00,M,M,M,M,M,M,M,M,M,M,80.04,KPHX 080551Z 00000KT 10SM FEW140 28/05 A2984 RMK AO2 SLP088 T02780050 10367 20278 51015,M
PHX,2025-10-08 06:51,-112.0116,33.4343,337.00,79.00,43.00,27.88,100.00,4.00,0.00,29.85,1008.80,10.00,M,CLR,M,M,M,M,M,M,M,M,M,M,M,M,M,M,79.00,KPHX 080651Z 10004KT 10SM CLR 26/06 A2985 RMK AO2 SLP088 T02610061 403720194,M
PHX,2025-10-08 07:51,-112.0116,33.4343,337.00,78.00,42.00,27.72,90.00,3.00,0.00,29.85,1009.00,10.00,M,CLR,M,M,M,M,M,M,M,M,M,M,M,M,M,M,78.00,KPHX 080751Z 09003KT 10SM CLR 26/06 A2985 RMK AO2 SLP090 T02560056,M
PHX,2025-10-08 08:51,-112.0116,33.4343,337.00,78.00,40.00,25.66,90.00,3.00,0.00,29.86,1009.10,10.00,M,CLR,M,M,M,M,M,M,M,M,M,M,M,M,M,M,78.00,KPHX 080851Z 09003KT 10SM CLR 26/04 A2986 RMK AO2 SLP091 T02560044 53005,M
PHX,2025-10-08 09:51,-112.0116,33.4343,337.00,74.00,40.00,29.30,100.00,7.00,0.00,29.85,1009.00,10.00,M,FEW,FEW,M,M,12000.00,15000.00,M,M,M,M,M,M,M,M,M,74.00,KPHX 080951Z 10007KT 10SM FEW120 FEW150 23/04 A2985 RMK AO2 SLP090 T02330044,M
PHX,2025-10-08 10:51,-112.0116,33.4343,337.00,75.00,40.00,28.34,110.00,7.00,0.00,29.86,1009.10,10.00,M,FEW,BKN,M,M,12000.00,21000.00,M,M,M,M,M,M,M,M,M,75.00,KPHX 081051Z 11007KT 10SM FEW120 BKN210 24/04 A2986 RMK AO2 SLP091 T02390044,M
PHX,2025-10-08 11:51,-112.0116,33.4343,337.00,75.00,39.00,27.25,110.00,7.00,0.00,29.87,1009.50,10.00,M,BKN,M,M,M,21000.00,M,M,M,M,M,M,M,M,M,M,75.00,KPHX 081151Z 11007KT 10SM BKN210 24/04 A2987 RMK AO2 SLP095 T02390039 10283 20228 53004,M
PHX,2025-10-08 12:51,-112.0116,33.4343,337.00,74.00,37.00,26.05,100.00,6.00,0.00,29.88,1010.10,10.00,M,BKN,M,M,M,20000.00,M,M,M,M,M,M,M,M,M,M,74.00,KPHX 081251Z 10006KT 10SM BKN200 23/03 A2988 RMK AO2 SLP101 T02330028,M
PHX,2025-10-08 13:51,-112.0116,33.4343,337.00,73.00,39.00,29.14,100.00,4.00,0.00,29.89,1010.50,10.00,M,SCT,BKN,M,M,14000.00,20000.00,M,M,M,M,M,M,M,M,M,73.00,KPHX 081351Z 10004KT 10SM SCT140 BKN200 23/04 A2989 RMK AO2 SLP105 T02280039,M
PHX,2025-10-08 14:51,-112.0116,33.4343,337.00,77.00,38.00,24.52,90.00,6.00,0.00,29.92,1011.30,10.00,M,SCT,BKN,BKN,M,12000.00,16000.00,21000.00,M,M,M,M,M,M,M,M,77.00,KPHX 081451Z 09006KT 10SM SCT120 BKN160 BKN210 25/03 A2992 RMK AO2 LTG DSNT E SLP113 T02500033 53016,M
PHX,2025-10-08 15:51,-112.0116,33.4343,337.00,82.00,36.00,19.24,130.00,5.00,0.00,29.93,1011.70,10.00,M,FEW,SCT,SCT,M,12000.00,16000.00,21000.00,M,M,M,M,M,M,M,M,79.83,KPHX 081551Z 13005KT 10SM FEW120 SCT160 SCT210 28/02 A2993 RMK AO2 SLP117 T02780022,M
PHX,2025-10-08 16:51,-112.0116,33.4343,337.00,86.00,37.00,17.61,90.00,8.00,0.00,29.94,1011.90,10.00,M,FEW,FEW,SCT,M,12000.00,15000.00,21000.00,M,M,M,M,M,M,M,M,82.72,KPHX 081651Z 09008KT 10SM FEW120 FEW150 SCT210 30/03 A2994 RMK AO2 SLP119 T03000028,M
PHX,2025-10-08 17:51,-112.0116,33.4343,337.00,88.00,38.00,17.19,70.00,6.00,0.00,29.93,1011.50,10.00,M,FEW,FEW,SCT,M,12000.00,15000.00,21000.00,M,M,M,M,M,M,M,M,84.35,KPHX 081751Z 07006KT 10SM FEW120 FEW150 SCT210 31/03 A2993 RMK AO2 SLP115 T03110033 10317 20228 50002,M
PHX,2025-10-08 18:51,-112.0116,33.4343,337.00,92.00,45.00,19.88,70.00,5.00,0.00,29.90,1010.70,10.00,M,SCT,SCT,M,M,15000.00,23000.00,M,M,M,M,M,M,M,M,M,88.28,KPHX 081851Z 07005KT 10SM SCT150 SCT230 33/07 A2990 RMK AO2 SLP107 T03330072,M
PHX,2025-10-08 19:51,-112.0116,33.4343,337.00,96.00,45.00,17.57,0.00,0.00,0.00,29.87,1009.50,10.00,M,SCT,SCT,M,M,15000.00,23000.00,M,M,M,M,M,M,M,M,M,92.08,KPHX 081951Z 00000KT 10SM SCT150 SCT230 36/07 A2987 RMK AO2 SLP095 T03560072,M
PHX,2025-10-08 20:51,-112.0116,33.4343,337.00,100.00,40.00,12.84,110.00,7.00,0.00,29.84,1008.50,10.00,M,FEW,SCT,BKN,M,13000.00,16000.00,23000.00,M,M,M,M,M,M,M,M,95.28,KPHX 082051Z 11007KT 10SM FEW130 SCT160 BKN230 38/04 A2984 RMK AO2 SLP085 T03780044 58027,M
PHX,2025-10-08 21:51,-112.0116,33.4343,337.00,100.00,42.00,13.88,0.00,0.00,0.00,29.83,1008.20,10.00,M,FEW,SCT,BKN,BKN,9000.00,12000.00,16000.00,23000.00,M,M,M,M,M,M,M,95.56,KPHX 082151Z 00000KT 10SM FEW090 SCT120 BKN160 BKN230 38/06 A2983 RMK AO2 SLP082 T03780056,M
PHX,2025-10-08 22:51,-112.0116,33.4343,337.00,100.00,42.00,13.88,0.00,0.00,0.00,29.82,1007.60,10.00,M,SCT,BKN,M,M,10000.00,14000.00,M,M,M,M,M,M,M,M,M,95.56,KPHX 082251Z 00000KT 10SM SCT100 BKN140 38/06 A2982 RMK AO2 SLP076 T03780056,M
PHX,2025-10-08 23:51,-112.0116,33.4343,337.00,99.00,43.00,14.86,M,4.00,0.00,29.81,1007.40,10.00,M,SCT,SCT,M,M,9000.00,13000.00,M,M,M,M,M,M,M,M,M,94.73,KPHX 082351Z VRB04KT 10SM SCT090 SCT130 37/06 A2981 RMK AO2 SLP074 T03720061 10389 20311 56012,M
PHX,2025-10-09 00:51,-112.0116,33.4343,337.00,97.00,44.00,16.41,0.00,0.00,0.00,29.81,1007.40,10.00,M,SCT,SCT,SCT,M,9000.00,13000.00,19000.00,M,M,M,M,M,M,M,M,92.92,KPHX 090051Z 00000KT 10SM SCT090 SCT130 SCT190 36/07 A2981 RMK AO2 SLP074 T03610067,M
PHX,2025-10-09 01:51,-112.0116,33.4343,337.00,95.00,45.00,18.12,350.00,6.00,0.00,29.81,1007.70,10.00,M,FEW,SCT,SCT,M,9000.00,13000.00,19000.00,M,M,M,M,M,M,M,M,91.11,KPHX 090151Z 35006KT 10SM FEW090 SCT130 SCT190 35/07 A2981 RMK AO2 SLP077 T03500072,M
PHX,2025-10-09 02:51,-112.0116,33.4343,337.00,94.00,45.00,18.68,0.00,0.00,0.00,29.83,1008.20,10.00,M,FEW,SCT,SCT,M,9000.00,13000.00,19000.00,M,M,M,M,M,M,M,M,90.16,KPHX 090251Z 00000KT 10SM FEW090 SCT130 SCT190 34/07 A2983 RMK AO2 SLP082 T03440072 53007,M
PHX,2025-10-09 03:51,-112.0116,33.4343,337.00,90.00,47.00,22.82,110.00,3.00,0.00,29.85,1008.80,10.00,M,FEW,SCT,M,M,13000.00,19000.00,M,M,M,M,M,M,M,M,M,86.67,KPHX 090351Z 11003KT 10SM FEW130 SCT190 32/08 A2985 RMK AO2 SLP088 T03220083,M
PHX,2025-10-09 04:51,-112.0116,33.4343,337.00,87.00,50.00,28.06,120.00,3.00,0.00,29.86,1009.10,10.00,M,FEW,FEW,M,M,13000.00,19000.00,M,M,M,M,M,M,M,M,M,84.44,KPHX 090451Z 12003KT 10SM FEW130 FEW190 31/10 A2986 RMK AO2 SLP091 T03060100,M
PHX,2025-10-09 05:51,-112.0116,33.4343,337.00,86.00,50.00,28.97,100.00,4.00,0.00,29.86,1009.30,10.00,M,FEW,M,M,M,13000.00,M,M,M,M,M,M,M,M,M,M,83.62,KPHX 090551Z 10004KT 10SM FEW130 30/10 A2986 RMK AO2 SLP093 T03000100 10378 20300 51010,M
PHX,2025-10-09 07:51,-112.0116,33.4343,337.00,86.00,51.00,30.06,100.00,4.00,0.00,29.87,1009.20,10.00,M,SCT,BKN,BKN,M,11000.00,13000.00,15000.00,M,M,M,M,M,M,M,M,83.76,KPHX 090751Z 10004KT 10SM SCT110 BKN130 BKN150 30/11 A2987 RMK AO2 SLP092 T03000106,M
PHX,2025-10-09 08:51,-112.0116,33.4343,337.00,85.00,54.00,34.66,170.00,5.00,0.00,29.88,1009.70,10.00,M,FEW,BKN,BKN,M,11000.00,13000.00,15000.00,M,M,M,M,M,M,M,M,83.46,KPHX 090851Z 17005KT 10SM FEW110 BKN130 BKN150 29/12 A2988 RMK AO2 SLP097 T02940122 53006,M
PHX,2025-10-09 09:51,-112.0116,33.4343,337.00,84.00,54.00,35.79,110.00,5.00,0.00,29.88,1009.60,10.00,M,SCT,BKN,BKN,M,11000.00,13000.00,15000.00,M,M,M,M,M,M,M,M,82.68,KPHX 090951Z 11005KT 10SM SCT110 BKN130 BKN150 29/12 A2988 RMK AO2 SLP096 T02890122,M
PHX,2025-10-09 10:51,-112.0116,33.4343,337.00,83.00,51.00,33.09,120.00,6.00,0.00,29.88,1009.80,10.00,M,SCT,SCT,BKN,BKN,10000.00,13000.00,16000.00,19000.00,M,M,M,M,M,M,M,81.51,KPHX 091051Z 12006KT 10SM SCT100 SCT130 BKN160 BKN190 28/11 A2988 RMK AO2 SLP098 T02830106,M
PHX,2025-10-09 11:51,-112.0116,33.4343,337.00,83.00,51.00,33.09,150.00,7.00,0.00,29.90,1010.40,10.00,M,SCT,BKN,M,M,10000.00,15000.00,M,M,M,M,M,M,M,M,M,81.51,KPHX 091151Z 15007KT 10SM SCT100 BKN150 28/11 A2990 RMK AO2 SLP104 T02830106 10311 20283 53007,M
PHX,2025-10-09 12:51,-112.0116,33.4343,337.00,82.00,52.00,35.47,130.00,5.00,0.00,29.91,1010.60,10.00,M,FEW,BKN,M,M,10000.00,14000.00,M,M,M,M,M,M,M,M,M,80.97,KPHX 091251Z 13005KT 10SM FEW100 BKN140 28/11 A2991 RMK AO2 SLP106 T02780111,M
PHX,2025-10-09 13:51,-112.0116,33.4343,337.00,82.00,54.00,38.17,120.00,6.00,0.00,29.93,1011.40,10.00,M,FEW,BKN,BKN,M,10000.00,15000.00,22000.00,M,M,M,M,M,M,M,M,81.25,KPHX 091351Z 12006KT 10SM FEW100 BKN150 BKN220 28/12 A2993 RMK AO2 SLP114 T02780122,M
PHX,2025-10-09 14:51,-112.0116,33.4343,337.00,84.00,58.00,41.36,120.00,6.00,0.00,29.94,1011.80,10.00,M,FEW,BKN,BKN,M,10000.00,14000.00,20000.00,M,M,M,M,M,M,M,M,83.51,KPHX 091451Z 12006KT 10SM FEW100 BKN140 BKN200 29/14 A2994 RMK AO2 SLP118 T02890144 53013,M
PHX,2025-10-09 15:51,-112.0116,33.4343,337.00,87.00,59.00,38.96,120.00,6.00,0.00,29.95,1012.10,10.00,M,FEW,BKN,BKN,M,12000.00,14000.00,20000.00,M,M,M,M,M,M,M,M,86.39,KPHX 091551Z 12006KT 10SM FEW120 BKN140 BKN200 31/15 A2995 RMK AO2 SLP121 T03060150,M
PHX,2025-10-09 16:51,-112.0116,33.4343,337.00,89.00,57.00,34.04,140.00,8.00,0.00,29.95,1012.20,10.00,M,SCT,BKN,BKN,M,12000.00,14000.00,22000.00,M,M,M,M,M,M,M,M,87.66,KPHX 091651Z 14008KT 10SM SCT120 BKN140 BKN220 32/14 A2995 RMK AO2 SLP122 T03170139,M
PHX,2025-10-09 17:51,-112.0116,33.4343,337.00,88.00,59.00,37.75,150.00,8.00,T,29.95,1012.30,10.00,M,FEW,BKN,BKN,BKN,6000.00,11000.00,14000.00,20000.00,-RA,M,M,M,M,M,M,87.33,KPHX 091751Z 15008KT 10SM -RA FEW060 BKN110 BKN140 BKN200 31/15 A2995 RMK AO2 RAB17E27B45 SLP123 P0000 60000 T03110150 10317 20278 50003,M
PHX,2025-10-09 18:51,-112.0116,33.4343,337.00,90.00,59.00,35.45,110.00,8.00,T,29.93,1011.60,10.00,M,FEW,BKN,BKN,M,10000.00,14000.00,20000.00,M,M,M,M,M,M,M,M,89.28,KPHX 091851Z 11008KT 10SM FEW100 BKN140 BKN200 32/15 A2993 RMK AO2 RAE12 SLP116 P0000 T03220150,M
PHX,2025-10-09 19:51,-112.0116,33.4343,337.00,92.00,59.00,33.31,130.00,7.00,0.00,29.93,1011.40,10.00,M,BKN,BKN,M,M,14000.00,20000.00,M,M,M,M,M,M,M,M,M,91.33,KPHX 091951Z 13007KT 10SM BKN140 BKN200 33/15 A2993 RMK AO2 SLP114 T03330150,M
PHX,2025-10-09 20:51,-112.0116,33.4343,337.00,90.00,60.00,36.73,140.00,14.00,T,29.92,1011.10,10.00,20.00,FEW,SCT,BKN,BKN,7000.00,9000.00,11000.00,14000.00,-RA,M,M,M,M,M,M,89.65,KPHX 092051Z 14014G20KT 10SM -RA FEW070 SCT090 BKN110 BKN140 OVC200 32/16 A2992 RMK AO2 RAB47 SLP111 P0000 60000 T03220156 56010,M
PHX,2025-10-09 21:51,-112.0116,33.4343,337.00,82.00,67.00,60.57,130.00,9.00,T,29.93,1011.70,9.00,M,SCT,BKN,OVC,M,9000.00,11000.00,14000.00,M,-RA,M,M,M,M,M,M,84.53,KPHX 092151Z 13009KT 9SM -RA SCT090 BKN110 OVC140 28/19 A2993 RMK AO2 SLP117 P0000 T02780194,M
PHX,2025-10-09 22:51,-112.0116,33.4343,337.00,80.00,69.00,69.23,110.00,12.00,0.01,29.92,1011.50,8.00,M,FEW,SCT,BKN,OVC,5500.00,7500.00,10000.00,14000.00,-RA,M,M,M,M,M,M,82.86,KPHX 092251Z 11012KT 8SM -RA FEW055 SCT075 BKN100 OVC140 27/21 A2992 RMK AO2 SLP115 P0001 T02670206,M
PHX,2025-10-09 23:51,-112.0116,33.4343,337.00,77.00,67.00,71.33,80.00,15.00,T,29.90,1010.90,10.00,M,FEW,SCT,BKN,BKN,5500.00,7500.00,10000.00,13000.00,-RA,M,M,M,M,M,M,77.00,KPHX 092351Z 08015KT 10SM -RA FEW055 SCT075 BKN100 BKN130 25/19 A2990 RMK AO2 SLP109 P0000 60001 T02500194 10333 20250 58005,M
PHX,2025-10-10 00:51,-112.0116,33.4343,337.00,80.00,66.00,62.44,20.00,8.00,T,29.91,1011.10,10.00,M,FEW,BKN,BKN,BKN,5500.00,9000.00,12000.00,16000.00,M,M,M,M,M,M,M,82.08,KPHX 100051Z 02008KT 10SM FEW055 BKN090 BKN120 BKN160 27/19 A2991 RMK AO2 RAE2356B37E47 SLP111 VIRGA P0000 T02670189,M
PHX,2025-10-10 01:51,-112.0116,33.4343,337.00,83.00,61.00,47.54,40.00,5.00,0.00,29.90,1010.70,10.00,M,SCT,BKN,BKN,M,9000.00,12000.00,16000.00,M,M,M,M,M,M,M,M,83.47,KPHX 100151Z 04005KT 10SM SCT090 BKN120 BKN160 28/16 A2990 RMK AO2 SLP107 T02830161,M
PHX,2025-10-10 02:51,-112.0116,33.4343,337.00,80.00,65.00,60.30,90.00,4.00,0.00,29.91,1011.10,10.00,M,FEW,BKN,BKN,OVC,9000.00,12000.00,16000.00,19000.00,M,M,M,M,M,M,M,81.84,KPHX 100251Z 09004KT 10SM FEW090 BKN120 BKN160 OVC190 27/18 A2991 RMK AO2 SLP111 60000 T02670183 53002,M
PHX,2025-10-10 03:51,-112.0116,33.4343,337.00,80.00,64.00,58.24,250.00,3.00,0.00,29.91,1011.10,10.00,M,FEW,SCT,BKN,OVC,7000.00,9000.00,12000.00,15000.00,M,M,M,M,M,M,M,81.62,KPHX 100351Z 25003KT 10SM FEW070 SCT090 BKN120 OVC150 27/18 A2991 RMK AO2 SLP111 OCNL LTGCG DSNT SW CB DSNT SW VCSH SW T02670178 $,M
PHX,2025-10-10 04:22,-112.0116,33.4343,337.00,78.00,68.00,71.43,260.00,8.00,T,29.93,M,8.00,M,FEW,BKN,BKN,OVC,7000.00,9000.00,11000.00,15000.00,-TSRA,M,M,M,M,M,M,78.00,KPHX 100422Z COR 26008KT 8SM -TSRA FEW070 BKN090CB BKN110 OVC150 26/20 A2993 RMK AO2 RAB21 OCNL LTGCGCC SW-W TS SW-W MOV NE P0000 T02560200 $,M
PHX,2025-10-10 04:29,-112.0116,33.4343,337.00,77.00,68.00,73.83,270.00,12.00,0.02,29.93,M,8.00,M,FEW,BKN,BKN,OVC,7000.00,9000.00,11000.00,15000.00,-TSRA,M,M,M,M,M,M,77.00,KPHX 100429Z 27012KT 8SM -TSRA FEW070 BKN090CB BKN110 OVC150 25/20 A2993 RMK AO2 RAB21 TSE23B24 OCNL LTGCGCC SW-W TS SW-W MOV NE P0002 T02500200 $,M
PHX,2025-10-10 04:41,-112.0116,33.4343,337.00,76.00,68.00,76.32,260.00,10.00,0.02,29.95,M,10.00,M,FEW,BKN,BKN,OVC,7000.00,9000.00,11000.00,15000.00,-TSRA,M,M,M,M,M,M,76.00,KPHX 100441Z 26010KT 10SM -TSRA FEW070 BKN090CB BKN110 OVC150 24/20 A2995 RMK AO2 RAB21 TSE23B24 OCNL LTGCGCCIC SW-W AND N TS SW-W AND N MOV NE P0002 T02440200 $,M
PHX,2025-10-10 04:51,-112.0116,33.4343,337.00,75.00,69.00,81.65,280.00,13.00,0.07,29.94,1012.30,6.00,M,FEW,BKN,BKN,OVC,7000.00,9000.00,11000.00,15000.00,-TSRA,M,M,M,M,M,M,75.00,KPHX 100451Z 28013KT 6SM -TSRA FEW070 BKN090CB BKN110 OVC150 24/21 A2994 RMK AO2 RAB21 TSE23B24 SLP123 OCNL LTGCGCCIC SW-W AND N TS SW-W AND N MOV NE P0007 T02390206 $,M
PHX,2025-10-10 05:51,-112.0116,33.4343,337.00,75.00,66.00,73.64,350.00,8.00,0.02,29.93,1011.90,10.00,18.00,SCT,BKN,OVC,M,6000.00,11000.00,15000.00,M,-TSRA,M,M,M,M,M,M,75.00,KPHX 100551Z 35008G18KT 10SM -TSRA SCT060CB BKN110 OVC150 24/19 A2993 RMK AO2 SLP119 FRQ LTGIC SE AND DSNT S TS SE MOV NE CB DSNT S P0002 60009 T02390189 10289 20233 50008 $,M
PHX,2025-10-10 06:51,-112.0116,33.4343,337.00,76.00,67.00,73.73,340.00,7.00,T,29.93,1011.80,10.00,M,SCT,BKN,OVC,M,5000.00,12000.00,15000.00,M,-TSRA,M,M,M,M,M,M,76.00,KPHX 100651Z 34007KT 310V020 10SM -TSRA SCT050CB BKN120 OVC150 24/19 A2993 RMK AO2 SLP118 FRQ LTGCGICCCCA S AND DSNT SW-W TS S MOV NE CB DSNT SW-W P0000 T02440194 403330233 $,M
PHX,2025-10-10 07:23,-112.0116,33.4343,337.00,74.00,68.00,81.58,340.00,9.00,0.01,29.94,M,9.00,21.00,SCT,BKN,OVC,M,5000.00,12000.00,15000.00,M,-TSRA,M,M,M,M,M,M,74.00,KPHX 100723Z 34009G21KT 9SM -TSRA SCT050CB BKN120 OVC150 23/20 A2994 RMK AO2 WSHFT 0703 FRQ LTGCGICCCCA S AND DSNT SW-W TS S MOV NE CB DSNT SW-W P0001 T02330200 $,M
PHX,2025-10-10 07:51,-112.0116,33.4343,337.00,72.00,69.00,90.30,10.00,10.00,0.19,29.94,1012.20,4.00,M,SCT,BKN,OVC,M,5000.00,12000.00,15000.00,M,-TSRA BR,M,M,M,M,M,M,72.00,KPHX 100751Z 01010KT 4SM -TSRA BR SCT050CB BKN120 OVC150 22/21 A2994 RMK AO2 WSHFT 0703 SLP122 FRQ LTGICCCCA N AND NW TS N AND NW MOV NE P0019 T02220206 $,M
PHX,2025-10-10 08:51,-112.0116,33.4343,337.00,77.00,67.00,71.33,300.00,12.00,0.06,29.95,1012.40,10.00,19.00,SCT,BKN,OVC,M,10000.00,12000.00,15000.00,M,-TSRA,M,M,M,M,M,M,77.00,KPHX 100851Z 30012G19KT 10SM -TSRA SCT100CB BKN120 OVC150 25/19 A2995 RMK AO2 PRESRR SLP124 FRQ LTGICCA W AND DSNT SW AND NW TS W MOV NE CB DSNT SW AND NW P0006 60025 T02500194 53006 $,M
PHX,2025-10-10 09:11,-112.0116,33.4343,337.00,73.00,69.00,87.31,270.00,9.00,T,29.95,M,10.00,M,SCT,BKN,OVC,M,10000.00,12000.00,15000.00,M,-TSRA,M,M,M,26.00,350.00,2025-10-10 08:59,73.00,KPHX 100911Z 27009KT 10SM -TSRA SCT100CB BKN120 OVC150 23/21 A2995 RMK AO2 PK WND 35026/0859 WSHFT 0851 FRQ LTGICCA NW TS NW MOV NE P0000 T02280206 $,M
PHX,2025-10-10 09:33,-112.0116,33.4343,337.00,74.00,69.00,84.43,300.00,8.00,T,29.94,M,10.00,M,SCT,BKN,OVC,M,10000.00,12000.00,15000.00,M,M,M,M,M,26.00,350.00,2025-10-10 08:59,74.00,KPHX 100933Z 30008KT 10SM SCT100 BKN120 OVC150 23/21 A2994 RMK AO2 PK WND 35026/0859 WSHFT 0851 RAE33 TSE33 FRQ LTGICCC DSNT W-NW CB DSNT W-NW P0000 T02330206 $,M
PHX,2025-10-10 09:51,-112.0116,33.4343,337.00,74.00,69.00,84.43,10.00,10.00,T,29.92,1011.50,10.00,M,SCT,BKN,OVC,M,10000.00,12000.00,15000.00,M,M,M,M,M,26.00,350.00,2025-10-10 08:59,74.00,KPHX 100951Z 01010KT 10SM SCT100 BKN120 OVC150 23/21 A2992 RMK AO2 PK WND 35026/0859 WSHFT 0851 RAE33 TSE33 PRESFR SLP115 FRQ LTGICCC DSNT W-NW CB DSNT W-NW P0000 T02330206 $,M
PHX,2025-10-10 10:51,-112.0116,33.4343,337.00,77.00,67.00,71.33,30.00,8.00,0.00,29.90,1010.70,10.00,21.00,BKN,BKN,BKN,M,15000.00,17000.00,19000.00,M,M,M,M,M,M,M,M,77.00,KPHX 101051Z 03008G21KT 10SM BKN150 BKN170 BKN190 25/19 A2990 RMK AO2 SLP107 T02500194 $,M
PHX,2025-10-10 11:51,-112.0116,33.4343,337.00,76.00,68.00,76.32,90.00,4.00,0.00,29.89,1010.60,10.00,M,FEW,BKN,BKN,M,12000.00,16000.00,19000.00,M,M,M,M,M,M,M,M,76.00,KPHX 101151Z 09004KT 10SM FEW120 BKN160 BKN190 24/20 A2989 RMK AO2 SLP106 60025 70035 T02440200 10250 20222 56021 $,M
PHX,2025-10-10 12:51,-112.0116,33.4343,337.00,76.00,68.00,76.32,0.00,0.00,0.00,29.89,1010.60,10.00,M,SCT,BKN,M,M,11000.00,16000.00,M,M,M,M,M,M,M,M,M,76.00,KPHX 101251Z 00000KT 10SM SCT110 BKN160 24/20 A2989 RMK AO2 SLP106 T02440200 $,M
PHX,2025-10-10 13:51,-112.0116,33.4343,337.00,75.00,69.00,81.65,250.00,3.00,T,29.88,1010.20,10.00,M,SCT,BKN,M,M,11000.00,16000.00,M,M,M,M,M,M,M,M,M,75.00,KPHX 101351Z 25003KT 10SM SCT110 BKN160 24/21 A2988 RMK AO2 RAB06E31 SLP102 P0000 T02390206 $,M
PHX,2025-10-10 14:51,-112.0116,33.4343,337.00,76.00,70.00,81.72,260.00,3.00,0.00,29.90,1010.80,10.00,M,FEW,BKN,OVC,M,11000.00,15000.00,21000.00,M,M,M,M,M,M,M,M,76.00,KPHX 101451Z 26003KT 10SM FEW110 BKN150 OVC210 24/21 A2990 RMK AO2 SLP108 60000 T02440211 53003 $,M
PHX,2025-10-10 15:51,-112.0116,33.4343,337.00,77.00,71.00,81.79,230.00,6.00,0.00,29.91,1011.20,10.00,M,FEW,BKN,OVC,M,11000.00,15000.00,21000.00,M,M,M,M,M,M,M,M,77.00,KPHX 101551Z 23006KT 10SM FEW110 BKN150 OVC210 25/22 A2991 RMK AO2 SLP112 T02500217,M
PHX,2025-10-10 16:51,-112.0116,33.4343,337.00,80.00,69.00,69.23,240.00,4.00,0.00,29.90,1011.10,10.00,M,FEW,BKN,OVC,M,9000.00,13000.00,17000.00,M,M,M,M,M,M,M,M,82.86,KPHX 101651Z 24004KT 10SM FEW090 BKN130 OVC170 27/21 A2990 RMK AO2 SLP111 SHRA DSNT NW T02670206 $,M
PHX,2025-10-10 17:51,-112.0116,33.4343,337.00,88.00,63.00,43.50,80.00,10.00,0.00,29.89,1010.50,10.00,M,FEW,BKN,BKN,M,12000.00,14000.00,17000.00,M,M,M,M,M,M,M,M,88.89,KPHX 101751Z 08010KT 10SM FEW120 BKN140 BKN170 31/17 A2989 RMK AO2 SLP105 60000 T03110172 10311 20233 58002,M
PHX,2025-10-10 18:51,-112.0116,33.4343,337.00,91.00,62.00,38.22,70.00,8.00,0.00,29.87,1009.70,10.00,M,BKN,BKN,BKN,M,13000.00,16000.00,21000.00,M,M,M,M,M,M,M,M,91.55,KPHX 101851Z 07008KT 10SM BKN130 BKN160 BKN210 33/17 A2987 RMK AO2 SLP097 T03280167,M
PHX,2025-10-10 19:51,-112.0116,33.4343,337.00,91.00,66.00,43.96,50.00,7.00,0.00,29.85,1008.90,10.00,M,SCT,BKN,BKN,M,12000.00,15000.00,23000.00,M,M,M,M,M,M,M,M,93.75,KPHX 101951Z 05007KT 10SM SCT120 BKN150 BKN230 33/19 A2985 RMK AO2 SLP089 CB DSNT N T03280189,M
PHX,2025-10-10 20:51,-112.0116,33.4343,337.00,93.00,62.00,35.92,40.00,11.00,0.00,29.82,1007.80,10.00,20.00,SCT,BKN,BKN,M,12000.00,15000.00,23000.00,M,M,M,M,M,M,M,M,93.71,KPHX 102051Z 04011G20KT 10SM SCT120 BKN150 BKN230 34/17 A2982 RMK AO2 SLP078 CB DSNT N T03390167 58024,M
PHX,2025-10-10 21:29,-112.0116,33.4343,337.00,91.00,65.00,42.46,350.00,10.00,0.00,29.81,M,10.00,M,SCT,BKN,BKN,M,12000.00,15000.00,25000.00,M,M,M,M,M,M,M,M,93.13,KPHX 102129Z 35010KT 10SM SCT120 BKN150 BKN250 33/18 A2981 RMK AO2 WSHFT 2110 T03280183,M
PHX,2025-10-10 21:51,-112.0116,33.4343,337.00,91.00,64.00,41.00,350.00,11.00,0.00,29.80,1007.10,10.00,M,FEW,SCT,BKN,OVC,8000.00,12000.00,15000.00,20000.00,M,M,M,M,M,M,M,92.56,KPHX 102151Z 35011KT 10SM FEW080 SCT120 BKN150 OVC200 33/18 A2980 RMK AO2 WSHFT 2110 SLP071 T03280178,M
PHX,2025-10-10 22:51,-112.0116,33.4343,337.00,92.00,63.00,38.38,20.00,10.00,0.00,29.78,1006.50,10.00,27.00,FEW,SCT,BKN,OVC,8000.00,12000.00,15000.00,20000.00,M,M,M,M,27.00,40.00,2025-10-10 22:48,93.12,KPHX 102251Z 02010G27KT 10SM FEW080 SCT120 BKN150 OVC200 33/17 A2978 RMK AO2 PK WND 04027/2248 SLP065 T03330172,M
PHX,2025-10-10 23:51,-112.0116,33.4343,337.00,89.00,64.00,43.65,310.00,8.00,0.00,29.76,1005.90,10.00,M,SCT,BKN,BKN,OVC,12000.00,15000.00,18000.00,25000.00,M,M,M,M,M,M,M,90.41,KPHX 102351Z 31008KT 10SM SCT120 BKN150 BKN180 OVC250 32/18 A2976 RMK AO2 SLP059 T03170178 10339 20311 56018,M
PHX,2025-10-11 00:51,-112.0116,33.4343,337.00,87.00,65.00,48.15,310.00,8.00,0.00,29.75,1005.70,10.00,M,SCT,BKN,BKN,BKN,12000.00,15000.00,18000.00,25000.00,M,M,M,M,M,M,M,88.84,KPHX 110051Z 31008KT 10SM SCT120 BKN150 BKN180 BKN250 31/18 A2975 RMK AO2 SLP057 T03060183,M
PHX,2025-10-11 01:51,-112.0116,33.4343,337.00,83.00,65.00,54.71,250.00,8.00,0.00,29.76,1006.00,10.00,M,FEW,BKN,BKN,OVC,8000.00,11000.00,15000.00,20000.00,M,M,M,M,M,M,M,84.79,KPHX 110151Z 25008KT 10SM FEW080 BKN110 BKN150 OVC200 28/18 A2976 RMK AO2 SLP060 T02830183,M
PHX,2025-10-11 02:51,-112.0116,33.4343,337.00,82.00,65.00,56.51,280.00,13.00,0.01,29.79,1007.20,10.00,M,FEW,BKN,BKN,BKN,8000.00,10000.00,14000.00,18000.00,M,M,M,M,M,M,M,83.81,KPHX 110251Z 28013KT 10SM FEW080 BKN100 BKN140 BKN180 28/18 A2979 RMK AO2 RAB19E43 SLP072 CB DSNT N P0001 60001 T02780183 53010,M
PHX,2025-10-11 03:51,-112.0116,33.4343,337.00,83.00,60.00,45.88,320.00,12.00,T,29.81,1007.70,10.00,20.00,FEW,SCT,BKN,BKN,8000.00,10000.00,14000.00,18000.00,M,M,M,M,37.00,330.00,2025-10-11 03:18,83.20,KPHX 110351Z 32012G20KT 10SM FEW080 SCT100 BKN140 BKN180 28/16 A2981 RMK AO2 PK WND 33037/0318 RAB11E27 SLP077 P0000 T02830156,M
PHX,2025-10-11 04:51,-112.0116,33.4343,337.00,82.00,60.00,47.39,330.00,9.00,0.00,29.81,1007.50,10.00,23.00,FEW,SCT,BKN,BKN,9000.00,11000.00,14000.00,18000.00,M,M,M,M,M,M,M,82.39,KPHX 110451Z 33009G23KT 10SM FEW090 SCT110 BKN140 BKN180 28/16 A2981 RMK AO2 SLP075 T02780156,M
PHX,2025-10-11 05:51,-112.0116,33.4343,337.00,80.00,61.00,52.40,300.00,10.00,0.00,29.80,1007.20,10.00,M,FEW,SCT,BKN,BKN,7000.00,10000.00,13000.00,16000.00,M,M,M,M,M,M,M,81.03,KPHX 110551Z 30010KT 10SM FEW070 SCT100 BKN130 BKN160 27/16 A2980 RMK AO2 SLP072 60001 T02670161 10317 20267 50002,M
PHX,2025-10-11 06:51,-112.0116,33.4343,337.00,77.00,65.00,66.55,240.00,9.00,T,29.79,1006.90,10.00,M,FEW,FEW,BKN,BKN,4700.00,7000.00,10000.00,13000.00,M,M,M,M,M,M,M,77.00,KPHX 110651Z 24009KT 10SM FEW047 FEW070 BKN100 BKN130 OVC160 25/18 A2979 RMK AO2 RAB16E39 SLP069 P0000 T02500183 403390222,M
PHX,2025-10-11 07:51,-112.0116,33.4343,337.00,78.00,61.00,55.95,290.00,23.00,T,29.85,1008.80,10.00,28.00,SCT,BKN,OVC,M,7000.00,10000.00,13000.00,M,M,M,M,M,28.00,290.00,2025-10-11 07:51,78.00,KPHX 110751Z 29023G28KT 10SM SCT070 BKN100 OVC130 26/16 A2985 RMK AO2 PK WND 29028/0751 RAB37E47 SLP088 P0000 T02560161,M
PHX,2025-10-11 08:51,-112.0116,33.4343,337.00,73.00,65.00,76.05,330.00,12.00,T,29.84,1008.70,10.00,25.00,FEW,SCT,BKN,BKN,3000.00,7000.00,9500.00,13000.00,M,M,M,M,32.00,310.00,2025-10-11 08:08,73.00,KPHX 110851Z 33012G25KT 10SM FEW030 SCT070 BKN095 BKN130 OVC150 23/18 A2984 RMK AO2 PK WND 31032/0808 RAB03E49 SLP087 P0000 60000 T02280183 53015,M
PHX,2025-10-11 09:51,-112.0116,33.4343,337.00,72.00,66.00,81.44,270.00,4.00,0.08,29.86,1009.50,7.00,M,FEW,BKN,BKN,OVC,5000.00,7000.00,9500.00,13000.00,M,M,M,M,M,M,M,72.00,KPHX 110951Z 27004KT 7SM FEW050 BKN070 BKN095 OVC130 22/19 A2986 RMK AO2 RAB0858E39 SLP095 P0008 T02220189,M
PHX,2025-10-11 09:54,-112.0116,33.4343,337.00,72.00,66.00,81.44,320.00,4.00,0.01,29.86,M,4.00,M,FEW,BKN,BKN,OVC,5000.00,7000.00,9500.00,13000.00,+RA,M,M,M,M,M,M,72.00,KPHX 110954Z 32004KT 4SM +RA FEW050 BKN070 BKN095 OVC130 22/19 A2986 RMK AO2 RAB52 P0001 T02220189,M
PHX,2025-10-11 10:51,-112.0116,33.4343,337.00,71.00,66.00,84.24,80.00,6.00,0.21,29.83,1008.50,7.00,M,FEW,BKN,OVC,M,3800.00,6000.00,10000.00,M,-RA,M,M,M,M,M,M,71.00,KPHX 111051Z 08006KT 7SM -RA FEW038 BKN060 OVC100 22/19 A2983 RMK AO2 RAB0952 SLP085 P0021 T02170189,M
PHX,2025-10-11 11:51,-112.0116,33.4343,337.00,70.00,68.00,93.38,120.00,9.00,0.15,29.84,1008.70,7.00,M,FEW,BKN,OVC,M,3800.00,6000.00,10000.00,M,-RA,M,M,M,M,M,M,70.00,KPHX 111151Z 12009KT 7SM -RA FEW038 BKN060 OVC100 21/20 A2984 RMK AO2 SLP087 P0015 60044 70045 T02110200 10267 20211 58003,M
PHX,2025-10-11 12:51,-112.0116,33.4343,337.00,69.00,67.00,93.36,90.00,12.00,0.07,29.82,1008.30,9.00,M,FEW,SCT,BKN,OVC,3000.00,6000.00,9000.00,13000.00,-RA,M,M,M,M,M,M,69.00,KPHX 111251Z 09012KT 9SM -RA FEW030 SCT060 BKN090 OVC130 21/19 A2982 RMK AO2 SLP083 P0007 T02060194,M
PHX,2025-10-11 13:51,-112.0116,33.4343,337.00,69.00,67.00,93.36,90.00,9.00,0.08,29.83,1008.40,5.00,M,FEW,SCT,OVC,M,1100.00,4700.00,10000.00,M,-RA,M,M,M,M,M,M,69.00,KPHX 111351Z 09009KT 5SM -RA FEW011 SCT047 OVC100 21/19 A2983 RMK AO2 SLP084 P0008 T02060194,M
PHX,2025-10-11 14:51,-112.0116,33.4343,337.00,70.00,68.00,93.38,90.00,8.00,0.07,29.83,1008.50,9.00,M,FEW,SCT,BKN,M,1300.00,7500.00,10000.00,M,-RA,M,M,M,M,M,M,70.00,KPHX 111451Z 09008KT 9SM -RA FEW013 SCT075 BKN100 21/20 A2983 RMK AO2 SLP085 P0007 60022 T02110200 55003,M
PHX,2025-10-11 15:51,-112.0116,33.4343,337.00,70.00,68.00,93.38,110.00,6.00,0.02,29.84,1009.00,6.00,M,FEW,BKN,OVC,M,1200.00,9000.00,12000.00,M,RA,M,M,M,M,M,M,70.00,KPHX 111551Z 11006KT 6SM RA FEW012 BKN090 OVC120 21/20 A2984 RMK AO2 SLP090 P0002 T02110200,M
PHX,2025-10-11 16:51,-112.0116,33.4343,337.00,71.00,69.00,93.41,120.00,6.00,0.02,29.85,1009.30,10.00,M,SCT,BKN,BKN,M,1000.00,5500.00,10000.00,M,-RA,M,M,M,M,M,M,71.00,KPHX 111651Z 12006KT 10SM -RA SCT010 BKN055 BKN100 22/21 A2985 RMK AO2 SLP093 P0002 T02170206,M
PHX,2025-10-11 17:02,-112.0116,33.4343,337.00,71.00,69.00,93.41,170.00,4.00,T,29.85,M,10.00,M,SCT,BKN,BKN,M,800.00,4000.00,9000.00,M,-RA,M,M,M,M,M,M,71.00,KPHX 111702Z 17004KT 10SM -RA SCT008 BKN040 BKN090 22/21 A2985 RMK AO2 P0000 T02170206,M
PHX,2025-10-11 17:37,-112.0116,33.4343,337.00,72.00,69.00,90.30,140.00,3.00,T,29.85,M,10.00,M,SCT,BKN,BKN,M,800.00,1700.00,7500.00,M,M,M,M,M,M,M,M,72.00,KPHX 111737Z 14003KT 10SM SCT008 BKN017 BKN075 22/21 A2985 RMK AO2 RAE15 P0000 T02220206,M
PHX,2025-10-11 17:42,-112.0116,33.4343,337.00,72.00,69.00,90.30,0.00,0.00,T,29.85,M,10.00,M,SCT,BKN,BKN,M,800.00,1300.00,7500.00,M,M,M,M,M,M,M,M,72.00,KPHX 111742Z 00000KT 10SM SCT008 BKN013 BKN075 22/21 A2985 RMK AO2 RAE15 P0000 T02220206,M
PHX,2025-10-11 17:51,-112.0116,33.4343,337.00,72.00,68.00,87.26,0.00,0.00,T,29.85,1009.40,10.00,M,FEW,BKN,BKN,M,500.00,1200.00,4500.00,M,M,M,M,M,M,M,M,72.00,KPHX 111751Z 00000KT 10SM FEW005 BKN012 BKN045 22/20 A2985 RMK AO2 RAE15 SLP094 VIRGA P0000 60026 T02220200 10222 20206 51009,M
PHX,2025-10-11 17:54,-112.0116,33.4343,337.00,72.00,68.00,87.26,150.00,4.00,0.00,29.86,M,10.00,M,FEW,BKN,BKN,M,500.00,1200.00,4500.00,M,M,M,M,M,M,M,M,72.00,KPHX 111754Z 15004KT 10SM FEW005 BKN012 BKN045 22/20 A2986 RMK AO2 VIRGA T02220200,M
PHX,2025-10-11 18:51,-112.0116,33.4343,337.00,73.00,68.00,84.37,70.00,3.00,0.00,29.83,1008.70,10.00,M,SCT,BKN,BKN,M,1200.00,4000.00,11000.00,M,M,M,M,M,M,M,M,73.00,KPHX 111851Z 07003KT 10SM SCT012 BKN040 BKN110 23/20 A2983 RMK AO2 SLP087 T02280200,M
PHX,2025-10-11 19:51,-112.0116,33.4343,337.00,76.00,69.00,78.98,30.00,3.00,0.00,29.81,1007.80,10.00,M,FEW,BKN,BKN,M,1500.00,6500.00,11000.00,M,M,M,M,M,M,M,M,76.00,KPHX 111951Z 03003KT 10SM FEW015 BKN065 BKN110 24/21 A2981 RMK AO2 SLP078 T02440206,M
PHX,2025-10-11 20:51,-112.0116,33.4343,337.00,78.00,70.00,76.49,M,4.00,0.00,29.78,1006.90,10.00,M,FEW,SCT,BKN,M,2800.00,6500.00,11000.00,M,M,M,M,M,M,M,M,78.00,KPHX 112051Z VRB04KT 10SM FEW028 SCT065 BKN110 26/21 A2978 RMK AO2 SLP069 T02560211 58024,M
PHX,2025-10-11 21:51,-112.0116,33.4343,337.00,80.00,69.00,69.23,90.00,3.00,0.00,29.77,1006.40,10.00,M,FEW,SCT,BKN,M,2800.00,6500.00,11000.00,M,M,M,M,M,M,M,M,82.86,KPHX 112151Z 09003KT 10SM FEW028 SCT065 BKN110 27/21 A2977 RMK AO2 SLP064 T02670206,M
PHX,2025-10-11 22:51,-112.0116,33.4343,337.00,81.00,67.00,62.56,0.00,0.00,0.00,29.75,1005.90,10.00,M,FEW,SCT,BKN,M,2800.00,6500.00,10000.00,M,M,M,M,M,M,M,M,83.44,KPHX 112251Z 00000KT 10SM FEW028 SCT065 BKN100 27/19 A2975 RMK AO2 SLP059 T02720194,M
PHX,2025-10-11 23:51,-112.0116,33.4343,337.00,81.00,65.00,58.37,0.00,0.00,0.00,29.73,1005.30,10.00,M,FEW,SCT,BKN,M,6000.00,11000.00,14000.00,M,M,M,M,M,M,M,M,82.83,KPHX 112351Z 00000KT 10SM FEW060 SCT110 BKN140 27/18 A2973 RMK AO2 SLP053 T02720183 10278 20222 58015,M
PHX,2025-10-12 00:51,-112.0116,33.4343,337.00,81.00,65.00,58.37,50.00,4.00,0.00,29.73,1005.20,10.00,M,FEW,SCT,SCT,M,6000.00,10000.00,15000.00,M,M,M,M,M,M,M,M,82.83,KPHX 120051Z 05004KT 10SM FEW060 SCT100 SCT150 27/18 A2973 RMK AO2 SLP052 T02720183,M
PHX,2025-10-12 01:51,-112.0116,33.4343,337.00,81.00,65.00,58.37,20.00,5.00,0.00,29.73,1005.40,10.00,M,FEW,BKN,BKN,M,6000.00,9000.00,15000.00,M,M,M,M,M,M,M,M,82.83,KPHX 120151Z 02005KT 10SM FEW060 BKN090 BKN150 27/18 A2973 RMK AO2 SLP054 T02720183,M
PHX,2025-10-12 02:51,-112.0116,33.4343,337.00,79.00,68.00,69.12,130.00,4.00,0.00,29.73,1005.20,10.00,M,SCT,SCT,M,M,9000.00,14000.00,M,M,M,M,M,M,M,M,M,79.00,KPHX 120251Z 13004KT 10SM SCT090 SCT140 26/20 A2973 RMK AO2 SLP052 T02610200 57002,M
PHX,2025-10-12 03:51,-112.0116,33.4343,337.00,78.00,67.00,69.01,0.00,0.00,0.00,29.73,1005.10,10.00,M,SCT,SCT,M,M,9000.00,12000.00,M,M,M,M,M,M,M,M,M,78.00,KPHX 120351Z 00000KT 10SM SCT090 SCT120 26/19 A2973 RMK AO2 SLP051 FRQ LTGIC DSNT SE CB DSNT SE T02560194,M
PHX,2025-10-12 04:51,-112.0116,33.4343,337.00,78.00,67.00,69.01,0.00,0.00,0.00,29.73,1005.30,10.00,M,SCT,BKN,M,M,9000.00,12000.00,M,M,M,M,M,M,M,M,M,78.00,KPHX 120451Z 00000KT 10SM SCT090 BKN120 26/19 A2973 RMK AO2 SLP053 VCSH SE T02560194,M
PHX,2025-10-12 05:51,-112.0116,33.4343,337.00,78.00,67.00,69.01,90.00,4.00,0.00,29.73,1005.10,10.00,M,FEW,BKN,BKN,M,7000.00,9000.00,12000.00,M,M,M,M,M,M,M,M,78.00,KPHX 120551Z 09004KT 10SM FEW070 BKN090 BKN120 26/19 A2973 RMK AO2 SLP051 OCNL LTGIC DSNT E CB DSNT E SHRA DSNT SE T02560194 10278 20250 50000,M
PHX,2025-10-12 06:51,-112.0116,33.4343,337.00,76.00,68.00,76.32,130.00,6.00,0.00,29.72,1005.00,10.00,M,FEW,BKN,BKN,M,7000.00,9000.00,12000.00,M,M,M,M,M,M,M,M,76.00,KPHX 120651Z 13006KT 10SM FEW070 BKN090 BKN120 24/20 A2972 RMK AO2 SLP050 T02440200 402780206,M
PHX,2025-10-12 07:51,-112.0116,33.4343,337.00,75.00,68.00,78.90,110.00,6.00,0.00,29.72,1004.80,10.00,M,FEW,SCT,BKN,M,7000.00,9000.00,12000.00,M,M,M,M,M,M,M,M,75.00,KPHX 120751Z 11006KT 10SM FEW070 SCT090 BKN120 24/20 A2972 RMK AO2 SLP048 OCNL LTGIC DSNT S CB DSNT S-SW AND W T02390200,M
PHX,2025-10-12 08:02,-112.0116,33.4343,337.00,75.00,68.00,78.90,130.00,5.00,0.00,29.72,M,10.00,M,FEW,SCT,BKN,M,7000.00,9000.00,12000.00,M,VCTS,M,M,M,M,M,M,75.00,KPHX 120802Z 13005KT 10SM VCTS FEW070 SCT090CB BKN120 24/20 A2972 RMK AO2 TSE0756 FRQ LTGIC VC SE-SW VCTS SE-SW MOV NE T02390200,M
PHX,2025-10-12 08:26,-112.0116,33.4343,337.00,75.00,68.00,78.90,150.00,8.00,0.00,29.72,M,10.00,M,SCT,BKN,BKN,M,6000.00,9000.00,12000.00,M,TS,M,M,M,M,M,M,75.00,KPHX 120826Z 15008KT 10SM TS SCT060 BKN090CB BKN120 24/20 A2972 RMK AO2 TSE0756B26 FRQ LTGIC SW TS SW MOV NE CB DSNT SE VCSH NE T02390200,M
PHX,2025-10-12 08:51,-112.0116,33.4343,337.00,74.00,68.00,81.58,160.00,9.00,T,29.71,1004.50,8.00,M,FEW,BKN,BKN,M,3000.00,7000.00,10000.00,M,-TSRA,M,M,M,M,M,M,74.00,KPHX 120851Z 16009KT 8SM -TSRA FEW030 BKN070CB BKN100 23/20 A2971 RMK AO2 RAB49 TSE0756B26 SLP045 FRQ LTGCGICCC S-SW DSNT E-SE TS S-SW MOV NE CB DSNT E-SE P0000 60000 T02330200 58005,M
PHX,2025-10-12 09:51,-112.0116,33.4343,337.00,70.00,68.00,93.38,170.00,5.00,0.24,29.72,1004.90,4.00,M,FEW,BKN,OVC,M,3800.00,7500.00,10000.00,M,+TSRA BR,M,M,M,M,M,M,70.00,KPHX 120951Z 17005KT 4SM +TSRA BR FEW038 BKN075CB OVC100 21/20 A2972 RMK AO2 SLP049 FRQ LTGICCC OHD TS OHD MOV E P0024 T02110200,M
PHX,2025-10-12 10:08,-112.0116,33.4343,337.00,70.00,68.00,93.38,240.00,8.00,0.16,29.73,M,3.00,M,FEW,FEW,BKN,OVC,700.00,3800.00,7500.00,13000.00,+TSRA BR,M,M,M,M,M,M,70.00,KPHX 121008Z 24008KT 3SM +TSRA BR FEW007 FEW038 BKN075CB OVC130 21/20 A2973 RMK AO2 FRQ LTGICCC OHD TS OHD MOV E P0016 T02110200,M
PHX,2025-10-12 10:51,-112.0116,33.4343,337.00,71.00,68.00,90.26,340.00,5.00,0.28,29.72,1004.90,8.00,M,FEW,SCT,BKN,BKN,500.00,3000.00,7500.00,13000.00,-RA,M,M,M,M,M,M,71.00,KPHX 121051Z 34005KT 8SM -RA FEW005 SCT030 BKN075CB BKN130 22/20 A2972 RMK AO2 TSE49 SLP049 CB W-NW MOV NE P0028 T02170200,M
PHX,2025-10-12 11:51,-112.0116,33.4343,337.00,70.00,68.00,93.38,100.00,4.00,0.01,29.72,1004.80,9.00,M,SCT,SCT,BKN,BKN,500.00,5500.00,7500.00,13000.00,TS,M,M,M,M,M,M,70.00,KPHX 121151Z 10004KT 9SM TS SCT005 SCT055 BKN075CB BKN130 21/20 A2972 RMK AO2 RAE09 TSB47 SLP048 OCNL LTGIC NW TS NW MOV NE P0001 60053 70079 T02110200 10256 20206 50003,M
PHX,2025-10-12 12:32,-112.0116,33.4343,337.00,70.00,68.00,93.38,100.00,8.00,0.03,29.71,M,10.00,M,SCT,SCT,BKN,BKN,500.00,5500.00,7500.00,13000.00,M,M,M,M,M,M,M,70.00,KPHX 121232Z 10008KT 10SM SCT005 SCT055 BKN075 BKN130 21/20 A2971 RMK AO2 RAB00E29 TSE31 OCNL LTGCGIC DSNT N-NE CB DSNT N-NE P0003 T02110200,M
PHX,2025-10-12 12:51,-112.0116,33.4343,337.00,70.00,68.00,93.38,80.00,8.00,0.03,29.72,1004.80,10.00,M,FEW,SCT,BKN,BKN,500.00,5000.00,8000.00,13000.00,M,M,M,M,M,M,M,70.00,KPHX 121251Z 08008KT 10SM FEW005 SCT050 BKN080 BKN130 21/20 A2972 RMK AO2 RAB00E29 TSE31 SLP048 OCNL LTGCG DSNT NE CB DSNT NE AND S P0003 T02110200,M
PHX,2025-10-12 13:51,-112.0116,33.4343,337.00,70.00,68.00,93.38,120.00,5.00,0.00,29.72,1004.80,10.00,M,FEW,SCT,BKN,OVC,800.00,2000.00,5500.00,13000.00,M,M,M,M,M,M,M,70.00,KPHX 121351Z 12005KT 10SM FEW008 SCT020 BKN055 OVC130 21/20 A2972 RMK AO2 SLP048 OCNL LTGCG DSNT SW AND NW CB DSNT E SE-SW AND NW MTN TOPS OBSC BY CLDS S-SW T02110200,M
PHX,2025-10-12 14:11,-112.0116,33.4343,337.00,71.00,68.00,90.26,110.00,5.00,0.00,29.71,M,10.00,M,FEW,SCT,BKN,OVC,500.00,2000.00,6000.00,13000.00,TS,M,M,M,M,M,M,71.00,KPHX 121411Z 11005KT 10SM TS FEW005 SCT020 BKN060CB OVC130 22/20 A2971 RMK AO2 TSB11 OCNL LTGGCIC S TS S MOV NE CB DSNT ALQDS MNT TOPS OBSC BY CLDS T02170200,M
PHX,2025-10-12 14:35,-112.0116,33.4343,337.00,71.00,68.00,90.26,170.00,6.00,T,29.73,M,10.00,M,SCT,BKN,BKN,M,1400.00,2200.00,3600.00,M,-TSRA,M,M,M,M,M,M,71.00,KPHX 121435Z 17006KT 10SM -TSRA SCT014 BKN022 BKN036CB 22/20 A2973 RMK AO2 RAB25 TSB11 FRQ LTGCGIC OHD-SE-SW TS OHD-SE-SW MOV NE MTN TOPS OBSC BY CLDS P0000 T02170200,M
PHX,2025-10-12 14:40,-112.0116,33.4343,337.00,71.00,69.00,93.41,180.00,19.00,T,29.74,M,2.50,26.00,BKN,BKN,BKN,M,1400.00,2200.00,3600.00,M,-TSRA,M,M,M,26.00,190.00,2025-10-12 14:40,71.00,KPHX 121440Z 18019G26KT 2 1/2SM -TSRA BKN014 BKN022 BKN036CB 22/21 A2974 RMK AO2 PK WND 19026/1440 RAB25 TSB11 FRQ LTGCGIC OHD-SE-SW TS OHD-SE-SW MOV NE MTN TOPS OBSC BY CLDS P0000 T02170206,M
PHX,2025-10-12 14:45,-112.0116,33.4343,337.00,69.80,68.00,94.02,120.00,8.00,0.03,29.73,M,1.00,26.00,BKN,BKN,BKN,M,1400.00,2200.00,3600.00,M,+TSRA,M,M,M,26.00,190.00,2025-10-12 14:40,69.80,KPHX 121445Z 12008G26KT 1SM R07L/2800VP6000FT +TSRA BKN014 BKN022 BKN036CB 21/20 A2973 RMK AO2 PK WND 19026/1440 RAB25 TSB11 CONS LTGCGIC OHD TS OHD MOV NE P0003,M
PHX,2025-10-12 14:47,-112.0116,33.4343,337.00,69.80,68.00,94.02,80.00,8.00,0.08,29.73,M,0.50,26.00,BKN,BKN,BKN,M,1000.00,1400.00,3600.00,M,+TSRA FG,M,M,M,26.00,190.00,2025-10-12 14:40,69.80,KPHX 121447Z 08008G26KT 1/2SM R07L/2600VP6000FT +TSRA FG BKN010 BKN014 BKN036CB 21/20 A2973 RMK AO2 PK WND 19026/1440 RAB25 TSB11 CONS LTGCGIC OHD TS OHD MOV NE P0008,M
PHX,2025-10-12 14:51,-112.0116,33.4343,337.00,69.00,68.00,96.63,80.00,10.00,0.40,29.73,1005.40,0.50,17.00,BKN,OVC,M,M,1000.00,2200.00,M,M,TS FG,M,M,M,26.00,190.00,2025-10-12 14:40,69.00,KPHX 121451Z 08010G17KT 060V120 1/2SM R07L/2600V4500FT TS FG BKN010 OVC022CB 21/20 A2973 RMK AO2 PK WND 19026/1440 RAB25RAEMM TSB11 SLP054 CONS LTGCGIC OHD TS OHD MOV NE P0040 60043 T02060200 53005,M
PHX,2025-10-12 14:59,-112.0116,33.4343,337.00,70.00,68.00,93.38,70.00,5.00,0.28,29.74,M,1.00,17.00,SCT,BKN,OVC,M,1200.00,2000.00,6000.00,M,+TSRA BR,M,M,M,M,M,M,70.00,KPHX 121459Z 07005G17KT 1SM R07L/3000VP6000FT +TSRA BR SCT012 BKN020 OVC060CB 21/20 A2974 RMK AO2 RAB54 CONS LTGCGIC OHD TS OHD MOV NE P0028 T02110200 $,M
PHX,2025-10-12 15:02,-112.0116,33.4343,337.00,70.00,68.00,93.38,70.00,6.00,0.30,29.74,M,2.00,M,SCT,BKN,OVC,M,1200.00,2300.00,6000.00,M,TSRA BR,M,M,M,M,M,M,70.00,KPHX 121502Z 07006KT 2SM R07L/4500VP6000FT TSRA BR SCT012 BKN023 OVC060CB 21/20 A2974 RMK AO2 RAB1454 CONS LTGCGIC OHD-NE TS OHD-NE MOV NE P0030 T02110200 $,M
PHX,2025-10-12 15:19,-112.0116,33.4343,337.00,70.00,69.00,96.64,110.00,5.00,0.50,29.74,M,3.00,M,FEW,BKN,OVC,M,800.00,3200.00,6000.00,M,RA BR,M,M,M,M,M,M,70.00,KPHX 121519Z 11005KT 3SM R07L/3500VP6000FT RA BR FEW008 BKN032 OVC060 21/21 A2974 RMK AO2 RAB1454 TSE19 OCNL LTGCGIC DSNT NE-SE CB DSNT NE-SE P0050 T02110206 $,M
PHX,2025-10-12 15:51,-112.0116,33.4343,337.00,70.00,69.00,96.64,90.00,5.00,0.63,29.74,1005.60,8.00,M,FEW,BKN,BKN,M,800.00,3900.00,6000.00,M,-RA,M,M,M,M,M,M,70.00,KPHX 121551Z 09005KT 8SM -RA FEW008 BKN039 BKN060 21/21 A2974 RMK AO2 RAB1454 TSE19 SLP056 OCNL LTGCG DSNT E AND S CB DSNT E AND SE-SW P0063 T02110206 $,M
PHX,2025-10-12 16:04,-112.0116,33.4343,337.00,70.00,69.00,96.64,130.00,5.00,0.01,29.74,M,1.50,M,FEW,BKN,BKN,M,800.00,3900.00,6000.00,M,+RA BR,M,M,M,M,M,M,70.00,KPHX 121604Z COR 13005KT 1 1/2SM R07L/4000VP6000FT +RA BR FEW008 BKN039 BKN060 21/21 A2974 RMK AO2 OCNL LTGCG DSNT SE AND S CB DSNT SE AND S P0001 T02110206 $,M
PHX,2025-10-12 16:17,-112.0116,33.4343,337.00,70.00,69.00,96.64,130.00,7.00,0.25,29.74,M,2.00,M,FEW,BKN,BKN,M,800.00,3700.00,6000.00,M,+RA BR,M,M,M,M,M,M,70.00,KPHX 121617Z 13007KT 2SM +RA BR FEW008 BKN037 BKN060CB 21/21 A2974 RMK AO2 OCNL LTGCG DSNT SE CB SW MOV NE AND DSNT SE P0025 T02110206 $,M
PHX,2025-10-12 16:25,-112.0116,33.4343,337.00,70.00,69.00,96.64,120.00,8.00,0.28,29.74,M,3.00,M,FEW,BKN,BKN,M,800.00,3700.00,4900.00,M,RA BR,M,M,M,M,M,M,70.00,KPHX 121625Z 12008KT 3SM RA BR FEW008 BKN037 BKN049 21/21 A2974 RMK AO2 OCNL LTGCG DSNT SE CB DSNT SE P0028 T02110206 $,M
PHX,2025-10-12 16:51,-112.0116,33.4343,337.00,70.00,69.00,96.64,100.00,8.00,0.37,29.75,1005.80,6.00,M,FEW,BKN,BKN,M,600.00,4900.00,6000.00,M,-RA BR,M,M,M,M,M,M,70.00,KPHX 121651Z 10008KT 6SM -RA BR FEW006 BKN049 BKN060 21/21 A2975 RMK AO2 SLP058 MTN TOPS OBSC BY CLDS P0037 T02110206 $,M
PHX,2025-10-12 17:51,-112.0116,33.4343,337.00,72.00,69.00,90.30,100.00,6.00,T,29.75,1005.80,10.00,M,SCT,BKN,BKN,M,700.00,2800.00,6000.00,M,M,M,M,M,M,M,M,72.00,KPHX 121751Z 10006KT 10SM SCT007 BKN028 BKN060 22/21 A2975 RMK AO2 RAE17 SLP058 MTN TOPS OBSC BY CLDS P0000 60143 T02220206 10222 20206 51004 $,M
PHX,2025-10-12 18:35,-112.0116,33.4343,337.00,73.00,69.00,87.31,100.00,5.00,0.00,29.74,M,10.00,M,FEW,SCT,BKN,M,900.00,3800.00,8000.00,M,M,M,M,M,M,M,M,73.00,KPHX 121835Z 10005KT 10SM FEW009 SCT038 BKN080 23/21 A2974 RMK AO2 MTN TOPS OBSC BY CLDS T02280206 $,M
PHX,2025-10-12 18:51,-112.0116,33.4343,337.00,74.00,68.00,81.58,100.00,7.00,0.00,29.73,1005.30,10.00,M,FEW,SCT,BKN,M,900.00,4000.00,9000.00,M,M,M,M,M,M,M,M,74.00,KPHX 121851Z 10007KT 10SM FEW009 SCT040 BKN090 23/20 A2973 RMK AO2 SLP053 MTN TOPS OBSC BY CLDS T02330200 $,M
PHX,2025-10-12 19:51,-112.0116,33.4343,337.00,75.00,68.00,78.90,90.00,5.00,0.00,29.71,1004.70,10.00,M,FEW,SCT,BKN,M,2000.00,4000.00,9500.00,M,M,M,M,M,M,M,M,75.00,KPHX 121951Z 09005KT 10SM FEW020 SCT040 BKN095 24/20 A2971 RMK AO2 SLP047 T02390200 $,M
PHX,2025-10-12 20:51,-112.0116,33.4343,337.00,77.00,68.00,73.83,120.00,3.00,0.00,29.68,1003.60,10.00,M,FEW,SCT,BKN,M,2000.00,5000.00,10000.00,M,M,M,M,M,M,M,M,77.00,KPHX 122051Z 12003KT 10SM FEW020 SCT050 BKN100 25/20 A2968 RMK AO2 SLP036 T02500200 58021 $,M
PHX,2025-10-12 21:51,-112.0116,33.4343,337.00,78.00,66.00,66.67,140.00,4.00,0.00,29.66,1002.90,10.00,M,FEW,SCT,BKN,M,3000.00,5000.00,12000.00,M,M,M,M,M,M,M,M,78.00,KPHX 122151Z 14004KT 10SM FEW030 SCT050 BKN120 26/19 A2966 RMK AO2 SLP029 TCU DSNT W T02560189 $,M
PHX,2025-10-12 22:51,-112.0116,33.4343,337.00,78.00,66.00,66.67,160.00,3.00,0.00,29.65,1002.40,10.00,M,FEW,FEW,SCT,BKN,3000.00,6000.00,11000.00,15000.00,M,M,M,M,M,M,M,78.00,KPHX 122251Z 16003KT 10SM FEW030 FEW060 SCT110 BKN150 BKN200 26/19 A2965 RMK AO2 SLP024 VIRGA T02560189 $,M
PHX,2025-10-12 23:51,-112.0116,33.4343,337.00,80.00,66.00,62.44,120.00,3.00,0.00,29.63,1002.00,10.00,M,FEW,FEW,SCT,SCT,2000.00,6000.00,11000.00,15000.00,M,M,M,M,M,M,M,82.08,KPHX 122351Z 12003KT 10SM FEW020 FEW060 SCT110 SCT150 BKN200 27/19 A2963 RMK AO2 SLP020 T02670189 10267 20217 56016 $,M
PHX,2025-10-13 00:51,-112.0116,33.4343,337.00,78.00,67.00,69.01,0.00,0.00,0.00,29.63,1001.90,10.00,M,FEW,SCT,BKN,BKN,6000.00,11000.00,15000.00,20000.00,M,M,M,M,M,M,M,78.00,KPHX 130051Z 00000KT 10SM FEW060 SCT110 BKN150 BKN200 26/19 A2963 RMK AO2 SLP019 T02560194 $,M
PHX,2025-10-13 01:51,-112.0116,33.4343,337.00,77.00,68.00,73.83,240.00,3.00,T,29.65,1002.40,10.00,M,FEW,SCT,BKN,BKN,3000.00,7500.00,10000.00,15000.00,-RA,M,M,M,M,M,M,77.00,KPHX 130151Z 24003KT 10SM -RA FEW030 SCT075 BKN100 BKN150 25/20 A2965 RMK AO2 RAB18 SLP024 P0000 T02500200 $,M
PHX,2025-10-13 02:51,-112.0116,33.4343,337.00,77.00,67.00,71.33,0.00,0.00,T,29.65,1002.50,10.00,M,SCT,BKN,BKN,M,7500.00,9000.00,12000.00,M,M,M,M,M,M,M,M,77.00,KPHX 130251Z 00000KT 10SM SCT075 BKN090 BKN120 25/19 A2965 RMK AO2 RAE05 SLP025 P0000 60000 T02500194 53004 $,M
PHX,2025-10-13 03:51,-112.0116,33.4343,337.00,76.00,71.00,84.55,190.00,5.00,0.00,29.66,1003.10,10.00,M,SCT,BKN,BKN,M,7500.00,9000.00,12000.00,M,M,M,M,M,M,M,M,76.00,KPHX 130351Z 19005KT 10SM SCT075 BKN090 BKN120 24/22 A2966 RMK AO2 SLP031 T02440217 $,M
PHX,2025-10-13 04:51,-112.0116,33.4343,337.00,73.00,69.00,87.31,160.00,6.00,0.01,29.69,1004.10,10.00,M,FEW,BKN,OVC,M,6000.00,8000.00,12000.00,M,-RA,M,M,M,M,M,M,73.00,KPHX 130451Z 16006KT 10SM -RA FEW060 BKN080 OVC120 23/21 A2969 RMK AO2 RAB33 SLP041 P0001 T02280206 $,M
PHX,2025-10-13 05:51,-112.0116,33.4343,337.00,74.00,70.00,87.36,140.00,6.00,T,29.68,1003.80,10.00,M,SCT,BKN,BKN,M,6000.00,8000.00,12000.00,M,M,M,M,M,M,M,M,74.00,KPHX 130551Z 14006KT 10SM SCT060 BKN080 BKN120 23/21 A2968 RMK AO2 RAE21 SLP038 P0000 60001 T02330211 10267 20228 50012 $,M
PHX,2025-10-13 06:51,-112.0116,33.4343,337.00,73.00,69.00,87.31,120.00,7.00,0.00,29.68,1003.60,10.00,M,SCT,BKN,BKN,M,6000.00,8000.00,12000.00,M,M,M,M,M,M,M,M,73.00,KPHX 130651Z 12007KT 10SM SCT060 BKN080 BKN120 23/21 A2968 RMK AO2 SLP036 T02280206 402670206 $,M
PHX,2025-10-13 07:51,-112.0116,33.4343,337.00,72.00,68.00,87.26,110.00,6.00,0.00,29.69,1004.00,10.00,M,SCT,BKN,BKN,M,6000.00,9000.00,12000.00,M,M,M,M,M,M,M,M,72.00,KPHX 130751Z 11006KT 10SM SCT060 BKN090 BKN120 22/20 A2969 RMK AO2 SLP040 T02220200 $,M
PHX,2025-10-13 08:51,-112.0116,33.4343,337.00,72.00,68.00,87.26,80.00,4.00,0.00,29.68,1003.60,10.00,M,FEW,BKN,BKN,M,6000.00,9000.00,12000.00,M,M,M,M,M,M,M,M,72.00,KPHX 130851Z 08004KT 10SM FEW060 BKN090 BKN120 22/20 A2968 RMK AO2 SLP036 T02220200 58001 $,M
PHX,2025-10-13 09:51,-112.0116,33.4343,337.00,72.00,68.00,87.26,110.00,9.00,0.00,29.66,1003.10,10.00,M,SCT,SCT,SCT,M,6000.00,9000.00,12000.00,M,M,M,M,M,M,M,M,72.00,KPHX 130951Z 11009KT 10SM SCT060 SCT090 SCT120 22/20 A2966 RMK AO2 SLP031 T02220200 $,M
PHX,2025-10-13 10:48,-112.0116,33.4343,337.00,71.60,68.00,88.45,90.00,4.00,0.00,29.67,M,10.00,M,BKN,BKN,BKN,M,2000.00,6000.00,8000.00,M,M,M,M,M,M,M,M,71.60,KPHX 131048Z 09004KT 10SM BKN020 BKN060 BKN080 22/20 A2967 RMK AO2 $,M
PHX,2025-10-13 10:51,-112.0116,33.4343,337.00,72.00,68.00,87.26,100.00,4.00,0.00,29.67,1003.20,10.00,M,BKN,BKN,BKN,M,2000.00,6000.00,8000.00,M,M,M,M,M,M,M,M,72.00,KPHX 131051Z 10004KT 10SM BKN020 BKN060 BKN080 22/20 A2967 RMK AO2 SLP032 T02220200 $,M
PHX,2025-10-13 11:51,-112.0116,33.4343,337.00,72.00,67.00,84.30,90.00,4.00,0.00,29.68,1003.30,10.00,M,BKN,BKN,BKN,M,2000.00,4100.00,6000.00,M,M,M,M,M,M,M,M,72.00,KPHX 131151Z 09004KT 10SM BKN020 BKN041 BKN060 22/19 A2968 RMK AO2 SLP033 70144 T02220194 10233 20222 53003 $,M
PHX,2025-10-13 12:51,-112.0116,33.4343,337.00,72.00,68.00,87.26,140.00,6.00,0.00,29.68,1003.70,10.00,M,FEW,SCT,BKN,M,2200.00,3400.00,6000.00,M,M,M,M,M,M,M,M,72.00,KPHX 131251Z 14006KT 10SM FEW022 SCT034 BKN060 22/20 A2968 RMK AO2 SLP037 T02220200 $,M
PHX,2025-10-13 13:51,-112.0116,33.4343,337.00,72.00,68.00,87.26,120.00,6.00,0.00,29.69,1004.10,10.00,M,SCT,BKN,BKN,M,3400.00,5000.00,7500.00,M,M,M,M,M,M,M,M,72.00,KPHX 131351Z 12006KT 10SM SCT034 BKN050 BKN075 22/20 A2969 RMK AO2 SLP041 T02220200 $,M
PHX,2025-10-13 14:51,-112.0116,33.4343,337.00,74.00,68.00,81.58,130.00,7.00,0.00,29.71,1004.40,10.00,M,FEW,SCT,SCT,SCT,4500.00,5500.00,7500.00,15000.00,M,M,M,M,M,M,M,74.00,KPHX 131451Z 13007KT 10SM FEW045 SCT055 SCT075 SCT150 23/20 A2971 RMK AO2 SLP044 T02330200 53011 $,M
PHX,2025-10-13 15:51,-112.0116,33.4343,337.00,76.00,69.00,78.98,140.00,9.00,0.00,29.72,1004.70,10.00,M,FEW,SCT,BKN,M,4500.00,8500.00,25000.00,M,M,M,M,M,M,M,M,76.00,KPHX 131551Z 14009KT 10SM FEW045 SCT085 BKN250 24/21 A2972 RMK AO2 SLP047 CB DSNT NW T02440206 $,M
PHX,2025-10-13 16:51,-112.0116,33.4343,337.00,80.00,70.00,71.64,160.00,6.00,0.00,29.72,1004.70,10.00,M,FEW,SCT,BKN,M,4500.00,9500.00,25000.00,M,M,M,M,M,M,M,M,83.15,KPHX 131651Z 16006KT 10SM FEW045 SCT095 BKN250 27/21 A2972 RMK AO2 SLP047 CB DSNT NW T02670211 $,M
PHX,2025-10-13 17:51,-112.0116,33.4343,337.00,80.00,68.00,66.90,160.00,7.00,0.00,29.71,1004.30,10.00,M,FEW,FEW,SCT,SCT,2000.00,4500.00,9500.00,15000.00,M,M,M,M,M,M,M,82.58,KPHX 131751Z 16007KT 10SM FEW020 FEW045 SCT095 SCT150 BKN250 27/20 A2971 RMK AO2 SLP043 T02670200 10272 20222 58001 $,M
PHX,2025-10-13 18:51,-112.0116,33.4343,337.00,83.00,68.00,60.70,110.00,4.00,0.00,29.68,1003.50,10.00,M,SCT,BKN,BKN,M,4500.00,7500.00,10000.00,M,M,M,M,M,M,M,M,86.07,KPHX 131851Z 11004KT 10SM SCT045 BKN075 BKN100 28/20 A2968 RMK AO2 SLP035 T02830200 $,M
PHX,2025-10-13 19:51,-112.0116,33.4343,337.00,83.00,66.00,56.65,110.00,6.00,0.00,29.64,1001.90,10.00,M,FEW,SCT,BKN,BKN,4000.00,8000.00,10000.00,15000.00,M,M,M,M,M,M,M,85.19,KPHX 131951Z 11006KT 10SM FEW040 SCT080 BKN100 BKN150 28/19 A2964 RMK AO2 LTG DSNT SE SLP019 T02830189 $,M
PHX,2025-10-13 20:02,-112.0116,33.4343,337.00,82.00,65.00,56.51,M,3.00,0.00,29.62,M,10.00,M,FEW,SCT,BKN,M,4200.00,6000.00,10000.00,M,VCTS,M,M,M,M,M,M,83.81,KPHX 132002Z VRB03KT 10SM VCTS FEW042 SCT060 BKN100 28/18 A2962 RMK AO2 TSE1956 T02780183 $,M
PHX,2025-10-13 20:10,-112.0116,33.4343,337.00,82.00,65.00,56.51,160.00,32.00,0.00,29.66,M,7.00,55.00,SCT,BKN,OVC,M,4200.00,6000.00,9500.00,M,TS SQ,M,M,M,55.00,170.00,2025-10-13 20:10,83.81,KPHX 132010Z 16032G55KT 7SM TS SQ SCT042CB BKN060 OVC095 28/18 A2966 RMK AO2 PK WND 17055/2010 TSE1956B04 PRESRR OCNL LTGCG OHD TS OHD MOV N SHRA E-S T02780183 $,M
PHX,2025-10-13 20:12,-112.0116,33.4343,337.00,77.00,65.00,66.55,160.00,32.00,T,29.66,M,0.25,55.00,FEW,BKN,BKN,M,1100.00,4200.00,6500.00,M,TSRA SQ,M,M,M,55.00,170.00,2025-10-13 20:10,77.00,KPHX 132012Z 16032G55KT 1/4SM R07L/P6000FT TSRA SQ FEW011 BKN042 BKN065 25/18 A2966 RMK AO2 PK WND 17055/2010 RAB12 TSE1956B04 PRESRR OCNL LTGCG OHD TS OHD MOV N SHRA E-S P0000 T02500183 $,M
PHX,2025-10-13 20:20,-112.0116,33.4343,337.00,69.00,67.00,93.36,110.00,23.00,0.10,29.65,M,3.00,49.00,SCT,BKN,BKN,BKN,1300.00,4200.00,5500.00,13000.00,TS,M,M,M,55.00,170.00,2025-10-13 20:10,69.00,KPHX 132020Z 11023G49KT 3SM TS SCT013 BKN042CB BKN055 BKN130 21/19 A2965 RMK AO2 PK WND 17055/2010 RAB12E19 TSE1956B04 OCNL LTGCG OHD AND NE-SE-S TS OHD AND NE-SE-S MOV N SHRA E-S P0010 T02060194 $,M
PHX,2025-10-13 20:28,-112.0116,33.4343,337.00,70.00,68.00,93.38,110.00,10.00,0.21,29.65,M,7.00,18.00,SCT,BKN,BKN,BKN,800.00,4200.00,5000.00,13000.00,-TSRA,M,M,M,55.00,170.00,2025-10-13 20:10,70.00,KPHX 132028Z 11010G18KT 7SM -TSRA SCT008 BKN042CB BKN050 BKN130 21/20 A2965 RMK AO2 PK WND 17055/2010 WSHFT 2011 RAB12E19B21 TSE1956B04 OCNL LTGCG OHD AND NE-E TS NE-E MOV N SHRA NE-E P0021 T02110200 $,M
PHX,2025-10-13 20:51,-112.0116,33.4343,337.00,71.00,68.00,90.26,M,3.00,0.22,29.65,1002.80,7.00,M,FEW,BKN,BKN,BKN,1200.00,4200.00,5000.00,13000.00,-TSRA,M,M,M,55.00,170.00,2025-10-13 20:10,71.00,KPHX 132051Z VRB03KT 7SM R07L/4000VP6000FT -TSRA FEW012 BKN042CB BKN050 BKN130 22/20 A2965 RMK AO2 PK WND 17055/2010 WSHFT 2011 RAB12E19B21 TSE1956B04 SLP028 OCNL LTGCG SW-W TS SW-W MOV N P0022 60022 T02170200 55017 $,M
PHX,2025-10-13 21:18,-112.0116,33.4343,337.00,73.00,68.00,84.37,140.00,4.00,0.01,29.65,M,10.00,M,FEW,BKN,BKN,BKN,1200.00,3800.00,4500.00,13000.00,-RA,M,M,M,M,M,M,73.00,KPHX 132118Z 14004KT 10SM -RA FEW012 BKN038 BKN045 BKN130 23/20 A2965 RMK AO2 TSE18 CB DSNT N P0001 T02280200 $,M
PHX,2025-10-13 21:51,-112.0116,33.4343,337.00,75.00,69.00,81.65,100.00,6.00,0.01,29.65,1002.60,10.00,M,FEW,BKN,BKN,M,2500.00,4000.00,6000.00,M,M,M,M,M,M,M,M,75.00,KPHX 132151Z 10006KT 10SM FEW025 BKN040CB BKN060 24/21 A2965 RMK AO2 RAE44 TSE18 SLP026 CB NE MOV NE SHRA VC NE P0001 T02390206 $,M
PHX,2025-10-13 22:51,-112.0116,33.4343,337.00,80.00,71.00,74.12,130.00,9.00,0.00,29.65,1002.40,10.00,M,SCT,BKN,BKN,M,4000.00,6000.00,10000.00,M,M,M,M,M,M,M,M,83.46,KPHX 132251Z 13009KT 10SM SCT040 BKN060 BKN100 27/22 A2965 RMK AO2 SLP024 CB DSNT N-E AND SE T02670217 $,M
PHX,2025-10-13 23:31,-112.0116,33.4343,337.00,82.00,68.00,62.69,150.00,10.00,0.00,29.65,M,10.00,M,SCT,BKN,BKN,M,4000.00,6000.00,10000.00,M,TS,M,M,M,M,M,M,84.93,KPHX 132331Z 15010KT 10SM TS SCT040 BKN060CB BKN100 28/20 A2965 RMK AO2 TSB31 OCNL LTGIC SW-W TS SW-W MOV NE CB DSNT NE AND E SHRA VC SW-W T02780200 $,M
PHX,2025-10-13 23:51,-112.0116,33.4343,337.00,82.00,66.00,58.51,170.00,9.00,0.00,29.65,1002.30,10.00,M,FEW,SCT,BKN,M,4000.00,6000.00,10000.00,M,TS,M,M,M,M,M,M,84.16,KPHX 132351Z 17009KT 10SM TS FEW040 SCT060CB BKN100 28/19 A2965 RMK AO2 TSB31 SLP023 OCNL LTGIC NW-N TS NW-N MOV NE CB DSNT E AND SE SHRA VC NW-N 60023 T02780189 10283 20206 58003 $,M
PHX,2025-10-14 00:08,-112.0116,33.4343,337.00,82.00,66.00,58.51,200.00,6.00,0.00,29.65,M,10.00,M,FEW,SCT,BKN,M,4000.00,6000.00,10000.00,M,M,M,M,M,M,M,M,84.16,KPHX 140008Z 20006KT 10SM FEW040 SCT060 BKN100 28/19 A2965 RMK AO2 TSE08 CB DSNT N-NE E AND SE SHRA DSNT N T02780189 $,M
PHX,2025-10-14 00:51,-112.0116,33.4343,337.00,81.00,65.00,58.37,0.00,0.00,0.00,29.66,1002.90,10.00,M,FEW,SCT,SCT,M,4000.00,7000.00,9500.00,M,M,M,M,M,M,M,M,82.83,KPHX 140051Z 00000KT 10SM FEW040 SCT070 SCT095 27/18 A2966 RMK AO2 TSE08 SLP029 CB DSNT N-NE AND E-S T02720183 $,M
PHX,2025-10-14 01:51,-112.0116,33.4343,337.00,79.00,65.00,62.31,170.00,4.00,0.00,29.69,1003.70,10.00,M,SCT,BKN,BKN,M,5000.00,7000.00,9500.00,M,M,M,M,M,M,M,M,79.00,KPHX 140151Z 17004KT 10SM SCT050 BKN070 BKN095 26/18 A2969 RMK AO2 SLP037 CB DSNT NE-SE T02610183 $,M
PHX,2025-10-14 02:51,-112.0116,33.4343,337.00,78.00,67.00,69.01,200.00,4.00,0.00,29.72,1004.70,10.00,M,BKN,BKN,M,M,6500.00,9000.00,M,M,M,M,M,M,M,M,M,78.00,KPHX 140251Z 20004KT 10SM BKN065 BKN090 26/19 A2972 RMK AO2 SLP047 T02560194 53023 $,M
PHX,2025-10-14 03:51,-112.0116,33.4343,337.00,78.00,64.00,62.18,M,4.00,0.00,29.74,1005.70,10.00,M,BKN,M,M,M,6000.00,M,M,M,M,M,M,M,M,M,M,78.00,KPHX 140351Z VRB04KT 10SM BKN060 26/18 A2974 RMK AO2 SLP057 T02560178 $,M
PHX,2025-10-14 04:51,-112.0116,33.4343,337.00,78.00,53.00,41.93,310.00,4.00,0.00,29.77,1006.50,10.00,M,FEW,BKN,BKN,M,4800.00,5500.00,7000.00,M,M,M,M,M,M,M,M,78.00,KPHX 140451Z 31004KT 10SM FEW048 BKN055 BKN070 26/12 A2977 RMK AO2 SLP065 T02560117 $,M
PHX,2025-10-14 05:51,-112.0116,33.4343,337.00,77.00,57.00,50.12,60.00,3.00,0.00,29.79,1007.10,10.00,M,BKN,BKN,M,M,5500.00,8000.00,M,M,M,M,M,M,M,M,M,77.00,KPHX 140551Z 06003KT 10SM BKN055 BKN080 25/14 A2979 RMK AO2 SLP071 T02500139 10278 20244 51025 $,M
PHX,2025-10-14 06:51,-112.0116,33.4343,337.00,76.00,59.00,55.67,200.00,10.00,0.00,29.80,1007.40,10.00,17.00,SCT,BKN,BKN,M,5000.00,7000.00,9000.00,M,M,M,M,M,M,M,M,76.00,KPHX 140651Z 20010G17KT 10SM SCT050 BKN070 BKN090 24/15 A2980 RMK AO2 SLP074 T02440150 402830206 $,M
PHX,2025-10-14 07:51,-112.0116,33.4343,337.00,75.00,59.00,57.55,210.00,12.00,0.00,29.82,1008.00,10.00,M,BKN,BKN,M,M,5500.00,8000.00,M,M,M,M,M,M,M,M,M,75.00,KPHX 140751Z 21012KT 10SM BKN055 BKN080 24/15 A2982 RMK AO2 SLP080 T02390150 $,M
PHX,2025-10-14 08:51,-112.0116,33.4343,337.00,74.00,58.00,57.42,220.00,11.00,0.00,29.82,1008.30,10.00,16.00,FEW,SCT,SCT,M,8000.00,10000.00,15000.00,M,M,M,M,M,M,M,M,74.00,KPHX 140851Z 22011G16KT 10SM FEW080 SCT100 SCT150 23/14 A2982 RMK AO2 SLP083 T02330144 51008 $,M
PHX,2025-10-14 09:51,-112.0116,33.4343,337.00,73.00,58.00,59.38,200.00,7.00,0.00,29.82,1008.50,10.00,M,FEW,FEW,M,M,8000.00,10000.00,M,M,M,M,M,M,M,M,M,73.00,KPHX 140951Z 20007KT 10SM FEW080 FEW100 23/14 A2982 RMK AO2 SLP085 T02280144 $,M
PHX,2025-10-14 10:51,-112.0116,33.4343,337.00,70.00,59.00,68.12,150.00,6.00,0.00,29.83,1008.70,10.00,M,FEW,M,M,M,8000.00,M,M,M,M,M,M,M,M,M,M,70.00,KPHX 141051Z 15006KT 10SM FEW080 21/15 A2983 RMK AO2 SLP087 T02110150 $,M
PHX,2025-10-14 11:51,-112.0116,33.4343,337.00,70.00,59.00,68.12,170.00,5.00,0.00,29.84,1009.00,10.00,M,FEW,M,M,M,8000.00,M,M,M,M,M,M,M,M,M,M,70.00,KPHX 141151Z 17005KT 10SM FEW080 21/15 A2984 RMK AO2 SLP090 70023 T02110150 10250 20211 53008 $,M
PHX,2025-10-14 12:51,-112.0116,33.4343,337.00,68.00,62.00,81.15,120.00,3.00,0.00,29.86,1009.80,10.00,M,FEW,M,M,M,8000.00,M,M,M,M,M,M,M,M,M,M,68.00,KPHX 141251Z 12003KT 10SM FEW080 20/17 A2986 RMK AO2 SLP098 T02000167 $,M
PHX,2025-10-14 13:51,-112.0116,33.4343,337.00,69.00,58.00,68.01,0.00,0.00,0.00,29.88,1010.40,10.00,M,FEW,M,M,M,8000.00,M,M,M,M,M,M,M,M,M,M,69.00,KPHX 141351Z 00000KT 10SM FEW080 21/14 A2988 RMK AO2 SLP104 T02060144,M
PHX,2025-10-14 14:51,-112.0116,33.4343,337.00,71.00,59.00,65.84,150.00,5.00,0.00,29.91,1011.30,10.00,M,FEW,M,M,M,8000.00,M,M,M,M,M,M,M,M,M,M,71.00,KPHX 141451Z 15005KT 10SM FEW080 22/15 A2991 RMK AO2 SLP113 T02170150 53022,M
PHX,2025-10-14 15:51,-112.0116,33.4343,337.00,74.00,58.00,57.42,190.00,11.00,0.00,29.92,1011.60,10.00,M,FEW,M,M,M,10000.00,M,M,M,M,M,M,M,M,M,M,74.00,KPHX 141551Z 19011KT 10SM FEW100 23/14 A2992 RMK AO2 SLP116 T02330144,M
PHX,2025-10-14 16:51,-112.0116,33.4343,337.00,76.00,59.00,55.67,180.00,10.00,0.00,29.92,1011.50,10.00,M,FEW,FEW,M,M,8000.00,11000.00,M,M,M,M,M,M,M,M,M,76.00,KPHX 141651Z 18010KT 10SM FEW080 FEW110 24/15 A2992 RMK AO2 SLP115 T02440150,M
PHX,2025-10-14 17:51,-112.0116,33.4343,337.00,79.00,59.00,50.42,170.00,6.00,0.00,29.91,1011.40,10.00,M,FEW,FEW,M,M,8000.00,10000.00,M,M,M,M,M,M,M,M,M,79.00,KPHX 141751Z 17006KT 10SM FEW080 FEW100 26/15 A2991 RMK AO2 SLP114 T02610150 10261 20200 50002,M
PHX,2025-10-14 18:51,-112.0116,33.4343,337.00,80.00,57.00,45.42,190.00,9.00,0.00,29.90,1011.10,10.00,M,FEW,FEW,M,M,8000.00,10000.00,M,M,M,M,M,M,M,M,M,80.39,KPHX 141851Z 19009KT 10SM FEW080 FEW100 27/14 A2990 RMK AO2 SLP111 T02670139,M
PHX,2025-10-14 19:51,-112.0116,33.4343,337.00,81.00,57.00,43.96,200.00,9.00,0.00,29.88,1010.40,10.00,M,FEW,M,M,M,9000.00,M,M,M,M,M,M,M,M,M,M,81.05,KPHX 141951Z 20009KT 10SM FEW090 27/14 A2988 RMK AO2 SLP104 T02720139,M
PHX,2025-10-14 20:51,-112.0116,33.4343,337.00,84.00,53.00,34.50,180.00,9.00,0.00,29.86,1009.60,10.00,21.00,FEW,M,M,M,9000.00,M,M,M,M,M,M,M,M,M,M,82.52,KPHX 142051Z 18009G21KT 10SM FEW090 29/12 A2986 RMK AO2 SLP096 T02890117 58017,M
PHX,2025-10-14 21:51,-112.0116,33.4343,337.00,85.00,47.00,26.73,170.00,14.00,0.00,29.86,1009.30,10.00,24.00,FEW,M,M,M,9000.00,M,M,M,M,M,M,M,29.00,200.00,2025-10-14 21:30,82.51,KPHX 142151Z 17014G24KT 10SM FEW090 29/08 A2986 RMK AO2 PK WND 20029/2130 SLP093 T02940083,M
PHX,2025-10-14 22:51,-112.0116,33.4343,337.00,85.00,47.00,26.73,190.00,12.00,0.00,29.85,1009.30,10.00,M,FEW,M,M,M,9000.00,M,M,M,M,M,M,M,M,M,M,82.51,KPHX 142251Z 19012KT 10SM FEW090 29/08 A2985 RMK AO2 SLP093 T02940083,M
PHX,2025-10-14 23:51,-112.0116,33.4343,337.00,83.00,46.00,27.44,210.00,13.00,0.00,29.85,1009.20,10.00,22.00,FEW,M,M,M,9000.00,M,M,M,M,M,M,M,M,M,M,81.01,KPHX 142351Z 21013G22KT 10SM FEW090 28/08 A2985 RMK AO2 SLP092 T02830078 10294 20256 56005,M
PHX,2025-10-15 00:51,-112.0116,33.4343,337.00,81.00,46.00,29.28,210.00,9.00,0.00,29.85,1009.20,10.00,M,FEW,M,M,M,9000.00,M,M,M,M,M,M,M,M,M,M,79.76,KPHX 150051Z 21009KT 10SM FEW090 27/08 A2985 RMK AO2 SLP092 T02720078,M
PHX,2025-10-15 01:51,-112.0116,33.4343,337.00,78.00,49.00,36.16,260.00,8.00,0.00,29.87,1009.90,10.00,M,CLR,M,M,M,M,M,M,M,M,M,M,M,M,M,M,78.00,KPHX 150151Z 26008KT 10SM CLR 26/09 A2987 RMK AO2 SLP099 T02560094,M
PHX,2025-10-15 02:51,-112.0116,33.4343,337.00,76.00,50.00,40.10,280.00,11.00,0.00,29.89,1010.90,10.00,M,CLR,M,M,M,M,M,M,M,M,M,M,M,M,M,M,76.00,KPHX 150251Z 28011KT 10SM CLR 24/10 A2989 RMK AO2 SLP109 T02440100 53015,M
PHX,2025-10-15 03:51,-112.0116,33.4343,337.00,75.00,49.00,39.94,290.00,10.00,0.00,29.90,1011.20,10.00,M,CLR,M,M,M,M,M,M,M,M,M,M,M,M,M,M,75.00,KPHX 150351Z 29010KT 10SM CLR 24/09 A2990 RMK AO2 SLP112 T02390094,M
PHX,2025-10-15 04:51,-112.0116,33.4343,337.00,74.00,49.00,41.29,300.00,8.00,0.00,29.90,1011.10,10.00,M,CLR,M,M,M,M,M,M,M,M,M,M,M,M,M,M,74.00,KPHX 150451Z 30008KT 10SM CLR 23/09 A2990 RMK AO2 SLP111 T02330094,M
PHX,2025-10-15 05:51,-112.0116,33.4343,337.00,73.00,48.00,41.13,290.00,7.00,0.00,29.91,1011.10,10.00,M,CLR,M,M,M,M,M,M,M,M,M,M,M,M,M,M,73.00,KPHX 150551Z 29007KT 10SM CLR 23/09 A2991 RMK AO2 SLP111 T02280089 10283 20228 51004 $,M
PHX,2025-10-15 06:51,-112.0116,33.4343,337.00,72.00,49.00,44.17,300.00,6.00,0.00,29.91,1011.20,10.00,M,FEW,M,M,M,10000.00,M,M,M,M,M,M,M,M,M,M,72.00,KPHX 150651Z 30006KT 10SM FEW100 22/09 A2991 RMK AO2 SLP112 T02220094 402940200 $,M
PHX,2025-10-15 07:51,-112.0116,33.4343,337.00,72.00,49.00,44.17,330.00,5.00,0.00,29.91,1011.30,10.00,M,FEW,FEW,M,M,10000.00,13000.00,M,M,M,M,M,M,M,M,M,72.00,KPHX 150751Z 33005KT 10SM FEW100 FEW130 22/09 A2991 RMK AO2 SLP113 T02220094 $,M
PHX,2025-10-15 08:51,-112.0116,33.4343,337.00,69.00,53.00,56.72,320.00,3.00,0.00,29.91,1011.40,10.00,M,SCT,SCT,M,M,7500.00,11000.00,M,M,M,M,M,M,M,M,M,69.00,KPHX 150851Z 32003KT 10SM SCT075 SCT110 21/12 A2991 RMK AO2 SLP114 T02060117 53002 $,M
PHX,2025-10-15 09:51,-112.0116,33.4343,337.00,70.00,50.00,49.06,320.00,7.00,0.00,29.90,1011.10,10.00,M,SCT,BKN,M,M,8000.00,10000.00,M,M,M,M,M,M,M,M,M,70.00,KPHX 150951Z 32007KT 10SM SCT080 BKN100 21/10 A2990 RMK AO2 SLP111 T02110100 $,M
PHX,2025-10-15 10:51,-112.0116,33.4343,337.00,69.00,51.00,52.69,330.00,5.00,0.00,29.90,1011.00,10.00,M,BKN,BKN,M,M,8000.00,10000.00,M,M,M,M,M,M,M,M,M,69.00,KPHX 151051Z 33005KT 10SM BKN080 BKN100 21/11 A2990 RMK AO2 SLP110 T02060106 $,M
PHX,2025-10-15 11:51,-112.0116,33.4343,337.00,68.00,51.00,54.53,330.00,6.00,0.00,29.91,1011.30,10.00,M,BKN,BKN,M,M,7000.00,10000.00,M,M,M,M,M,M,M,M,M,68.00,KPHX 151151Z 33006KT 10SM BKN070 BKN100 20/11 A2991 RMK AO2 SLP113 T02000106 10228 20200 55001 $,M
PHX,2025-10-15 12:51,-112.0116,33.4343,337.00,68.00,51.00,54.53,10.00,4.00,0.00,29.91,1011.50,10.00,M,BKN,M,M,M,7000.00,M,M,M,M,M,M,M,M,M,M,68.00,KPHX 151251Z 01004KT 10SM BKN070 20/11 A2991 RMK AO2 SLP115 T02000106 $,M
PHX,2025-10-15 13:51,-112.0116,33.4343,337.00,67.00,51.00,56.44,330.00,4.00,0.00,29.91,1011.60,10.00,M,BKN,M,M,M,7000.00,M,M,M,M,M,M,M,M,M,M,67.00,KPHX 151351Z 33004KT 10SM BKN070 19/11 A2991 RMK AO2 SLP116 T01940106,M
PHX,2025-10-15 14:51,-112.0116,33.4343,337.00,67.00,51.00,56.44,330.00,3.00,0.00,29.92,1012.00,10.00,M,FEW,FEW,SCT,M,7000.00,10000.00,15000.00,M,M,M,M,M,M,M,M,67.00,KPHX 151451Z 33003KT 10SM FEW070 FEW100 SCT150 19/11 A2992 RMK AO2 SLP120 T01940106 53005,M
PHX,2025-10-15 15:51,-112.0116,33.4343,337.00,69.00,51.00,52.69,0.00,0.00,0.00,29.93,1012.10,10.00,M,FEW,FEW,SCT,M,7000.00,10000.00,15000.00,M,M,M,M,M,M,M,M,69.00,KPHX 151551Z 00000KT 10SM FEW070 FEW100 SCT150 21/11 A2993 RMK AO2 SLP121 T02060106,M
PHX,2025-10-15 16:51,-112.0116,33.4343,337.00,72.00,52.00,49.37,300.00,6.00,0.00,29.93,1012.10,10.00,M,FEW,FEW,FEW,M,7000.00,15000.00,25000.00,M,M,M,M,M,M,M,M,72.00,KPHX 151651Z 30006KT 10SM FEW070 FEW150 FEW250 22/11 A2993 RMK AO2 SLP121 T02220111,M
PHX,2025-10-15 17:51,-112.0116,33.4343,337.00,74.00,52.00,46.16,M,4.00,0.00,29.92,1011.70,10.00,M,FEW,FEW,M,M,15000.00,25000.00,M,M,M,M,M,M,M,M,M,74.00,KPHX 151751Z VRB04KT 10SM FEW150 FEW250 23/11 A2992 RMK AO2 SLP117 T02330111 10244 20194 58002,M
PHX,2025-10-15 18:51,-112.0116,33.4343,337.00,76.00,52.00,43.18,M,6.00,0.00,29.90,1011.00,10.00,M,FEW,FEW,M,M,15000.00,25000.00,M,M,M,M,M,M,M,M,M,76.00,KPHX 151851Z VRB06KT 10SM FEW150 FEW250 24/11 A2990 RMK AO2 SLP110 T02440111,M
PHX,2025-10-15 19:51,-112.0116,33.4343,337.00,78.00,53.00,41.93,270.00,4.00,0.00,29.87,1010.10,10.00,M,FEW,FEW,FEW,M,5000.00,15000.00,25000.00,M,M,M,M,M,M,M,M,78.00,KPHX 151951Z 27004KT 10SM FEW050 FEW150 FEW250 26/12 A2987 RMK AO2 SLP101 T02560117,M
PHX,2025-10-15 20:51,-112.0116,33.4343,337.00,78.00,50.00,37.53,M,5.00,0.00,29.85,1009.40,10.00,M,FEW,M,M,M,5000.00,M,M,M,M,M,M,M,M,M,M,78.00,KPHX 152051Z COR VRB05KT 10SM FEW050 26/10 A2985 RMK AO2 SLP094 T02560100 58021,M
PHX,2025-10-15 21:51,-112.0116,33.4343,337.00,78.00,50.00,37.53,230.00,7.00,0.00,29.85,1009.30,10.00,M,FEW,M,M,M,5000.00,M,M,M,M,M,M,M,M,M,M,78.00,KPHX 152151Z 23007KT 10SM FEW050 26/10 A2985 RMK AO2 SLP093 T02560100,M
PHX,2025-10-15 22:51,-112.0116,33.4343,337.00,77.00,49.00,37.37,230.00,6.00,0.00,29.84,1009.20,10.00,M,FEW,M,M,M,5000.00,M,M,M,M,M,M,M,M,M,M,77.00,KPHX 152251Z 23006KT 10SM FEW050 25/09 A2984 RMK AO2 SLP092 T02500094,M
PHX,2025-10-15 23:51,-112.0116,33.4343,337.00,78.00,45.00,31.10,280.00,11.00,0.00,29.84,1009.00,10.00,16.00,FEW,M,M,M,5000.00,M,M,M,M,M,M,M,M,M,M,78.00,KPHX 152351Z 28011G16KT 10SM FEW050 26/07 A2984 RMK AO2 SLP090 T02560072 10261 20233 58005,M
PHX,2025-10-16 00:51,-112.0116,33.4343,337.00,76.00,44.00,31.98,290.00,8.00,0.00,29.84,1009.00,10.00,M,FEW,M,M,M,5000.00,M,M,M,M,M,M,M,M,M,M,76.00,KPHX 160051Z 29008KT 10SM FEW050 24/07 A2984 RMK AO2 SLP090 T02440067,M
PHX,2025-10-16 01:51,-112.0116,33.4343,337.00,75.00,47.00,37.05,260.00,5.00,0.00,29.84,1009.10,10.00,M,FEW,M,M,M,5000.00,M,M,M,M,M,M,M,M,M,M,75.00,KPHX 160151Z 26005KT 10SM FEW050 24/08 A2984 RMK AO2 SLP091 T02390083,M
PHX,2025-10-16 02:51,-112.0116,33.4343,337.00,75.00,46.00,35.68,280.00,8.00,0.00,29.85,1009.40,10.00,M,FEW,M,M,M,5000.00,M,M,M,M,M,M,M,M,M,M,75.00,KPHX 160251Z 28008KT 10SM FEW050 24/08 A2985 RMK AO2 SLP094 T02390078 53003,M
PHX,2025-10-16 03:51,-112.0116,33.4343,337.00,71.00,53.00,52.98,230.00,4.00,0.00,29.86,1009.70,10.00,M,CLR,M,M,M,M,M,M,M,M,M,M,M,M,M,M,71.00,KPHX 160351Z 23004KT 10SM CLR 22/12 A2986 RMK AO2 SLP097 T02170117,M
PHX,2025-10-16 04:51,-112.0116,33.4343,337.00,72.00,49.00,44.17,300.00,4.00,0.00,29.86,1009.90,10.00,M,CLR,M,M,M,M,M,M,M,M,M,M,M,M,M,M,72.00,KPHX 160451Z 30004KT 10SM CLR 22/09 A2986 RMK AO2 SLP099 T02220094,M
PHX,2025-10-16 05:51,-112.0116,33.4343,337.00,68.00,53.00,58.70,M,5.00,0.00,29.87,1010.20,10.00,M,CLR,M,M,M,M,M,M,M,M,M,M,M,M,M,M,68.00,KPHX 160551Z VRB05KT 10SM CLR 20/12 A2987 RMK AO2 SLP102 T02000117 10256 20200 53008,M
PHX,2025-10-16 06:51,-112.0116,33.4343,337.00,66.00,51.00,58.42,240.00,6.00,0.00,29.87,1010.20,10.00,M,CLR,M,M,M,M,M,M,M,M,M,M,M,M,M,M,66.00,KPHX 160651Z 24006KT 10SM CLR 19/11 A2987 RMK AO2 SLP102 T01890106 402610189,M
PHX,2025-10-16 07:51,-112.0116,33.4343,337.00,66.00,48.00,52.24,260.00,5.00,0.00,29.87,1010.10,10.00,M,CLR,M,M,M,M,M,M,M,M,M,M,M,M,M,M,66.00,KPHX 160751Z 26005KT 10SM CLR 19/09 A2987 RMK AO2 SLP101 T01890089,M
PHX,2025-10-16 08:51,-112.0116,33.4343,337.00,65.00,48.00,54.09,250.00,6.00,0.00,29.87,1010.00,10.00,M,CLR,M,M,M,M,M,M,M,M,M,M,M,M,M,M,65.00,KPHX 160851Z 25006KT 10SM CLR 18/09 A2987 RMK AO2 SLP100 T01830089 58002,M
PHX,2025-10-16 09:51,-112.0116,33.4343,337.00,64.00,49.00,58.15,250.00,5.00,0.00,29.86,1009.80,10.00,M,FEW,M,M,M,6000.00,M,M,M,M,M,M,M,M,M,M,64.00,KPHX 160951Z 25005KT 10SM FEW060 18/09 A2986 RMK AO2 SLP098 T01780094,M
PHX,2025-10-16 10:51,-112.0116,33.4343,337.00,63.00,48.00,58.01,250.00,5.00,0.00,29.86,1009.90,10.00,M,CLR,M,M,M,M,M,M,M,M,M,M,M,M,M,M,63.00,KPHX 161051Z 25005KT 10SM CLR 17/09 A2986 RMK AO2 SLP099 T01720089,M
PHX,2025-10-16 11:51,-112.0116,33.4343,337.00,62.00,49.00,62.38,260.00,4.00,0.00,29.86,1009.80,10.00,M,CLR,M,M,M,M,M,M,M,M,M,M,M,M,M,M,62.00,KPHX 161151Z 26004KT 10SM CLR 17/09 A2986 RMK AO2 SLP098 T01670094 10200 20167 56003,M
PHX,2025-10-16 12:51,-112.0116,33.4343,337.00,61.00,50.00,67.08,220.00,3.00,0.00,29.86,1010.00,10.00,M,CLR,M,M,M,M,M,M,M,M,M,M,M,M,M,M,61.00,KPHX 161251Z 22003KT 10SM CLR 16/10 A2986 RMK AO2 SLP100 T01610100,M
PHX,2025-10-16 13:51,-112.0116,33.4343,337.00,63.00,47.00,55.87,260.00,3.00,0.00,29.87,1010.10,10.00,M,CLR,M,M,M,M,M,M,M,M,M,M,M,M,M,M,63.00,KPHX 161351Z 26003KT 10SM CLR 17/08 A2987 RMK AO2 SLP101 T01720083,M
PHX,2025-10-16 14:51,-112.0116,33.4343,337.00,65.00,47.00,52.09,250.00,5.00,0.00,29.89,1010.80,10.00,M,CLR,M,M,M,M,M,M,M,M,M,M,M,M,M,M,65.00,KPHX 161451Z 25005KT 10SM CLR 18/08 A2989 RMK AO2 SLP108 T01830083 53009,M
PHX,2025-10-16 15:51,-112.0116,33.4343,337.00,66.00,47.00,50.31,240.00,3.00,0.00,29.89,1011.00,10.00,M,CLR,M,M,M,M,M,M,M,M,M,M,M,M,M,M,66.00,KPHX 161551Z 24003KT 10SM CLR 19/08 A2989 RMK AO2 SLP110 T01890083,M
PHX,2025-10-16 16:51,-112.0116,33.4343,337.00,70.00,48.00,45.53,0.00,0.00,0.00,29.89,1010.90,10.00,M,CLR,M,M,M,M,M,M,M,M,M,M,M,M,M,M,70.00,KPHX 161651Z 00000KT 10SM CLR 21/09 A2989 RMK AO2 SLP109 T02110089,M
PHX,2025-10-16 17:51,-112.0116,33.4343,337.00,73.00,47.00,39.62,170.00,3.00,0.00,29.88,1010.60,10.00,M,CLR,M,M,M,M,M,M,M,M,M,M,M,M,M,M,73.00,KPHX 161751Z 17003KT 10SM CLR 23/08 A2988 RMK AO2 SLP106 T02280083 10228 20161 58001,M
PHX,2025-10-16 18:51,-112.0116,33.4343,337.00,76.00,45.00,33.22,M,4.00,0.00,29.87,1010.20,10.00,M,CLR,M,M,M,M,M,M,M,M,M,M,M,M,M,M,76.00,KPHX 161851Z VRB04KT 10SM CLR 24/07 A2987 RMK AO2 SLP102 T02440072,M
PHX,2025-10-16 19:51,-112.0116,33.4343,337.00,77.00,42.00,28.65,190.00,4.00,0.00,29.85,1009.50,10.00,M,CLR,M,M,M,M,M,M,M,M,M,M,M,M,M,M,77.00,KPHX 161951Z 19004KT 10SM CLR 25/06 A2985 RMK AO2 SLP095 T02500056,M
PHX,2025-10-16 20:51,-112.0116,33.4343,337.00,79.00,41.00,25.81,M,M,0.00,29.83,1008.90,10.00,M,FEW,M,M,M,10000.00,M,M,M,M,M,M,M,M,M,M,79.00,KPHX 162051Z 10SM FEW100 26/05 A2983 RMK AO2 SLP089 T02610050 58016,M
PHX,2025-10-16 21:51,-112.0116,33.4343,337.00,79.00,41.00,25.81,230.00,4.00,0.00,29.82,1008.60,10.00,M,FEW,M,M,M,10000.00,M,M,M,M,M,M,M,M,M,M,79.00,KPHX 162151Z 23004KT 10SM FEW100 26/05 A2982 RMK AO2 SLP086 T02610050,M
PHX,2025-10-16 22:51,-112.0116,33.4343,337.00,79.00,42.00,26.83,240.00,5.00,0.00,29.82,1008.30,10.00,M,FEW,M,M,M,10000.00,M,M,M,M,M,M,M,M,M,M,79.00,KPHX 162251Z 24005KT 10SM FEW100 26/06 A2982 RMK AO2 SLP083 T02610056,M
PHX,2025-10-16 23:51,-112.0116,33.4343,337.00,79.00,40.00,24.83,250.00,7.00,0.00,29.81,1008.10,10.00,M,CLR,M,M,M,M,M,M,M,M,M,M,M,M,M,M,79.00,KPHX 162351Z 25007KT 10SM CLR 26/04 A2981 RMK AO2 SLP081 T02610044 10272 20228 56008,M
PHX,2025-10-17 00:51,-112.0116,33.4343,337.00,77.00,42.00,28.65,260.00,7.00,0.00,29.80,1008.00,10.00,M,CLR,M,M,M,M,M,M,M,M,M,M,M,M,M,M,77.00,KPHX 170051Z 26007KT 10SM CLR 25/06 A2980 RMK AO2 SLP080 T02500056,M
PHX,2025-10-17 01:51,-112.0116,33.4343,337.00,74.00,44.00,34.19,250.00,5.00,0.00,29.81,1008.30,10.00,M,CLR,M,M,M,M,M,M,M,M,M,M,M,M,M,M,74.00,KPHX 170151Z 25005KT 10SM CLR 23/07 A2981 RMK AO2 SLP083 T02330067,M
PHX,2025-10-17 02:51,-112.0116,33.4343,337.00,72.00,49.00,44.17,240.00,4.00,0.00,29.81,1008.40,10.00,M,CLR,M,M,M,M,M,M,M,M,M,M,M,M,M,M,72.00,KPHX 170251Z 24004KT 10SM CLR 22/09 A2981 RMK AO2 SLP084 T02220094 53002,M
PHX,2025-10-17 03:51,-112.0116,33.4343,337.00,71.00,47.00,42.38,250.00,4.00,0.00,29.82,1008.70,10.00,M,CLR,M,M,M,M,M,M,M,M,M,M,M,M,M,M,71.00,KPHX 170351Z 25004KT 10SM CLR 22/08 A2982 RMK AO2 SLP087 T02170083,M
PHX,2025-10-17 04:51,-112.0116,33.4343,337.00,73.00,41.00,31.50,280.00,4.00,0.00,29.82,1008.50,10.00,M,CLR,M,M,M,M,M,M,M,M,M,M,M,M,M,M,73.00,KPHX 170451Z 28004KT 10SM CLR 23/05 A2982 RMK AO2 SLP085 T02280050,M
PHX,2025-10-17 05:51,-112.0116,33.4343,337.00,71.00,42.00,35.03,0.00,0.00,0.00,29.82,1008.60,10.00,M,CLR,M,M,M,M,M,M,M,M,M,M,M,M,M,M,71.00,KPHX 170551Z 00000KT 10SM CLR 22/06 A2982 RMK AO2 SLP086 T02170056 10261 20200 51003,M
PHX,2025-10-17 06:51,-112.0116,33.4343,337.00,71.00,39.00,31.18,350.00,4.00,0.00,29.83,1008.60,10.00,M,CLR,M,M,M,M,M,M,M,M,M,M,M,M,M,M,71.00,KPHX 170651Z 35004KT 10SM CLR 22/04 A2983 RMK AO2 SLP086 T02170039 402720161,M
PHX,2025-10-17 07:51,-112.0116,33.4343,337.00,65.00,48.00,54.09,0.00,0.00,0.00,29.83,1008.90,10.00,M,CLR,M,M,M,M,M,M,M,M,M,M,M,M,M,M,65.00,KPHX 170751Z 00000KT 10SM CLR 18/09 A2983 RMK AO2 SLP089 T01830089,M
PHX,2025-10-17 08:51,-112.0116,33.4343,337.00,64.00,50.00,60.35,0.00,0.00,0.00,29.84,1009.00,10.00,M,CLR,M,M,M,M,M,M,M,M,M,M,M,M,M,M,64.00,KPHX 170851Z 00000KT 10SM CLR 18/10 A2984 RMK AO2 SLP090 T01780100 53004,M
PHX,2025-10-17 09:51,-112.0116,33.4343,337.00,63.00,52.00,67.31,90.00,5.00,0.00,29.84,1009.20,10.00,M,CLR,M,M,M,M,M,M,M,M,M,M,M,M,M,M,63.00,KPHX 170951Z 09005KT 10SM CLR 17/11 A2984 RMK AO2 SLP092 T01720111,M
PHX,2025-10-17 10:51,-112.0116,33.4343,337.00,63.00,52.00,67.31,120.00,3.00,0.00,29.84,1009.10,10.00,M,CLR,M,M,M,M,M,M,M,M,M,M,M,M,M,M,63.00,KPHX 171051Z 12003KT 10SM CLR 17/11 A2984 RMK AO2 SLP091 T01720111,M
PHX,2025-10-17 11:51,-112.0116,33.4343,337.00,61.00,51.00,69.61,140.00,6.00,0.00,29.85,1009.70,10.00,M,CLR,M,M,M,M,M,M,M,M,M,M,M,M,M,M,61.00,KPHX 171151Z 14006KT 10SM CLR 16/11 A2985 RMK AO2 SLP097 T01610106 10222 20161 53005,M
PHX,2025-10-17 12:51,-112.0116,33.4343,337.00,62.00,49.00,62.38,130.00,6.00,0.00,29.87,1010.20,10.00,M,CLR,M,M,M,M,M,M,M,M,M,M,M,M,M,M,62.00,KPHX 171251Z 13006KT 10SM CLR 17/09 A2987 RMK AO2 SLP102 T01670094,M
PHX,2025-10-17 13:51,-112.0116,33.4343,337.00,61.00,51.00,69.61,120.00,6.00,0.00,29.88,1010.70,10.00,M,FEW,M,M,M,8000.00,M,M,M,M,M,M,M,M,M,M,61.00,KPHX 171351Z COR 12006KT 10SM FEW080 16/11 A2988 RMK AO2 SLP107 T01610106,M
PHX,2025-10-17 14:51,-112.0116,33.4343,337.00,65.00,50.00,58.28,120.00,4.00,0.00,29.90,1011.30,10.00,M,FEW,M,M,M,10000.00,M,M,M,M,M,M,M,M,M,M,65.00,KPHX 171451Z 12004KT 10SM FEW100 18/10 A2990 RMK AO2 SLP113 T01830100 53015,M
PHX,2025-10-17 15:51,-112.0116,33.4343,337.00,68.00,47.00,46.96,100.00,6.00,0.00,29.92,1011.90,10.00,M,FEW,M,M,M,10000.00,M,M,M,M,M,M,M,M,M,M,68.00,KPHX 171551Z 10006KT 10SM FEW100 20/08 A2992 RMK AO2 SLP119 T02000083,M
PHX,2025-10-17 16:51,-112.0116,33.4343,337.00,72.00,47.00,40.97,100.00,5.00,0.00,29.93,1012.10,10.00,M,FEW,M,M,M,10000.00,M,M,M,M,M,M,M,M,M,M,72.00,KPHX 171651Z 10005KT 10SM FEW100 22/08 A2993 RMK AO2 SLP121 T02220083,M
PHX,2025-10-17 17:51,-112.0116,33.4343,337.00,74.00,46.00,36.89,0.00,0.00,0.00,29.92,1011.70,10.00,M,FEW,M,M,M,10000.00,M,M,M,M,M,M,M,M,M,M,74.00,KPHX 171751Z 00000KT 10SM FEW100 23/08 A2992 RMK AO2 SLP117 T02330078 10239 20161 50005,M
PHX,2025-10-17 18:51,-112.0116,33.4343,337.00,78.00,44.00,29.93,150.00,3.00,0.00,29.90,1011.20,10.00,M,FEW,M,M,M,10000.00,M,M,M,M,M,M,M,M,M,M,78.00,KPHX 171851Z COR 15003KT 10SM FEW100 26/07 A2990 RMK AO2 SLP112 T02560067,M
PHX,2025-10-17 19:51,-112.0116,33.4343,337.00,79.00,40.00,24.83,0.00,0.00,0.00,29.88,1010.40,10.00,M,FEW,M,M,M,10000.00,M,M,M,M,M,M,M,M,M,M,79.00,KPHX 171951Z 00000KT 10SM FEW100 26/04 A2988 RMK AO2 SLP104 T02610044,M
PHX,2025-10-17 20:51,-112.0116,33.4343,337.00,80.00,38.00,22.22,280.00,8.00,0.00,29.86,1009.80,10.00,M,FEW,M,M,M,10000.00,M,M,M,M,M,M,M,M,M,M,78.74,KPHX 172051Z 28008KT 10SM FEW100 27/03 A2986 RMK AO2 SLP098 T02670033 58018,M
PHX,2025-10-17 21:51,-112.0116,33.4343,337.00,81.00,34.00,18.36,M,6.00,0.00,29.85,1009.30,10.00,M,FEW,M,M,M,10000.00,M,M,M,M,M,M,M,M,M,M,79.13,KPHX 172151Z VRB06KT 10SM FEW100 27/01 A2985 RMK AO2 SLP093 T02720011,M
PHX,2025-10-17 22:51,-112.0116,33.4343,337.00,81.00,35.00,19.10,210.00,6.00,0.00,29.85,1009.30,10.00,M,FEW,M,M,M,10000.00,M,M,M,M,M,M,M,M,M,M,79.17,KPHX 172251Z 21006KT 10SM FEW100 27/02 A2985 RMK AO2 SLP093 T02720017,M
PHX,2025-10-17 23:51,-112.0116,33.4343,337.00,81.00,36.00,19.88,250.00,6.00,0.00,29.84,1009.20,10.00,M,FEW,M,M,M,10000.00,M,M,M,M,M,M,M,M,M,M,79.20,KPHX 172351Z 25006KT 10SM FEW100 27/02 A2984 RMK AO2 SLP092 T02720022 10283 20233 56006,M
PHX,2025-10-18 00:51,-112.0116,33.4343,337.00,79.00,39.00,23.88,230.00,5.00,0.00,29.85,1009.40,10.00,M,FEW,M,M,M,10000.00,M,M,M,M,M,M,M,M,M,M,79.00,KPHX 180051Z 23005KT 10SM FEW100 26/04 A2985 RMK AO2 SLP094 T02610039,M
PHX,2025-10-18 01:51,-112.0116,33.4343,337.00,75.00,43.00,31.82,230.00,4.00,0.00,29.86,1010.00,10.00,M,CLR,M,M,M,M,M,M,M,M,M,M,M,M,M,M,75.00,KPHX 180151Z 23004KT 10SM CLR 24/06 A2986 RMK AO2 SLP100 T02390061,M
PHX,2025-10-18 02:51,-112.0116,33.4343,337.00,74.00,42.00,31.66,230.00,3.00,0.00,29.88,1010.40,10.00,M,CLR,M,M,M,M,M,M,M,M,M,M,M,M,M,M,74.00,KPHX 180251Z 23003KT 10SM CLR 23/06 A2988 RMK AO2 SLP104 T02330056 53010,M
PHX,2025-10-18 03:51,-112.0116,33.4343,337.00,73.00,42.00,32.74,0.00,0.00,0.00,29.89,1010.70,10.00,M,CLR,M,M,M,M,M,M,M,M,M,M,M,M,M,M,73.00,KPHX 180351Z 00000KT 10SM CLR 23/06 A2989 RMK AO2 SLP107 T02280056,M
PHX,2025-10-18 04:51,-112.0116,33.4343,337.00,74.00,39.00,28.18,290.00,4.00,0.00,29.91,1011.50,10.00,M,CLR,M,M,M,M,M,M,M,M,M,M,M,M,M,M,74.00,KPHX 180451Z 29004KT 10SM CLR 23/04 A2991 RMK AO2 SLP115 T02330039,M
PHX,2025-10-18 05:51,-112.0116,33.4343,337.00,73.00,39.00,29.14,20.00,3.00,0.00,29.92,1011.60,10.00,M,CLR,M,M,M,M,M,M,M,M,M,M,M,M,M,M,73.00,KPHX 180551Z 02003KT 10SM CLR 23/04 A2992 RMK AO2 SLP116 T02280039 10272 20211 51013,M
PHX,2025-10-18 06:51,-112.0116,33.4343,337.00,70.00,44.00,39.13,100.00,4.00,0.00,29.93,1012.00,10.00,M,CLR,M,M,M,M,M,M,M,M,M,M,M,M,M,M,70.00,KPHX 180651Z 10004KT 10SM CLR 21/07 A2993 RMK AO2 SLP120 T02110067 402830161,M
PHX,2025-10-18 07:51,-112.0116,33.4343,337.00,67.00,46.00,46.80,100.00,4.00,0.00,29.93,1012.30,10.00,M,CLR,M,M,M,M,M,M,M,M,M,M,M,M,M,M,67.00,KPHX 180751Z 10004KT 10SM CLR 19/08 A2993 RMK AO2 SLP123 T01940078,M
PHX,2025-10-18 08:51,-112.0116,33.4343,337.00,66.00,47.00,50.31,130.00,3.00,0.00,29.94,1012.60,10.00,M,CLR,M,M,M,M,M,M,M,M,M,M,M,M,M,M,66.00,KPHX 180851Z 13003KT 10SM CLR 19/08 A2994 RMK AO2 SLP126 T01890083 51009,M
PHX,2025-10-18 09:51,-112.0116,33.4343,337.00,64.00,49.00,58.15,130.00,5.00,0.00,29.94,1012.70,10.00,M,CLR,M,M,M,M,M,M,M,M,M,M,M,M,M,M,64.00,KPHX 180951Z 13005KT 10SM CLR 18/09 A2994 RMK AO2 SLP127 T01780094,M
PHX,2025-10-18 10:51,-112.0116,33.4343,337.00,64.00,47.00,53.94,90.00,3.00,0.00,29.95,1012.80,10.00,M,CLR,M,M,M,M,M,M,M,M,M,M,M,M,M,M,64.00,KPHX 181051Z 09003KT 10SM CLR 18/08 A2995 RMK AO2 SLP128 T01780083,M
PHX,2025-10-18 11:51,-112.0116,33.4343,337.00,63.00,47.00,55.87,140.00,3.00,0.00,29.96,1013.10,10.00,M,CLR,M,M,M,M,M,M,M,M,M,M,M,M,M,M,63.00,KPHX 181151Z 14003KT 10SM CLR 17/08 A2996 RMK AO2 SLP131 T01720083 10228 20167 53005,M
PHX,2025-10-18 12:51,-112.0116,33.4343,337.00,62.00,49.00,62.38,120.00,5.00,0.00,29.97,1013.70,10.00,M,CLR,M,M,M,M,M,M,M,M,M,M,M,M,M,M,62.00,KPHX 181251Z 12005KT 10SM CLR 17/09 A2997 RMK AO2 SLP137 T01670094,M
PHX,2025-10-18 13:51,-112.0116,33.4343,337.00,62.00,47.00,57.87,100.00,5.00,0.00,30.00,1014.70,10.00,M,CLR,M,M,M,M,M,M,M,M,M,M,M,M,M,M,62.00,KPHX 181351Z 10005KT 10SM CLR 17/08 A3000 RMK AO2 SLP147 T01670083,M
PHX,2025-10-18 14:51,-112.0116,33.4343,337.00,65.00,48.00,54.09,120.00,4.00,0.00,30.03,1015.60,10.00,M,CLR,M,M,M,M,M,M,M,M,M,M,M,M,M,M,65.00,KPHX 181451Z 12004KT 10SM CLR 18/09 A3003 RMK AO2 SLP156 T01830089 53023,M
PHX,2025-10-18 15:51,-112.0116,33.4343,337.00,69.00,46.00,43.69,100.00,6.00,0.00,30.05,1016.30,10.00,M,FEW,M,M,M,18000.00,M,M,M,M,M,M,M,M,M,M,69.00,KPHX 181551Z 10006KT 10SM FEW180 21/08 A3005 RMK AO2 SLP163 T02060078,M
PHX,2025-10-18 16:51,-112.0116,33.4343,337.00,75.00,44.00,33.06,120.00,8.00,0.00,30.05,1016.30,10.00,M,FEW,M,M,M,23000.00,M,M,M,M,M,M,M,M,M,M,75.00,KPHX 181651Z 12008KT 10SM FEW230 24/07 A3005 RMK AO2 SLP163 T02390067,M
PHX,2025-10-18 17:51,-112.0116,33.4343,337.00,78.00,43.00,28.81,130.00,5.00,0.00,30.05,1015.90,10.00,M,FEW,M,M,M,25000.00,M,M,M,M,M,M,M,M,M,M,78.00,KPHX 181751Z 13005KT 10SM FEW250 26/06 A3005 RMK AO2 SLP159 T02560061 10256 20167 50006,M
PHX,2025-10-18 18:51,-112.0116,33.4343,337.00,79.00,43.00,27.88,M,4.00,0.00,30.03,1015.40,10.00,M,FEW,M,M,M,25000.00,M,M,M,M,M,M,M,M,M,M,79.00,KPHX 181851Z VRB04KT 10SM FEW250 26/06 A3003 RMK AO2 SLP154 T02610061,M
PHX,2025-10-18 19:51,-112.0116,33.4343,337.00,80.00,42.00,25.96,250.00,4.00,0.00,30.00,1014.50,10.00,M,FEW,M,M,M,25000.00,M,M,M,M,M,M,M,M,M,M,78.92,KPHX 181951Z 25004KT 10SM FEW250 27/06 A3000 RMK AO2 SLP145 T02670056,M
PHX,2025-10-18 20:51,-112.0116,33.4343,337.00,83.00,42.00,23.55,220.00,6.00,0.00,29.97,1013.60,10.00,M,FEW,M,M,M,25000.00,M,M,M,M,M,M,M,M,M,M,80.74,KPHX 182051Z 22006KT 10SM FEW250 28/06 A2997 RMK AO2 SLP136 T02830056 58023,M
PHX,2025-10-18 21:51,-112.0116,33.4343,337.00,83.00,38.00,20.16,0.00,0.00,0.00,29.96,1013.20,10.00,M,FEW,M,M,M,25000.00,M,M,M,M,M,M,M,M,M,M,80.56,KPHX 182151Z 00000KT 10SM FEW250 28/03 A2996 RMK AO2 SLP132 T02830033,M
PHX,2025-10-18 22:51,-112.0116,33.4343,337.00,85.00,38.00,18.91,M,3.00,0.00,29.96,1013.10,10.00,M,FEW,M,M,M,25000.00,M,M,M,M,M,M,M,M,M,M,81.99,KPHX 182251Z VRB03KT 10SM FEW250 29/03 A2996 RMK AO2 SLP131 T02940033,M
PHX,2025-10-18 23:51,-112.0116,33.4343,337.00,83.00,41.00,22.66,240.00,6.00,0.00,29.96,1013.10,10.00,M,FEW,SCT,M,M,20000.00,25000.00,M,M,M,M,M,M,M,M,M,80.69,KPHX 182351Z 24006KT 10SM FEW200 SCT250 28/05 A2996 RMK AO2 SLP131 T02830050 10300 20250 56006,M
PHX,2025-10-19 00:51,-112.0116,33.4343,337.00,81.00,42.00,25.13,220.00,4.00,0.00,29.95,1013.00,10.00,M,FEW,SCT,M,M,20000.00,25000.00,M,M,M,M,M,M,M,M,M,79.49,KPHX 190051Z 22004KT 10SM FEW200 SCT250 27/06 A2995 RMK AO2 SLP130 T02720056,M
PHX,2025-10-19 01:51,-112.0116,33.4343,337.00,79.00,44.00,28.97,240.00,5.00,0.00,29.97,1013.50,10.00,M,FEW,SCT,M,M,20000.00,25000.00,M,M,M,M,M,M,M,M,M,79.00,KPHX 190151Z 24005KT 10SM FEW200 SCT250 26/07 A2997 RMK AO2 SLP135 T02610067,M
PHX,2025-10-19 02:51,-112.0116,33.4343,337.00,76.00,48.00,37.21,0.00,0.00,0.00,29.98,1013.90,10.00,M,FEW,SCT,M,M,20000.00,25000.00,M,M,M,M,M,M,M,M,M,76.00,KPHX 190251Z 00000KT 10SM FEW200 SCT250 24/09 A2998 RMK AO2 SLP139 T02440089 53008,M
PHX,2025-10-19 03:51,-112.0116,33.4343,337.00,76.00,43.00,30.78,0.00,0.00,0.00,29.99,1014.30,10.00,M,SCT,M,M,M,25000.00,M,M,M,M,M,M,M,M,M,M,76.00,KPHX 190351Z 00000KT 10SM SCT250 24/06 A2999 RMK AO2 SLP143 T02440061,M
PHX,2025-10-19 04:51,-112.0116,33.4343,337.00,74.00,46.00,36.89,0.00,0.00,0.00,30.00,1014.40,10.00,M,FEW,M,M,M,25000.00,M,M,M,M,M,M,M,M,M,M,74.00,KPHX 190451Z 00000KT 10SM FEW250 23/08 A3000 RMK AO2 SLP144 T02330078,M
PHX,2025-10-19 05:51,-112.0116,33.4343,337.00,71.00,49.00,45.69,120.00,3.00,0.00,29.99,1014.30,10.00,M,CLR,M,M,M,M,M,M,M,M,M,M,M,M,M,M,71.00,KPHX 190551Z 12003KT 10SM CLR 22/09 A2999 RMK AO2 SLP143 T02170094 10289 20217 50004,M
PHX,2025-10-19 06:51,-112.0116,33.4343,337.00,71.00,48.00,44.01,100.00,3.00,0.00,29.99,1014.10,10.00,M,CLR,M,M,M,M,M,M,M,M,M,M,M,M,M,M,71.00,KPHX 190651Z 10003KT 10SM CLR 22/09 A2999 RMK AO2 SLP141 T02170089 403000167,M
PHX,2025-10-19 07:51,-112.0116,33.4343,337.00,68.00,51.00,54.53,120.00,3.00,0.00,29.99,1014.10,10.00,M,CLR,M,M,M,M,M,M,M,M,M,M,M,M,M,M,68.00,KPHX 190751Z 12003KT 10SM CLR 20/11 A2999 RMK AO2 SLP141 T02000106,M
PHX,2025-10-19 08:51,-112.0116,33.4343,337.00,67.00,50.00,54.38,0.00,0.00,0.00,29.99,1014.00,10.00,M,CLR,M,M,M,M,M,M,M,M,M,M,M,M,M,M,67.00,KPHX 190851Z 00000KT 10SM CLR 19/10 A2999 RMK AO2 SLP140 T01940100 56003,M
PHX,2025-10-19 09:51,-112.0116,33.4343,337.00,65.00,54.00,67.55,140.00,3.00,0.00,29.99,1014.10,10.00,M,CLR,M,M,M,M,M,M,M,M,M,M,M,M,M,M,65.00,KPHX 190951Z 14003KT 10SM CLR 18/12 A2999 RMK AO2 SLP141 T01830122,M
PHX,2025-10-19 10:51,-112.0116,33.4343,337.00,64.00,49.00,58.15,0.00,0.00,0.00,29.99,1014.30,10.00,M,CLR,M,M,M,M,M,M,M,M,M,M,M,M,M,M,64.00,KPHX 191051Z 00000KT 10SM CLR 18/09 A2999 RMK AO2 SLP143 T01780094,M
PHX,2025-10-19 11:51,-112.0116,33.4343,337.00,64.00,50.00,60.35,110.00,7.00,0.00,30.00,1014.50,10.00,M,CLR,M,M,M,M,M,M,M,M,M,M,M,M,M,M,64.00,KPHX 191151Z 11007KT 10SM CLR 18/10 A3000 RMK AO2 SLP145 T01780100 10217 20178 53004,M
PHX,2025-10-19 12:51,-112.0116,33.4343,337.00,65.00,48.00,54.09,110.00,6.00,0.00,30.02,1015.10,10.00,M,CLR,M,M,M,M,M,M,M,M,M,M,M,M,M,M,65.00,KPHX 191251Z 11006KT 10SM CLR 18/09 A3002 RMK AO2 SLP151 T01830089,M
PHX,2025-10-19 13:51,-112.0116,33.4343,337.00,64.00,49.00,58.15,110.00,5.00,0.00,30.02,1015.40,10.00,M,CLR,M,M,M,M,M,M,M,M,M,M,M,M,M,M,64.00,KPHX 191351Z 11005KT 10SM CLR 18/09 A3002 RMK AO2 SLP154 T01780094,M
PHX,2025-10-19 14:51,-112.0116,33.4343,337.00,67.00,49.00,52.39,120.00,3.00,0.00,30.04,1016.10,10.00,M,FEW,M,M,M,25000.00,M,M,M,M,M,M,M,M,M,M,67.00,KPHX 191451Z 12003KT 10SM FEW250 19/09 A3004 RMK AO2 SLP161 T01940094 53015,M
PHX,2025-10-19 15:51,-112.0116,33.4343,337.00,73.00,47.00,39.62,140.00,5.00,0.00,30.06,1016.40,10.00,M,CLR,M,M,M,M,M,M,M,M,M,M,M,M,M,M,73.00,KPHX 191551Z 14005KT 10SM CLR 23/08 A3006 RMK AO2 SLP164 T02280083,M
PHX,2025-10-19 16:51,-112.0116,33.4343,337.00,77.00,42.00,28.65,90.00,6.00,0.00,30.06,1016.40,10.00,M,CLR,M,M,M,M,M,M,M,M,M,M,M,M,M,M,77.00,KPHX 191651Z 09006KT 10SM CLR 25/06 A3006 RMK AO2 SLP164 T02500056,M
PHX,2025-10-19 17:51,-112.0116,33.4343,337.00,79.00,40.00,24.83,70.00,6.00,0.00,30.05,1016.00,10.00,M,CLR,M,M,M,M,M,M,M,M,M,M,M,M,M,M,79.00,KPHX 191751Z 07006KT 10SM CLR 26/04 A3005 RMK AO2 SLP160 T02610044 10267 20178 50000,M
PHX,2025-10-19 18:51,-112.0116,33.4343,337.00,83.00,42.00,23.55,M,4.00,0.00,30.03,1015.20,10.00,M,CLR,M,M,M,M,M,M,M,M,M,M,M,M,M,M,80.74,KPHX 191851Z VRB04KT 10SM CLR 28/06 A3003 RMK AO2 SLP152 T02830056,M
PHX,2025-10-19 19:51,-112.0116,33.4343,337.00,83.00,41.00,22.66,0.00,0.00,0.00,30.00,1014.20,10.00,M,CLR,M,M,M,M,M,M,M,M,M,M,M,M,M,M,80.69,KPHX 191951Z 00000KT 10SM CLR 28/05 A3000 RMK AO2 SLP142 T02830050,M
PHX,2025-10-19 20:51,-112.0116,33.4343,337.00,87.00,39.00,18.45,M,3.00,0.00,29.97,1013.30,10.00,M,CLR,M,M,M,M,M,M,M,M,M,M,M,M,M,M,83.57,KPHX 192051Z VRB03KT 10SM CLR 31/04 A2997 RMK AO2 SLP133 T03060039 58025,M
PHX,2025-10-19 21:51,-112.0116,33.4343,337.00,88.00,40.00,18.59,0.00,0.00,0.00,29.95,1012.50,10.00,M,CLR,M,M,M,M,M,M,M,M,M,M,M,M,M,M,84.42,KPHX 192151Z 00000KT 10SM CLR 31/04 A2995 RMK AO2 SLP125 T03110044,M
PHX,2025-10-19 22:51,-112.0116,33.4343,337.00,88.00,41.00,19.32,M,3.00,0.00,29.93,1012.10,10.00,M,CLR,M,M,M,M,M,M,M,M,M,M,M,M,M,M,84.47,KPHX 192251Z VRB03KT 10SM CLR 31/05 A2993 RMK AO2 SLP121 T03110050,M
PHX,2025-10-19 23:51,-112.0116,33.4343,337.00,89.00,44.00,21.01,M,3.00,0.00,29.92,1011.80,10.00,M,FEW,M,M,M,25000.00,M,M,M,M,M,M,M,M,M,M,85.50,KPHX 192351Z VRB03KT 10SM FEW250 32/07 A2992 RMK AO2 SLP118 T03170067 10322 20261 56015,M
PHX,2025-10-20 00:51,-112.0116,33.4343,337.00,85.00,43.00,22.96,250.00,5.00,0.00,29.92,1011.80,10.00,M,FEW,M,M,M,25000.00,M,M,M,M,M,M,M,M,M,M,82.21,KPHX 200051Z 25005KT 10SM FEW250 29/06 A2992 RMK AO2 SLP118 T02940061,M
PHX,2025-10-20 01:51,-112.0116,33.4343,337.00,81.00,48.00,31.57,240.00,4.00,0.00,29.94,1012.50,10.00,M,CLR,M,M,M,M,M,M,M,M,M,M,M,M,M,M,79.93,KPHX 200151Z 24004KT 10SM CLR 27/09 A2994 RMK AO2 SLP125 T02720089,M
PHX,2025-10-20 02:51,-112.0116,33.4343,337.00,78.00,51.00,38.95,230.00,4.00,0.00,29.95,1012.90,10.00,M,CLR,M,M,M,M,M,M,M,M,M,M,M,M,M,M,78.00,KPHX 200251Z 23004KT 10SM CLR 26/11 A2995 RMK AO2 SLP129 T02560106 53009,M
PHX,2025-10-20 03:51,-112.0116,33.4343,337.00,78.00,49.00,36.16,0.00,0.00,0.00,29.96,1013.00,10.00,M,CLR,M,M,M,M,M,M,M,M,M,M,M,M,M,M,78.00,KPHX 200351Z 00000KT 10SM CLR 26/09 A2996 RMK AO2 SLP130 T02560094,M
PHX,2025-10-20 04:51,-112.0116,33.4343,337.00,77.00,47.00,34.67,0.00,0.00,0.00,29.96,1013.10,10.00,M,CLR,M,M,M,M,M,M,M,M,M,M,M,M,M,M,77.00,KPHX 200451Z 00000KT 10SM CLR 25/08 A2996 RMK AO2 SLP131 T02500083,M
PHX,2025-10-20 05:51,-112.0116,33.4343,337.00,74.00,50.00,42.86,90.00,5.00,0.00,29.97,1013.30,10.00,M,CLR,M,M,M,M,M,M,M,M,M,M,M,M,M,M,74.00,KPHX 200551Z 09005KT 10SM CLR 23/10 A2997 RMK AO2 SLP133 T02330100 10311 20228 51006,M
PHX,2025-10-20 06:51,-112.0116,33.4343,337.00,71.00,50.00,47.42,90.00,5.00,0.00,29.97,1013.40,10.00,M,CLR,M,M,M,M,M,M,M,M,M,M,M,M,M,M,71.00,KPHX 200651Z 09005KT 10SM CLR 22/10 A2997 RMK AO2 SLP134 T02170100 403220178,M
PHX,2025-10-20 07:51,-112.0116,33.4343,337.00,69.00,51.00,52.69,110.00,3.00,0.00,29.98,1013.60,10.00,M,CLR,M,M,M,M,M,M,M,M,M,M,M,M,M,M,69.00,KPHX 200751Z 11003KT 10SM CLR 21/11 A2998 RMK AO2 SLP136 T02060106,M
PHX,2025-10-20 08:51,-112.0116,33.4343,337.00,68.00,49.00,50.62,120.00,4.00,0.00,29.98,1013.80,10.00,M,CLR,M,M,M,M,M,M,M,M,M,M,M,M,M,M,68.00,KPHX 200851Z 12004KT 10SM CLR 20/09 A2998 RMK AO2 SLP138 T02000094 53005,M
PHX,2025-10-20 09:51,-112.0116,33.4343,337.00,67.00,50.00,54.38,100.00,4.00,0.00,29.99,1014.00,10.00,M,CLR,M,M,M,M,M,M,M,M,M,M,M,M,M,M,67.00,KPHX 200951Z 10004KT 10SM CLR 19/10 A2999 RMK AO2 SLP140 T01940100,M
PHX,2025-10-20 10:51,-112.0116,33.4343,337.00,67.00,48.00,50.47,0.00,0.00,0.00,29.99,1014.10,10.00,M,CLR,M,M,M,M,M,M,M,M,M,M,M,M,M,M,67.00,KPHX 201051Z 00000KT 10SM CLR 19/09 A2999 RMK AO2 SLP141 T01940089,M
PHX,2025-10-20 11:51,-112.0116,33.4343,337.00,65.00,50.00,58.28,120.00,3.00,0.00,30.00,1014.30,10.00,M,CLR,M,M,M,M,M,M,M,M,M,M,M,M,M,M,65.00,KPHX 201151Z 12003KT 10SM CLR 18/10 A3000 RMK AO2 SLP143 T01830100 10233 20183 53004,M
PHX,2025-10-20 12:51,-112.0116,33.4343,337.00,65.00,48.00,54.09,110.00,5.00,0.00,30.01,1014.90,10.00,M,CLR,M,M,M,M,M,M,M,M,M,M,M,M,M,M,65.00,KPHX 201251Z 11005KT 10SM CLR 18/09 A3001 RMK AO2 SLP149 T01830089,M
PHX,2025-10-20 13:51,-112.0116,33.4343,337.00,64.00,49.00,58.15,100.00,5.00,0.00,30.03,1015.50,10.00,M,CLR,M,M,M,M,M,M,M,M,M,M,M,M,M,M,64.00,KPHX 201351Z 10005KT 10SM CLR 18/09 A3003 RMK AO2 SLP155 T01780094,M
PHX,2025-10-20 14:51,-112.0116,33.4343,337.00,67.00,48.00,50.47,110.00,6.00,0.00,30.05,1016.20,10.00,M,CLR,M,M,M,M,M,M,M,M,M,M,M,M,M,M,67.00,KPHX 201451Z 11006KT 10SM CLR 19/09 A3005 RMK AO2 SLP162 T01940089 53016,M
PHX,2025-10-20 15:51,-112.0116,33.4343,337.00,73.00,47.00,39.62,90.00,5.00,0.00,30.07,1016.80,10.00,M,CLR,M,M,M,M,M,M,M,M,M,M,M,M,M,M,73.00,KPHX 201551Z 09005KT 10SM CLR 23/08 A3007 RMK AO2 SLP168 T02280083,M
PHX,2025-10-20 16:51,-112.0116,33.4343,337.00,77.00,47.00,34.67,M,4.00,0.00,30.07,1016.90,10.00,M,CLR,M,M,M,M,M,M,M,M,M,M,M,M,M,M,77.00,KPHX 201651Z VRB04KT 10SM CLR 25/08 A3007 RMK AO2 SLP169 T02500083,M
PHX,2025-10-20 17:51,-112.0116,33.4343,337.00,79.00,45.00,30.09,150.00,5.00,0.00,30.07,1016.60,10.00,M,CLR,M,M,M,M,M,M,M,M,M,M,M,M,M,M,79.00,KPHX 201751Z 15005KT 10SM CLR 26/07 A3007 RMK AO2 SLP166 T02610072 10272 20172 50006,M
PHX,2025-10-20 18:51,-112.0116,33.4343,337.00,81.00,45.00,28.19,110.00,3.00,0.00,30.06,1016.40,10.00,M,CLR,M,M,M,M,M,M,M,M,M,M,M,M,M,M,79.68,KPHX 201851Z COR 11003KT 10SM CLR 27/07 A3006 RMK AO2 SLP164 T02720072,M
PHX,2025-10-20 19:51,-112.0116,33.4343,337.00,85.00,45.00,24.78,110.00,3.00,0.00,30.04,1015.70,10.00,M,CLR,M,M,M,M,M,M,M,M,M,M,M,M,M,M,82.34,KPHX 201951Z 11003KT 10SM CLR 29/07 A3004 RMK AO2 SLP157 T02940072,M
PHX,2025-10-20 20:51,-112.0116,33.4343,337.00,86.00,41.00,20.59,290.00,4.00,0.00,30.01,1014.90,10.00,M,CLR,M,M,M,M,M,M,M,M,M,M,M,M,M,M,82.86,KPHX 202051Z 29004KT 10SM CLR 30/05 A3001 RMK AO2 SLP149 T03000050 58017,M
PHX,2025-10-20 21:51,-112.0116,33.4343,337.00,86.00,38.00,18.31,M,3.00,0.00,30.00,1014.40,10.00,M,CLR,M,M,M,M,M,M,M,M,M,M,M,M,M,M,82.75,KPHX 202151Z VRB03KT 10SM CLR 30/03 A3000 RMK AO2 SLP144 T03000033,M
PHX,2025-10-20 22:51,-112.0116,33.4343,337.00,89.00,36.00,15.39,210.00,3.00,0.00,29.99,1014.10,10.00,M,FEW,M,M,M,25000.00,M,M,M,M,M,M,M,M,M,M,85.13,KPHX 202251Z 21003KT 10SM FEW250 32/02 A2999 RMK AO2 SLP141 T03170022,M
PHX,2025-10-20 23:51,-112.0116,33.4343,337.00,87.00,37.00,17.06,210.00,5.00,0.00,29.99,1013.90,10.00,M,FEW,M,M,M,25000.00,M,M,M,M,M,M,M,M,M,M,83.51,KPHX 202351Z 21005KT 10SM FEW250 31/03 A2999 RMK AO2 SLP139 T03060028 10317 20261 56009,M
PHX,2025-10-21 00:51,-112.0116,33.4343,337.00,84.00,41.00,21.94,230.00,6.00,0.00,29.98,1013.90,10.00,M,FEW,M,M,M,25000.00,M,M,M,M,M,M,M,M,M,M,81.38,KPHX 210051Z 23006KT 10SM FEW250 29/05 A2998 RMK AO2 SLP139 T02890050,M
PHX,2025-10-21 01:51,-112.0116,33.4343,337.00,81.00,46.00,29.28,220.00,3.00,0.00,30.00,1014.60,10.00,M,CLR,M,M,M,M,M,M,M,M,M,M,M,M,M,M,79.76,KPHX 210151Z 22003KT 10SM CLR 27/08 A3000 RMK AO2 SLP146 T02720078,M
PHX,2025-10-21 02:51,-112.0116,33.4343,337.00,79.00,47.00,32.46,0.00,0.00,0.00,30.01,1015.10,10.00,M,CLR,M,M,M,M,M,M,M,M,M,M,M,M,M,M,79.00,KPHX 210251Z 00000KT 10SM CLR 26/08 A3001 RMK AO2 SLP151 T02610083 53009,M
PHX,2025-10-21 03:51,-112.0116,33.4343,337.00,77.00,48.00,36.00,0.00,0.00,0.00,30.02,1015.30,10.00,M,CLR,M,M,M,M,M,M,M,M,M,M,M,M,M,M,77.00,KPHX 210351Z 00000KT 10SM CLR 25/09 A3002 RMK AO2 SLP153 T02500089,M
PHX,2025-10-21 04:51,-112.0116,33.4343,337.00,76.00,48.00,37.21,100.00,3.00,0.00,30.04,1015.70,10.00,M,CLR,M,M,M,M,M,M,M,M,M,M,M,M,M,M,76.00,KPHX 210451Z 10003KT 10SM CLR 24/09 A3004 RMK AO2 SLP157 T02440089,M
PHX,2025-10-21 05:51,-112.0116,33.4343,337.00,73.00,47.00,39.62,110.00,3.00,0.00,30.04,1015.80,10.00,M,CLR,M,M,M,M,M,M,M,M,M,M,M,M,M,M,73.00,KPHX 210551Z 11003KT 10SM CLR 23/08 A3004 RMK AO2 SLP158 T02280083 10311 20228 51009,M
PHX,2025-10-21 06:51,-112.0116,33.4343,337.00,71.00,49.00,45.69,130.00,3.00,0.00,30.05,1016.00,10.00,M,CLR,M,M,M,M,M,M,M,M,M,M,M,M,M,M,71.00,KPHX 210651Z 13003KT 10SM CLR 22/09 A3005 RMK AO2 SLP160 T02170094 403170172,M
PHX,2025-10-21 07:51,-112.0116,33.4343,337.00,68.00,51.00,54.53,110.00,5.00,0.00,30.04,1015.90,10.00,M,CLR,M,M,M,M,M,M,M,M,M,M,M,M,M,M,68.00,KPHX 210751Z 11005KT 10SM CLR 20/11 A3004 RMK AO2 SLP159 T02000106,M
PHX,2025-10-21 08:51,-112.0116,33.4343,337.00,68.00,48.00,48.76,0.00,0.00,0.00,30.05,1016.10,10.00,M,CLR,M,M,M,M,M,M,M,M,M,M,M,M,M,M,68.00,KPHX 210851Z 00000KT 10SM CLR 20/09 A3005 RMK AO2 SLP161 T02000089 53002,M
PHX,2025-10-21 09:51,-112.0116,33.4343,337.00,67.00,49.00,52.39,0.00,0.00,0.00,30.05,1016.00,10.00,M,CLR,M,M,M,M,M,M,M,M,M,M,M,M,M,M,67.00,KPHX 210951Z 00000KT 10SM CLR 19/09 A3005 RMK AO2 SLP160 T01940094,M
PHX,2025-10-21 10:51,-112.0116,33.4343,337.00,66.00,49.00,54.23,120.00,4.00,0.00,30.05,1016.00,10.00,M,CLR,M,M,M,M,M,M,M,M,M,M,M,M,M,M,66.00,KPHX 211051Z 12004KT 10SM CLR 19/09 A3005 RMK AO2 SLP160 T01890094,M
PHX,2025-10-21 11:51,-112.0116,33.4343,337.00,66.00,48.00,52.24,90.00,6.00,0.00,30.04,1015.80,10.00,M,CLR,M,M,M,M,M,M,M,M,M,M,M,M,M,M,66.00,KPHX 211151Z 09006KT 10SM CLR 19/09 A3004 RMK AO2 SLP158 T01890089 10228 20189 57002,M
PHX,2025-10-21 12:51,-112.0116,33.4343,337.00,65.00,47.00,52.09,140.00,7.00,0.00,30.04,1016.00,10.00,M,CLR,M,M,M,M,M,M,M,M,M,M,M,M,M,M,65.00,KPHX 211251Z 14007KT 10SM CLR 18/08 A3004 RMK AO2 SLP160 T01830083,M
PHX,2025-10-21 13:51,-112.0116,33.4343,337.00,66.00,47.00,50.31,140.00,7.00,0.00,30.05,1016.10,10.00,M,CLR,M,M,M,M,M,M,M,M,M,M,M,M,M,M,66.00,KPHX 211351Z 14007KT 10SM CLR 19/08 A3005 RMK AO2 SLP161 T01890083,M
PHX,2025-10-21 14:51,-112.0116,33.4343,337.00,67.00,47.00,48.60,130.00,9.00,0.00,30.06,1016.80,10.00,M,CLR,M,M,M,M,M,M,M,M,M,M,M,M,M,M,67.00,KPHX 211451Z 13009KT 10SM CLR 19/08 A3006 RMK AO2 SLP168 T01940083 53007,M
PHX,2025-10-21 15:51,-112.0116,33.4343,337.00,72.00,47.00,40.97,120.00,8.00,0.00,30.08,1017.20,10.00,M,CLR,M,M,M,M,M,M,M,M,M,M,M,M,M,M,72.00,KPHX 211551Z 12008KT 10SM CLR 22/08 A3008 RMK AO2 SLP172 T02220083,M
PHX,2025-10-21 16:51,-112.0116,33.4343,337.00,76.00,45.00,33.22,100.00,7.00,0.00,30.08,1017.00,10.00,M,FEW,FEW,M,M,15000.00,23000.00,M,M,M,M,M,M,M,M,M,76.00,KPHX 211651Z COR 10007KT 10SM FEW150 FEW230 24/07 A3008 RMK AO2 SLP170 T02440072,M
PHX,2025-10-21 17:51,-112.0116,33.4343,337.00,80.00,45.00,29.12,110.00,6.00,0.00,30.07,1016.60,10.00,M,FEW,FEW,M,M,12000.00,23000.00,M,M,M,M,M,M,M,M,M,79.13,KPHX 211751Z 11006KT 10SM FEW120 FEW230 27/07 A3007 RMK AO2 SLP166 T02670072 10267 20183 50001,M
PHX,2025-10-21 18:51,-112.0116,33.4343,337.00,82.00,44.00,26.27,270.00,3.00,0.00,30.04,1015.80,10.00,M,FEW,FEW,M,M,12000.00,23000.00,M,M,M,M,M,M,M,M,M,80.21,KPHX 211851Z 27003KT 10SM FEW120 FEW230 28/07 A3004 RMK AO2 SLP158 T02780067,M
PHX,2025-10-21 19:51,-112.0116,33.4343,337.00,85.00,42.00,22.09,0.00,0.00,0.00,30.01,1014.60,10.00,M,FEW,FEW,M,M,12000.00,25000.00,M,M,M,M,M,M,M,M,M,82.15,KPHX 211951Z 00000KT 10SM FEW120 FEW250 29/06 A3001 RMK AO2 SLP146 T02940056,M
PHX,2025-10-21 20:51,-112.0116,33.4343,337.00,86.00,39.00,19.04,0.00,0.00,0.00,29.97,1013.40,10.00,M,FEW,SCT,M,M,12000.00,25000.00,M,M,M,M,M,M,M,M,M,82.78,KPHX 212051Z 00000KT 10SM FEW120 SCT250 30/04 A2997 RMK AO2 SLP134 FU W T03000039 58031,M
PHX,2025-10-21 21:51,-112.0116,33.4343,337.00,88.00,37.00,16.52,0.00,0.00,0.00,29.95,1012.70,10.00,M,FEW,SCT,BKN,M,10000.00,14000.00,19000.00,M,M,M,M,M,M,M,M,84.32,KPHX 212151Z 00000KT 10SM FEW100 SCT140 BKN190 31/03 A2995 RMK AO2 SLP127 VIRGA T03110028,M
PHX,2025-10-21 22:51,-112.0116,33.4343,337.00,89.00,39.00,17.32,110.00,4.00,0.00,29.93,1012.00,10.00,M,FEW,SCT,BKN,M,10000.00,12000.00,16000.00,M,M,M,M,M,M,M,M,85.22,KPHX 212251Z 11004KT 10SM FEW100 SCT120 BKN160 32/04 A2993 RMK AO2 SLP120 T03170039,M
PHX,2025-10-21 23:51,-112.0116,33.4343,337.00,89.00,41.00,18.72,0.00,0.00,0.00,29.92,1011.50,10.00,M,FEW,SCT,SCT,SCT,10000.00,12000.00,16000.00,25000.00,M,M,M,M,M,M,M,85.31,KPHX 212351Z 00000KT 10SM FEW100 SCT120 SCT160 SCT250 32/05 A2992 RMK AO2 SLP115 VIRGA T03170050 10322 20267 56019,M
PHX,2025-10-22 00:51,-112.0116,33.4343,337.00,86.00,43.00,22.24,0.00,0.00,0.00,29.91,1011.30,10.00,M,FEW,FEW,SCT,SCT,10000.00,12000.00,16000.00,25000.00,M,M,M,M,M,M,M,82.97,KPHX 220051Z 00000KT 10SM FEW100 FEW120 SCT160 SCT250 30/06 A2991 RMK AO2 SLP113 T03000061,M
PHX,2025-10-22 01:51,-112.0116,33.4343,337.00,82.00,45.00,27.29,250.00,4.00,0.00,29.92,1011.60,10.00,M,FEW,FEW,SCT,M,10000.00,12000.00,16000.00,M,M,M,M,M,M,M,M,80.28,KPHX 220151Z 25004KT 10SM FEW100 FEW120 SCT160 28/07 A2992 RMK AO2 SLP116 T02780072,M
PHX,2025-10-22 02:51,-112.0116,33.4343,337.00,84.00,45.00,25.59,310.00,3.00,0.00,29.92,1011.80,10.00,M,FEW,FEW,SCT,M,12000.00,16000.00,25000.00,M,M,M,M,M,M,M,M,81.62,KPHX 220251Z 31003KT 10SM FEW120 FEW160 SCT250 29/07 A2992 RMK AO2 SLP118 T02890072 53003,M
PHX,2025-10-22 03:51,-112.0116,33.4343,337.00,77.00,51.00,40.26,250.00,3.00,0.00,29.93,1012.00,10.00,M,FEW,SCT,BKN,M,12000.00,16000.00,25000.00,M,M,M,M,M,M,M,M,77.00,KPHX 220351Z 25003KT 10SM FEW120 SCT160 BKN250 25/11 A2993 RMK AO2 SLP120 T02500106,M
PHX,2025-10-22 04:51,-112.0116,33.4343,337.00,75.00,51.00,43.02,240.00,7.00,0.00,29.93,1012.10,10.00,M,FEW,SCT,BKN,M,12000.00,16000.00,21000.00,M,M,M,M,M,M,M,M,75.00,KPHX 220451Z 24007KT 10SM FEW120 SCT160 BKN210 24/11 A2993 RMK AO2 SLP121 T02390106,M
PHX,2025-10-22 05:51,-112.0116,33.4343,337.00,75.00,49.00,39.94,250.00,3.00,0.00,29.93,1012.00,10.00,M,FEW,SCT,SCT,M,12000.00,16000.00,21000.00,M,M,M,M,M,M,M,M,75.00,KPHX 220551Z 25003KT 10SM FEW120 SCT160 SCT210 24/09 A2993 RMK AO2 SLP120 T02390094 10317 20233 50002,M
PHX,2025-10-22 06:51,-112.0116,33.4343,337.00,75.00,46.00,35.68,270.00,4.00,0.00,29.95,1012.40,10.00,M,FEW,SCT,BKN,M,12000.00,16000.00,25000.00,M,M,M,M,M,M,M,M,75.00,KPHX 220651Z 27004KT 10SM FEW120 SCT160 BKN250 24/08 A2995 RMK AO2 SLP124 T02390078 403220183,M
PHX,2025-10-22 07:51,-112.0116,33.4343,337.00,76.00,48.00,37.21,290.00,4.00,0.00,29.96,1012.90,10.00,M,BKN,BKN,M,M,16000.00,25000.00,M,M,M,M,M,M,M,M,M,76.00,KPHX 220751Z 29004KT 10SM BKN160 BKN250 24/09 A2996 RMK AO2 SLP129 T02440089,M
PHX,2025-10-22 08:51,-112.0116,33.4343,337.00,75.00,50.00,41.45,80.00,10.00,0.00,29.93,1011.70,10.00,M,BKN,BKN,M,M,17000.00,25000.00,M,M,M,M,M,M,M,M,M,75.00,KPHX 220851Z 08010KT 10SM BKN170 BKN250 24/10 A2993 RMK AO2 SLP117 T02390100 58001,M
PHX,2025-10-22 09:51,-112.0116,33.4343,337.00,73.00,51.00,46.00,80.00,13.00,0.00,29.89,1010.30,10.00,16.00,FEW,SCT,BKN,BKN,6000.00,9500.00,12000.00,17000.00,M,M,M,M,M,M,M,73.00,KPHX 220951Z 08013G16KT 10SM FEW060 SCT095 BKN120 BKN170 23/11 A2989 RMK AO2 SLP103 T02280106,M
PHX,2025-10-22 10:51,-112.0116,33.4343,337.00,74.00,49.00,41.29,180.00,5.00,0.00,29.88,1010.20,10.00,M,FEW,SCT,BKN,M,10000.00,12000.00,19000.00,M,M,M,M,M,M,M,M,74.00,KPHX 221051Z 18005KT 10SM FEW100 SCT120 BKN190 23/09 A2988 RMK AO2 SLP102 T02330094,M
PHX,2025-10-22 11:36,-112.0116,33.4343,337.00,74.00,50.00,42.86,0.00,0.00,0.00,29.90,M,10.00,M,SCT,SCT,BKN,M,10000.00,12000.00,19000.00,M,TS,M,M,M,M,M,M,74.00,KPHX 221136Z COR 00000KT 10SM TS SCT100CB SCT120 BKN190 23/10 A2990 RMK AO2 TSB33 OCNL LTGCG SW-W TS W MOV N T02330100,M
PHX,2025-10-22 11:44,-112.0116,33.4343,337.00,74.00,49.00,41.29,280.00,4.00,0.00,29.91,M,10.00,M,SCT,SCT,BKN,M,10000.00,12000.00,19000.00,M,VCTS,M,M,M,M,M,M,74.00,KPHX 221144Z 28004KT 10SM VCTS SCT100CB SCT120 BKN190 23/09 A2991 RMK AO2 TSE33B36E37 PRESRR OCNL LTGCG VC SW-W TS VC W MOV N T02330094,M
PHX,2025-10-22 11:51,-112.0116,33.4343,337.00,74.00,49.00,41.29,280.00,11.00,0.00,29.93,1011.80,10.00,M,SCT,SCT,BKN,M,10000.00,12000.00,19000.00,M,VCTS,M,M,M,M,M,M,74.00,KPHX 221151Z COR 28011KT 10SM VCTS SCT100CB SCT120 BKN190 23/09 A2993 RMK AO2 TSB33 PRESRR SLP118 OCNL LTGCG NW VC OCNL LTGIC DSNT SW NW TS VC NW MOV NE CB DSNT SW SHRA W-NW T02330094 10256 20222 53001,M
PHX,2025-10-22 12:01,-112.0116,33.4343,337.00,74.00,50.00,42.86,270.00,9.00,0.00,29.94,M,10.00,M,SCT,SCT,BKN,M,10000.00,12000.00,19000.00,M,M,M,M,M,M,M,M,74.00,KPHX 221201Z COR 27009KT 10SM SCT100 SCT120 BKN190 23/10 A2994 RMK AO2 OCNL LTGIC DSNT SW AND NW CB DSNT SW AND NW SHRA W-NW T02330100,M
PHX,2025-10-22 12:51,-112.0116,33.4343,337.00,74.00,52.00,46.16,90.00,4.00,T,29.92,1011.60,10.00,M,FEW,BKN,BKN,BKN,7500.00,10000.00,12000.00,19000.00,-RA,M,M,M,M,M,M,74.00,KPHX 221251Z COR 09004KT 10SM -RA FEW075 BKN100 BKN120 BKN190 23/11 A2992 RMK AO2 RAB29 SLP116 OCNL LTGCGIC DSNT N AND S CB DSNT N AND S P0000 T02330111,M
PHX,2025-10-22 13:51,-112.0116,33.4343,337.00,74.00,52.00,46.16,0.00,0.00,T,29.91,1011.10,10.00,M,FEW,BKN,M,M,7000.00,19000.00,M,M,-RA,M,M,M,M,M,M,74.00,KPHX 221351Z 00000KT 10SM -RA FEW070 BKN190 23/11 A2991 RMK AO2 RAE08B41 PRESRR SLP111 OCNL LTGCGIC DSNT E VIRGA W AND E CB DSNT SE AND W SHRA DSNT E-SE AND SE-S P0000 T02330111,M
PHX,2025-10-22 14:51,-112.0116,33.4343,337.00,74.00,53.00,47.89,0.00,0.00,T,29.94,1012.10,10.00,M,FEW,FEW,BKN,BKN,5000.00,12000.00,16000.00,25000.00,M,M,M,M,M,M,M,74.00,KPHX 221451Z 00000KT 10SM FEW050 FEW120 BKN160 BKN250 23/12 A2994 RMK AO2 RAE02B37E48 SLP121 VIRGA E CB DSNT W-NW MOV NE P0000 60000 T02330117 53002,M
PHX,2025-10-22 15:51,-112.0116,33.4343,337.00,75.00,56.00,51.67,0.00,0.00,T,29.96,1013.10,10.00,M,FEW,SCT,BKN,BKN,6500.00,10000.00,12000.00,16000.00,-RA,M,M,M,M,M,M,75.00,KPHX 221551Z 00000KT 10SM -RA FEW065 SCT100 BKN120 BKN160 BKN200 24/13 A2996 RMK AO2 RAB46 SLP131 VIRGA NE-S CB DSNT NW MOV NE P0000 T02390133,M
PHX,2025-10-22 16:51,-112.0116,33.4343,337.00,77.00,54.00,44.95,20.00,8.00,T,29.97,1013.30,10.00,M,SCT,BKN,BKN,BKN,10000.00,14000.00,16000.00,22000.00,M,M,M,M,M,M,M,77.00,KPHX 221651Z 02008KT 10SM SCT100 BKN140 BKN160 BKN220 25/12 A2997 RMK AO2 RAE1558 PRESFR SLP133 VIRGA E-W CB DSNT N SHRA DSNT S AND NW-NE P0000 T02500122 $,M
PHX,2025-10-22 17:51,-112.0116,33.4343,337.00,81.00,51.00,35.31,90.00,10.00,T,29.94,1012.30,10.00,M,SCT,BKN,BKN,BKN,10000.00,14000.00,17000.00,22000.00,M,M,M,M,M,M,M,80.23,KPHX 221751Z 09010KT 10SM SCT100 BKN140 BKN170 BKN220 27/11 A2994 RMK AO2 RAB1653E04B28E40 SLP123 VIRGA E-S SHRA DSNT SW AND N-E P0000 60000 T02720106 10278 20222 50001 $,M
PHX,2025-10-22 18:27,-112.0116,33.4343,337.00,79.00,50.00,36.32,0.00,0.00,0.00,29.96,M,10.00,M,SCT,BKN,BKN,M,11000.00,15000.00,24000.00,M,M,M,M,M,M,M,M,79.00,KPHX 221827Z 00000KT 10SM SCT110 BKN150 BKN240 26/10 A2996 RMK AO2 T02610100,M
PHX,2025-10-22 18:51,-112.0116,33.4343,337.00,83.00,52.00,34.34,100.00,8.00,T,29.91,1011.30,10.00,M,FEW,SCT,SCT,BKN,4300.00,10000.00,12000.00,15000.00,-RA,M,M,M,M,M,M,81.65,KPHX 221851Z 10008KT 10SM -RA FEW043 SCT100 SCT120 BKN150 BKN240 28/11 A2991 RMK AO2 RAB46 SLP113 VIRGA N-E AND E-S P0000 T02830111,M
PHX,2025-10-22 19:51,-112.0116,33.4343,337.00,84.00,49.00,29.75,0.00,0.00,T,29.90,1010.80,10.00,M,FEW,SCT,BKN,BKN,10000.00,12000.00,15000.00,24000.00,M,M,M,M,M,M,M,81.98,KPHX 221951Z 00000KT 10SM FEW100 SCT120 BKN150 BKN240 29/09 A2990 RMK AO2 RAE1856 SLP108 VIRGA E P0000 T02890094,M
PHX,2025-10-22 20:51,-112.0116,33.4343,337.00,86.00,48.00,26.88,0.00,0.00,0.00,29.86,1009.40,10.00,M,FEW,SCT,SCT,SCT,10000.00,12000.00,14000.00,20000.00,M,M,M,M,M,M,M,83.38,KPHX 222051Z 00000KT 10SM FEW100 SCT120 SCT140 SCT200 30/09 A2986 RMK AO2 SLP094 TCU DSNT S 60000 T03000089 58025,M
PHX,2025-10-22 21:51,-112.0116,33.4343,337.00,88.00,48.00,25.23,0.00,0.00,0.00,29.85,1008.90,10.00,M,SCT,BKN,BKN,M,10000.00,12000.00,18000.00,M,M,M,M,M,M,M,M,85.03,KPHX 222151Z 00000KT 10SM SCT100 BKN120 BKN180 31/09 A2985 RMK AO2 SLP089 T03110089,M
PHX,2025-10-22 22:51,-112.0116,33.4343,337.00,91.00,45.00,20.50,220.00,8.00,0.00,29.83,1008.20,10.00,M,SCT,SCT,BKN,M,10000.00,14000.00,18000.00,M,M,M,M,M,M,M,M,87.36,KPHX 222251Z 22008KT 10SM SCT100 SCT140 BKN180 33/07 A2983 RMK AO2 SLP082 CB DSNT E T03280072,M
PHX,2025-10-22 23:51,-112.0116,33.4343,337.00,89.00,49.00,25.38,260.00,6.00,0.00,29.82,1007.90,10.00,M,SCT,SCT,SCT,M,10000.00,14000.00,18000.00,M,M,M,M,M,M,M,M,86.02,KPHX 222351Z 26006KT 10SM SCT100 SCT140 SCT180 32/09 A2982 RMK AO2 SLP079 60000 T03170094 10333 20261 56015,M
PHX,2025-10-23 00:51,-112.0116,33.4343,337.00,87.00,48.00,26.04,250.00,5.00,0.00,29.80,1007.50,10.00,M,SCT,SCT,M,M,10000.00,14000.00,M,M,M,M,M,M,M,M,M,84.19,KPHX 230051Z 25005KT 10SM SCT100 SCT140 31/09 A2980 RMK AO2 SLP075 TCU DSNT NE AND SE T03060089,M
PHX,2025-10-23 01:51,-112.0116,33.4343,337.00,83.00,48.00,29.59,240.00,5.00,0.00,29.81,1007.90,10.00,M,FEW,M,M,M,10000.00,M,M,M,M,M,M,M,M,M,M,81.18,KPHX 230151Z 24005KT 10SM FEW100 28/09 A2981 RMK AO2 SLP079 T02830089,M
PHX,2025-10-23 02:51,-112.0116,33.4343,337.00,82.00,48.00,30.56,260.00,3.00,0.00,29.82,1008.20,10.00,M,FEW,M,M,M,10000.00,M,M,M,M,M,M,M,M,M,M,80.53,KPHX 230251Z 26003KT 10SM FEW100 28/09 A2982 RMK AO2 SLP082 T02780089 53001,M
PHX,2025-10-23 03:51,-112.0116,33.4343,337.00,80.00,49.00,33.86,0.00,0.00,0.00,29.82,1008.30,10.00,M,CLR,M,M,M,M,M,M,M,M,M,M,M,M,M,M,79.46,KPHX 230351Z 00000KT 10SM CLR 27/09 A2982 RMK AO2 SLP083 T02670094,M
PHX,2025-10-23 04:51,-112.0116,33.4343,337.00,78.00,51.00,38.95,0.00,0.00,0.00,29.83,1008.70,10.00,M,CLR,M,M,M,M,M,M,M,M,M,M,M,M,M,M,78.00,KPHX 230451Z 00000KT 10SM CLR 26/11 A2983 RMK AO2 SLP087 T02560106,M
PHX,2025-10-23 05:51,-112.0116,33.4343,337.00,76.00,53.00,44.80,110.00,4.00,0.00,29.85,1009.00,10.00,M,FEW,FEW,M,M,9000.00,23000.00,M,M,M,M,M,M,M,M,M,76.00,KPHX 230551Z 11004KT 10SM FEW090 FEW230 24/12 A2985 RMK AO2 SLP090 T02440117 10317 20239 53008,M
PHX,2025-10-23 06:51,-112.0116,33.4343,337.00,73.00,56.00,55.24,100.00,3.00,0.00,29.85,1009.30,10.00,M,FEW,FEW,FEW,M,9000.00,12000.00,20000.00,M,M,M,M,M,M,M,M,73.00,KPHX 230651Z 10003KT 10SM FEW090 FEW120 FEW200 23/13 A2985 RMK AO2 SLP093 T02280133 403330222,M
PHX,2025-10-23 07:51,-112.0116,33.4343,337.00,72.00,53.00,51.22,0.00,0.00,0.00,29.85,1009.20,10.00,M,FEW,FEW,FEW,M,9000.00,12000.00,15000.00,M,M,M,M,M,M,M,M,72.00,KPHX 230751Z 00000KT 10SM FEW090 FEW120 FEW150 22/12 A2985 RMK AO2 SLP092 T02220117,M
PHX,2025-10-23 08:51,-112.0116,33.4343,337.00,69.00,56.00,63.27,100.00,5.00,0.00,29.85,1009.30,10.00,M,CLR,M,M,M,M,M,M,M,M,M,M,M,M,M,M,69.00,KPHX 230851Z 10005KT 10SM CLR 21/13 A2985 RMK AO2 SLP093 T02060133 52002,M
PHX,2025-10-23 09:51,-112.0116,33.4343,337.00,68.00,55.00,63.15,60.00,4.00,0.00,29.86,1009.60,10.00,M,CLR,M,M,M,M,M,M,M,M,M,M,M,M,M,M,68.00,KPHX 230951Z 06004KT 10SM CLR 20/13 A2986 RMK AO2 SLP096 T02000128,M
PHX,2025-10-23 10:51,-112.0116,33.4343,337.00,67.00,54.00,63.02,120.00,4.00,0.00,29.86,1009.70,10.00,M,CLR,M,M,M,M,M,M,M,M,M,M,M,M,M,M,67.00,KPHX 231051Z 12004KT 10SM CLR 19/12 A2986 RMK AO2 SLP097 T01940122,M
PHX,2025-10-23 11:51,-112.0116,33.4343,337.00,67.00,52.00,58.56,90.00,5.00,0.00,29.88,1010.20,10.00,M,CLR,M,M,M,M,M,M,M,M,M,M,M,M,M,M,67.00,KPHX 231151Z 09005KT 10SM CLR 19/11 A2988 RMK AO2 SLP102 T01940111 10244 20183 53008,M
PHX,2025-10-23 12:51,-112.0116,33.4343,337.00,65.00,51.00,60.49,100.00,5.00,0.00,29.89,1010.70,10.00,M,CLR,M,M,M,M,M,M,M,M,M,M,M,M,M,M,65.00,KPHX 231251Z 10005KT 10SM CLR 18/11 A2989 RMK AO2 SLP107 T01830106,M
PHX,2025-10-23 13:51,-112.0116,33.4343,337.00,65.00,48.00,54.09,90.00,4.00,0.00,29.91,1011.40,10.00,M,FEW,M,M,M,20000.00,M,M,M,M,M,M,M,M,M,M,65.00,KPHX 231351Z 09004KT 10SM FEW200 18/09 A2991 RMK AO2 SLP114 T01830089,M
PHX,2025-10-23 14:51,-112.0116,33.4343,337.00,68.00,48.00,48.76,110.00,5.00,0.00,29.93,1012.00,10.00,M,FEW,M,M,M,20000.00,M,M,M,M,M,M,M,M,M,M,68.00,KPHX 231451Z 11005KT 10SM FEW200 20/09 A2993 RMK AO2 SLP120 T02000089 53016,M
PHX,2025-10-23 15:51,-112.0116,33.4343,337.00,71.00,46.00,40.81,130.00,5.00,0.00,29.95,1012.60,10.00,M,CLR,M,M,M,M,M,M,M,M,M,M,M,M,M,M,71.00,KPHX 231551Z 13005KT 10SM CLR 22/08 A2995 RMK AO2 SLP126 T02170078,M
PHX,2025-10-23 16:51,-112.0116,33.4343,337.00,71.00,43.00,36.40,320.00,7.00,0.00,29.97,1013.30,10.00,M,CLR,M,M,M,M,M,M,M,M,M,M,M,M,M,M,71.00,KPHX 231651Z 32007KT 10SM CLR 22/06 A2997 RMK AO2 SLP133 T02170061,M
PHX,2025-10-23 17:51,-112.0116,33.4343,337.00,74.00,42.00,31.66,0.00,0.00,0.00,29.96,1013.10,10.00,M,CLR,M,M,M,M,M,M,M,M,M,M,M,M,M,M,74.00,KPHX 231751Z 00000KT 10SM CLR 23/06 A2996 RMK AO2 SLP131 T02330056 10239 20178 50010,M
PHX,2025-10-23 18:51,-112.0116,33.4343,337.00,77.00,41.00,27.57,190.00,4.00,0.00,29.94,1012.40,10.00,M,FEW,M,M,M,18000.00,M,M,M,M,M,M,M,M,M,M,77.00,KPHX 231851Z 19004KT 10SM FEW180 25/05 A2994 RMK AO2 SLP124 T02500050,M
PHX,2025-10-23 19:51,-112.0116,33.4343,337.00,79.00,41.00,25.81,M,4.00,0.00,29.92,1011.50,10.00,M,FEW,M,M,M,18000.00,M,M,M,M,M,M,M,M,M,M,79.00,KPHX 231951Z VRB04KT 10SM FEW180 26/05 A2992 RMK AO2 SLP115 T02610050,M
PHX,2025-10-23 20:51,-112.0116,33.4343,337.00,82.00,39.00,21.65,290.00,6.00,0.00,29.89,1010.60,10.00,M,FEW,M,M,M,15000.00,M,M,M,M,M,M,M,M,M,M,79.94,KPHX 232051Z 29006KT 10SM FEW150 28/04 A2989 RMK AO2 SLP106 T02780039 58023,M
PHX,2025-10-23 21:51,-112.0116,33.4343,337.00,82.00,39.00,21.65,M,6.00,0.00,29.88,1010.40,10.00,M,CLR,M,M,M,M,M,M,M,M,M,M,M,M,M,M,79.94,KPHX 232151Z VRB06KT 10SM CLR 28/04 A2988 RMK AO2 SLP104 T02780039,M
PHX,2025-10-23 22:51,-112.0116,33.4343,337.00,84.00,37.00,18.77,250.00,5.00,0.00,29.88,1010.30,10.00,M,CLR,M,M,M,M,M,M,M,M,M,M,M,M,M,M,81.23,KPHX 232251Z 25005KT 10SM CLR 29/03 A2988 RMK AO2 SLP103 T02890028,M
PHX,2025-10-23 23:51,-112.0116,33.4343,337.00,83.00,39.00,20.97,260.00,10.00,0.00,29.88,1010.40,10.00,M,CLR,M,M,M,M,M,M,M,M,M,M,M,M,M,M,80.60,KPHX 232351Z 26010KT 10SM CLR 28/04 A2988 RMK AO2 SLP104 T02830039 10289 20233 55002,M
PHX,2025-10-24 00:51,-112.0116,33.4343,337.00,81.00,39.00,22.37,270.00,7.00,0.00,29.89,1010.80,10.00,M,CLR,M,M,M,M,M,M,M,M,M,M,M,M,M,M,79.33,KPHX 240051Z 27007KT 10SM CLR 27/04 A2989 RMK AO2 SLP108 T02720039,M
PHX,2025-10-24 01:51,-112.0116,33.4343,337.00,79.00,42.00,26.83,260.00,4.00,0.00,29.90,1011.00,10.00,M,CLR,M,M,M,M,M,M,M,M,M,M,M,M,M,M,79.00,KPHX 240151Z 26004KT 10SM CLR 26/06 A2990 RMK AO2 SLP110 T02610056,M
PHX,2025-10-24 02:51,-112.0116,33.4343,337.00,77.00,43.00,29.78,0.00,0.00,0.00,29.90,1011.30,10.00,M,CLR,M,M,M,M,M,M,M,M,M,M,M,M,M,M,77.00,KPHX 240251Z 00000KT 10SM CLR 25/06 A2990 RMK AO2 SLP113 T02500061 53007,M
PHX,2025-10-24 03:51,-112.0116,33.4343,337.00,75.00,44.00,33.06,0.00,0.00,0.00,29.91,1011.40,10.00,M,CLR,M,M,M,M,M,M,M,M,M,M,M,M,M,M,75.00,KPHX 240351Z 00000KT 10SM CLR 24/07 A2991 RMK AO2 SLP114 T02390067,M
PHX,2025-10-24 04:51,-112.0116,33.4343,337.00,72.00,48.00,42.54,90.00,5.00,0.00,29.92,1011.70,10.00,M,CLR,M,M,M,M,M,M,M,M,M,M,M,M,M,M,72.00,KPHX 240451Z 09005KT 10SM CLR 22/09 A2992 RMK AO2 SLP117 T02220089,M
PHX,2025-10-24 05:51,-112.0116,33.4343,337.00,70.00,45.00,40.65,100.00,4.00,0.00,29.92,1011.80,10.00,M,CLR,M,M,M,M,M,M,M,M,M,M,M,M,M,M,70.00,KPHX 240551Z 10004KT 10SM CLR 21/07 A2992 RMK AO2 SLP118 T02110072 10283 20211 51004,M
PHX,2025-10-24 06:51,-112.0116,33.4343,337.00,69.00,46.00,43.69,0.00,0.00,0.00,29.92,1011.70,10.00,M,CLR,M,M,M,M,M,M,M,M,M,M,M,M,M,M,69.00,KPHX 240651Z 00000KT 10SM CLR 21/08 A2992 RMK AO2 SLP117 T02060078 402890178,M
PHX,2025-10-24 07:51,-112.0116,33.4343,337.00,69.00,44.00,40.49,90.00,3.00,0.00,29.92,1011.60,10.00,M,CLR,M,M,M,M,M,M,M,M,M,M,M,M,M,M,69.00,KPHX 240751Z 09003KT 10SM CLR 21/07 A2992 RMK AO2 SLP116 T02060067,M
PHX,2025-10-24 08:51,-112.0116,33.4343,337.00,67.00,46.00,46.80,170.00,3.00,0.00,29.92,1011.70,10.00,M,CLR,M,M,M,M,M,M,M,M,M,M,M,M,M,M,67.00,KPHX 240851Z 17003KT 10SM CLR 19/08 A2992 RMK AO2 SLP117 T01940078 55000,M
PHX,2025-10-24 09:51,-112.0116,33.4343,337.00,66.00,44.00,44.90,90.00,5.00,0.00,29.92,1011.70,10.00,M,CLR,M,M,M,M,M,M,M,M,M,M,M,M,M,M,66.00,KPHX 240951Z 09005KT 10SM CLR 19/07 A2992 RMK AO2 SLP117 T01890067,M
PHX,2025-10-24 10:51,-112.0116,33.4343,337.00,65.00,46.00,50.16,120.00,4.00,0.00,29.92,1011.70,10.00,M,CLR,M,M,M,M,M,M,M,M,M,M,M,M,M,M,65.00,KPHX 241051Z 12004KT 10SM CLR 18/08 A2992 RMK AO2 SLP117 T01830078,M
PHX,2025-10-24 11:51,-112.0116,33.4343,337.00,64.00,46.00,51.94,120.00,3.00,0.00,29.93,1012.00,10.00,M,CLR,M,M,M,M,M,M,M,M,M,M,M,M,M,M,64.00,KPHX 241151Z 12003KT 10SM CLR 18/08 A2993 RMK AO2 SLP120 T01780078 10211 20178 53003,M
PHX,2025-10-24 12:51,-112.0116,33.4343,337.00,64.00,44.00,48.14,110.00,4.00,0.00,29.94,1012.40,10.00,M,CLR,M,M,M,M,M,M,M,M,M,M,M,M,M,M,64.00,KPHX 241251Z 11004KT 10SM CLR 18/07 A2994 RMK AO2 SLP124 T01780067,M
PHX,2025-10-24 13:51,-112.0116,33.4343,337.00,63.00,43.00,47.98,120.00,5.00,0.00,29.94,1012.60,10.00,M,CLR,M,M,M,M,M,M,M,M,M,M,M,M,M,M,63.00,KPHX 241351Z 12005KT 10SM CLR 17/06 A2994 RMK AO2 SLP126 T01720061,M
PHX,2025-10-24 14:51,-112.0116,33.4343,337.00,65.00,44.00,46.49,90.00,8.00,0.00,29.96,1013.20,10.00,M,CLR,M,M,M,M,M,M,M,M,M,M,M,M,M,M,65.00,KPHX 241451Z 09008KT 10SM CLR 18/07 A2996 RMK AO2 SLP132 T01830067 53010,M
PHX,2025-10-24 15:51,-112.0116,33.4343,337.00,68.00,44.00,41.90,100.00,5.00,0.00,29.98,1014.00,10.00,M,CLR,M,M,M,M,M,M,M,M,M,M,M,M,M,M,68.00,KPHX 241551Z 10005KT 10SM CLR 20/07 A2998 RMK AO2 SLP140 T02000067,M
PHX,2025-10-24 16:51,-112.0116,33.4343,337.00,73.00,42.00,32.74,150.00,5.00,0.00,29.98,1013.90,10.00,M,CLR,M,M,M,M,M,M,M,M,M,M,M,M,M,M,73.00,KPHX 241651Z 15005KT 10SM CLR 23/06 A2998 RMK AO2 SLP139 T02280056,M
PHX,2025-10-24 17:28,-112.0116,33.4343,337.00,75.00,41.00,29.46,90.00,5.00,0.00,29.98,M,10.00,M,CLR,M,M,M,M,M,M,M,M,M,M,M,M,M,M,75.00,KPHX 241728Z 09005KT 10SM CLR 24/05 A2998 RMK AO2 T02390050,M
PHX,2025-10-24 17:51,-112.0116,33.4343,337.00,78.00,42.00,27.72,130.00,6.00,0.00,29.97,1013.40,10.00,M,FEW,M,M,M,8000.00,M,M,M,M,M,M,M,M,M,M,78.00,KPHX 241751Z 13006KT 10SM FEW080 26/06 A2997 RMK AO2 SLP134 T02560056 10256 20172 50003,M
PHX,2025-10-24 18:51,-112.0116,33.4343,337.00,79.00,41.00,25.81,0.00,0.00,0.00,29.96,1013.20,10.00,M,FEW,M,M,M,8000.00,M,M,M,M,M,M,M,M,M,M,79.00,KPHX 241851Z 00000KT 10SM FEW080 26/05 A2996 RMK AO2 SLP132 T02610050,M
PHX,2025-10-24 19:51,-112.0116,33.4343,337.00,80.00,40.00,24.03,280.00,3.00,0.00,29.94,1012.30,10.00,M,FEW,M,M,M,8000.00,M,M,M,M,M,M,M,M,M,M,78.83,KPHX 241951Z 28003KT 10SM FEW080 27/04 A2994 RMK AO2 SLP123 T02670044,M
PHX,2025-10-24 20:51,-112.0116,33.4343,337.00,82.00,40.00,22.51,M,3.00,0.00,29.91,1011.40,10.00,M,FEW,M,M,M,8000.00,M,M,M,M,M,M,M,M,M,M,79.99,KPHX 242051Z VRB03KT 10SM FEW080 28/04 A2991 RMK AO2 SLP114 T02780044 58020,M
PHX,2025-10-24 21:51,-112.0116,33.4343,337.00,83.00,40.00,21.80,320.00,3.00,0.00,29.89,1010.80,10.00,M,FEW,M,M,M,8000.00,M,M,M,M,M,M,M,M,M,M,80.64,KPHX 242151Z 32003KT 10SM FEW080 28/04 A2989 RMK AO2 SLP108 T02830044,M
PHX,2025-10-24 22:51,-112.0116,33.4343,337.00,84.00,41.00,21.94,250.00,6.00,0.00,29.89,1010.60,10.00,M,FEW,M,M,M,8000.00,M,M,M,M,M,M,M,M,M,M,81.38,KPHX 242251Z 25006KT 10SM FEW080 29/05 A2989 RMK AO2 SLP106 T02890050,M
PHX,2025-10-24 23:51,-112.0116,33.4343,337.00,84.00,41.00,21.94,220.00,7.00,0.00,29.88,1010.50,10.00,M,FEW,M,M,M,8000.00,M,M,M,M,M,M,M,M,M,M,81.38,KPHX 242351Z 22007KT 10SM FEW080 29/05 A2988 RMK AO2 SLP105 T02890050 10294 20244 56008,M
PHX,2025-10-25 00:51,-112.0116,33.4343,337.00,81.00,43.00,26.12,220.00,4.00,0.00,29.88,1010.50,10.00,M,FEW,M,M,M,8000.00,M,M,M,M,M,M,M,M,M,M,79.55,KPHX 250051Z 22004KT 10SM FEW080 27/06 A2988 RMK AO2 SLP105 T02720061,M
PHX,2025-10-25 01:51,-112.0116,33.4343,337.00,79.00,43.00,27.88,160.00,4.00,0.00,29.89,1010.80,10.00,M,CLR,M,M,M,M,M,M,M,M,M,M,M,M,M,M,79.00,KPHX 250151Z 16004KT 10SM CLR 26/06 A2989 RMK AO2 SLP108 T02610061,M
PHX,2025-10-25 02:51,-112.0116,33.4343,337.00,77.00,44.00,30.94,0.00,0.00,0.00,29.90,1011.00,10.00,M,CLR,M,M,M,M,M,M,M,M,M,M,M,M,M,M,77.00,KPHX 250251Z 00000KT 10SM CLR 25/07 A2990 RMK AO2 SLP110 T02500067 53004,M
PHX,2025-10-25 03:51,-112.0116,33.4343,337.00,75.00,46.00,35.68,120.00,3.00,0.00,29.91,1011.50,10.00,M,CLR,M,M,M,M,M,M,M,M,M,M,M,M,M,M,75.00,KPHX 250351Z 12003KT 10SM CLR 24/08 A2991 RMK AO2 SLP115 T02390078,M
PHX,2025-10-25 04:51,-112.0116,33.4343,337.00,74.00,46.00,36.89,100.00,6.00,0.00,29.93,1011.90,10.00,M,CLR,M,M,M,M,M,M,M,M,M,M,M,M,M,M,74.00,KPHX 250451Z 10006KT 10SM CLR 23/08 A2993 RMK AO2 SLP119 T02330078,M
PHX,2025-10-25 05:51,-112.0116,33.4343,337.00,72.00,45.00,37.99,100.00,8.00,0.00,29.93,1012.10,10.00,M,CLR,M,M,M,M,M,M,M,M,M,M,M,M,M,M,72.00,KPHX 250551Z 10008KT 10SM CLR 22/07 A2993 RMK AO2 SLP121 T02220072 10289 20222 51012,M
PHX,2025-10-25 06:51,-112.0116,33.4343,337.00,70.00,48.00,45.53,90.00,6.00,0.00,29.93,1012.20,10.00,M,CLR,M,M,M,M,M,M,M,M,M,M,M,M,M,M,70.00,KPHX 250651Z 09006KT 10SM CLR 21/09 A2993 RMK AO2 SLP122 T02110089 402940172,M
PHX,2025-10-25 07:51,-112.0116,33.4343,337.00,69.00,47.00,45.37,90.00,9.00,0.00,29.94,1012.50,10.00,M,CLR,M,M,M,M,M,M,M,M,M,M,M,M,M,M,69.00,KPHX 250751Z 09009KT 10SM CLR 21/08 A2994 RMK AO2 SLP125 T02060083,M
PHX,2025-10-25 08:51,-112.0116,33.4343,337.00,67.00,48.00,50.47,90.00,8.00,0.00,29.95,1012.80,10.00,M,CLR,M,M,M,M,M,M,M,M,M,M,M,M,M,M,67.00,KPHX 250851Z 09008KT 10SM CLR 19/09 A2995 RMK AO2 SLP128 T01940089 53006,M
PHX,2025-10-25 09:51,-112.0116,33.4343,337.00,66.00,49.00,54.23,110.00,5.00,0.00,29.95,1012.80,10.00,M,CLR,M,M,M,M,M,M,M,M,M,M,M,M,M,M,66.00,KPHX 250951Z 11005KT 10SM CLR 19/09 A2995 RMK AO2 SLP128 T01890094,M
PHX,2025-10-25 10:51,-112.0116,33.4343,337.00,66.00,48.00,52.24,90.00,6.00,0.00,29.95,1012.90,10.00,M,CLR,M,M,M,M,M,M,M,M,M,M,M,M,M,M,66.00,KPHX 251051Z 09006KT 10SM CLR 19/09 A2995 RMK AO2 SLP129 T01890089,M
PHX,2025-10-25 11:51,-112.0116,33.4343,337.00,66.00,47.00,50.31,120.00,3.00,0.00,29.97,1013.30,10.00,M,CLR,M,M,M,M,M,M,M,M,M,M,M,M,M,M,66.00,KPHX 251151Z 12003KT 10SM CLR 19/08 A2997 RMK AO2 SLP133 T01890083 10222 20183 53005,M
PHX,2025-10-25 12:51,-112.0116,33.4343,337.00,63.00,48.00,58.01,140.00,3.00,0.00,29.98,1014.00,10.00,M,CLR,M,M,M,M,M,M,M,M,M,M,M,M,M,M,63.00,KPHX 251251Z 14003KT 10SM CLR 17/09 A2998 RMK AO2 SLP140 T01720089,M
PHX,2025-10-25 13:51,-112.0116,33.4343,337.00,64.00,47.00,53.94,120.00,5.00,0.00,29.99,1014.30,10.00,M,CLR,M,M,M,M,M,M,M,M,M,M,M,M,M,M,64.00,KPHX 251351Z 12005KT 10SM CLR 18/08 A2999 RMK AO2 SLP143 T01780083,M
PHX,2025-10-25 14:51,-112.0116,33.4343,337.00,67.00,47.00,48.60,120.00,7.00,0.00,30.02,1015.10,10.00,M,CLR,M,M,M,M,M,M,M,M,M,M,M,M,M,M,67.00,KPHX 251451Z 12007KT 10SM CLR 19/08 A3002 RMK AO2 SLP151 T01940083 53016,M
PHX,2025-10-25 15:51,-112.0116,33.4343,337.00,71.00,47.00,42.38,110.00,7.00,0.00,30.03,1015.50,10.00,M,CLR,M,M,M,M,M,M,M,M,M,M,M,M,M,M,71.00,KPHX 251551Z 11007KT 10SM CLR 22/08 A3003 RMK AO2 SLP155 T02170083,M
PHX,2025-10-25 16:51,-112.0116,33.4343,337.00,76.00,46.00,34.51,120.00,8.00,0.00,30.03,1015.30,10.00,M,CLR,M,M,M,M,M,M,M,M,M,M,M,M,M,M,76.00,KPHX 251651Z 12008KT 10SM CLR 24/08 A3003 RMK AO2 SLP153 T02440078,M
PHX,2025-10-25 17:51,-112.0116,33.4343,337.00,78.00,44.00,29.93,120.00,7.00,0.00,30.01,1014.80,10.00,M,CLR,M,M,M,M,M,M,M,M,M,M,M,M,M,M,78.00,KPHX 251751Z 12007KT 080V170 10SM CLR 26/07 A3001 RMK AO2 SLP148 T02560067 10261 20172 58002,M
PHX,2025-10-25 18:51,-112.0116,33.4343,337.00,81.00,45.00,28.19,200.00,5.00,0.00,29.98,1013.80,10.00,M,FEW,M,M,M,13000.00,M,M,M,M,M,M,M,M,M,M,79.68,KPHX 251851Z 20005KT 10SM FEW130 27/07 A2998 RMK AO2 SLP138 T02720072,M
PHX,2025-10-25 19:51,-112.0116,33.4343,337.00,84.00,45.00,25.59,0.00,0.00,0.00,29.96,1013.10,10.00,M,CLR,M,M,M,M,M,M,M,M,M,M,M,M,M,M,81.62,KPHX 251951Z 00000KT 10SM CLR 29/07 A2996 RMK AO2 SLP131 T02890072,M
PHX,2025-10-25 20:51,-112.0116,33.4343,337.00,86.00,42.00,21.40,170.00,3.00,0.00,29.94,1012.30,10.00,M,CLR,M,M,M,M,M,M,M,M,M,M,M,M,M,M,82.91,KPHX 252051Z 17003KT 10SM CLR 30/06 A2994 RMK AO2 SLP123 T03000056 56023,M
PHX,2025-10-25 21:51,-112.0116,33.4343,337.00,87.00,42.00,20.73,0.00,0.00,0.00,29.93,1011.80,10.00,M,FEW,M,M,M,25000.00,M,M,M,M,M,M,M,M,M,M,83.70,KPHX 252151Z 00000KT 10SM FEW250 31/06 A2993 RMK AO2 SLP118 T03060056,M
PHX,2025-10-25 22:51,-112.0116,33.4343,337.00,87.00,42.00,20.73,M,4.00,0.00,29.91,1011.40,10.00,M,FEW,M,M,M,20000.00,M,M,M,M,M,M,M,M,M,M,83.70,KPHX 252251Z VRB04KT 10SM FEW200 31/06 A2991 RMK AO2 SLP114 T03060056,M
PHX,2025-10-25 23:51,-112.0116,33.4343,337.00,86.00,39.00,19.04,0.00,0.00,0.00,29.91,1011.30,10.00,M,FEW,M,M,M,20000.00,M,M,M,M,M,M,M,M,M,M,82.78,KPHX 252351Z 00000KT 10SM FEW200 30/04 A2991 RMK AO2 SLP113 T03000039 10311 20261 56010,M
PHX,2025-10-26 00:51,-112.0116,33.4343,337.00,84.00,41.00,21.94,250.00,3.00,0.00,29.91,1011.50,10.00,M,FEW,M,M,M,25000.00,M,M,M,M,M,M,M,M,M,M,81.38,KPHX 260051Z 25003KT 10SM FEW250 29/05 A2991 RMK AO2 SLP115 T02890050,M
PHX,2025-10-26 01:51,-112.0116,33.4343,337.00,81.00,45.00,28.19,230.00,3.00,0.00,29.93,1012.10,10.00,M,FEW,M,M,M,25000.00,M,M,M,M,M,M,M,M,M,M,79.68,KPHX 260151Z 23003KT 10SM FEW250 27/07 A2993 RMK AO2 SLP121 T02720072,M
PHX,2025-10-26 02:51,-112.0116,33.4343,337.00,79.00,45.00,30.09,0.00,0.00,0.00,29.93,1012.20,10.00,M,CLR,M,M,M,M,M,M,M,M,M,M,M,M,M,M,79.00,KPHX 260251Z 00000KT 10SM CLR 26/07 A2993 RMK AO2 SLP122 T02610072 51007,M
PHX,2025-10-26 03:51,-112.0116,33.4343,337.00,75.00,49.00,39.94,100.00,3.00,0.00,29.94,1012.50,10.00,M,CLR,M,M,M,M,M,M,M,M,M,M,M,M,M,M,75.00,KPHX 260351Z 10003KT 10SM CLR 24/09 A2994 RMK AO2 SLP125 T02390094,M
PHX,2025-10-26 04:51,-112.0116,33.4343,337.00,73.00,47.00,39.62,100.00,7.00,0.00,29.94,1012.50,10.00,M,CLR,M,M,M,M,M,M,M,M,M,M,M,M,M,M,73.00,KPHX 260451Z 10007KT 10SM CLR 23/08 A2994 RMK AO2 SLP125 T02280083,M
PHX,2025-10-26 05:51,-112.0116,33.4343,337.00,71.00,49.00,45.69,120.00,6.00,0.00,29.94,1012.50,10.00,M,FEW,M,M,M,20000.00,M,M,M,M,M,M,M,M,M,M,71.00,KPHX 260551Z 12006KT 10SM FEW200 22/09 A2994 RMK AO2 SLP125 T02170094 10300 20217 51004,M
PHX,2025-10-26 06:51,-112.0116,33.4343,337.00,71.00,47.00,42.38,110.00,5.00,0.00,29.93,1012.10,10.00,M,CLR,M,M,M,M,M,M,M,M,M,M,M,M,M,M,71.00,KPHX 260651Z 11005KT 10SM CLR 22/08 A2993 RMK AO2 SLP121 T02170083 403110172,M
PHX,2025-10-26 07:51,-112.0116,33.4343,337.00,70.00,47.00,43.85,110.00,6.00,0.00,29.94,1012.40,10.00,M,CLR,M,M,M,M,M,M,M,M,M,M,M,M,M,M,70.00,KPHX 260751Z 11006KT 10SM CLR 21/08 A2994 RMK AO2 SLP124 T02110083,M
PHX,2025-10-26 08:51,-112.0116,33.4343,337.00,69.00,47.00,45.37,120.00,3.00,0.00,29.94,1012.50,10.00,M,CLR,M,M,M,M,M,M,M,M,M,M,M,M,M,M,69.00,KPHX 260851Z 12003KT 10SM CLR 21/08 A2994 RMK AO2 SLP125 T02060083 53001,M
PHX,2025-10-26 09:51,-112.0116,33.4343,337.00,68.00,47.00,46.96,130.00,4.00,0.00,29.94,1012.20,10.00,M,CLR,M,M,M,M,M,M,M,M,M,M,M,M,M,M,68.00,KPHX 260951Z 13004KT 10SM CLR 20/08 A2994 RMK AO2 SLP122 T02000083,M
PHX,2025-10-26 10:51,-112.0116,33.4343,337.00,66.00,48.00,52.24,90.00,5.00,0.00,29.93,1011.90,10.00,M,CLR,M,M,M,M,M,M,M,M,M,M,M,M,M,M,66.00,KPHX 261051Z 09005KT 10SM CLR 19/09 A2993 RMK AO2 SLP119 T01890089,M
PHX,2025-10-26 11:51,-112.0116,33.4343,337.00,64.00,48.00,56.01,100.00,5.00,0.00,29.93,1012.10,10.00,M,CLR,M,M,M,M,M,M,M,M,M,M,M,M,M,M,64.00,KPHX 261151Z 10005KT 10SM CLR 18/09 A2993 RMK AO2 SLP121 T01780089 10222 20178 55005,M
PHX,2025-10-26 12:51,-112.0116,33.4343,337.00,63.00,48.00,58.01,130.00,5.00,0.00,29.94,1012.60,10.00,M,FEW,M,M,M,20000.00,M,M,M,M,M,M,M,M,M,M,63.00,KPHX 261251Z 13005KT 10SM FEW200 17/09 A2994 RMK AO2 SLP126 T01720089,M
PHX,2025-10-26 13:51,-112.0116,33.4343,337.00,64.00,45.00,50.01,90.00,5.00,0.00,29.95,1012.90,10.00,M,FEW,SCT,M,M,18000.00,25000.00,M,M,M,M,M,M,M,M,M,64.00,KPHX 261351Z 09005KT 10SM FEW180 SCT250 18/07 A2995 RMK AO2 SLP129 T01780072,M
PHX,2025-10-26 14:51,-112.0116,33.4343,337.00,67.00,45.00,45.06,110.00,6.00,0.00,29.97,1013.60,10.00,M,FEW,BKN,M,M,18000.00,25000.00,M,M,M,M,M,M,M,M,M,67.00,KPHX 261451Z 11006KT 10SM FEW180 BKN250 19/07 A2997 RMK AO2 SLP136 T01940072 53014,M
PHX,2025-10-26 15:51,-112.0116,33.4343,337.00,71.00,44.00,37.82,150.00,6.00,0.00,29.99,1014.20,10.00,M,FEW,SCT,M,M,18000.00,25000.00,M,M,M,M,M,M,M,M,M,71.00,KPHX 261551Z 15006KT 10SM FEW180 SCT250 22/07 A2999 RMK AO2 SLP142 T02170067,M
PHX,2025-10-26 16:51,-112.0116,33.4343,337.00,75.00,44.00,33.06,140.00,4.00,0.00,30.00,1014.50,10.00,M,FEW,M,M,M,25000.00,M,M,M,M,M,M,M,M,M,M,75.00,KPHX 261651Z 14004KT 10SM FEW250 24/07 A3000 RMK AO2 SLP145 T02390067,M
PHX,2025-10-26 17:51,-112.0116,33.4343,337.00,79.00,44.00,28.97,70.00,4.00,0.00,29.99,1014.10,10.00,M,FEW,M,M,M,25000.00,M,M,M,M,M,M,M,M,M,M,79.00,KPHX 261751Z 07004KT 10SM FEW250 26/07 A2999 RMK AO2 SLP141 T02610067 10267 20167 50005,M
PHX,2025-10-26 18:51,-112.0116,33.4343,337.00,83.00,40.00,21.80,140.00,7.00,0.00,29.97,1013.40,10.00,M,FEW,M,M,M,25000.00,M,M,M,M,M,M,M,M,M,M,80.64,KPHX 261851Z 14007KT 10SM FEW250 28/04 A2997 RMK AO2 SLP134 T02830044,M
PHX,2025-10-26 19:51,-112.0116,33.4343,337.00,85.00,42.00,22.09,M,3.00,0.00,29.94,1012.30,10.00,M,FEW,M,M,M,25000.00,M,M,M,M,M,M,M,M,M,M,82.15,KPHX 261951Z VRB03KT 10SM FEW250 29/06 A2994 RMK AO2 SLP123 T02940056,M
PHX,2025-10-26 20:51,-112.0116,33.4343,337.00,87.00,40.00,19.18,170.00,5.00,0.00,29.91,1011.40,10.00,M,FEW,M,M,M,25000.00,M,M,M,M,M,M,M,M,M,M,83.61,KPHX 262051Z 17005KT 10SM FEW250 31/04 A2991 RMK AO2 SLP114 T03060044 58024,M
PHX,2025-10-26 21:51,-112.0116,33.4343,337.00,89.00,39.00,17.32,210.00,5.00,0.00,29.90,1010.80,10.00,M,FEW,M,M,M,25000.00,M,M,M,M,M,M,M,M,M,M,85.22,KPHX 262151Z 21005KT 10SM FEW250 32/04 A2990 RMK AO2 SLP108 T03170039 $,M
PHX,2025-10-26 22:51,-112.0116,33.4343,337.00,89.00,38.00,16.66,210.00,6.00,0.00,29.88,1010.30,10.00,M,FEW,M,M,M,25000.00,M,M,M,M,M,M,M,M,M,M,85.18,KPHX 262251Z 21006KT 10SM FEW250 32/03 A2988 RMK AO2 SLP103 T03170033 $,M
PHX,2025-10-26 23:51,-112.0116,33.4343,337.00,87.00,37.00,17.06,190.00,3.00,0.00,29.88,1010.20,10.00,M,FEW,M,M,M,25000.00,M,M,M,M,M,M,M,M,M,M,83.51,KPHX 262351Z 19003KT 10SM FEW250 31/03 A2988 RMK AO2 SLP102 T03060028 10322 20261 56012 $,M
PHX,2025-10-27 00:51,-112.0116,33.4343,337.00,84.00,38.00,19.52,190.00,3.00,0.00,29.87,1010.20,10.00,M,FEW,M,M,M,25000.00,M,M,M,M,M,M,M,M,M,M,81.26,KPHX 270051Z 19003KT 10SM FEW250 29/03 A2987 RMK AO2 SLP102 T02890033 $,M
PHX,2025-10-27 01:51,-112.0116,33.4343,337.00,82.00,41.00,23.41,0.00,0.00,0.00,29.88,1010.60,10.00,M,FEW,M,M,M,25000.00,M,M,M,M,M,M,M,M,M,M,80.04,KPHX 270151Z 00000KT 10SM FEW250 28/05 A2988 RMK AO2 SLP106 T02780050 $,M
PHX,2025-10-27 02:51,-112.0116,33.4343,337.00,79.00,43.00,27.88,100.00,4.00,0.00,29.89,1010.80,10.00,M,CLR,M,M,M,M,M,M,M,M,M,M,M,M,M,M,79.00,KPHX 270251Z 10004KT 10SM CLR 26/06 A2989 RMK AO2 SLP108 T02610061 53004 $,M
PHX,2025-10-27 03:51,-112.0116,33.4343,337.00,76.00,43.00,30.78,100.00,4.00,0.00,29.89,1010.60,10.00,M,CLR,M,M,M,M,M,M,M,M,M,M,M,M,M,M,76.00,KPHX 270351Z 10004KT 10SM CLR 24/06 A2989 RMK AO2 SLP106 T02440061 $,M
PHX,2025-10-27 04:51,-112.0116,33.4343,337.00,74.00,44.00,34.19,100.00,7.00,0.00,29.90,1011.10,10.00,M,CLR,M,M,M,M,M,M,M,M,M,M,M,M,M,M,74.00,KPHX 270451Z 10007KT 10SM CLR 23/07 A2990 RMK AO2 SLP111 T02330067 $,M
PHX,2025-10-27 05:51,-112.0116,33.4343,337.00,72.00,45.00,37.99,0.00,0.00,0.00,29.91,1011.20,10.00,M,CLR,M,M,M,M,M,M,M,M,M,M,M,M,M,M,72.00,KPHX 270551Z 00000KT 10SM CLR 22/07 A2991 RMK AO2 SLP112 T02220072 10306 20222 53005 $,M
PHX,2025-10-27 06:51,-112.0116,33.4343,337.00,72.00,43.00,35.19,90.00,6.00,0.00,29.90,1010.90,10.00,M,CLR,M,M,M,M,M,M,M,M,M,M,M,M,M,M,72.00,KPHX 270651Z 09006KT 10SM CLR 22/06 A2990 RMK AO2 SLP109 T02220061 403220167 $,M
PHX,2025-10-27 07:51,-112.0116,33.4343,337.00,70.00,45.00,40.65,90.00,7.00,0.00,29.89,1010.70,10.00,M,CLR,M,M,M,M,M,M,M,M,M,M,M,M,M,M,70.00,KPHX 270751Z 09007KT 10SM CLR 21/07 A2989 RMK AO2 SLP107 T02110072 $,M
PHX,2025-10-27 08:51,-112.0116,33.4343,337.00,70.00,43.00,37.66,110.00,6.00,0.00,29.89,1010.40,10.00,M,CLR,M,M,M,M,M,M,M,M,M,M,M,M,M,M,70.00,KPHX 270851Z 11006KT 10SM CLR 21/06 A2989 RMK AO2 SLP104 T02110061 56006 $,M
PHX,2025-10-27 09:51,-112.0116,33.4343,337.00,69.00,42.00,37.50,120.00,6.00,0.00,29.88,1010.30,10.00,M,CLR,M,M,M,M,M,M,M,M,M,M,M,M,M,M,69.00,KPHX 270951Z 12006KT 10SM CLR 21/06 A2988 RMK AO2 SLP103 T02060056 $,M
PHX,2025-10-27 10:51,-112.0116,33.4343,337.00,67.00,43.00,41.74,90.00,8.00,0.00,29.88,1010.30,10.00,M,CLR,M,M,M,M,M,M,M,M,M,M,M,M,M,M,67.00,KPHX 271051Z 09008KT 10SM CLR 19/06 A2988 RMK AO2 SLP103 T01940061 $,M
PHX,2025-10-27 11:51,-112.0116,33.4343,337.00,66.00,44.00,44.90,90.00,6.00,0.00,29.89,1010.70,10.00,M,CLR,M,M,M,M,M,M,M,M,M,M,M,M,M,M,66.00,KPHX 271151Z 09006KT 10SM CLR 19/07 A2989 RMK AO2 SLP107 T01890067 10222 20183 53002 $,M
PHX,2025-10-27 12:51,-112.0116,33.4343,337.00,64.00,42.00,44.58,100.00,7.00,0.00,29.91,1011.50,10.00,M,CLR,M,M,M,M,M,M,M,M,M,M,M,M,M,M,64.00,KPHX 271251Z 10007KT 10SM CLR 18/06 A2991 RMK AO2 SLP115 T01780056 $,M
PHX,2025-10-27 13:51,-112.0116,33.4343,337.00,64.00,43.00,46.33,90.00,4.00,0.00,29.92,1011.80,10.00,M,CLR,M,M,M,M,M,M,M,M,M,M,M,M,M,M,64.00,KPHX 271351Z 09004KT 10SM CLR 18/06 A2992 RMK AO2 SLP118 T01780061 $,M
PHX,2025-10-27 14:51,-112.0116,33.4343,337.00,68.00,43.00,40.33,110.00,5.00,0.00,29.93,1012.10,10.00,M,CLR,M,M,M,M,M,M,M,M,M,M,M,M,M,M,68.00,KPHX 271451Z 11005KT 10SM CLR 20/06 A2993 RMK AO2 SLP121 T02000061 51012 $,M
PHX,2025-10-27 15:51,-112.0116,33.4343,337.00,72.00,43.00,35.19,100.00,10.00,0.00,29.95,1012.80,10.00,M,CLR,M,M,M,M,M,M,M,M,M,M,M,M,M,M,72.00,KPHX 271551Z 10010KT 10SM CLR 22/06 A2995 RMK AO2 SLP128 T02220061 $,M
PHX,2025-10-27 16:51,-112.0116,33.4343,337.00,77.00,43.00,29.78,110.00,7.00,0.00,29.95,1012.80,10.00,M,CLR,M,M,M,M,M,M,M,M,M,M,M,M,M,M,77.00,KPHX 271651Z 11007KT 10SM CLR 25/06 A2995 RMK AO2 SLP128 T02500061 $,M
PHX,2025-10-27 17:51,-112.0116,33.4343,337.00,80.00,41.00,24.98,110.00,7.00,0.00,29.95,1012.80,10.00,M,CLR,M,M,M,M,M,M,M,M,M,M,M,M,M,M,78.87,KPHX 271751Z 11007KT 10SM CLR 27/05 A2995 RMK AO2 SLP128 T02670050 10267 20172 51008,M
PHX,2025-10-27 18:51,-112.0116,33.4343,337.00,84.00,41.00,21.94,100.00,5.00,0.00,29.92,1011.60,10.00,M,CLR,M,M,M,M,M,M,M,M,M,M,M,M,M,M,81.38,KPHX 271851Z 10005KT 10SM CLR 29/05 A2992 RMK AO2 SLP116 T02890050,M
PHX,2025-10-27 19:51,-112.0116,33.4343,337.00,86.00,40.00,19.80,120.00,6.00,0.00,29.89,1010.60,10.00,M,CLR,M,M,M,M,M,M,M,M,M,M,M,M,M,M,82.82,KPHX 271951Z 12006KT 10SM CLR 30/04 A2989 RMK AO2 SLP106 T03000044,M
PHX,2025-10-27 20:51,-112.0116,33.4343,337.00,88.00,39.00,17.87,190.00,3.00,0.00,29.87,1009.80,10.00,M,CLR,M,M,M,M,M,M,M,M,M,M,M,M,M,M,84.38,KPHX 272051Z 19003KT 10SM CLR 31/04 A2987 RMK AO2 SLP098 T03110039 56028,M
PHX,2025-10-27 21:51,-112.0116,33.4343,337.00,87.00,36.00,16.39,50.00,4.00,0.00,29.86,1009.50,10.00,M,CLR,M,M,M,M,M,M,M,M,M,M,M,M,M,M,83.49,KPHX 272151Z 05004KT 10SM CLR 31/02 A2986 RMK AO2 SLP095 T03060022,M
PHX,2025-10-27 22:51,-112.0116,33.4343,337.00,90.00,35.00,14.34,200.00,5.00,0.00,29.84,1008.90,10.00,M,CLR,M,M,M,M,M,M,M,M,M,M,M,M,M,M,85.95,KPHX 272251Z 20005KT 10SM CLR 32/02 A2984 RMK AO2 SLP089 T03220017,M
PHX,2025-10-27 23:51,-112.0116,33.4343,337.00,88.00,33.00,14.09,0.00,0.00,0.00,29.84,1008.70,10.00,M,CLR,M,M,M,M,M,M,M,M,M,M,M,M,M,M,84.25,KPHX 272351Z 00000KT 10SM CLR 31/01 A2984 RMK AO2 SLP087 T03110006 10322 20267 56011,M
PHX,2025-10-28 00:51,-112.0116,33.4343,337.00,86.00,34.00,15.63,0.00,0.00,0.00,29.85,1009.30,10.00,M,FEW,M,M,M,25000.00,M,M,M,M,M,M,M,M,M,M,82.66,KPHX 280051Z 00000KT 10SM FEW250 30/01 A2985 RMK AO2 SLP093 T03000011,M
PHX,2025-10-28 01:51,-112.0116,33.4343,337.00,80.00,43.00,26.98,230.00,4.00,0.00,29.86,1009.70,10.00,M,CLR,M,M,M,M,M,M,M,M,M,M,M,M,M,M,78.97,KPHX 280151Z 23004KT 10SM CLR 27/06 A2986 RMK AO2 SLP097 T02670061,M
PHX,2025-10-28 02:51,-112.0116,33.4343,337.00,78.00,44.00,29.93,260.00,3.00,0.00,29.87,1010.00,10.00,M,CLR,M,M,M,M,M,M,M,M,M,M,M,M,M,M,78.00,KPHX 280251Z 26003KT 10SM CLR 26/07 A2987 RMK AO2 SLP100 T02560067 51010,M
PHX,2025-10-28 03:51,-112.0116,33.4343,337.00,76.00,45.00,33.22,290.00,3.00,0.00,29.88,1010.50,10.00,M,CLR,M,M,M,M,M,M,M,M,M,M,M,M,M,M,76.00,KPHX 280351Z 29003KT 10SM CLR 24/07 A2988 RMK AO2 SLP105 T02440072,M
PHX,2025-10-28 04:51,-112.0116,33.4343,337.00,73.00,47.00,39.62,230.00,3.00,0.00,29.90,1011.00,10.00,M,CLR,M,M,M,M,M,M,M,M,M,M,M,M,M,M,73.00,KPHX 280451Z 23003KT 10SM CLR 23/08 A2990 RMK AO2 SLP110 T02280083,M
PHX,2025-10-28 05:51,-112.0116,33.4343,337.00,73.00,46.00,38.15,90.00,3.00,0.00,29.91,1011.20,10.00,M,CLR,M,M,M,M,M,M,M,M,M,M,M,M,M,M,73.00,KPHX 280551Z 09003KT 10SM CLR 23/08 A2991 RMK AO2 SLP112 T02280078 10311 20222 51013,M
PHX,2025-10-28 06:51,-112.0116,33.4343,337.00,71.00,45.00,39.29,100.00,3.00,0.00,29.91,1011.30,10.00,M,CLR,M,M,M,M,M,M,M,M,M,M,M,M,M,M,71.00,KPHX 280651Z 10003KT 10SM CLR 22/07 A2991 RMK AO2 SLP113 T02170072 403220172,M
PHX,2025-10-28 07:51,-112.0116,33.4343,337.00,70.00,46.00,42.22,0.00,0.00,0.00,29.91,1011.40,10.00,M,CLR,M,M,M,M,M,M,M,M,M,M,M,M,M,M,70.00,KPHX 280751Z 00000KT 10SM CLR 21/08 A2991 RMK AO2 SLP114 T02110078,M
PHX,2025-10-28 08:51,-112.0116,33.4343,337.00,67.00,47.00,48.60,240.00,3.00,0.00,29.93,1011.80,10.00,M,CLR,M,M,M,M,M,M,M,M,M,M,M,M,M,M,67.00,KPHX 280851Z 24003KT 10SM CLR 19/08 A2993 RMK AO2 SLP118 T01940083 53007,M
PHX,2025-10-28 09:51,-112.0116,33.4343,337.00,67.00,43.00,41.74,0.00,0.00,0.00,29.93,1011.90,10.00,M,CLR,M,M,M,M,M,M,M,M,M,M,M,M,M,M,67.00,KPHX 280951Z 00000KT 10SM CLR 19/06 A2993 RMK AO2 SLP119 T01940061,M
PHX,2025-10-28 10:51,-112.0116,33.4343,337.00,65.00,45.00,48.29,120.00,4.00,0.00,29.94,1012.20,10.00,M,CLR,M,M,M,M,M,M,M,M,M,M,M,M,M,M,65.00,KPHX 281051Z 12004KT 10SM CLR 18/07 A2994 RMK AO2 SLP122 T01830072,M
PHX,2025-10-28 11:51,-112.0116,33.4343,337.00,65.00,44.00,46.49,100.00,6.00,0.00,29.95,1012.60,10.00,M,CLR,M,M,M,M,M,M,M,M,M,M,M,M,M,M,65.00,KPHX 281151Z 10006KT 10SM CLR 18/07 A2995 RMK AO2 SLP126 T01830067 10222 20178 53007,M
PHX,2025-10-28 12:51,-112.0116,33.4343,337.00,66.00,44.00,44.90,90.00,4.00,0.00,29.97,1013.50,10.00,M,CLR,M,M,M,M,M,M,M,M,M,M,M,M,M,M,66.00,KPHX 281251Z 09004KT 10SM CLR 19/07 A2997 RMK AO2 SLP135 T01890067,M
PHX,2025-10-28 13:51,-112.0116,33.4343,337.00,65.00,44.00,46.49,0.00,0.00,0.00,30.00,1014.40,10.00,M,CLR,M,M,M,M,M,M,M,M,M,M,M,M,M,M,65.00,KPHX 281351Z 00000KT 10SM CLR 18/07 A3000 RMK AO2 SLP144 T01830067,M
PHX,2025-10-28 14:51,-112.0116,33.4343,337.00,67.00,44.00,43.37,0.00,0.00,0.00,30.02,1015.30,10.00,M,CLR,M,M,M,M,M,M,M,M,M,M,M,M,M,M,67.00,KPHX 281451Z 00000KT 10SM CLR 19/07 A3002 RMK AO2 SLP153 T01940067 51024,M
PHX,2025-10-28 15:51,-112.0116,33.4343,337.00,73.00,42.00,32.74,100.00,5.00,0.00,30.04,1015.90,10.00,M,CLR,M,M,M,M,M,M,M,M,M,M,M,M,M,M,73.00,KPHX 281551Z 10005KT 10SM CLR 23/06 A3004 RMK AO2 SLP159 T02280056,M
PHX,2025-10-28 16:51,-112.0116,33.4343,337.00,79.00,36.00,21.22,50.00,8.00,0.00,30.04,1015.80,10.00,M,CLR,M,M,M,M,M,M,M,M,M,M,M,M,M,M,79.00,KPHX 281651Z 05008KT 10SM CLR 26/02 A3004 RMK AO2 SLP158 T02610022,M
PHX,2025-10-28 17:51,-112.0116,33.4343,337.00,84.00,31.00,14.77,60.00,10.00,0.00,30.05,1015.80,10.00,19.00,CLR,M,M,M,M,M,M,M,M,M,M,M,M,M,M,81.12,KPHX 281751Z 06010G19KT 10SM CLR 29/M01 A3005 RMK AO2 SLP158 T02891006 10289 20178 51008,M
PHX,2025-10-28 18:51,-112.0116,33.4343,337.00,86.00,31.00,13.85,40.00,7.00,0.00,30.03,1015.40,10.00,M,CLR,M,M,M,M,M,M,M,M,M,M,M,M,M,M,82.64,KPHX 281851Z 04007KT 10SM CLR 30/M01 A3003 RMK AO2 SLP154 T03001006,M
PHX,2025-10-28 19:51,-112.0116,33.4343,337.00,88.00,31.00,13.00,20.00,10.00,0.00,30.01,1014.60,10.00,M,CLR,M,M,M,M,M,M,M,M,M,M,M,M,M,M,84.24,KPHX 281951Z 02010KT 10SM CLR 31/M01 A3001 RMK AO2 SLP146 T03111006,M
PHX,2025-10-28 20:51,-112.0116,33.4343,337.00,90.00,28.00,10.80,40.00,8.00,0.00,29.99,1014.10,10.00,M,CLR,M,M,M,M,M,M,M,M,M,M,M,M,M,M,85.44,KPHX 282051Z 04008KT 10SM CLR 32/M02 A2999 RMK AO2 SLP141 T03221022 58017,M
PHX,2025-10-28 21:51,-112.0116,33.4343,337.00,91.00,30.00,11.36,80.00,11.00,0.00,29.98,1013.70,10.00,M,CLR,M,M,M,M,M,M,M,M,M,M,M,M,M,M,86.39,KPHX 282151Z 08011KT 10SM CLR 33/M01 A2998 RMK AO2 SLP137 T03281011,M
PHX,2025-10-28 22:51,-112.0116,33.4343,337.00,91.00,30.00,11.36,M,3.00,0.00,29.98,1013.80,10.00,M,CLR,M,M,M,M,M,M,M,M,M,M,M,M,M,M,86.39,KPHX 282251Z VRB03KT 10SM CLR 33/M01 A2998 RMK AO2 SLP138 T03281011,M
PHX,2025-10-28 23:51,-112.0116,33.4343,337.00,91.00,32.00,12.32,70.00,6.00,0.00,29.98,1013.70,10.00,M,CLR,M,M,M,M,M,M,M,M,M,M,M,M,M,M,86.61,KPHX 282351Z 07006KT 10SM CLR 33/00 A2998 RMK AO2 SLP137 T03280000 10333 20289 56004,M
PHX,2025-10-29 00:51,-112.0116,33.4343,337.00,88.00,33.00,14.09,60.00,6.00,0.00,29.98,1013.70,10.00,M,FEW,M,M,M,14000.00,M,M,M,M,M,M,M,M,M,M,84.25,KPHX 290051Z 06006KT 10SM FEW140 31/01 A2998 RMK AO2 SLP137 T03110006,M
PHX,2025-10-29 01:51,-112.0116,33.4343,337.00,86.00,33.00,15.02,60.00,11.00,0.00,29.99,1014.10,10.00,M,CLR,M,M,M,M,M,M,M,M,M,M,M,M,M,M,82.65,KPHX 290151Z 06011KT 10SM CLR 30/01 A2999 RMK AO2 SLP141 T03000006,M
PHX,2025-10-29 02:51,-112.0116,33.4343,337.00,85.00,28.00,12.65,70.00,14.00,0.00,30.01,1014.70,10.00,M,CLR,M,M,M,M,M,M,M,M,M,M,M,M,M,M,81.80,KPHX 290251Z 07014KT 10SM CLR 29/M02 A3001 RMK AO2 SLP147 T02941022 53010,M
PHX,2025-10-29 03:51,-112.0116,33.4343,337.00,82.00,25.00,12.31,70.00,11.00,0.00,30.03,1015.50,10.00,M,CLR,M,M,M,M,M,M,M,M,M,M,M,M,M,M,79.54,KPHX 290351Z 07011KT 10SM CLR 28/M04 A3003 RMK AO2 SLP155 T02781039,M
PHX,2025-10-29 04:51,-112.0116,33.4343,337.00,82.00,21.00,10.40,30.00,6.00,0.00,30.04,1015.70,10.00,M,CLR,M,M,M,M,M,M,M,M,M,M,M,M,M,M,79.28,KPHX 290451Z 03006KT 10SM CLR 28/M06 A3004 RMK AO2 SLP157 T02781061,M
PHX,2025-10-29 05:51,-112.0116,33.4343,337.00,80.00,22.00,11.58,330.00,5.00,0.00,30.05,1015.80,10.00,M,CLR,M,M,M,M,M,M,M,M,M,M,M,M,M,M,78.12,KPHX 290551Z 33005KT 10SM CLR 27/M06 A3005 RMK AO2 SLP158 T02671056 10328 20256 51013,M
PHX,2025-10-29 06:51,-112.0116,33.4343,337.00,71.00,34.00,25.59,210.00,4.00,0.00,30.04,1015.70,10.00,M,CLR,M,M,M,M,M,M,M,M,M,M,M,M,M,M,71.00,KPHX 290651Z 21004KT 10SM CLR 22/01 A3004 RMK AO2 SLP157 T02170011 403330178,M
PHX,2025-10-29 07:51,-112.0116,33.4343,337.00,69.00,34.00,27.39,230.00,4.00,0.00,30.04,1015.60,10.00,M,CLR,M,M,M,M,M,M,M,M,M,M,M,M,M,M,69.00,KPHX 290751Z 23004KT 10SM CLR 21/01 A3004 RMK AO2 SLP156 T02060011,M
PHX,2025-10-29 08:51,-112.0116,33.4343,337.00,69.00,32.00,25.28,250.00,4.00,0.00,30.05,1015.80,10.00,M,CLR,M,M,M,M,M,M,M,M,M,M,M,M,M,M,69.00,KPHX 290851Z 25004KT 10SM CLR 21/00 A3005 RMK AO2 SLP158 T02060000 55001,M
PHX,2025-10-29 09:51,-112.0116,33.4343,337.00,70.00,28.00,20.76,0.00,0.00,0.00,30.04,1015.60,10.00,M,CLR,M,M,M,M,M,M,M,M,M,M,M,M,M,M,70.00,KPHX 290951Z 00000KT 10SM CLR 21/M02 A3004 RMK AO2 SLP156 T02111022,M
PHX,2025-10-29 10:51,-112.0116,33.4343,337.00,70.00,27.00,19.92,0.00,0.00,0.00,30.04,1015.70,10.00,M,CLR,M,M,M,M,M,M,M,M,M,M,M,M,M,M,70.00,KPHX 291051Z 00000KT 10SM CLR 21/M03 A3004 RMK AO2 SLP157 T02111028,M
PHX,2025-10-29 11:51,-112.0116,33.4343,337.00,66.00,33.00,29.18,0.00,0.00,0.00,30.05,1016.10,10.00,M,CLR,M,M,M,M,M,M,M,M,M,M,M,M,M,M,66.00,KPHX 291151Z 00000KT 10SM CLR 19/01 A3005 RMK AO2 SLP161 T01890006 10267 20189 53002,M
PHX,2025-10-29 12:51,-112.0116,33.4343,337.00,67.00,33.00,28.19,0.00,0.00,0.00,30.06,1016.30,10.00,M,CLR,M,M,M,M,M,M,M,M,M,M,M,M,M,M,67.00,KPHX 291251Z 00000KT 10SM CLR 19/01 A3006 RMK AO2 SLP163 T01940006,M
PHX,2025-10-29 13:51,-112.0116,33.4343,337.00,70.00,25.00,18.33,40.00,3.00,0.00,30.06,1016.60,10.00,M,CLR,M,M,M,M,M,M,M,M,M,M,M,M,M,M,70.00,KPHX 291351Z 04003KT 10SM CLR 21/M04 A3006 RMK AO2 SLP166 T02111039,M
PHX,2025-10-29 14:51,-112.0116,33.4343,337.00,75.00,17.00,11.03,70.00,13.00,0.00,30.08,1017.10,10.00,M,CLR,M,M,M,M,M,M,M,M,M,M,M,M,M,M,75.00,KPHX 291451Z 07013KT 10SM CLR 24/M08 A3008 RMK AO2 SLP171 T02391083 53010,M
PHX,2025-10-29 15:51,-112.0116,33.4343,337.00,78.00,21.00,11.85,70.00,15.00,0.00,30.10,1017.60,10.00,24.00,CLR,M,M,M,M,M,M,M,M,M,M,M,M,M,M,78.00,KPHX 291551Z 07015G24KT 10SM CLR 26/M06 A3010 RMK AO2 SLP176 T02561061,M
PHX,2025-10-29 16:51,-112.0116,33.4343,337.00,82.00,24.00,11.80,70.00,18.00,0.00,30.09,1017.30,10.00,M,CLR,M,M,M,M,M,M,M,M,M,M,M,M,M,M,79.47,KPHX 291651Z 07018KT 10SM CLR 28/M04 A3009 RMK AO2 SLP173 T02781044,M
PHX,2025-10-29 17:51,-112.0116,33.4343,337.00,84.00,25.00,11.54,70.00,16.00,0.00,30.08,1017.00,10.00,M,CLR,M,M,M,M,M,M,M,M,M,M,M,26.00,90.00,2025-10-29 17:22,80.88,KPHX 291751Z 07016KT 10SM CLR 29/M04 A3008 RMK AO2 PK WND 09026/1722 SLP170 T02891039 10289 20172 50000,M
PHX,2025-10-29 18:51,-112.0116,33.4343,337.00,85.00,27.00,12.14,60.00,11.00,0.00,30.06,1016.30,10.00,M,CLR,M,M,M,M,M,M,M,M,M,M,M,M,M,M,81.72,KPHX 291851Z 06011KT 10SM CLR 29/M03 A3006 RMK AO2 SLP163 T02941028,M
PHX,2025-10-29 19:51,-112.0116,33.4343,337.00,87.00,30.00,12.88,60.00,9.00,0.00,30.02,1015.00,10.00,M,CLR,M,M,M,M,M,M,M,M,M,M,M,M,M,M,83.41,KPHX 291951Z 06009KT 10SM CLR 31/M01 A3002 RMK AO2 SLP150 T03061011,M
PHX,2025-10-29 20:51,-112.0116,33.4343,337.00,88.00,31.00,13.00,70.00,5.00,0.00,29.99,1013.90,10.00,M,CLR,M,M,M,M,M,M,M,M,M,M,M,M,M,M,84.24,KPHX 292051Z 07005KT 10SM CLR 31/M01 A2999 RMK AO2 SLP139 T03111006 57031 $,M
PHX,2025-10-29 21:51,-112.0116,33.4343,337.00,90.00,32.00,12.71,60.00,7.00,0.00,29.97,1013.10,10.00,M,CLR,M,M,M,M,M,M,M,M,M,M,M,M,M,M,85.85,KPHX 292151Z 06007KT 10SM CLR 32/00 A2997 RMK AO2 SLP131 T03220000 $,M
PHX,2025-10-29 22:51,-112.0116,33.4343,337.00,89.00,33.00,13.66,70.00,6.00,0.00,29.96,1012.70,10.00,M,CLR,M,M,M,M,M,M,M,M,M,M,M,M,M,M,85.08,KPHX 292251Z 07006KT 10SM CLR 32/01 A2996 RMK AO2 SLP127 T03170006 $,M
PHX,2025-10-29 23:51,-112.0116,33.4343,337.00,88.00,33.00,14.09,60.00,6.00,0.00,29.95,1012.80,10.00,M,CLR,M,M,M,M,M,M,M,M,M,M,M,M,M,M,84.25,KPHX 292351Z 06006KT 10SM CLR 31/01 A2995 RMK AO2 SLP128 T03110006 10328 20283 56012 $,M
PHX,2025-10-30 00:51,-112.0116,33.4343,337.00,85.00,34.00,16.14,70.00,7.00,0.00,29.96,1012.80,10.00,M,CLR,M,M,M,M,M,M,M,M,M,M,M,M,M,M,81.90,KPHX 300051Z 07007KT 10SM CLR 29/01 A2996 RMK AO2 SLP128 T02940011 $,M
PHX,2025-10-30 01:51,-112.0116,33.4343,337.00,81.00,33.00,17.64,90.00,9.00,0.00,29.96,1013.00,10.00,M,CLR,M,M,M,M,M,M,M,M,M,M,M,M,M,M,79.10,KPHX 300151Z 09009KT 10SM CLR 27/01 A2996 RMK AO2 SLP130 T02720006 $,M
PHX,2025-10-30 02:51,-112.0116,33.4343,337.00,79.00,31.00,17.37,80.00,7.00,0.00,29.96,1013.10,10.00,M,CLR,M,M,M,M,M,M,M,M,M,M,M,M,M,M,79.00,KPHX 300251Z 08007KT 10SM CLR 26/M01 A2996 RMK AO2 SLP131 T02611006 52003 $,M
PHX,2025-10-30 03:51,-112.0116,33.4343,337.00,76.00,32.00,19.96,100.00,6.00,0.00,29.97,1013.30,10.00,M,CLR,M,M,M,M,M,M,M,M,M,M,M,M,M,M,76.00,KPHX 300351Z 10006KT 10SM CLR 24/00 A2997 RMK AO2 SLP133 T02440000 $,M
PHX,2025-10-30 04:51,-112.0116,33.4343,337.00,75.00,33.00,21.49,110.00,4.00,0.00,29.98,1013.50,10.00,M,CLR,M,M,M,M,M,M,M,M,M,M,M,M,M,M,75.00,KPHX 300451Z 11004KT 10SM CLR 24/01 A2998 RMK AO2 SLP135 T02390006 $,M
PHX,2025-10-30 05:51,-112.0116,33.4343,337.00,74.00,33.00,22.22,100.00,6.00,0.00,29.98,1013.50,10.00,M,CLR,M,M,M,M,M,M,M,M,M,M,M,M,M,M,74.00,KPHX 300551Z 10006KT 10SM CLR 23/01 A2998 RMK AO2 SLP135 T02330006 10311 20228 51005 $,M
PHX,2025-10-30 06:51,-112.0116,33.4343,337.00,74.00,32.00,21.34,90.00,9.00,0.00,29.96,1013.00,10.00,M,CLR,M,M,M,M,M,M,M,M,M,M,M,M,M,M,74.00,KPHX 300651Z 09009KT 10SM CLR 23/00 A2996 RMK AO2 SLP130 T02330000 403280172 $,M
PHX,2025-10-30 07:51,-112.0116,33.4343,337.00,73.00,32.00,22.07,100.00,4.00,0.00,29.96,1013.00,10.00,M,CLR,M,M,M,M,M,M,M,M,M,M,M,M,M,M,73.00,KPHX 300751Z 10004KT 10SM CLR 23/00 A2996 RMK AO2 SLP130 T02280000 $,M
PHX,2025-10-30 08:51,-112.0116,33.4343,337.00,68.00,36.00,30.70,200.00,3.00,0.00,29.96,1013.10,10.00,M,CLR,M,M,M,M,M,M,M,M,M,M,M,M,M,M,68.00,KPHX 300851Z 20003KT 10SM CLR 20/02 A2996 RMK AO2 SLP131 T02000022 56005 $,M
PHX,2025-10-30 09:51,-112.0116,33.4343,337.00,67.00,37.00,33.05,0.00,0.00,0.00,29.95,1012.70,10.00,M,CLR,M,M,M,M,M,M,M,M,M,M,M,M,M,M,67.00,KPHX 300951Z 00000KT 10SM CLR 19/03 A2995 RMK AO2 SLP127 T01940028 $,M
PHX,2025-10-30 10:51,-112.0116,33.4343,337.00,67.00,37.00,33.05,0.00,0.00,0.00,29.95,1012.70,10.00,M,CLR,M,M,M,M,M,M,M,M,M,M,M,M,M,M,67.00,KPHX 301051Z 00000KT 10SM CLR 19/03 A2995 RMK AO2 SLP127 T01940028 $,M
PHX,2025-10-30 11:51,-112.0116,33.4343,337.00,68.00,36.00,30.70,0.00,0.00,0.00,29.96,1013.00,10.00,M,CLR,M,M,M,M,M,M,M,M,M,M,M,M,M,M,68.00,KPHX 301151Z 00000KT 10SM CLR 20/02 A2996 RMK AO2 SLP130 T02000022 10239 20194 55001 $,M
PHX,2025-10-30 12:51,-112.0116,33.4343,337.00,66.00,36.00,32.89,90.00,5.00,0.00,29.97,1013.20,10.00,M,CLR,M,M,M,M,M,M,M,M,M,M,M,M,M,M,66.00,KPHX 301251Z 09005KT 10SM CLR 19/02 A2997 RMK AO2 SLP132 T01890022 $,M
PHX,2025-10-30 13:51,-112.0116,33.4343,337.00,66.00,34.00,30.37,100.00,8.00,0.00,29.97,1013.50,10.00,M,CLR,M,M,M,M,M,M,M,M,M,M,M,M,M,M,66.00,KPHX 301351Z 10008KT 10SM CLR 19/01 A2997 RMK AO2 SLP135 T01890011 $,M
PHX,2025-10-30 14:51,-112.0116,33.4343,337.00,70.00,33.00,25.43,100.00,10.00,0.00,29.98,1013.80,10.00,M,FEW,M,M,M,15000.00,M,M,M,M,M,M,M,M,M,M,70.00,KPHX 301451Z 10010KT 10SM FEW150 21/01 A2998 RMK AO2 SLP138 T02110006 53007 $,M
PHX,2025-10-30 15:51,-112.0116,33.4343,337.00,74.00,33.00,22.22,M,5.00,0.00,30.01,1014.80,10.00,M,FEW,M,M,M,15000.00,M,M,M,M,M,M,M,M,M,M,74.00,KPHX 301551Z VRB05KT 10SM FEW150 23/01 A3001 RMK AO2 SLP148 T02330006 $,M
PHX,2025-10-30 16:51,-112.0116,33.4343,337.00,76.00,35.00,22.51,0.00,0.00,0.00,30.01,1014.70,10.00,M,FEW,M,M,M,15000.00,M,M,M,M,M,M,M,M,M,M,76.00,KPHX 301651Z 00000KT 10SM FEW150 24/02 A3001 RMK AO2 SLP147 T02440017 $,M
PHX,2025-10-30 17:51,-112.0116,33.4343,337.00,82.00,31.00,15.75,80.00,8.00,0.00,30.00,1014.20,10.00,M,FEW,M,M,M,15000.00,M,M,M,M,M,M,M,M,M,M,79.71,KPHX 301751Z 08008KT 10SM FEW150 28/M01 A3000 RMK AO2 SLP142 T02781006 10278 20183 50005 $,M
PHX,2025-10-30 18:51,-112.0116,33.4343,337.00,83.00,32.00,15.88,70.00,5.00,0.00,29.98,1013.40,10.00,M,CLR,M,M,M,M,M,M,M,M,M,M,M,M,M,M,80.41,KPHX 301851Z 07005KT 10SM CLR 28/00 A2998 RMK AO2 SLP134 T02830000 $,M
PHX,2025-10-30 19:51,-112.0116,33.4343,337.00,87.00,32.00,13.97,130.00,6.00,0.00,29.94,1012.10,10.00,M,CLR,M,M,M,M,M,M,M,M,M,M,M,M,M,M,83.43,KPHX 301951Z 13006KT 10SM CLR 31/00 A2994 RMK AO2 SLP121 T03060000 $,M
PHX,2025-10-30 20:51,-112.0116,33.4343,337.00,89.00,31.00,12.60,120.00,4.00,0.00,29.91,1011.30,10.00,M,FEW,M,M,M,29000.00,M,M,M,M,M,M,M,M,M,M,84.98,KPHX 302051Z 12004KT 10SM FEW290 32/M01 A2991 RMK AO2 SLP113 T03171006 58027 $,M
PHX,2025-10-30 21:51,-112.0116,33.4343,337.00,88.00,29.00,11.98,30.00,3.00,0.00,29.90,1010.90,10.00,M,FEW,M,M,M,25000.00,M,M,M,M,M,M,M,M,M,M,84.04,KPHX 302151Z 03003KT 10SM FEW250 31/M02 A2990 RMK AO2 SLP109 T03111017 $,M
PHX,2025-10-30 22:51,-112.0116,33.4343,337.00,88.00,30.00,12.48,0.00,0.00,0.00,29.89,1010.60,10.00,M,FEW,M,M,M,25000.00,M,M,M,M,M,M,M,M,M,M,84.14,KPHX 302251Z 00000KT 10SM FEW250 31/M01 A2989 RMK AO2 SLP106 T03111011 $,M
PHX,2025-10-30 23:51,-112.0116,33.4343,337.00,88.00,31.00,13.00,240.00,4.00,0.00,29.88,1010.30,10.00,M,FEW,M,M,M,25000.00,M,M,M,M,M,M,M,M,M,M,84.24,KPHX 302351Z 24004KT 10SM FEW250 31/M01 A2988 RMK AO2 SLP103 T03111006 10322 20272 56010 $,M
PHX,2025-10-31 00:51,-112.0116,33.4343,337.00,85.00,33.00,15.50,250.00,3.00,0.00,29.88,1010.20,10.00,M,FEW,M,M,M,25000.00,M,M,M,M,M,M,M,M,M,M,81.89,KPHX 310051Z 25003KT 10SM FEW250 29/01 A2988 RMK AO2 SLP102 T02940006 $,M
PHX,2025-10-31 01:51,-112.0116,33.4343,337.00,81.00,37.00,20.68,0.00,0.00,0.00,29.89,1010.70,10.00,M,CLR,M,M,M,M,M,M,M,M,M,M,M,M,M,M,79.24,KPHX 310151Z 00000KT 10SM CLR 27/03 A2989 RMK AO2 SLP107 T02720028 $,M
PHX,2025-10-31 02:51,-112.0116,33.4343,337.00,79.00,38.00,22.96,0.00,0.00,0.00,29.89,1010.70,10.00,M,CLR,M,M,M,M,M,M,M,M,M,M,M,M,M,M,79.00,KPHX 310251Z 00000KT 10SM CLR 26/03 A2989 RMK AO2 SLP107 T02610033 53002 $,M
PHX,2025-10-31 03:51,-112.0116,33.4343,337.00,75.00,43.00,31.82,0.00,0.00,0.00,29.89,1010.90,10.00,M,CLR,M,M,M,M,M,M,M,M,M,M,M,M,M,M,75.00,KPHX 310351Z 00000KT 10SM CLR 24/06 A2989 RMK AO2 SLP109 T02390061 $,M
PHX,2025-10-31 04:51,-112.0116,33.4343,337.00,74.00,41.00,30.46,90.00,6.00,0.00,29.91,1011.40,10.00,M,CLR,M,M,M,M,M,M,M,M,M,M,M,M,M,M,74.00,KPHX 310451Z 09006KT 10SM CLR 23/05 A2991 RMK AO2 SLP114 T02330050 $,M
PHX,2025-10-31 05:51,-112.0116,33.4343,337.00,72.00,42.00,33.86,120.00,4.00,0.00,29.91,1011.40,10.00,M,CLR,M,M,M,M,M,M,M,M,M,M,M,M,M,M,72.00,KPHX 310551Z 12004KT 10SM CLR 22/06 A2991 RMK AO2 SLP114 T02220056 10311 20222 51008 $,M
PHX,2025-10-31 06:51,-112.0116,33.4343,337.00,70.00,41.00,34.87,110.00,5.00,0.00,29.91,1011.30,10.00,M,CLR,M,M,M,M,M,M,M,M,M,M,M,M,M,M,70.00,KPHX 310651Z 11005KT 10SM CLR 21/05 A2991 RMK AO2 SLP113 T02110050 403220183 $,M
PHX,2025-10-31 07:51,-112.0116,33.4343,337.00,68.00,41.00,37.34,110.00,5.00,0.00,29.91,1011.40,10.00,M,CLR,M,M,M,M,M,M,M,M,M,M,M,M,M,M,68.00,KPHX 310751Z 11005KT 10SM CLR 20/05 A2991 RMK AO2 SLP114 T02000050 $,M
PHX,2025-10-31 08:51,-112.0116,33.4343,337.00,68.00,40.00,35.92,140.00,6.00,0.00,29.92,1011.70,10.00,M,CLR,M,M,M,M,M,M,M,M,M,M,M,M,M,M,68.00,KPHX 310851Z 14006KT 10SM CLR 20/04 A2992 RMK AO2 SLP117 T02000044 53004 $,M
PHX,2025-10-31 09:51,-112.0116,33.4343,337.00,67.00,41.00,38.65,100.00,5.00,0.00,29.92,1011.70,10.00,M,CLR,M,M,M,M,M,M,M,M,M,M,M,M,M,M,67.00,KPHX 310951Z 10005KT 10SM CLR 19/05 A2992 RMK AO2 SLP117 T01940050 $,M
PHX,2025-10-31 10:51,-112.0116,33.4343,337.00,66.00,40.00,38.48,110.00,5.00,0.00,29.92,1011.70,10.00,M,CLR,M,M,M,M,M,M,M,M,M,M,M,M,M,M,66.00,KPHX 311051Z 11005KT 10SM CLR 19/04 A2992 RMK AO2 SLP117 T01890044 $,M
PHX,2025-10-31 11:51,-112.0116,33.4343,337.00,65.00,40.00,39.84,120.00,6.00,0.00,29.92,1011.80,10.00,M,CLR,M,M,M,M,M,M,M,M,M,M,M,M,M,M,65.00,KPHX 311151Z 12006KT 10SM CLR 18/04 A2992 RMK AO2 SLP118 T01830044 10222 20178 53000 $,M
PHX,2025-10-31 12:51,-112.0116,33.4343,337.00,64.00,41.00,42.89,120.00,3.00,0.00,29.94,1012.50,10.00,M,CLR,M,M,M,M,M,M,M,M,M,M,M,M,M,M,64.00,KPHX 311251Z 12003KT 10SM CLR 18/05 A2994 RMK AO2 SLP125 T01780050 $,M
PHX,2025-10-31 13:51,-112.0116,33.4343,337.00,64.00,40.00,41.26,130.00,6.00,0.00,29.96,1013.10,10.00,M,FEW,FEW,M,M,21000.00,25000.00,M,M,M,M,M,M,M,M,M,64.00,KPHX 311351Z 13006KT 10SM FEW210 FEW250 18/04 A2996 RMK AO2 SLP131 T01780044 $,M
PHX,2025-10-31 14:51,-112.0116,33.4343,337.00,67.00,41.00,38.65,110.00,7.00,0.00,29.98,1013.90,10.00,M,FEW,FEW,M,M,21000.00,25000.00,M,M,M,M,M,M,M,M,M,67.00,KPHX 311451Z 11007KT 10SM FEW210 FEW250 19/05 A2998 RMK AO2 SLP139 T01940050 53018,M
PHX,2025-10-31 15:51,-112.0116,33.4343,337.00,71.00,41.00,33.70,120.00,5.00,0.00,29.99,1014.40,10.00,M,FEW,FEW,M,M,21000.00,25000.00,M,M,M,M,M,M,M,M,M,71.00,KPHX 311551Z 12005KT 10SM FEW210 FEW250 22/05 A2999 RMK AO2 SLP144 T02170050,M
PHX,2025-10-31 16:51,-112.0116,33.4343,337.00,75.00,40.00,28.34,110.00,6.00,0.00,29.99,1014.10,10.00,M,FEW,FEW,M,M,21000.00,25000.00,M,M,M,M,M,M,M,M,M,75.00,KPHX 311651Z 11006KT 10SM FEW210 FEW250 24/04 A2999 RMK AO2 SLP141 T02390044,M
PHX,2025-10-31 17:51,-112.0116,33.4343,337.00,79.00,39.00,23.88,110.00,4.00,0.00,29.99,1014.00,10.00,M,FEW,FEW,M,M,23000.00,27000.00,M,M,M,M,M,M,M,M,M,79.00,KPHX 311751Z COR 11004KT 10SM FEW230 FEW270 26/04 A2999 RMK AO2 SLP140 T02610039 10261 20178 51003,M
PHX,2025-10-31 18:51,-112.0116,33.4343,337.00,81.00,39.00,22.37,150.00,5.00,0.00,29.98,1013.50,10.00,M,FEW,SCT,M,M,23000.00,27000.00,M,M,M,M,M,M,M,M,M,79.33,KPHX 311851Z 15005KT 10SM FEW230 SCT270 27/04 A2998 RMK AO2 SLP135 T02720039,M
PHX,2025-10-31 19:51,-112.0116,33.4343,337.00,83.00,38.00,20.16,0.00,0.00,0.00,29.95,1012.50,10.00,M,FEW,SCT,M,M,23000.00,27000.00,M,M,M,M,M,M,M,M,M,80.56,KPHX 311951Z 00000KT 10SM FEW230 SCT270 28/03 A2995 RMK AO2 SLP125 T02830033,M
PHX,2025-10-31 20:51,-112.0116,33.4343,337.00,86.00,38.00,18.31,0.00,0.00,0.00,29.93,1011.80,10.00,M,FEW,BKN,M,M,23000.00,27000.00,M,M,M,M,M,M,M,M,M,82.75,KPHX 312051Z 00000KT 10SM FEW230 BKN270 30/03 A2993 RMK AO2 SLP118 T03000033 58021,M
PHX,2025-10-31 21:51,-112.0116,33.4343,337.00,86.00,37.00,17.61,340.00,3.00,0.00,29.92,1011.50,10.00,M,SCT,SCT,M,M,23000.00,27000.00,M,M,M,M,M,M,M,M,M,82.72,KPHX 312151Z 34003KT 10SM SCT230 SCT270 30/03 A2992 RMK AO2 SLP115 T03000028,M
PHX,2025-10-31 22:51,-112.0116,33.4343,337.00,87.00,33.00,14.55,280.00,7.00,0.00,29.91,1011.10,10.00,M,FEW,FEW,M,M,20000.00,25000.00,M,M,M,M,M,M,M,M,M,83.44,KPHX 312251Z 28007KT 10SM FEW200 FEW250 31/01 A2991 RMK AO2 SLP111 T03060006,M
PHX,2025-10-31 23:51,-112.0116,33.4343,337.00,86.00,33.00,15.02,280.00,5.00,0.00,29.90,1010.90,10.00,M,FEW,M,M,M,20000.00,M,M,M,M,M,M,M,M,M,M,82.65,KPHX 312351Z 28005KT 10SM FEW200 30/01 A2990 RMK AO2 SLP109 T03000006 10311 20261 56008 $,M
PHX,2025-11-01 00:51,-112.0116,33.4343,337.00,84.00,36.00,18.04,250.00,3.00,0.00,29.90,1011.00,10.00,M,FEW,M,M,M,20000.00,M,M,M,M,M,M,M,M,M,M,81.20,KPHX 010051Z 25003KT 10SM FEW200 29/02 A2990 RMK AO2 SLP110 T02890022 $,M
PHX,2025-11-01 01:51,-112.0116,33.4343,337.00,80.00,39.00,23.11,0.00,0.00,0.00,29.92,1011.70,10.00,M,CLR,M,M,M,M,M,M,M,M,M,M,M,M,M,M,78.79,KPHX 010151Z 00000KT 10SM CLR 27/04 A2992 RMK AO2 SLP117 T02670039 $,M
PHX,2025-11-01 02:51,-112.0116,33.4343,337.00,78.00,41.00,26.67,0.00,0.00,0.00,29.92,1012.00,10.00,M,CLR,M,M,M,M,M,M,M,M,M,M,M,M,M,M,78.00,KPHX 010251Z 00000KT 10SM CLR 26/05 A2992 RMK AO2 SLP120 T02560050 53008 $,M
PHX,2025-11-01 03:51,-112.0116,33.4343,337.00,74.00,43.00,32.90,0.00,0.00,0.00,29.94,1012.40,10.00,M,CLR,M,M,M,M,M,M,M,M,M,M,M,M,M,M,74.00,KPHX 010351Z 00000KT 10SM CLR 23/06 A2994 RMK AO2 SLP124 T02330061 $,M
PHX,2025-11-01 04:51,-112.0116,33.4343,337.00,72.00,42.00,33.86,120.00,5.00,0.00,29.95,1012.90,10.00,M,CLR,M,M,M,M,M,M,M,M,M,M,M,M,M,M,72.00,KPHX 010451Z 12005KT 10SM CLR 22/06 A2995 RMK AO2 SLP129 T02220056 $,M
PHX,2025-11-01 05:51,-112.0116,33.4343,337.00,70.00,42.00,36.24,130.00,4.00,0.00,29.96,1013.00,10.00,M,CLR,M,M,M,M,M,M,M,M,M,M,M,M,M,M,70.00,KPHX 010551Z 13004KT 10SM CLR 21/06 A2996 RMK AO2 SLP130 T02110056 10306 20211 51010 $,M
PHX,2025-11-01 06:51,-112.0116,33.4343,337.00,69.00,41.00,36.08,120.00,4.00,0.00,29.96,1013.20,10.00,M,CLR,M,M,M,M,M,M,M,M,M,M,M,M,M,M,69.00,KPHX 010651Z 12004KT 10SM CLR 21/05 A2996 RMK AO2 SLP132 T02060050 403110178 $,M
PHX,2025-11-01 07:51,-112.0116,33.4343,337.00,68.00,42.00,38.81,90.00,5.00,0.00,29.96,1013.20,10.00,M,CLR,M,M,M,M,M,M,M,M,M,M,M,M,M,M,68.00,KPHX 010751Z 09005KT 10SM CLR 20/06 A2996 RMK AO2 SLP132 T02000056 $,M
PHX,2025-11-01 08:51,-112.0116,33.4343,337.00,67.00,41.00,38.65,100.00,5.00,0.00,29.98,1013.60,10.00,M,CLR,M,M,M,M,M,M,M,M,M,M,M,M,M,M,67.00,KPHX 010851Z 10005KT 10SM CLR 19/05 A2998 RMK AO2 SLP136 T01940050 53007 $,M
PHX,2025-11-01 09:51,-112.0116,33.4343,337.00,66.00,41.00,40.01,110.00,4.00,0.00,29.97,1013.50,10.00,M,CLR,M,M,M,M,M,M,M,M,M,M,M,M,M,M,66.00,KPHX 010951Z 11004KT 10SM CLR 19/05 A2997 RMK AO2 SLP135 T01890050 $,M
PHX,2025-11-01 10:51,-112.0116,33.4343,337.00,65.00,41.00,41.42,80.00,7.00,0.00,29.98,1013.60,10.00,M,CLR,M,M,M,M,M,M,M,M,M,M,M,M,M,M,65.00,KPHX 011051Z 08007KT 10SM CLR 18/05 A2998 RMK AO2 SLP136 T01830050 $,M
PHX,2025-11-01 11:51,-112.0116,33.4343,337.00,63.00,40.00,42.73,90.00,5.00,0.00,29.99,1014.10,10.00,M,CLR,M,M,M,M,M,M,M,M,M,M,M,M,M,M,63.00,KPHX 011151Z 09005KT 10SM CLR 17/04 A2999 RMK AO2 SLP141 T01720044 10211 20172 53004 $,M
PHX,2025-11-01 12:51,-112.0116,33.4343,337.00,63.00,41.00,44.42,0.00,0.00,0.00,30.01,1014.70,10.00,M,CLR,M,M,M,M,M,M,M,M,M,M,M,M,M,M,63.00,KPHX 011251Z 00000KT 10SM CLR 17/05 A3001 RMK AO2 SLP147 T01720050 $,M
PHX,2025-11-01 13:51,-112.0116,33.4343,337.00,62.00,40.00,44.26,110.00,4.00,0.00,30.03,1015.50,10.00,M,FEW,M,M,M,25000.00,M,M,M,M,M,M,M,M,M,M,62.00,KPHX 011351Z 11004KT 10SM FEW250 17/04 A3003 RMK AO2 SLP155 T01670044 $,M
PHX,2025-11-01 14:51,-112.0116,33.4343,337.00,65.00,41.00,41.42,0.00,0.00,0.00,30.05,1016.30,10.00,M,CLR,M,M,M,M,M,M,M,M,M,M,M,M,M,M,65.00,KPHX 011451Z 00000KT 10SM CLR 18/05 A3005 RMK AO2 SLP163 T01830050 53020 $,M
PHX,2025-11-01 15:51,-112.0116,33.4343,337.00,71.00,40.00,32.42,130.00,6.00,0.00,30.07,1016.90,10.00,M,CLR,M,M,M,M,M,M,M,M,M,M,M,M,M,M,71.00,KPHX 011551Z 13006KT 10SM CLR 22/04 A3007 RMK AO2 SLP169 T02170044 $,M
PHX,2025-11-01 16:51,-112.0116,33.4343,337.00,74.00,42.00,31.66,110.00,6.00,0.00,30.07,1017.10,10.00,M,FEW,M,M,M,25000.00,M,M,M,M,M,M,M,M,M,M,74.00,KPHX 011651Z 11006KT 10SM FEW250 23/06 A3007 RMK AO2 SLP171 T02330056 $,M
PHX,2025-11-01 17:51,-112.0116,33.4343,337.00,79.00,39.00,23.88,100.00,7.00,0.00,30.07,1016.90,10.00,M,FEW,M,M,M,25000.00,M,M,M,M,M,M,M,M,M,M,79.00,KPHX 011751Z 10007KT 10SM FEW250 26/04 A3007 RMK AO2 SLP169 T02610039 10261 20167 50007 $,M
PHX,2025-11-01 18:51,-112.0116,33.4343,337.00,81.00,39.00,22.37,130.00,3.00,0.00,30.06,1016.50,10.00,M,FEW,M,M,M,25000.00,M,M,M,M,M,M,M,M,M,M,79.33,KPHX 011851Z 13003KT 10SM FEW250 27/04 A3006 RMK AO2 SLP165 T02720039 $,M
PHX,2025-11-01 19:51,-112.0116,33.4343,337.00,84.00,37.00,18.77,140.00,4.00,0.00,30.03,1015.40,10.00,M,FEW,M,M,M,25000.00,M,M,M,M,M,M,M,M,M,M,81.23,KPHX 011951Z 14004KT 10SM FEW250 29/03 A3003 RMK AO2 SLP154 T02890028 $,M
PHX,2025-11-01 20:51,-112.0116,33.4343,337.00,85.00,36.00,17.47,0.00,0.00,0.00,30.00,1014.50,10.00,M,FEW,M,M,M,25000.00,M,M,M,M,M,M,M,M,M,M,81.94,KPHX 012051Z 00000KT 10SM FEW250 29/02 A3000 RMK AO2 SLP145 T02940022 58023 $,M
PHX,2025-11-01 21:51,-112.0116,33.4343,337.00,87.00,34.00,15.14,0.00,0.00,0.00,29.99,1014.00,10.00,M,FEW,M,M,M,25000.00,M,M,M,M,M,M,M,M,M,M,83.45,KPHX 012151Z 00000KT 10SM FEW250 31/01 A2999 RMK AO2 SLP140 T03060011 $,M
PHX,2025-11-01 22:51,-112.0116,33.4343,337.00,87.00,33.00,14.55,M,3.00,0.00,29.98,1013.80,10.00,M,FEW,M,M,M,25000.00,M,M,M,M,M,M,M,M,M,M,83.44,KPHX 012251Z VRB03KT 10SM FEW250 31/01 A2998 RMK AO2 SLP138 T03060006 $,M
PHX,2025-11-01 23:51,-112.0116,33.4343,337.00,87.00,35.00,15.76,260.00,4.00,0.00,29.98,1013.70,10.00,M,FEW,M,M,M,25000.00,M,M,M,M,M,M,M,M,M,M,83.47,KPHX 012351Z 26004KT 10SM FEW250 31/02 A2998 RMK AO2 SLP137 T03060017 10311 20256 56008 $,M
PHX,2025-11-02 00:51,-112.0116,33.4343,337.00,84.00,34.00,16.66,250.00,4.00,0.00,29.98,1013.70,10.00,M,FEW,M,M,M,25000.00,M,M,M,M,M,M,M,M,M,M,81.16,KPHX 020051Z 25004KT 10SM FEW250 29/01 A2998 RMK AO2 SLP137 T02890011,M
PHX,2025-11-02 01:51,-112.0116,33.4343,337.00,80.00,38.00,22.22,220.00,3.00,0.00,29.99,1014.30,10.00,M,CLR,M,M,M,M,M,M,M,M,M,M,M,M,M,M,78.74,KPHX 020151Z 22003KT 10SM CLR 27/03 A2999 RMK AO2 SLP143 T02670033,M
PHX,2025-11-02 02:51,-112.0116,33.4343,337.00,78.00,40.00,25.66,0.00,0.00,0.00,30.00,1014.40,10.00,M,CLR,M,M,M,M,M,M,M,M,M,M,M,M,M,M,78.00,KPHX 020251Z 00000KT 10SM CLR 26/04 A3000 RMK AO2 SLP144 T02560044 53006,M
PHX,2025-11-02 03:51,-112.0116,33.4343,337.00,76.00,41.00,28.49,0.00,0.00,0.00,30.00,1014.60,10.00,M,CLR,M,M,M,M,M,M,M,M,M,M,M,M,M,M,76.00,KPHX 020351Z 00000KT 10SM CLR 24/05 A3000 RMK AO2 SLP146 T02440050,M
PHX,2025-11-02 04:51,-112.0116,33.4343,337.00,73.00,42.00,32.74,130.00,3.00,0.00,30.02,1015.10,10.00,M,CLR,M,M,M,M,M,M,M,M,M,M,M,M,M,M,73.00,KPHX 020451Z 13003KT 10SM CLR 23/06 A3002 RMK AO2 SLP151 T02280056,M
PHX,2025-11-02 05:51,-112.0116,33.4343,337.00,70.00,46.00,42.22,90.00,6.00,0.00,30.02,1015.10,10.00,M,CLR,M,M,M,M,M,M,M,M,M,M,M,M,M,M,70.00,KPHX 020551Z 09006KT 10SM CLR 21/08 A3002 RMK AO2 SLP151 T02110078 10306 20211 51007,M
PHX,2025-11-02 06:51,-112.0116,33.4343,337.00,68.00,43.00,40.33,100.00,4.00,0.00,30.02,1015.10,10.00,M,CLR,M,M,M,M,M,M,M,M,M,M,M,M,M,M,68.00,KPHX 020651Z 10004KT 10SM CLR 20/06 A3002 RMK AO2 SLP151 T02000061 403110167,M
PHX,2025-11-02 07:51,-112.0116,33.4343,337.00,68.00,43.00,40.33,120.00,5.00,0.00,30.02,1015.00,10.00,M,CLR,M,M,M,M,M,M,M,M,M,M,M,M,M,M,68.00,KPHX 020751Z 12005KT 10SM CLR 20/06 A3002 RMK AO2 SLP150 T02000061,M
PHX,2025-11-02 08:51,-112.0116,33.4343,337.00,67.00,43.00,41.74,120.00,5.00,0.00,30.02,1015.10,10.00,M,CLR,M,M,M,M,M,M,M,M,M,M,M,M,M,M,67.00,KPHX 020851Z 12005KT 10SM CLR 19/06 A3002 RMK AO2 SLP151 T01940061 53001,M
PHX,2025-11-02 09:51,-112.0116,33.4343,337.00,66.00,42.00,41.58,120.00,4.00,0.00,30.02,1014.90,10.00,M,CLR,M,M,M,M,M,M,M,M,M,M,M,M,M,M,66.00,KPHX 020951Z 12004KT 10SM CLR 19/06 A3002 RMK AO2 SLP149 T01890056,M
PHX,2025-11-02 10:51,-112.0116,33.4343,337.00,64.00,43.00,46.33,0.00,0.00,0.00,30.01,1014.80,10.00,M,CLR,M,M,M,M,M,M,M,M,M,M,M,M,M,M,64.00,KPHX 021051Z 00000KT 10SM CLR 18/06 A3001 RMK AO2 SLP148 T01780061,M
PHX,2025-11-02 11:51,-112.0116,33.4343,337.00,65.00,43.00,44.74,110.00,4.00,0.00,30.03,1015.30,10.00,M,CLR,M,M,M,M,M,M,M,M,M,M,M,M,M,M,65.00,KPHX 021151Z 11004KT 10SM CLR 18/06 A3003 RMK AO2 SLP153 T01830061 10211 20178 53002,M
PHX,2025-11-02 12:51,-112.0116,33.4343,337.00,63.00,43.00,47.98,100.00,6.00,0.00,30.04,1015.90,10.00,M,CLR,M,M,M,M,M,M,M,M,M,M,M,M,M,M,63.00,KPHX 021251Z 10006KT 10SM CLR 17/06 A3004 RMK AO2 SLP159 T01720061,M
PHX,2025-11-02 13:51,-112.0116,33.4343,337.00,61.00,43.00,51.49,100.00,6.00,0.00,30.06,1016.70,10.00,M,FEW,M,M,M,25000.00,M,M,M,M,M,M,M,M,M,M,61.00,KPHX 021351Z 10006KT 10SM FEW250 16/06 A3006 RMK AO2 SLP167 T01610061,M
PHX,2025-11-02 14:51,-112.0116,33.4343,337.00,65.00,42.00,43.05,140.00,4.00,0.00,30.09,1017.60,10.00,M,FEW,M,M,M,25000.00,M,M,M,M,M,M,M,M,M,M,65.00,KPHX 021451Z 14004KT 10SM FEW250 18/06 A3009 RMK AO2 SLP176 T01830056 53020,M
PHX,2025-11-02 15:51,-112.0116,33.4343,337.00,70.00,40.00,33.54,130.00,7.00,0.00,30.10,1018.00,10.00,M,FEW,M,M,M,25000.00,M,M,M,M,M,M,M,M,M,M,70.00,KPHX 021551Z 13007KT 10SM FEW250 21/04 A3010 RMK AO2 SLP180 T02110044,M
PHX,2025-11-02 16:51,-112.0116,33.4343,337.00,77.00,37.00,23.58,110.00,8.00,0.00,30.10,1017.70,10.00,M,FEW,M,M,M,25000.00,M,M,M,M,M,M,M,M,M,M,77.00,KPHX 021651Z 11008KT 10SM FEW250 25/03 A3010 RMK AO2 SLP177 T02500028,M
PHX,2025-11-02 17:51,-112.0116,33.4343,337.00,80.00,36.00,20.54,120.00,6.00,0.00,30.09,1017.40,10.00,M,FEW,M,M,M,25000.00,M,M,M,M,M,M,M,M,M,M,78.67,KPHX 021751Z 12006KT 10SM FEW250 27/02 A3009 RMK AO2 SLP174 T02670022 10267 20161 58001,M
PHX,2025-11-02 18:51,-112.0116,33.4343,337.00,81.00,37.00,20.68,140.00,5.00,0.00,30.07,1016.70,10.00,M,FEW,M,M,M,25000.00,M,M,M,M,M,M,M,M,M,M,79.24,KPHX 021851Z 14005KT 10SM FEW250 27/03 A3007 RMK AO2 SLP167 T02720028,M
PHX,2025-11-02 19:51,-112.0116,33.4343,337.00,83.00,34.00,17.21,70.00,3.00,0.00,30.03,1015.20,10.00,M,FEW,M,M,M,25000.00,M,M,M,M,M,M,M,M,M,M,80.45,KPHX 021951Z 07003KT 10SM FEW250 28/01 A3003 RMK AO2 SLP152 T02830011,M
PHX,2025-11-02 20:51,-112.0116,33.4343,337.00,86.00,35.00,16.27,0.00,0.00,0.00,30.00,1014.40,10.00,M,FEW,M,M,M,25000.00,M,M,M,M,M,M,M,M,M,M,82.68,KPHX 022051Z 00000KT 10SM FEW250 30/02 A3000 RMK AO2 SLP144 T03000017 58028,M
PHX,2025-11-02 21:51,-112.0116,33.4343,337.00,88.00,33.00,14.09,0.00,0.00,0.00,29.98,1013.70,10.00,M,CLR,M,M,M,M,M,M,M,M,M,M,M,M,M,M,84.25,KPHX 022151Z 00000KT 10SM CLR 31/01 A2998 RMK AO2 SLP137 T03110006,M
PHX,2025-11-02 22:51,-112.0116,33.4343,337.00,89.00,33.00,13.66,M,4.00,0.00,29.97,1013.40,10.00,M,FEW,M,M,M,20000.00,M,M,M,M,M,M,M,M,M,M,85.08,KPHX 022251Z VRB04KT 10SM FEW200 32/01 A2997 RMK AO2 SLP134 T03170006,M
PHX,2025-11-02 23:51,-112.0116,33.4343,337.00,88.00,33.00,14.09,250.00,5.00,0.00,29.96,1013.10,10.00,M,FEW,M,M,M,22000.00,M,M,M,M,M,M,M,M,M,M,84.25,KPHX 022351Z COR 25005KT 10SM FEW220 31/01 A2996 RMK AO2 SLP131 T03110006 10328 20261 56013,M
PHX,2025-11-03 00:51,-112.0116,33.4343,337.00,85.00,36.00,17.47,260.00,4.00,0.00,29.96,1013.10,10.00,M,FEW,FEW,M,M,20000.00,25000.00,M,M,M,M,M,M,M,M,M,81.94,KPHX 030051Z 26004KT 10SM FEW200 FEW250 29/02 A2996 RMK AO2 SLP131 T02940022,M
PHX,2025-11-03 01:51,-112.0116,33.4343,337.00,81.00,38.00,21.51,240.00,3.00,0.00,29.97,1013.60,10.00,M,CLR,M,M,M,M,M,M,M,M,M,M,M,M,M,M,79.28,KPHX 030151Z 24003KT 10SM CLR 27/03 A2997 RMK AO2 SLP136 T02720033,M
PHX,2025-11-03 02:51,-112.0116,33.4343,337.00,80.00,38.00,22.22,0.00,0.00,0.00,29.98,1013.80,10.00,M,CLR,M,M,M,M,M,M,M,M,M,M,M,M,M,M,78.74,KPHX 030251Z 00000KT 10SM CLR 27/03 A2998 RMK AO2 SLP138 T02670033 53005,M
PHX,2025-11-03 03:51,-112.0116,33.4343,337.00,74.00,43.00,32.90,220.00,3.00,0.00,29.99,1014.20,10.00,M,CLR,M,M,M,M,M,M,M,M,M,M,M,M,M,M,74.00,KPHX 030351Z 22003KT 10SM CLR 23/06 A2999 RMK AO2 SLP142 T02330061,M
PHX,2025-11-03 04:51,-112.0116,33.4343,337.00,76.00,40.00,27.41,0.00,0.00,0.00,30.00,1014.40,10.00,M,CLR,M,M,M,M,M,M,M,M,M,M,M,M,M,M,76.00,KPHX 030451Z 00000KT 10SM CLR 24/04 A3000 RMK AO2 SLP144 T02440044,M
PHX,2025-11-03 05:51,-112.0116,33.4343,337.00,73.00,42.00,32.74,120.00,3.00,0.00,30.00,1014.30,10.00,M,CLR,M,M,M,M,M,M,M,M,M,M,M,M,M,M,73.00,KPHX 030551Z 12003KT 10SM CLR 23/06 A3000 RMK AO2 SLP143 T02280056 10311 20222 50007,M
PHX,2025-11-03 06:51,-112.0116,33.4343,337.00,70.00,44.00,39.13,110.00,4.00,0.00,30.00,1014.20,10.00,M,CLR,M,M,M,M,M,M,M,M,M,M,M,M,M,M,70.00,KPHX 030651Z 11004KT 10SM CLR 21/07 A3000 RMK AO2 SLP142 T02110067 403280161,M
PHX,2025-11-03 07:51,-112.0116,33.4343,337.00,68.00,42.00,38.81,120.00,4.00,0.00,29.99,1014.10,10.00,M,CLR,M,M,M,M,M,M,M,M,M,M,M,M,M,M,68.00,KPHX 030751Z 12004KT 10SM CLR 20/06 A2999 RMK AO2 SLP141 T02000056,M
PHX,2025-11-03 08:51,-112.0116,33.4343,337.00,68.00,41.00,37.34,110.00,7.00,0.00,29.99,1014.10,10.00,M,CLR,M,M,M,M,M,M,M,M,M,M,M,M,M,M,68.00,KPHX 030851Z 11007KT 10SM CLR 20/05 A2999 RMK AO2 SLP141 T02000050 55002,M
PHX,2025-11-03 09:51,-112.0116,33.4343,337.00,68.00,40.00,35.92,0.00,0.00,0.00,29.99,1014.00,10.00,M,CLR,M,M,M,M,M,M,M,M,M,M,M,M,M,M,68.00,KPHX 030951Z 00000KT 10SM CLR 20/04 A2999 RMK AO2 SLP140 T02000044,M
PHX,2025-11-03 10:51,-112.0116,33.4343,337.00,65.00,41.00,41.42,110.00,4.00,0.00,29.99,1014.00,10.00,M,FEW,BKN,M,M,12000.00,25000.00,M,M,M,M,M,M,M,M,M,65.00,KPHX 031051Z 11004KT 10SM FEW120 BKN250 18/05 A2999 RMK AO2 SLP140 T01830050,M
PHX,2025-11-03 11:51,-112.0116,33.4343,337.00,64.00,41.00,42.89,110.00,4.00,0.00,30.00,1014.40,10.00,M,FEW,BKN,M,M,12000.00,25000.00,M,M,M,M,M,M,M,M,M,64.00,KPHX 031151Z 11004KT 10SM FEW120 BKN250 18/05 A3000 RMK AO2 SLP144 T01780050 10228 20178 53002,M
PHX,2025-11-03 12:51,-112.0116,33.4343,337.00,65.00,40.00,39.84,110.00,3.00,0.00,30.01,1014.80,10.00,M,FEW,BKN,M,M,12000.00,25000.00,M,M,M,M,M,M,M,M,M,65.00,KPHX 031251Z 11003KT 10SM FEW120 BKN250 18/04 A3001 RMK AO2 SLP148 T01830044,M
PHX,2025-11-03 13:51,-112.0116,33.4343,337.00,63.00,39.00,41.10,80.00,4.00,0.00,30.03,1015.60,10.00,M,FEW,BKN,M,M,12000.00,25000.00,M,M,M,M,M,M,M,M,M,63.00,KPHX 031351Z 08004KT 10SM FEW120 BKN250 17/04 A3003 RMK AO2 SLP156 T01720039,M
PHX,2025-11-03 14:51,-112.0116,33.4343,337.00,66.00,40.00,38.48,90.00,4.00,0.00,30.05,1016.40,10.00,M,FEW,BKN,M,M,12000.00,25000.00,M,M,M,M,M,M,M,M,M,66.00,KPHX 031451Z 09004KT 10SM FEW120 BKN250 19/04 A3005 RMK AO2 SLP164 T01890044 53017,M
PHX,2025-11-03 15:51,-112.0116,33.4343,337.00,71.00,40.00,32.42,110.00,7.00,0.00,30.06,1016.50,10.00,M,FEW,BKN,M,M,12000.00,25000.00,M,M,M,M,M,M,M,M,M,71.00,KPHX 031551Z COR 11007KT 10SM FEW120 BKN250 22/04 A3006 RMK AO2 SLP165 T02170044,M
PHX,2025-11-03 16:51,-112.0116,33.4343,337.00,78.00,38.00,23.73,120.00,6.00,0.00,30.06,1016.40,10.00,M,FEW,BKN,BKN,M,12000.00,21000.00,27000.00,M,M,M,M,M,M,M,M,78.00,KPHX 031651Z 12006KT 10SM FEW120 BKN210 BKN270 26/03 A3006 RMK AO2 SLP164 T02560033,M
PHX,2025-11-03 17:51,-112.0116,33.4343,337.00,79.00,37.00,22.07,60.00,4.00,0.00,30.06,1016.40,10.00,M,FEW,BKN,BKN,M,12000.00,23000.00,27000.00,M,M,M,M,M,M,M,M,79.00,KPHX 031751Z 06004KT 10SM FEW120 BKN230 BKN270 26/03 A3006 RMK AO2 SLP164 T02610028 10267 20172 50002,M
PHX,2025-11-03 18:51,-112.0116,33.4343,337.00,82.00,37.00,20.02,0.00,0.00,0.00,30.04,1015.70,10.00,M,FEW,BKN,BKN,M,18000.00,25000.00,29000.00,M,M,M,M,M,M,M,M,79.87,KPHX 031851Z 00000KT 10SM FEW180 BKN250 BKN290 28/03 A3004 RMK AO2 SLP157 T02780028,M
PHX,2025-11-03 19:51,-112.0116,33.4343,337.00,84.00,36.00,18.04,0.00,0.00,0.00,30.01,1014.80,10.00,M,FEW,BKN,BKN,M,21000.00,25000.00,29000.00,M,M,M,M,M,M,M,M,81.20,KPHX 031951Z 00000KT 10SM FEW210 BKN250 BKN290 29/02 A3001 RMK AO2 SLP148 T02890022,M
PHX,2025-11-03 20:51,-112.0116,33.4343,337.00,87.00,35.00,15.76,140.00,3.00,0.00,29.99,1013.90,10.00,M,FEW,BKN,BKN,M,21000.00,25000.00,29000.00,M,M,M,M,M,M,M,M,83.47,KPHX 032051Z 14003KT 10SM FEW210 BKN250 BKN290 31/02 A2999 RMK AO2 SLP139 T03060017 58024,M
PHX,2025-11-03 21:51,-112.0116,33.4343,337.00,87.00,33.00,14.55,M,3.00,0.00,29.97,1013.30,10.00,M,SCT,BKN,M,M,21000.00,27000.00,M,M,M,M,M,M,M,M,M,83.44,KPHX 032151Z VRB03KT 10SM SCT210 BKN270 31/01 A2997 RMK AO2 SLP133 T03060006,M
PHX,2025-11-03 22:51,-112.0116,33.4343,337.00,89.00,33.00,13.66,190.00,4.00,0.00,29.96,1013.00,10.00,M,SCT,BKN,M,M,21000.00,27000.00,M,M,M,M,M,M,M,M,M,85.08,KPHX 032251Z 19004KT 10SM SCT210 BKN270 32/01 A2996 RMK AO2 SLP130 T03170006,M
PHX,2025-11-03 23:51,-112.0116,33.4343,337.00,87.00,33.00,14.55,230.00,4.00,0.00,29.95,1012.70,10.00,M,SCT,BKN,M,M,21000.00,27000.00,M,M,M,M,M,M,M,M,M,83.44,KPHX 032351Z 23004KT 10SM SCT210 BKN270 31/01 A2995 RMK AO2 SLP127 T03060006 10317 20256 56012,M
PHX,2025-11-04 00:51,-112.0116,33.4343,337.00,86.00,33.00,15.02,340.00,5.00,0.00,29.96,1012.90,10.00,M,FEW,BKN,M,M,21000.00,25000.00,M,M,M,M,M,M,M,M,M,82.65,KPHX 040051Z 34005KT 10SM FEW210 BKN250 30/01 A2996 RMK AO2 SLP129 T03000006,M
PHX,2025-11-04 01:51,-112.0116,33.4343,337.00,79.00,40.00,24.83,0.00,0.00,0.00,29.98,1013.70,10.00,M,FEW,BKN,M,M,21000.00,25000.00,M,M,M,M,M,M,M,M,M,79.00,KPHX 040151Z 00000KT 10SM FEW210 BKN250 26/04 A2998 RMK AO2 SLP137 T02610044,M
PHX,2025-11-04 02:51,-112.0116,33.4343,337.00,77.00,43.00,29.78,0.00,0.00,0.00,29.98,1014.00,10.00,M,BKN,M,M,M,25000.00,M,M,M,M,M,M,M,M,M,M,77.00,KPHX 040251Z 00000KT 10SM BKN250 25/06 A2998 RMK AO2 SLP140 T02500061 53010,M
PHX,2025-11-04 03:51,-112.0116,33.4343,337.00,79.00,42.00,26.83,310.00,4.00,0.00,29.99,1014.30,10.00,M,BKN,M,M,M,25000.00,M,M,M,M,M,M,M,M,M,M,79.00,KPHX 040351Z 31004KT 10SM BKN250 26/06 A2999 RMK AO2 SLP143 T02610056,M
PHX,2025-11-04 04:51,-112.0116,33.4343,337.00,73.00,43.00,34.02,110.00,3.00,0.00,30.02,1014.90,10.00,M,BKN,M,M,M,25000.00,M,M,M,M,M,M,M,M,M,M,73.00,KPHX 040451Z 11003KT 10SM BKN250 23/06 A3002 RMK AO2 SLP149 T02280061,M
PHX,2025-11-04 05:51,-112.0116,33.4343,337.00,71.00,45.00,39.29,120.00,4.00,0.00,30.02,1015.10,10.00,M,BKN,M,M,M,25000.00,M,M,M,M,M,M,M,M,M,M,71.00,KPHX 040551Z 12004KT 10SM BKN250 22/07 A3002 RMK AO2 SLP151 T02170072 10306 20211 51012,M
PHX,2025-11-04 06:51,-112.0116,33.4343,337.00,68.00,45.00,43.53,110.00,5.00,0.00,30.02,1015.20,10.00,M,SCT,M,M,M,25000.00,M,M,M,M,M,M,M,M,M,M,68.00,KPHX 040651Z 11005KT 10SM SCT250 20/07 A3002 RMK AO2 SLP152 T02000072 403170172,M
PHX,2025-11-04 07:51,-112.0116,33.4343,337.00,67.00,42.00,40.17,130.00,5.00,0.00,30.02,1015.20,10.00,M,CLR,M,M,M,M,M,M,M,M,M,M,M,M,M,M,67.00,KPHX 040751Z 13005KT 10SM CLR 19/06 A3002 RMK AO2 SLP152 T01940056,M
PHX,2025-11-04 08:51,-112.0116,33.4343,337.00,67.00,41.00,38.65,110.00,5.00,0.00,30.03,1015.30,10.00,M,CLR,M,M,M,M,M,M,M,M,M,M,M,M,M,M,67.00,KPHX 040851Z 11005KT 10SM CLR 19/05 A3003 RMK AO2 SLP153 T01940050 53003,M
PHX,2025-11-04 09:51,-112.0116,33.4343,337.00,65.00,41.00,41.42,90.00,4.00,0.00,30.03,1015.40,10.00,M,FEW,M,M,M,16000.00,M,M,M,M,M,M,M,M,M,M,65.00,KPHX 040951Z 09004KT 10SM FEW160 18/05 A3003 RMK AO2 SLP154 T01830050,M
PHX,2025-11-04 10:51,-112.0116,33.4343,337.00,64.00,42.00,44.58,110.00,4.00,0.00,30.03,1015.60,10.00,M,CLR,M,M,M,M,M,M,M,M,M,M,M,M,M,M,64.00,KPHX 041051Z 11004KT 10SM CLR 18/06 A3003 RMK AO2 SLP156 T01780056,M
PHX,2025-11-04 11:51,-112.0116,33.4343,337.00,63.00,42.00,46.17,90.00,4.00,0.00,30.05,1016.20,10.00,M,CLR,M,M,M,M,M,M,M,M,M,M,M,M,M,M,63.00,KPHX 041151Z 09004KT 10SM CLR 17/06 A3005 RMK AO2 SLP162 T01720056 10217 20167 53008,M
PHX,2025-11-04 12:51,-112.0116,33.4343,337.00,63.00,40.00,42.73,110.00,7.00,0.00,30.07,1016.80,10.00,M,CLR,M,M,M,M,M,M,M,M,M,M,M,M,M,M,63.00,KPHX 041251Z 11007KT 10SM CLR 17/04 A3007 RMK AO2 SLP168 T01720044,M
PHX,2025-11-04 13:51,-112.0116,33.4343,337.00,63.00,39.00,41.10,130.00,6.00,0.00,30.07,1017.10,10.00,M,FEW,FEW,M,M,15000.00,27000.00,M,M,M,M,M,M,M,M,M,63.00,KPHX 041351Z 13006KT 10SM FEW150 FEW270 17/04 A3007 RMK AO2 SLP171 T01720039,M
PHX,2025-11-04 14:51,-112.0116,33.4343,337.00,66.00,38.00,35.59,130.00,5.00,0.00,30.10,1018.00,10.00,M,FEW,FEW,M,M,15000.00,27000.00,M,M,M,M,M,M,M,M,M,66.00,KPHX 041451Z COR 13005KT 10SM FEW150 FEW270 19/03 A3010 RMK AO2 SLP180 T01890033 53017,M
PHX,2025-11-04 15:51,-112.0116,33.4343,337.00,72.00,38.00,28.98,110.00,7.00,0.00,30.12,1018.50,10.00,M,FEW,FEW,M,M,15000.00,27000.00,M,M,M,M,M,M,M,M,M,72.00,KPHX 041551Z 11007KT 10SM FEW150 FEW270 22/03 A3012 RMK AO2 SLP185 T02220033,M
PHX,2025-11-04 16:51,-112.0116,33.4343,337.00,76.00,38.00,25.35,130.00,7.00,0.00,30.13,1018.80,10.00,M,FEW,FEW,M,M,16000.00,25000.00,M,M,M,M,M,M,M,M,M,76.00,KPHX 041651Z 13007KT 10SM FEW160 FEW250 24/03 A3013 RMK AO2 SLP188 T02440033,M
PHX,2025-11-04 17:51,-112.0116,33.4343,337.00,79.00,38.00,22.96,130.00,7.00,0.00,30.12,1018.60,10.00,M,FEW,FEW,M,M,16000.00,25000.00,M,M,M,M,M,M,M,M,M,79.00,KPHX 041751Z 13007KT 10SM FEW160 FEW250 26/03 A3012 RMK AO2 SLP186 T02610033 10261 20172 50006,M
PHX,2025-11-04 18:51,-112.0116,33.4343,337.00,82.00,37.00,20.02,120.00,5.00,0.00,30.11,1018.20,10.00,M,FEW,FEW,M,M,16000.00,25000.00,M,M,M,M,M,M,M,M,M,79.87,KPHX 041851Z 12005KT 10SM FEW160 FEW250 28/03 A3011 RMK AO2 SLP182 T02780028,M
PHX,2025-11-04 19:51,-112.0116,33.4343,337.00,85.00,37.00,18.18,M,3.00,0.00,30.08,1017.20,10.00,M,FEW,M,M,M,16000.00,M,M,M,M,M,M,M,M,M,M,81.96,KPHX 041951Z VRB03KT 10SM FEW160 29/03 A3008 RMK AO2 SLP172 T02940028,M
PHX,2025-11-04 20:51,-112.0116,33.4343,337.00,88.00,35.00,15.27,M,3.00,0.00,30.06,1016.40,10.00,M,FEW,M,M,M,20000.00,M,M,M,M,M,M,M,M,M,M,84.28,KPHX 042051Z VRB03KT 10SM FEW200 31/02 A3006 RMK AO2 SLP164 T03110017 58021,M
PHX,2025-11-04 21:51,-112.0116,33.4343,337.00,88.00,34.00,14.67,90.00,5.00,0.00,30.04,1015.90,10.00,M,FEW,M,M,M,20000.00,M,M,M,M,M,M,M,M,M,M,84.26,KPHX 042151Z 09005KT 10SM FEW200 31/01 A3004 RMK AO2 SLP159 T03110011,M
PHX,2025-11-04 22:51,-112.0116,33.4343,337.00,89.00,31.00,12.60,M,5.00,0.00,30.04,1015.70,10.00,M,FEW,M,M,M,20000.00,M,M,M,M,M,M,M,M,M,M,84.98,KPHX 042251Z VRB05KT 10SM FEW200 32/M01 A3004 RMK AO2 SLP157 T03171006,M
PHX,2025-11-04 23:51,-112.0116,33.4343,337.00,88.00,33.00,14.09,60.00,6.00,0.00,30.03,1015.50,10.00,M,CLR,M,M,M,M,M,M,M,M,M,M,M,M,M,M,84.25,KPHX 042351Z 06006KT 10SM CLR 31/01 A3003 RMK AO2 SLP155 T03110006 10328 20261 56009,M
PHX,2025-11-05 00:51,-112.0116,33.4343,337.00,86.00,35.00,16.27,70.00,7.00,0.00,30.03,1015.50,10.00,M,CLR,M,M,M,M,M,M,M,M,M,M,M,M,M,M,82.68,KPHX 050051Z 07007KT 10SM CLR 30/02 A3003 RMK AO2 SLP155 T03000017 $,M
PHX,2025-11-05 01:51,-112.0116,33.4343,337.00,80.00,40.00,24.03,90.00,4.00,0.00,30.04,1015.90,10.00,M,CLR,M,M,M,M,M,M,M,M,M,M,M,M,M,M,78.83,KPHX 050151Z 09004KT 10SM CLR 27/04 A3004 RMK AO2 SLP159 T02670044 $,M
PHX,2025-11-05 02:51,-112.0116,33.4343,337.00,79.00,37.00,22.07,0.00,0.00,0.00,30.05,1016.20,10.00,M,CLR,M,M,M,M,M,M,M,M,M,M,M,M,M,M,79.00,KPHX 050251Z 00000KT 10SM CLR 26/03 A3005 RMK AO2 SLP162 T02610028 53005 $,M
PHX,2025-11-05 03:51,-112.0116,33.4343,337.00,75.00,39.00,27.25,0.00,0.00,0.00,30.06,1016.60,10.00,M,CLR,M,M,M,M,M,M,M,M,M,M,M,M,M,M,75.00,KPHX 050351Z 00000KT 10SM CLR 24/04 A3006 RMK AO2 SLP166 T02390039 $,M
PHX,2025-11-05 04:51,-112.0116,33.4343,337.00,74.00,37.00,26.05,120.00,3.00,0.00,30.07,1017.00,10.00,M,CLR,M,M,M,M,M,M,M,M,M,M,M,M,M,M,74.00,KPHX 050451Z 12003KT 10SM CLR 23/03 A3007 RMK AO2 SLP170 T02330028 $,M
PHX,2025-11-05 05:51,-112.0116,33.4343,337.00,71.00,37.00,28.82,110.00,4.00,0.00,30.08,1017.10,10.00,M,CLR,M,M,M,M,M,M,M,M,M,M,M,M,M,M,71.00,KPHX 050551Z 11004KT 10SM CLR 22/03 A3008 RMK AO2 SLP171 T02170028 10311 20217 51010 $,M
PHX,2025-11-05 06:51,-112.0116,33.4343,337.00,69.00,36.00,29.66,120.00,5.00,0.00,30.08,1017.00,10.00,M,CLR,M,M,M,M,M,M,M,M,M,M,M,M,M,M,69.00,KPHX 050651Z 12005KT 10SM CLR 21/02 A3008 RMK AO2 SLP170 T02060022 403280167 $,M
PHX,2025-11-05 07:51,-112.0116,33.4343,337.00,68.00,35.00,29.50,120.00,5.00,0.00,30.08,1017.20,10.00,M,CLR,M,M,M,M,M,M,M,M,M,M,M,M,M,M,68.00,KPHX 050751Z 12005KT 10SM CLR 20/02 A3008 RMK AO2 SLP172 T02000017 $,M
PHX,2025-11-05 08:51,-112.0116,33.4343,337.00,66.00,36.00,32.89,110.00,4.00,0.00,30.08,1017.30,10.00,M,CLR,M,M,M,M,M,M,M,M,M,M,M,M,M,M,66.00,KPHX 050851Z 11004KT 10SM CLR 19/02 A3008 RMK AO2 SLP173 T01890022 53002 $,M
PHX,2025-11-05 09:51,-112.0116,33.4343,337.00,67.00,34.00,29.34,100.00,6.00,0.00,30.08,1017.20,10.00,M,CLR,M,M,M,M,M,M,M,M,M,M,M,M,M,M,67.00,KPHX 050951Z 10006KT 10SM CLR 19/01 A3008 RMK AO2 SLP172 T01940011 $,M
PHX,2025-11-05 10:51,-112.0116,33.4343,337.00,66.00,34.00,30.37,120.00,5.00,0.00,30.09,1017.30,10.00,M,FEW,M,M,M,25000.00,M,M,M,M,M,M,M,M,M,M,66.00,KPHX 051051Z 12005KT 10SM FEW250 19/01 A3009 RMK AO2 SLP173 T01890011 $,M
PHX,2025-11-05 11:51,-112.0116,33.4343,337.00,64.00,35.00,33.89,130.00,4.00,0.00,30.10,1017.60,10.00,M,FEW,M,M,M,25000.00,M,M,M,M,M,M,M,M,M,M,64.00,KPHX 051151Z 13004KT 10SM FEW250 18/02 A3010 RMK AO2 SLP176 T01780017 10217 20178 53003 $,M
PHX,2025-11-05 12:51,-112.0116,33.4343,337.00,62.00,36.00,37.83,100.00,5.00,0.00,30.11,1018.10,10.00,M,FEW,M,M,M,25000.00,M,M,M,M,M,M,M,M,M,M,62.00,KPHX 051251Z 10005KT 10SM FEW250 17/02 A3011 RMK AO2 SLP181 T01670022 $,M
PHX,2025-11-05 13:51,-112.0116,33.4343,337.00,65.00,33.00,30.21,140.00,7.00,0.00,30.12,1018.70,10.00,M,FEW,M,M,M,25000.00,M,M,M,M,M,M,M,M,M,M,65.00,KPHX 051351Z 14007KT 10SM FEW250 18/01 A3012 RMK AO2 SLP187 T01830006,M
PHX,2025-11-05 14:51,-112.0116,33.4343,337.00,67.00,33.00,28.19,120.00,6.00,0.00,30.13,1019.10,10.00,M,FEW,M,M,M,23000.00,M,M,M,M,M,M,M,M,M,M,67.00,KPHX 051451Z 12006KT 10SM FEW230 19/01 A3013 RMK AO2 SLP191 T01940006 53013,M
PHX,2025-11-05 15:51,-112.0116,33.4343,337.00,72.00,33.00,23.76,120.00,9.00,0.00,30.16,1019.80,10.00,M,FEW,M,M,M,23000.00,M,M,M,M,M,M,M,M,M,M,72.00,KPHX 051551Z 12009KT 10SM FEW230 22/01 A3016 RMK AO2 SLP198 T02220006,M
PHX,2025-11-05 16:51,-112.0116,33.4343,337.00,75.00,33.00,21.49,110.00,8.00,0.00,30.16,1020.00,10.00,M,FEW,M,M,M,23000.00,M,M,M,M,M,M,M,M,M,M,75.00,KPHX 051651Z 11008KT 10SM FEW230 24/01 A3016 RMK AO2 SLP200 T02390006,M
PHX,2025-11-05 17:51,-112.0116,33.4343,337.00,79.00,35.00,20.39,120.00,7.00,0.00,30.15,1019.70,10.00,M,FEW,M,M,M,24000.00,M,M,M,M,M,M,M,M,M,M,79.00,KPHX 051751Z 12007KT 10SM FEW240 26/02 A3015 RMK AO2 SLP197 T02610017 10261 20161 50006,M
PHX,2025-11-05 18:51,-112.0116,33.4343,337.00,82.00,34.00,17.77,170.00,4.00,0.00,30.15,1019.60,10.00,M,CLR,M,M,M,M,M,M,M,M,M,M,M,M,M,M,79.77,KPHX 051851Z 17004KT 10SM CLR 28/01 A3015 RMK AO2 SLP196 T02780011,M
PHX,2025-11-05 19:51,-112.0116,33.4343,337.00,85.00,32.00,14.89,M,4.00,0.00,30.12,1018.50,10.00,M,CLR,M,M,M,M,M,M,M,M,M,M,M,M,M,M,81.88,KPHX 051951Z VRB04KT 10SM CLR 29/00 A3012 RMK AO2 SLP185 T02940000,M
PHX,2025-11-05 20:51,-112.0116,33.4343,337.00,86.00,31.00,13.85,0.00,0.00,0.00,30.09,1017.50,10.00,M,FEW,M,M,M,25000.00,M,M,M,M,M,M,M,M,M,M,82.64,KPHX 052051Z 00000KT 10SM FEW250 30/M01 A3009 RMK AO2 SLP175 T03001006 58020,M
PHX,2025-11-05 21:51,-112.0116,33.4343,337.00,87.00,29.00,12.37,0.00,0.00,0.00,30.06,1016.50,10.00,M,FEW,M,M,M,25000.00,M,M,M,M,M,M,M,M,M,M,83.31,KPHX 052151Z 00000KT 10SM FEW250 31/M02 A3006 RMK AO2 SLP165 T03061017,M
PHX,2025-11-05 22:51,-112.0116,33.4343,337.00,87.00,27.00,11.39,80.00,4.00,0.00,30.05,1016.00,10.00,M,FEW,M,M,M,25000.00,M,M,M,M,M,M,M,M,M,M,83.14,KPHX 052251Z 08004KT 10SM FEW250 31/M03 A3005 RMK AO2 SLP160 T03061028,M
PHX,2025-11-05 23:51,-112.0116,33.4343,337.00,87.00,29.00,12.37,130.00,3.00,0.00,30.04,1015.60,10.00,M,FEW,M,M,M,25000.00,M,M,M,M,M,M,M,M,M,M,83.31,KPHX 052351Z 13003KT 10SM FEW250 31/M02 A3004 RMK AO2 SLP156 T03061017 10311 20256 56019,M
PHX,2025-11-06 00:51,-112.0116,33.4343,337.00,84.00,31.00,14.77,0.00,0.00,0.00,30.03,1015.60,10.00,M,FEW,M,M,M,25000.00,M,M,M,M,M,M,M,M,M,M,81.12,KPHX 060051Z 00000KT 10SM FEW250 29/M01 A3003 RMK AO2 SLP156 T02891006,M
PHX,2025-11-06 01:51,-112.0116,33.4343,337.00,80.00,35.00,19.74,0.00,0.00,0.00,30.04,1016.00,10.00,M,SCT,M,M,M,25000.00,M,M,M,M,M,M,M,M,M,M,78.63,KPHX 060151Z 00000KT 10SM SCT250 27/02 A3004 RMK AO2 SLP160 T02670017,M
PHX,2025-11-06 02:51,-112.0116,33.4343,337.00,78.00,36.00,21.93,0.00,0.00,0.00,30.04,1016.00,10.00,M,SCT,M,M,M,25000.00,M,M,M,M,M,M,M,M,M,M,78.00,KPHX 060251Z 00000KT 10SM SCT250 26/02 A3004 RMK AO2 SLP160 T02560022 53003,M
PHX,2025-11-06 03:51,-112.0116,33.4343,337.00,75.00,39.00,27.25,0.00,0.00,0.00,30.05,1016.20,10.00,M,BKN,M,M,M,25000.00,M,M,M,M,M,M,M,M,M,M,75.00,KPHX 060351Z 00000KT 10SM BKN250 24/04 A3005 RMK AO2 SLP162 T02390039,M
PHX,2025-11-06 04:51,-112.0116,33.4343,337.00,72.00,40.00,31.34,100.00,4.00,0.00,30.06,1016.60,10.00,M,BKN,M,M,M,25000.00,M,M,M,M,M,M,M,M,M,M,72.00,KPHX 060451Z 10004KT 10SM BKN250 22/04 A3006 RMK AO2 SLP166 T02220044,M
PHX,2025-11-06 05:51,-112.0116,33.4343,337.00,70.00,39.00,32.26,120.00,4.00,0.00,30.06,1016.40,10.00,M,BKN,M,M,M,25000.00,M,M,M,M,M,M,M,M,M,M,70.00,KPHX 060551Z 12004KT 10SM BKN250 21/04 A3006 RMK AO2 SLP164 T02110039 10306 20211 50005,M
PHX,2025-11-06 06:51,-112.0116,33.4343,337.00,69.00,39.00,33.38,130.00,4.00,0.00,30.04,1015.90,10.00,M,FEW,M,M,M,25000.00,M,M,M,M,M,M,M,M,M,M,69.00,KPHX 060651Z 13004KT 10SM FEW250 21/04 A3004 RMK AO2 SLP159 T02060039 403110161,M
PHX,2025-11-06 07:51,-112.0116,33.4343,337.00,67.00,36.00,31.77,130.00,4.00,0.00,30.03,1015.60,10.00,M,FEW,FEW,M,M,21000.00,25000.00,M,M,M,M,M,M,M,M,M,67.00,KPHX 060751Z 13004KT 10SM FEW210 FEW250 19/02 A3003 RMK AO2 SLP156 T01940022,M
PHX,2025-11-06 08:51,-112.0116,33.4343,337.00,66.00,37.00,34.22,110.00,6.00,0.00,30.04,1015.60,10.00,M,FEW,M,M,M,15000.00,M,M,M,M,M,M,M,M,M,M,66.00,KPHX 060851Z 11006KT 10SM FEW150 19/03 A3004 RMK AO2 SLP156 T01890028 55007,M
PHX,2025-11-06 09:51,-112.0116,33.4343,337.00,65.00,37.00,35.43,120.00,5.00,0.00,30.03,1015.30,10.00,M,CLR,M,M,M,M,M,M,M,M,M,M,M,M,M,M,65.00,KPHX 060951Z 12005KT 10SM CLR 18/03 A3003 RMK AO2 SLP153 T01830028,M
PHX,2025-11-06 10:51,-112.0116,33.4343,337.00,64.00,38.00,38.16,110.00,7.00,0.00,30.02,1015.20,10.00,M,FEW,M,M,M,25000.00,M,M,M,M,M,M,M,M,M,M,64.00,KPHX 061051Z 11007KT 10SM FEW250 18/03 A3002 RMK AO2 SLP152 T01780033,M
PHX,2025-11-06 11:51,-112.0116,33.4343,337.00,62.00,38.00,40.93,100.00,7.00,0.00,30.03,1015.50,10.00,M,FEW,M,M,M,25000.00,M,M,M,M,M,M,M,M,M,M,62.00,KPHX 061151Z 10007KT 10SM FEW250 17/03 A3003 RMK AO2 SLP155 T01670033 10217 20167 55002,M
PHX,2025-11-06 12:51,-112.0116,33.4343,337.00,62.00,37.00,39.35,120.00,5.00,0.00,30.03,1015.50,10.00,M,FEW,M,M,M,25000.00,M,M,M,M,M,M,M,M,M,M,62.00,KPHX 061251Z 12005KT 10SM FEW250 17/03 A3003 RMK AO2 SLP155 T01670028,M
PHX,2025-11-06 13:51,-112.0116,33.4343,337.00,61.00,37.00,40.77,90.00,5.00,0.00,30.03,1015.60,10.00,M,FEW,M,M,M,25000.00,M,M,M,M,M,M,M,M,M,M,61.00,KPHX 061351Z 09005KT 10SM FEW250 16/03 A3003 RMK AO2 SLP156 T01610028,M
PHX,2025-11-06 14:51,-112.0116,33.4343,337.00,63.00,38.00,39.52,90.00,6.00,0.00,30.04,1016.00,10.00,M,FEW,M,M,M,25000.00,M,M,M,M,M,M,M,M,M,M,63.00,KPHX 061451Z 09006KT 10SM FEW250 17/03 A3004 RMK AO2 SLP160 T01720033 53004 $,M
PHX,2025-11-06 15:51,-112.0116,33.4343,337.00,70.00,38.00,31.02,100.00,6.00,0.00,30.06,1016.50,10.00,M,FEW,M,M,M,25000.00,M,M,M,M,M,M,M,M,M,M,70.00,KPHX 061551Z 10006KT 10SM FEW250 21/03 A3006 RMK AO2 SLP165 T02110033 $,M
PHX,2025-11-06 16:51,-112.0116,33.4343,337.00,74.00,36.00,25.04,100.00,5.00,0.00,30.06,1016.50,10.00,M,FEW,FEW,M,M,21000.00,25000.00,M,M,M,M,M,M,M,M,M,74.00,KPHX 061651Z 10005KT 10SM FEW210 FEW250 23/02 A3006 RMK AO2 SLP165 T02330022 $,M
PHX,2025-11-06 17:51,-112.0116,33.4343,337.00,77.00,35.00,21.78,130.00,3.00,0.00,30.05,1016.10,10.00,M,FEW,FEW,M,M,21000.00,25000.00,M,M,M,M,M,M,M,M,M,77.00,KPHX 061751Z 13003KT 10SM FEW210 FEW250 25/02 A3005 RMK AO2 SLP161 T02500017 10250 20161 50002 $,M
PHX,2025-11-06 18:51,-112.0116,33.4343,337.00,80.00,34.00,18.96,140.00,5.00,0.00,30.02,1015.10,10.00,M,CLR,M,M,M,M,M,M,M,M,M,M,M,M,M,M,78.59,KPHX 061851Z 14005KT 10SM CLR 27/01 A3002 RMK AO2 SLP151 T02670011 $,M
PHX,2025-11-06 19:51,-112.0116,33.4343,337.00,82.00,34.00,17.77,160.00,4.00,0.00,29.98,1013.90,10.00,M,FEW,M,M,M,3000.00,M,M,M,M,M,M,M,M,M,M,79.77,KPHX 061951Z 16004KT 10SM FEW030 28/01 A2998 RMK AO2 SLP139 FU DSNT W FEW030 T02780011 $,M
PHX,2025-11-06 20:51,-112.0116,33.4343,337.00,85.00,34.00,16.14,0.00,0.00,0.00,29.95,1012.80,10.00,M,CLR,M,M,M,M,M,M,M,M,M,M,M,M,M,M,81.90,KPHX 062051Z 00000KT 10SM CLR 29/01 A2995 RMK AO2 SLP128 T02940011 58031 $,M
PHX,2025-11-06 21:51,-112.0116,33.4343,337.00,85.00,35.00,16.79,M,3.00,0.00,29.94,1012.50,10.00,M,CLR,M,M,M,M,M,M,M,M,M,M,M,M,M,M,81.92,KPHX 062151Z VRB03KT 10SM CLR 29/02 A2994 RMK AO2 SLP125 T02940017 $,M
PHX,2025-11-06 22:51,-112.0116,33.4343,337.00,84.00,35.00,17.34,M,3.00,0.00,29.93,1012.20,10.00,M,CLR,M,M,M,M,M,M,M,M,M,M,M,M,M,M,81.18,KPHX 062251Z VRB03KT 10SM CLR 29/02 A2993 RMK AO2 SLP122 T02890017 $,M
PHX,2025-11-06 23:51,-112.0116,33.4343,337.00,84.00,33.00,16.01,240.00,6.00,0.00,29.92,1011.80,10.00,M,FEW,M,M,M,25000.00,M,M,M,M,M,M,M,M,M,M,81.14,KPHX 062351Z 24006KT 10SM FEW250 29/01 A2992 RMK AO2 SLP118 T02890006 10306 20250 58011 $,M
PHX,2025-11-07 00:51,-112.0116,33.4343,337.00,82.00,34.00,17.77,260.00,5.00,0.00,29.91,1011.50,10.00,M,CLR,M,M,M,M,M,M,M,M,M,M,M,M,M,M,79.77,KPHX 070051Z 26005KT 10SM CLR 28/01 A2991 RMK AO2 SLP115 T02780011 $,M
PHX,2025-11-07 01:51,-112.0116,33.4343,337.00,79.00,37.00,22.07,240.00,3.00,0.00,29.92,1011.80,10.00,M,CLR,M,M,M,M,M,M,M,M,M,M,M,M,M,M,79.00,KPHX 070151Z 24003KT 10SM CLR 26/03 A2992 RMK AO2 SLP118 T02610028 $,M
PHX,2025-11-07 02:51,-112.0116,33.4343,337.00,77.00,39.00,25.50,0.00,0.00,0.00,29.92,1012.00,10.00,M,CLR,M,M,M,M,M,M,M,M,M,M,M,M,M,M,77.00,KPHX 070251Z 00000KT 10SM CLR 25/04 A2992 RMK AO2 SLP120 T02500039 53001 $,M
PHX,2025-11-07 03:51,-112.0116,33.4343,337.00,75.00,39.00,27.25,0.00,0.00,0.00,29.93,1012.20,10.00,M,CLR,M,M,M,M,M,M,M,M,M,M,M,M,M,M,75.00,KPHX 070351Z 00000KT 10SM CLR 24/04 A2993 RMK AO2 SLP122 T02390039 $,M
PHX,2025-11-07 04:51,-112.0116,33.4343,337.00,72.00,40.00,31.34,120.00,3.00,0.00,29.94,1012.60,10.00,M,CLR,M,M,M,M,M,M,M,M,M,M,M,M,M,M,72.00,KPHX 070451Z 12003KT 10SM CLR 22/04 A2994 RMK AO2 SLP126 T02220044 $,M
PHX,2025-11-07 05:51,-112.0116,33.4343,337.00,69.00,40.00,34.70,130.00,3.00,0.00,29.94,1012.40,10.00,M,CLR,M,M,M,M,M,M,M,M,M,M,M,M,M,M,69.00,KPHX 070551Z 13003KT 10SM CLR 21/04 A2994 RMK AO2 SLP124 T02060044 10289 20206 50005 $,M
PHX,2025-11-07 06:51,-112.0116,33.4343,337.00,68.00,40.00,35.92,90.00,6.00,0.00,29.94,1012.40,10.00,M,CLR,M,M,M,M,M,M,M,M,M,M,M,M,M,M,68.00,KPHX 070651Z 09006KT 10SM CLR 20/04 A2994 RMK AO2 SLP124 T02000044 403060161 $,M
PHX,2025-11-07 07:51,-112.0116,33.4343,337.00,66.00,41.00,40.01,0.00,0.00,0.00,29.94,1012.60,10.00,M,CLR,M,M,M,M,M,M,M,M,M,M,M,M,M,M,66.00,KPHX 070751Z 00000KT 10SM CLR 19/05 A2994 RMK AO2 SLP126 T01890050 $,M
PHX,2025-11-07 08:51,-112.0116,33.4343,337.00,65.00,41.00,41.42,90.00,4.00,0.00,29.93,1012.20,10.00,M,CLR,M,M,M,M,M,M,M,M,M,M,M,M,M,M,65.00,KPHX 070851Z 09004KT 10SM CLR 18/05 A2993 RMK AO2 SLP122 T01830050 58002 $,M
PHX,2025-11-07 09:51,-112.0116,33.4343,337.00,64.00,40.00,41.26,110.00,4.00,0.00,29.92,1011.90,10.00,M,CLR,M,M,M,M,M,M,M,M,M,M,M,M,M,M,64.00,KPHX 070951Z 11004KT 10SM CLR 18/04 A2992 RMK AO2 SLP119 T01780044 $,M
PHX,2025-11-07 10:51,-112.0116,33.4343,337.00,64.00,39.00,39.68,120.00,5.00,0.00,29.91,1011.40,10.00,M,CLR,M,M,M,M,M,M,M,M,M,M,M,M,M,M,64.00,KPHX 071051Z 12005KT 10SM CLR 18/04 A2991 RMK AO2 SLP114 T01780039 $,M
PHX,2025-11-07 11:51,-112.0116,33.4343,337.00,63.00,40.00,42.73,120.00,5.00,0.00,29.91,1011.50,10.00,M,CLR,M,M,M,M,M,M,M,M,M,M,M,M,M,M,63.00,KPHX 071151Z 12005KT 10SM CLR 17/04 A2991 RMK AO2 SLP115 T01720044 10211 20167 55006 $,M
PHX,2025-11-07 12:51,-112.0116,33.4343,337.00,62.00,40.00,44.26,90.00,5.00,0.00,29.92,1012.00,10.00,M,CLR,M,M,M,M,M,M,M,M,M,M,M,M,M,M,62.00,KPHX 071251Z 09005KT 10SM CLR 17/04 A2992 RMK AO2 SLP120 T01670044 $,M
PHX,2025-11-07 13:51,-112.0116,33.4343,337.00,62.00,38.00,40.93,80.00,3.00,0.00,29.94,1012.40,10.00,M,FEW,M,M,M,10000.00,M,M,M,M,M,M,M,M,M,M,62.00,KPHX 071351Z 08003KT 10SM FEW100 17/03 A2994 RMK AO2 SLP124 T01670033 $,M
PHX,2025-11-07 14:51,-112.0116,33.4343,337.00,63.00,40.00,42.73,140.00,4.00,0.00,29.95,1013.10,10.00,M,FEW,M,M,M,10000.00,M,M,M,M,M,M,M,M,M,M,63.00,KPHX 071451Z 14004KT 10SM FEW100 17/04 A2995 RMK AO2 SLP131 T01720044 53013 $,M
PHX,2025-11-07 15:51,-112.0116,33.4343,337.00,68.00,40.00,35.92,110.00,6.00,0.00,29.97,1013.40,10.00,M,CLR,M,M,M,M,M,M,M,M,M,M,M,M,M,M,68.00,KPHX 071551Z 11006KT 10SM CLR 20/04 A2997 RMK AO2 SLP134 T02000044 $,M
PHX,2025-11-07 16:51,-112.0116,33.4343,337.00,72.00,38.00,28.98,90.00,8.00,0.00,29.97,1013.40,10.00,M,CLR,M,M,M,M,M,M,M,M,M,M,M,M,M,M,72.00,KPHX 071651Z 09008KT 10SM CLR 22/03 A2997 RMK AO2 SLP134 T02220033 $,M
PHX,2025-11-07 17:51,-112.0116,33.4343,337.00,77.00,38.00,24.52,130.00,6.00,0.00,29.96,1013.20,10.00,M,CLR,M,M,M,M,M,M,M,M,M,M,M,M,M,M,77.00,KPHX 071751Z 13006KT 10SM CLR 25/03 A2996 RMK AO2 SLP132 T02500033 10250 20156 50002 $,M
PHX,2025-11-07 18:51,-112.0116,33.4343,337.00,78.00,37.00,22.81,100.00,5.00,0.00,29.94,1012.40,10.00,M,CLR,M,M,M,M,M,M,M,M,M,M,M,M,M,M,78.00,KPHX 071851Z 10005KT 10SM CLR 26/03 A2994 RMK AO2 SLP124 T02560028,M
PHX,2025-11-07 19:51,-112.0116,33.4343,337.00,82.00,37.00,20.02,M,3.00,0.00,29.90,1011.10,10.00,M,CLR,M,M,M,M,M,M,M,M,M,M,M,M,M,M,79.87,KPHX 071951Z VRB03KT 10SM CLR 28/03 A2990 RMK AO2 SLP111 T02780028,M
PHX,2025-11-07 20:51,-112.0116,33.4343,337.00,82.00,36.00,19.24,0.00,0.00,0.00,29.87,1010.00,10.00,M,CLR,M,M,M,M,M,M,M,M,M,M,M,M,M,M,79.83,KPHX 072051Z 00000KT 10SM CLR 28/02 A2987 RMK AO2 SLP100 T02780022 58030,M
PHX,2025-11-07 21:51,-112.0116,33.4343,337.00,83.00,36.00,18.63,0.00,0.00,0.00,29.85,1009.40,10.00,M,CLR,M,M,M,M,M,M,M,M,M,M,M,M,M,M,80.50,KPHX 072151Z 00000KT 10SM CLR 28/02 A2985 RMK AO2 SLP094 T02830022,M
PHX,2025-11-07 22:51,-112.0116,33.4343,337.00,85.00,36.00,17.47,M,4.00,0.00,29.85,1009.40,10.00,M,CLR,M,M,M,M,M,M,M,M,M,M,M,M,M,M,81.94,KPHX 072251Z VRB04KT 10SM CLR 29/02 A2985 RMK AO2 SLP094 T02940022,M
PHX,2025-11-07 23:51,-112.0116,33.4343,337.00,83.00,37.00,19.38,260.00,4.00,0.00,29.84,1009.10,10.00,M,CLR,M,M,M,M,M,M,M,M,M,M,M,M,M,M,80.53,KPHX 072351Z 26004KT 10SM CLR 28/03 A2984 RMK AO2 SLP091 T02830028 10294 20239 56010,M
PHX,2025-11-08 00:51,-112.0116,33.4343,337.00,80.00,38.00,22.22,270.00,3.00,0.00,29.84,1008.90,10.00,M,CLR,M,M,M,M,M,M,M,M,M,M,M,M,M,M,78.74,KPHX 080051Z 27003KT 10SM CLR 27/03 A2984 RMK AO2 SLP089 T02670033,M
PHX,2025-11-08 01:51,-112.0116,33.4343,337.00,81.00,37.00,20.68,300.00,4.00,0.00,29.85,1009.40,10.00,M,CLR,M,M,M,M,M,M,M,M,M,M,M,M,M,M,79.24,KPHX 080151Z 30004KT 10SM CLR 27/03 A2985 RMK AO2 SLP094 T02720028,M
PHX,2025-11-08 02:51,-112.0116,33.4343,337.00,75.00,41.00,29.46,0.00,0.00,0.00,29.85,1009.60,10.00,M,CLR,M,M,M,M,M,M,M,M,M,M,M,M,M,M,75.00,KPHX 080251Z 00000KT 10SM CLR 24/05 A2985 RMK AO2 SLP096 T02390050 53004,M
PHX,2025-11-08 03:51,-112.0116,33.4343,337.00,73.00,42.00,32.74,0.00,0.00,0.00,29.86,1009.90,10.00,M,CLR,M,M,M,M,M,M,M,M,M,M,M,M,M,M,73.00,KPHX 080351Z 00000KT 10SM CLR 23/06 A2986 RMK AO2 SLP099 T02280056,M
PHX,2025-11-08 04:51,-112.0116,33.4343,337.00,71.00,43.00,36.40,130.00,3.00,0.00,29.87,1010.30,10.00,M,CLR,M,M,M,M,M,M,M,M,M,M,M,M,M,M,71.00,KPHX 080451Z 13003KT 10SM CLR 22/06 A2987 RMK AO2 SLP103 T02170061,M
PHX,2025-11-08 05:51,-112.0116,33.4343,337.00,69.00,42.00,37.50,110.00,4.00,0.00,29.89,1010.70,10.00,M,CLR,M,M,M,M,M,M,M,M,M,M,M,M,M,M,69.00,KPHX 080551Z 11004KT 10SM CLR 21/06 A2989 RMK AO2 SLP107 T02060056 10289 20206 52012,M
PHX,2025-11-08 06:51,-112.0116,33.4343,337.00,68.00,41.00,37.34,110.00,4.00,0.00,29.89,1010.80,10.00,M,CLR,M,M,M,M,M,M,M,M,M,M,M,M,M,M,68.00,KPHX 080651Z 11004KT 10SM CLR 20/05 A2989 RMK AO2 SLP108 T02000050 402940156,M
PHX,2025-11-08 07:51,-112.0116,33.4343,337.00,66.00,42.00,41.58,100.00,5.00,0.00,29.89,1010.70,10.00,M,CLR,M,M,M,M,M,M,M,M,M,M,M,M,M,M,66.00,KPHX 080751Z 10005KT 10SM CLR 19/06 A2989 RMK AO2 SLP107 T01890056,M
PHX,2025-11-08 08:51,-112.0116,33.4343,337.00,65.00,41.00,41.42,110.00,5.00,0.00,29.89,1010.60,10.00,M,CLR,M,M,M,M,M,M,M,M,M,M,M,M,M,M,65.00,KPHX 080851Z 11005KT 10SM CLR 18/05 A2989 RMK AO2 SLP106 T01830050 50000,M
PHX,2025-11-08 09:51,-112.0116,33.4343,337.00,64.00,41.00,42.89,100.00,4.00,0.00,29.88,1010.50,10.00,M,CLR,M,M,M,M,M,M,M,M,M,M,M,M,M,M,64.00,KPHX 080951Z 10004KT 10SM CLR 18/05 A2988 RMK AO2 SLP105 T01780050,M
PHX,2025-11-08 10:51,-112.0116,33.4343,337.00,62.00,42.00,47.82,110.00,5.00,0.00,29.87,1010.20,10.00,M,CLR,M,M,M,M,M,M,M,M,M,M,M,M,M,M,62.00,KPHX 081051Z 11005KT 10SM CLR 17/06 A2987 RMK AO2 SLP102 T01670056,M
PHX,2025-11-08 11:51,-112.0116,33.4343,337.00,63.00,40.00,42.73,90.00,4.00,0.00,29.90,1011.00,10.00,M,CLR,M,M,M,M,M,M,M,M,M,M,M,M,M,M,63.00,KPHX 081151Z 09004KT 10SM CLR 17/04 A2990 RMK AO2 SLP110 T01720044 10206 20167 53003,M
PHX,2025-11-08 12:51,-112.0116,33.4343,337.00,62.00,41.00,46.01,130.00,3.00,0.00,29.91,1011.40,10.00,M,CLR,M,M,M,M,M,M,M,M,M,M,M,M,M,M,62.00,KPHX 081251Z 13003KT 10SM CLR 17/05 A2991 RMK AO2 SLP114 T01670050,M
PHX,2025-11-08 13:51,-112.0116,33.4343,337.00,61.00,41.00,47.67,100.00,6.00,0.00,29.92,1012.00,10.00,M,CLR,M,M,M,M,M,M,M,M,M,M,M,M,M,M,61.00,KPHX 081351Z 10006KT 10SM CLR 16/05 A2992 RMK AO2 SLP120 T01610050,M
PHX,2025-11-08 14:51,-112.0116,33.4343,337.00,63.00,41.00,44.42,90.00,5.00,0.00,29.95,1013.10,10.00,M,CLR,M,M,M,M,M,M,M,M,M,M,M,M,M,M,63.00,KPHX 081451Z 09005KT 10SM CLR 17/05 A2995 RMK AO2 SLP131 T01720050 53019,M
PHX,2025-11-08 15:51,-112.0116,33.4343,337.00,69.00,40.00,34.70,120.00,7.00,0.00,29.96,1013.40,10.00,M,CLR,M,M,M,M,M,M,M,M,M,M,M,M,M,M,69.00,KPHX 081551Z 12007KT 10SM CLR 21/04 A2996 RMK AO2 SLP134 T02060044,M
PHX,2025-11-08 16:51,-112.0116,33.4343,337.00,74.00,38.00,27.10,150.00,6.00,0.00,29.97,1013.50,10.00,M,CLR,M,M,M,M,M,M,M,M,M,M,M,M,M,M,74.00,KPHX 081651Z 15006KT 10SM CLR 23/03 A2997 RMK AO2 SLP135 T02330033,M
PHX,2025-11-08 17:51,-112.0116,33.4343,337.00,77.00,38.00,24.52,120.00,5.00,0.00,29.97,1013.70,10.00,M,CLR,M,M,M,M,M,M,M,M,M,M,M,M,M,M,77.00,KPHX 081751Z 12005KT 10SM CLR 25/03 A2997 RMK AO2 SLP137 T02500033 10250 20161 51007,M
PHX,2025-11-08 18:51,-112.0116,33.4343,337.00,80.00,38.00,22.22,110.00,3.00,0.00,29.95,1012.80,10.00,M,FEW,M,M,M,25000.00,M,M,M,M,M,M,M,M,M,M,78.74,KPHX 081851Z 11003KT 10SM FEW250 27/03 A2995 RMK AO2 SLP128 T02670033,M
PHX,2025-11-08 19:51,-112.0116,33.4343,337.00,81.00,36.00,19.88,0.00,0.00,0.00,29.92,1011.90,10.00,M,FEW,M,M,M,25000.00,M,M,M,M,M,M,M,M,M,M,79.20,KPHX 081951Z 00000KT 10SM FEW250 27/02 A2992 RMK AO2 SLP119 T02720022,M
PHX,2025-11-08 20:51,-112.0116,33.4343,337.00,81.00,36.00,19.88,0.00,0.00,0.00,29.91,1011.30,10.00,M,FEW,M,M,M,25000.00,M,M,M,M,M,M,M,M,M,M,79.20,KPHX 082051Z 00000KT 10SM FEW250 27/02 A2991 RMK AO2 SLP113 T02720022 56023,M
PHX,2025-11-08 21:51,-112.0116,33.4343,337.00,85.00,36.00,17.47,200.00,4.00,0.00,29.89,1010.70,10.00,M,FEW,M,M,M,25000.00,M,M,M,M,M,M,M,M,M,M,81.94,KPHX 082151Z 20004KT 10SM FEW250 29/02 A2989 RMK AO2 SLP107 T02940022,M
PHX,2025-11-08 22:51,-112.0116,33.4343,337.00,85.00,36.00,17.47,M,3.00,0.00,29.89,1010.80,10.00,M,FEW,M,M,M,25000.00,M,M,M,M,M,M,M,M,M,M,81.94,KPHX 082251Z VRB03KT 10SM FEW250 29/02 A2989 RMK AO2 SLP108 T02940022,M
PHX,2025-11-08 23:51,-112.0116,33.4343,337.00,84.00,37.00,18.77,240.00,3.00,0.00,29.90,1011.00,10.00,M,FEW,SCT,M,M,20000.00,25000.00,M,M,M,M,M,M,M,M,M,81.23,KPHX 082351Z 24003KT 10SM FEW200 SCT250 29/03 A2990 RMK AO2 SLP110 T02890028 10300 20244 55003,M
PHX,2025-11-09 00:51,-112.0116,33.4343,337.00,82.00,37.00,20.02,260.00,5.00,0.00,29.91,1011.30,10.00,M,FEW,FEW,M,M,20000.00,25000.00,M,M,M,M,M,M,M,M,M,79.87,KPHX 090051Z 26005KT 10SM FEW200 FEW250 28/03 A2991 RMK AO2 SLP113 T02780028,M
PHX,2025-11-09 01:51,-112.0116,33.4343,337.00,79.00,40.00,24.83,0.00,0.00,0.00,29.93,1012.20,10.00,M,CLR,M,M,M,M,M,M,M,M,M,M,M,M,M,M,79.00,KPHX 090151Z 00000KT 10SM CLR 26/04 A2993 RMK AO2 SLP122 T02610044,M
PHX,2025-11-09 02:51,-112.0116,33.4343,337.00,77.00,40.00,26.52,0.00,0.00,0.00,29.94,1012.70,10.00,M,CLR,M,M,M,M,M,M,M,M,M,M,M,M,M,M,77.00,KPHX 090251Z 00000KT 10SM CLR 25/04 A2994 RMK AO2 SLP127 T02500044 53015,M
PHX,2025-11-09 03:51,-112.0116,33.4343,337.00,75.00,41.00,29.46,0.00,0.00,0.00,29.95,1013.00,10.00,M,CLR,M,M,M,M,M,M,M,M,M,M,M,M,M,M,75.00,KPHX 090351Z 00000KT 10SM CLR 24/05 A2995 RMK AO2 SLP130 T02390050,M
PHX,2025-11-09 04:51,-112.0116,33.4343,337.00,73.00,43.00,34.02,110.00,4.00,0.00,29.96,1013.20,10.00,M,CLR,M,M,M,M,M,M,M,M,M,M,M,M,M,M,73.00,KPHX 090451Z 11004KT 10SM CLR 23/06 A2996 RMK AO2 SLP132 T02280061,M
PHX,2025-11-09 05:51,-112.0116,33.4343,337.00,70.00,44.00,39.13,90.00,5.00,0.00,29.99,1014.00,10.00,M,CLR,M,M,M,M,M,M,M,M,M,M,M,M,M,M,70.00,KPHX 090551Z 09005KT 10SM CLR 21/07 A2999 RMK AO2 SLP140 T02110067 10289 20211 53014,M
PHX,2025-11-09 06:51,-112.0116,33.4343,337.00,69.00,44.00,40.49,0.00,0.00,0.00,30.00,1014.40,10.00,M,CLR,M,M,M,M,M,M,M,M,M,M,M,M,M,M,69.00,KPHX 090651Z 00000KT 10SM CLR 21/07 A3000 RMK AO2 SLP144 T02060067 403000161,M
PHX,2025-11-09 07:51,-112.0116,33.4343,337.00,67.00,44.00,43.37,0.00,0.00,0.00,30.00,1014.60,10.00,M,CLR,M,M,M,M,M,M,M,M,M,M,M,M,M,M,67.00,KPHX 090751Z 00000KT 10SM CLR 19/07 A3000 RMK AO2 SLP146 T01940067,M
PHX,2025-11-09 08:51,-112.0116,33.4343,337.00,66.00,45.00,46.64,0.00,0.00,0.00,30.01,1014.80,10.00,M,CLR,M,M,M,M,M,M,M,M,M,M,M,M,M,M,66.00,KPHX 090851Z 00000KT 10SM CLR 19/07 A3001 RMK AO2 SLP148 T01890072 51007,M
PHX,2025-11-09 09:51,-112.0116,33.4343,337.00,65.00,45.00,48.29,0.00,0.00,0.00,30.01,1014.90,10.00,M,CLR,M,M,M,M,M,M,M,M,M,M,M,M,M,M,65.00,KPHX 090951Z 00000KT 10SM CLR 18/07 A3001 RMK AO2 SLP149 T01830072,M
PHX,2025-11-09 10:51,-112.0116,33.4343,337.00,63.00,44.00,49.85,90.00,4.00,0.00,30.02,1015.20,10.00,M,CLR,M,M,M,M,M,M,M,M,M,M,M,M,M,M,63.00,KPHX 091051Z 09004KT 10SM CLR 17/07 A3002 RMK AO2 SLP152 T01720067,M
PHX,2025-11-09 11:51,-112.0116,33.4343,337.00,63.00,43.00,47.98,0.00,0.00,0.00,30.04,1015.90,10.00,M,CLR,M,M,M,M,M,M,M,M,M,M,M,M,M,M,63.00,KPHX 091151Z 00000KT 10SM CLR 17/06 A3004 RMK AO2 SLP159 T01720061 10211 20167 53011,M
PHX,2025-11-09 12:51,-112.0116,33.4343,337.00,63.00,41.00,44.42,120.00,4.00,0.00,30.06,1016.50,10.00,M,CLR,M,M,M,M,M,M,M,M,M,M,M,M,M,M,63.00,KPHX 091251Z 12004KT 10SM CLR 17/05 A3006 RMK AO2 SLP165 T01720050,M
PHX,2025-11-09 13:51,-112.0116,33.4343,337.00,62.00,40.00,44.26,120.00,5.00,0.00,30.08,1017.30,10.00,M,CLR,M,M,M,M,M,M,M,M,M,M,M,M,M,M,62.00,KPHX 091351Z 12005KT 10SM CLR 17/04 A3008 RMK AO2 SLP173 T01670044,M
PHX,2025-11-09 14:51,-112.0116,33.4343,337.00,63.00,41.00,44.42,140.00,5.00,0.00,30.10,1018.00,10.00,M,CLR,M,M,M,M,M,M,M,M,M,M,M,M,M,M,63.00,KPHX 091451Z 14005KT 10SM CLR 17/05 A3010 RMK AO2 SLP180 T01720050 53018,M
PHX,2025-11-09 15:51,-112.0116,33.4343,337.00,66.00,40.00,38.48,90.00,5.00,0.00,30.11,1018.50,10.00,M,CLR,M,M,M,M,M,M,M,M,M,M,M,M,M,M,66.00,KPHX 091551Z 09005KT 10SM CLR 19/04 A3011 RMK AO2 SLP185 T01890044,M
PHX,2025-11-09 16:51,-112.0116,33.4343,337.00,74.00,38.00,27.10,160.00,3.00,0.00,30.12,1018.50,10.00,M,CLR,M,M,M,M,M,M,M,M,M,M,M,M,M,M,74.00,KPHX 091651Z 16003KT 10SM CLR 23/03 A3012 RMK AO2 SLP185 T02330033,M
PHX,2025-11-09 17:51,-112.0116,33.4343,337.00,81.00,36.00,19.88,M,3.00,0.00,30.12,1018.30,10.00,M,CLR,M,M,M,M,M,M,M,M,M,M,M,M,M,M,79.20,KPHX 091751Z VRB03KT 10SM CLR 27/02 A3012 RMK AO2 SLP183 T02720022 10278 20161 50006,M
PHX,2025-11-09 18:51,-112.0116,33.4343,337.00,85.00,31.00,14.30,80.00,13.00,0.00,30.10,1017.90,10.00,M,CLR,M,M,M,M,M,M,M,M,M,M,M,M,M,M,81.87,KPHX 091851Z 08013KT 10SM CLR 29/M01 A3010 RMK AO2 SLP179 T02941006,M
PHX,2025-11-09 19:51,-112.0116,33.4343,337.00,87.00,31.00,13.42,60.00,11.00,0.00,30.08,1017.10,10.00,19.00,CLR,M,M,M,M,M,M,M,M,M,M,M,M,M,M,83.43,KPHX 091951Z 06011G19KT 10SM CLR 31/M01 A3008 RMK AO2 SLP171 T03061006,M
PHX,2025-11-09 20:51,-112.0116,33.4343,337.00,89.00,32.00,13.12,70.00,5.00,0.00,30.06,1016.50,10.00,M,CLR,M,M,M,M,M,M,M,M,M,M,M,M,M,M,85.07,KPHX 092051Z 07005KT 10SM CLR 32/00 A3006 RMK AO2 SLP165 T03170000 58018,M
PHX,2025-11-09 21:51,-112.0116,33.4343,337.00,90.00,33.00,13.23,50.00,7.00,0.00,30.06,1016.20,10.00,M,CLR,M,M,M,M,M,M,M,M,M,M,M,M,M,M,85.92,KPHX 092151Z 05007KT 10SM CLR 32/01 A3006 RMK AO2 SLP162 T03220006,M
PHX,2025-11-09 22:51,-112.0116,33.4343,337.00,90.00,34.00,13.78,130.00,4.00,0.00,30.05,1016.00,10.00,M,CLR,M,M,M,M,M,M,M,M,M,M,M,M,M,M,85.93,KPHX 092251Z 13004KT 10SM CLR 32/01 A3005 RMK AO2 SLP160 T03220011,M
PHX,2025-11-09 23:51,-112.0116,33.4343,337.00,88.00,34.00,14.67,80.00,3.00,0.00,30.05,1016.10,10.00,M,CLR,M,M,M,M,M,M,M,M,M,M,M,M,M,M,84.26,KPHX 092351Z 08003KT 10SM CLR 31/01 A3005 RMK AO2 SLP161 T03110011 10322 20272 55004,M
PHX,2025-11-10 00:51,-112.0116,33.4343,337.00,87.00,35.00,15.76,60.00,5.00,0.00,30.05,1016.30,10.00,M,CLR,M,M,M,M,M,M,M,M,M,M,M,M,M,M,83.47,KPHX 100051Z 06005KT 10SM CLR 31/02 A3005 RMK AO2 SLP163 T03060017,M
PHX,2025-11-10 01:51,-112.0116,33.4343,337.00,81.00,37.00,20.68,90.00,4.00,0.00,30.07,1016.90,10.00,M,CLR,M,M,M,M,M,M,M,M,M,M,M,M,M,M,79.24,KPHX 100151Z 09004KT 10SM CLR 27/03 A3007 RMK AO2 SLP169 T02720028,M
PHX,2025-11-10 02:51,-112.0116,33.4343,337.00,77.00,39.00,25.50,120.00,4.00,0.00,30.08,1017.50,10.00,M,CLR,M,M,M,M,M,M,M,M,M,M,M,M,M,M,77.00,KPHX 100251Z 12004KT 10SM CLR 25/04 A3008 RMK AO2 SLP175 T02500039 53011,M
PHX,2025-11-10 03:51,-112.0116,33.4343,337.00,75.00,36.00,24.22,90.00,6.00,0.00,30.10,1018.00,10.00,M,CLR,M,M,M,M,M,M,M,M,M,M,M,M,M,M,75.00,KPHX 100351Z 09006KT 10SM CLR 24/02 A3010 RMK AO2 SLP180 T02390022,M
PHX,2025-11-10 04:51,-112.0116,33.4343,337.00,78.00,32.00,18.69,80.00,10.00,0.00,30.11,1018.30,10.00,M,CLR,M,M,M,M,M,M,M,M,M,M,M,M,M,M,78.00,KPHX 100451Z 08010KT 10SM CLR 26/00 A3011 RMK AO2 SLP183 T02560000,M
PHX,2025-11-10 05:51,-112.0116,33.4343,337.00,77.00,31.00,18.55,80.00,10.00,0.00,30.12,1018.50,10.00,M,CLR,M,M,M,M,M,M,M,M,M,M,M,M,M,M,77.00,KPHX 100551Z 08010KT 10SM CLR 25/M01 A3012 RMK AO2 SLP185 T02501006 10311 20239 51013,M
PHX,2025-11-10 06:51,-112.0116,33.4343,337.00,76.00,30.00,18.41,100.00,8.00,0.00,30.13,1018.70,10.00,M,CLR,M,M,M,M,M,M,M,M,M,M,M,M,M,M,76.00,KPHX 100651Z 10008KT 10SM CLR 24/M01 A3013 RMK AO2 SLP187 T02441011 403220161,M
PHX,2025-11-10 07:51,-112.0116,33.4343,337.00,74.00,30.00,19.68,100.00,7.00,0.00,30.14,1018.90,10.00,M,CLR,M,M,M,M,M,M,M,M,M,M,M,M,M,M,74.00,KPHX 100751Z 10007KT 10SM CLR 23/M01 A3014 RMK AO2 SLP189 T02331011,M
PHX,2025-11-10 08:51,-112.0116,33.4343,337.00,71.00,32.00,23.61,0.00,0.00,0.00,30.15,1019.40,10.00,M,CLR,M,M,M,M,M,M,M,M,M,M,M,M,M,M,71.00,KPHX 100851Z 00000KT 10SM CLR 22/00 A3015 RMK AO2 SLP194 T02170000 53008,M
PHX,2025-11-10 09:51,-112.0116,33.4343,337.00,70.00,33.00,25.43,0.00,0.00,0.00,30.16,1019.70,10.00,M,CLR,M,M,M,M,M,M,M,M,M,M,M,M,M,M,70.00,KPHX 100951Z 00000KT 10SM CLR 21/01 A3016 RMK AO2 SLP197 T02110006,M
PHX,2025-11-10 10:51,-112.0116,33.4343,337.00,69.00,33.00,26.32,0.00,0.00,0.00,30.16,1019.80,10.00,M,CLR,M,M,M,M,M,M,M,M,M,M,M,M,M,M,69.00,KPHX 101051Z 00000KT 10SM CLR 21/01 A3016 RMK AO2 SLP198 T02060006,M
PHX,2025-11-10 11:51,-112.0116,33.4343,337.00,70.00,30.00,22.53,80.00,7.00,0.00,30.16,1019.90,10.00,M,CLR,M,M,M,M,M,M,M,M,M,M,M,M,M,M,70.00,KPHX 101151Z 08007KT 10SM CLR 21/M01 A3016 RMK AO2 SLP199 T02111011 10250 20189 51004,M
PHX,2025-11-10 12:51,-112.0116,33.4343,337.00,68.00,31.00,25.12,130.00,3.00,0.00,30.18,1020.40,10.00,M,CLR,M,M,M,M,M,M,M,M,M,M,M,M,M,M,68.00,KPHX 101251Z 13003KT 10SM CLR 20/M01 A3018 RMK AO2 SLP204 T02001006,M
PHX,2025-11-10 13:51,-112.0116,33.4343,337.00,68.00,31.00,25.12,80.00,5.00,0.00,30.19,1021.00,10.00,M,FEW,M,M,M,23000.00,M,M,M,M,M,M,M,M,M,M,68.00,KPHX 101351Z 08005KT 10SM FEW230 20/M01 A3019 RMK AO2 SLP210 T02001006,M
PHX,2025-11-10 14:51,-112.0116,33.4343,337.00,70.00,30.00,22.53,90.00,8.00,0.00,30.21,1021.50,10.00,M,FEW,M,M,M,23000.00,M,M,M,M,M,M,M,M,M,M,70.00,KPHX 101451Z 09008KT 10SM FEW230 21/M01 A3021 RMK AO2 SLP215 T02111011 53014,M
PHX,2025-11-10 15:51,-112.0116,33.4343,337.00,76.00,27.00,16.28,70.00,15.00,0.00,30.21,1021.60,10.00,M,FEW,M,M,M,23000.00,M,M,M,M,M,M,M,M,M,M,76.00,KPHX 101551Z COR 07015KT 10SM FEW230 24/M03 A3021 RMK AO2 SLP216 T02441028,M
PHX,2025-11-10 16:51,-112.0116,33.4343,337.00,78.00,29.00,16.54,90.00,12.00,0.00,30.21,1021.60,10.00,M,FEW,M,M,M,23000.00,M,M,M,M,M,M,M,M,M,M,78.00,KPHX 101651Z 09012KT 10SM FEW230 26/M02 A3021 RMK AO2 SLP216 T02561017,M
PHX,2025-11-10 17:51,-112.0116,33.4343,337.00,82.00,29.00,14.52,80.00,14.00,0.00,30.20,1021.10,10.00,M,CLR,M,M,M,M,M,M,M,M,M,M,M,M,M,M,79.67,KPHX 101751Z 08014KT 10SM CLR 28/M02 A3020 RMK AO2 SLP211 T02781017 10278 20189 58002,M
PHX,2025-11-10 18:51,-112.0116,33.4343,337.00,83.00,28.00,13.49,100.00,8.00,0.00,30.18,1020.30,10.00,M,CLR,M,M,M,M,M,M,M,M,M,M,M,M,M,M,80.37,KPHX 101851Z 10008KT 10SM CLR 28/M02 A3018 RMK AO2 SLP203 T02831022,M
PHX,2025-11-10 19:51,-112.0116,33.4343,337.00,83.00,28.00,13.49,90.00,8.00,0.00,30.14,1019.00,10.00,M,CLR,M,M,M,M,M,M,M,M,M,M,M,M,M,M,80.37,KPHX 101951Z COR 09008KT 10SM CLR 28/M02 A3014 RMK AO2 SLP190 T02831022,M
PHX,2025-11-10 20:51,-112.0116,33.4343,337.00,85.00,29.00,13.18,80.00,10.00,0.00,30.10,1017.90,10.00,M,CLR,M,M,M,M,M,M,M,M,M,M,M,M,M,M,81.86,KPHX 102051Z 08010KT 10SM CLR 29/M02 A3010 RMK AO2 SLP179 T02941017 58032,M
PHX,2025-11-10 21:51,-112.0116,33.4343,337.00,87.00,29.00,12.37,110.00,4.00,0.00,30.08,1017.10,10.00,M,CLR,M,M,M,M,M,M,M,M,M,M,M,M,M,M,83.31,KPHX 102151Z 11004KT 10SM CLR 31/M02 A3008 RMK AO2 SLP171 T03061017,M
PHX,2025-11-10 22:51,-112.0116,33.4343,337.00,86.00,30.00,13.30,M,3.00,0.00,30.08,1016.90,10.00,M,FEW,M,M,M,25000.00,M,M,M,M,M,M,M,M,M,M,82.64,KPHX 102251Z VRB03KT 10SM FEW250 30/M01 A3008 RMK AO2 SLP169 T03001011,M
PHX,2025-11-10 23:51,-112.0116,33.4343,337.00,86.00,29.00,12.77,40.00,3.00,0.00,30.07,1016.80,10.00,M,FEW,M,M,M,25000.00,M,M,M,M,M,M,M,M,M,M,82.59,KPHX 102351Z 04003KT 10SM FEW250 30/M02 A3007 RMK AO2 SLP168 T03001017 10311 20272 56011,M
PHX,2025-11-11 00:51,-112.0116,33.4343,337.00,83.00,33.00,16.53,0.00,0.00,0.00,30.07,1016.70,10.00,M,FEW,M,M,M,25000.00,M,M,M,M,M,M,M,M,M,M,80.43,KPHX 110051Z 00000KT 10SM FEW250 28/01 A3007 RMK AO2 SLP167 T02830006,M
PHX,2025-11-11 01:51,-112.0116,33.4343,337.00,82.00,34.00,17.77,10.00,5.00,0.00,30.08,1017.20,10.00,M,CLR,M,M,M,M,M,M,M,M,M,M,M,M,M,M,79.77,KPHX 110151Z 01005KT 10SM CLR 28/01 A3008 RMK AO2 SLP172 T02780011,M
PHX,2025-11-11 02:51,-112.0116,33.4343,337.00,76.00,36.00,23.43,0.00,0.00,0.00,30.09,1017.50,10.00,M,CLR,M,M,M,M,M,M,M,M,M,M,M,M,M,M,76.00,KPHX 110251Z 00000KT 10SM CLR 24/02 A3009 RMK AO2 SLP175 T02440022 53005,M
PHX,2025-11-11 03:51,-112.0116,33.4343,337.00,75.00,36.00,24.22,0.00,0.00,0.00,30.10,1017.70,10.00,M,CLR,M,M,M,M,M,M,M,M,M,M,M,M,M,M,75.00,KPHX 110351Z 00000KT 10SM CLR 24/02 A3010 RMK AO2 SLP177 T02390022,M
PHX,2025-11-11 04:51,-112.0116,33.4343,337.00,73.00,33.00,22.98,110.00,4.00,0.00,30.10,1017.80,10.00,M,CLR,M,M,M,M,M,M,M,M,M,M,M,M,M,M,73.00,KPHX 110451Z 11004KT 10SM CLR 23/01 A3010 RMK AO2 SLP178 T02280006,M
PHX,2025-11-11 05:51,-112.0116,33.4343,337.00,71.00,34.00,25.59,110.00,4.00,0.00,30.09,1017.50,10.00,M,CLR,M,M,M,M,M,M,M,M,M,M,M,M,M,M,71.00,KPHX 110551Z 11004KT 10SM CLR 22/01 A3009 RMK AO2 SLP175 T02170011 10300 20211 50003,M
PHX,2025-11-11 06:51,-112.0116,33.4343,337.00,69.00,35.00,28.51,0.00,0.00,0.00,30.09,1017.30,10.00,M,CLR,M,M,M,M,M,M,M,M,M,M,M,M,M,M,69.00,KPHX 110651Z 00000KT 10SM CLR 21/02 A3009 RMK AO2 SLP173 T02060017 403110189,M
PHX,2025-11-11 07:51,-112.0116,33.4343,337.00,68.00,34.00,28.35,0.00,0.00,0.00,30.08,1017.00,10.00,M,CLR,M,M,M,M,M,M,M,M,M,M,M,M,M,M,68.00,KPHX 110751Z 00000KT 10SM CLR 20/01 A3008 RMK AO2 SLP170 T02000011,M
PHX,2025-11-11 08:51,-112.0116,33.4343,337.00,68.00,34.00,28.35,300.00,4.00,0.00,30.09,1017.40,10.00,M,CLR,M,M,M,M,M,M,M,M,M,M,M,M,M,M,68.00,KPHX 110851Z 30004KT 10SM CLR 20/01 A3009 RMK AO2 SLP174 T02000011 55001,M
PHX,2025-11-11 09:51,-112.0116,33.4343,337.00,64.00,36.00,35.26,0.00,0.00,0.00,30.08,1017.20,10.00,M,CLR,M,M,M,M,M,M,M,M,M,M,M,M,M,M,64.00,KPHX 110951Z 00000KT 10SM CLR 18/02 A3008 RMK AO2 SLP172 T01780022,M
PHX,2025-11-11 10:51,-112.0116,33.4343,337.00,63.00,37.00,37.99,120.00,3.00,0.00,30.08,1017.10,10.00,M,CLR,M,M,M,M,M,M,M,M,M,M,M,M,M,M,63.00,KPHX 111051Z 12003KT 10SM CLR 17/03 A3008 RMK AO2 SLP171 T01720028,M
PHX,2025-11-11 11:51,-112.0116,33.4343,337.00,64.00,36.00,35.26,0.00,0.00,0.00,30.08,1017.10,10.00,M,CLR,M,M,M,M,M,M,M,M,M,M,M,M,M,M,64.00,KPHX 111151Z 00000KT 10SM CLR 18/02 A3008 RMK AO2 SLP171 T01780022 10217 20172 56004,M
PHX,2025-11-11 12:51,-112.0116,33.4343,337.00,65.00,35.00,32.73,120.00,5.00,0.00,30.08,1017.20,9.00,M,CLR,M,M,M,M,M,M,M,M,M,M,M,M,M,M,65.00,KPHX 111251Z 12005KT 9SM CLR 18/02 A3008 RMK AO2 SLP172 T01830017,M
PHX,2025-11-11 13:51,-112.0116,33.4343,337.00,65.00,34.00,31.45,0.00,0.00,0.00,30.09,1017.70,10.00,M,SCT,M,M,M,25000.00,M,M,M,M,M,M,M,M,M,M,65.00,KPHX 111351Z COR 00000KT 10SM SCT250 18/01 A3009 RMK AO2 SLP177 T01830011,M
PHX,2025-11-11 14:51,-112.0116,33.4343,337.00,65.00,36.00,34.05,90.00,4.00,0.00,30.11,1018.30,10.00,M,FEW,SCT,M,M,25000.00,29000.00,M,M,M,M,M,M,M,M,M,65.00,KPHX 111451Z 09004KT 10SM FEW250 SCT290 18/02 A3011 RMK AO2 SLP183 T01830022 53011,M
PHX,2025-11-11 15:51,-112.0116,33.4343,337.00,68.00,35.00,29.50,100.00,7.00,0.00,30.12,1018.70,10.00,M,FEW,SCT,M,M,25000.00,29000.00,M,M,M,M,M,M,M,M,M,68.00,KPHX 111551Z 10007KT 10SM FEW250 SCT290 20/02 A3012 RMK AO2 SLP187 T02000017,M
PHX,2025-11-11 16:51,-112.0116,33.4343,337.00,74.00,37.00,26.05,130.00,4.00,0.00,30.13,1018.70,10.00,M,FEW,SCT,M,M,25000.00,29000.00,M,M,M,M,M,M,M,M,M,74.00,KPHX 111651Z 13004KT 10SM FEW250 SCT290 23/03 A3013 RMK AO2 SLP187 T02330028,M
PHX,2025-11-11 17:51,-112.0116,33.4343,337.00,78.00,33.00,19.45,120.00,6.00,0.00,30.12,1018.50,10.00,M,FEW,SCT,M,M,25000.00,29000.00,M,M,M,M,M,M,M,M,M,78.00,KPHX 111751Z 12006KT 10SM FEW250 SCT290 26/01 A3012 RMK AO2 SLP185 T02560006 10261 20172 50002,M
PHX,2025-11-11 18:51,-112.0116,33.4343,337.00,83.00,32.00,15.88,110.00,7.00,0.00,30.08,1017.20,10.00,M,FEW,SCT,M,M,25000.00,29000.00,M,M,M,M,M,M,M,M,M,80.41,KPHX 111851Z 11007KT 10SM FEW250 SCT290 28/00 A3008 RMK AO2 SLP172 T02830000,M
PHX,2025-11-11 19:51,-112.0116,33.4343,337.00,84.00,32.00,15.37,150.00,4.00,0.00,30.05,1016.10,10.00,M,FEW,SCT,M,M,25000.00,29000.00,M,M,M,M,M,M,M,M,M,81.13,KPHX 111951Z 15004KT 10SM FEW250 SCT290 29/00 A3005 RMK AO2 SLP161 T02890000,M
PHX,2025-11-11 20:51,-112.0116,33.4343,337.00,84.00,32.00,15.37,0.00,0.00,0.00,30.03,1015.20,10.00,M,SCT,BKN,M,M,25000.00,29000.00,M,M,M,M,M,M,M,M,M,81.13,KPHX 112051Z 00000KT 10SM SCT250 BKN290 29/00 A3003 RMK AO2 SLP152 T02890000 56030,M
PHX,2025-11-11 21:51,-112.0116,33.4343,337.00,85.00,30.00,13.73,0.00,0.00,0.00,30.01,1014.70,10.00,M,BKN,M,M,M,25000.00,M,M,M,M,M,M,M,M,M,M,81.86,KPHX 112151Z 00000KT 10SM BKN250 29/M01 A3001 RMK AO2 SLP147 T02941011,M
PHX,2025-11-11 22:51,-112.0116,33.4343,337.00,87.00,30.00,12.88,210.00,4.00,0.00,30.00,1014.40,10.00,M,FEW,BKN,M,M,19000.00,25000.00,M,M,M,M,M,M,M,M,M,83.41,KPHX 112251Z 21004KT 10SM FEW190 BKN250 31/M01 A3000 RMK AO2 SLP144 T03061011,M
PHX,2025-11-11 23:51,-112.0116,33.4343,337.00,85.00,31.00,14.30,230.00,4.00,0.00,29.99,1014.10,10.00,M,FEW,BKN,M,M,19000.00,25000.00,M,M,M,M,M,M,M,M,M,81.87,KPHX 112351Z 23004KT 10SM FEW190 BKN250 29/M01 A2999 RMK AO2 SLP141 T02941006 10311 20256 56012,M
PHX,2025-11-12 00:51,-112.0116,33.4343,337.00,82.00,35.00,18.49,240.00,3.00,0.00,29.99,1014.10,10.00,M,FEW,BKN,M,M,19000.00,25000.00,M,M,M,M,M,M,M,M,M,79.80,KPHX 120051Z 24003KT 10SM FEW190 BKN250 28/02 A2999 RMK AO2 SLP141 T02780017,M
PHX,2025-11-12 01:51,-112.0116,33.4343,337.00,78.00,37.00,22.81,230.00,3.00,0.00,30.00,1014.40,10.00,M,BKN,M,M,M,25000.00,M,M,M,M,M,M,M,M,M,M,78.00,KPHX 120151Z 23003KT 10SM BKN250 26/03 A3000 RMK AO2 SLP144 T02560028,M
PHX,2025-11-12 02:51,-112.0116,33.4343,337.00,76.00,39.00,26.36,0.00,0.00,0.00,30.00,1014.50,10.00,M,BKN,M,M,M,25000.00,M,M,M,M,M,M,M,M,M,M,76.00,KPHX 120251Z 00000KT 10SM BKN250 24/04 A3000 RMK AO2 SLP145 T02440039 53003,M
PHX,2025-11-12 03:51,-112.0116,33.4343,337.00,74.00,38.00,27.10,0.00,0.00,0.00,30.00,1014.70,10.00,M,FEW,BKN,M,M,19000.00,25000.00,M,M,M,M,M,M,M,M,M,74.00,KPHX 120351Z 00000KT 10SM FEW190 BKN250 23/03 A3000 RMK AO2 SLP147 T02330033,M
PHX,2025-11-12 04:51,-112.0116,33.4343,337.00,71.00,43.00,36.40,90.00,4.00,0.00,30.01,1015.00,10.00,M,FEW,BKN,M,M,19000.00,25000.00,M,M,M,M,M,M,M,M,M,71.00,KPHX 120451Z 09004KT 10SM FEW190 BKN250 22/06 A3001 RMK AO2 SLP150 T02170061,M
PHX,2025-11-12 05:51,-112.0116,33.4343,337.00,70.00,42.00,36.24,130.00,3.00,0.00,30.01,1014.90,10.00,M,SCT,BKN,M,M,19000.00,25000.00,M,M,M,M,M,M,M,M,M,70.00,KPHX 120551Z 13003KT 10SM SCT190 BKN250 21/06 A3001 RMK AO2 SLP149 T02110056 10294 20211 51005,M
PHX,2025-11-12 06:51,-112.0116,33.4343,337.00,68.00,41.00,37.34,110.00,5.00,0.00,30.01,1014.60,10.00,M,BKN,M,M,M,19000.00,M,M,M,M,M,M,M,M,M,M,68.00,KPHX 120651Z 11005KT 10SM BKN190 20/05 A3001 RMK AO2 SLP146 T02000050 403110172,M
PHX,2025-11-12 07:51,-112.0116,33.4343,337.00,68.00,39.00,34.54,130.00,4.00,0.00,30.01,1014.70,10.00,M,BKN,M,M,M,19000.00,M,M,M,M,M,M,M,M,M,M,68.00,KPHX 120751Z 13004KT 10SM BKN190 20/04 A3001 RMK AO2 SLP147 T02000039,M
PHX,2025-11-12 08:51,-112.0116,33.4343,337.00,67.00,38.00,34.38,110.00,6.00,0.00,30.02,1014.90,10.00,M,SCT,M,M,M,19000.00,M,M,M,M,M,M,M,M,M,M,67.00,KPHX 120851Z 11006KT 10SM SCT190 19/03 A3002 RMK AO2 SLP149 T01940033 53001,M
PHX,2025-11-12 09:51,-112.0116,33.4343,337.00,67.00,37.00,33.05,120.00,6.00,0.00,30.02,1015.20,10.00,M,SCT,SCT,M,M,19000.00,25000.00,M,M,M,M,M,M,M,M,M,67.00,KPHX 120951Z 12006KT 10SM SCT190 SCT250 19/03 A3002 RMK AO2 SLP152 T01940028,M
PHX,2025-11-12 10:51,-112.0116,33.4343,337.00,65.00,37.00,35.43,110.00,5.00,0.00,30.02,1015.20,10.00,M,FEW,SCT,M,M,19000.00,25000.00,M,M,M,M,M,M,M,M,M,65.00,KPHX 121051Z 11005KT 10SM FEW190 SCT250 18/03 A3002 RMK AO2 SLP152 T01830028,M
PHX,2025-11-12 11:51,-112.0116,33.4343,337.00,65.00,37.00,35.43,110.00,6.00,0.00,30.03,1015.50,10.00,M,FEW,SCT,M,M,19000.00,25000.00,M,M,M,M,M,M,M,M,M,65.00,KPHX 121151Z 11006KT 10SM FEW190 SCT250 18/03 A3003 RMK AO2 SLP155 T01830028 10211 20183 51005,M
PHX,2025-11-12 12:51,-112.0116,33.4343,337.00,63.00,38.00,39.52,110.00,4.00,0.00,30.04,1016.00,10.00,M,FEW,SCT,M,M,19000.00,25000.00,M,M,M,M,M,M,M,M,M,63.00,KPHX 121251Z 11004KT 10SM FEW190 SCT250 17/03 A3004 RMK AO2 SLP160 T01720033,M
PHX,2025-11-12 13:51,-112.0116,33.4343,337.00,64.00,38.00,38.16,130.00,3.00,0.00,30.05,1016.40,10.00,M,FEW,SCT,BKN,M,19000.00,25000.00,29000.00,M,M,M,M,M,M,M,M,64.00,KPHX 121351Z 13003KT 10SM FEW190 SCT250 BKN290 18/03 A3005 RMK AO2 SLP164 T01780033,M
PHX,2025-11-12 14:51,-112.0116,33.4343,337.00,65.00,39.00,38.32,100.00,5.00,0.00,30.07,1016.90,10.00,M,FEW,SCT,BKN,M,19000.00,25000.00,29000.00,M,M,M,M,M,M,M,M,65.00,KPHX 121451Z 10005KT 10SM FEW190 SCT250 BKN290 18/04 A3007 RMK AO2 SLP169 T01830039 53013,M
PHX,2025-11-12 15:51,-112.0116,33.4343,337.00,70.00,39.00,32.26,140.00,9.00,0.00,30.07,1017.00,10.00,M,FEW,SCT,SCT,M,19000.00,25000.00,29000.00,M,M,M,M,M,M,M,M,70.00,KPHX 121551Z 14009KT 10SM FEW190 SCT250 SCT290 21/04 A3007 RMK AO2 SLP170 T02110039,M
PHX,2025-11-12 16:51,-112.0116,33.4343,337.00,74.00,40.00,29.30,110.00,5.00,0.00,30.09,1017.60,10.00,M,FEW,SCT,SCT,M,19000.00,25000.00,29000.00,M,M,M,M,M,M,M,M,74.00,KPHX 121651Z 11005KT 10SM FEW190 SCT250 SCT290 23/04 A3009 RMK AO2 SLP176 T02330044 PNO $,M
PHX,2025-11-12 17:51,-112.0116,33.4343,337.00,76.00,37.00,24.37,100.00,4.00,0.00,30.08,1017.40,10.00,M,FEW,FEW,SCT,M,19000.00,25000.00,29000.00,M,M,M,M,M,M,M,M,76.00,KPHX 121751Z 10004KT 10SM FEW190 FEW250 SCT290 24/03 A3008 RMK AO2 SLP174 T02440028 50005 PNO $,M
PHX,2025-11-12 18:51,-112.0116,33.4343,337.00,80.00,37.00,21.36,110.00,4.00,0.00,30.05,1016.20,10.00,M,FEW,FEW,SCT,M,19000.00,25000.00,29000.00,M,M,M,M,M,M,M,M,78.70,KPHX 121851Z 11004KT 10SM FEW190 FEW250 SCT290 27/03 A3005 RMK AO2 SLP162 T02670028,M
PHX,2025-11-12 19:51,-112.0116,33.4343,337.00,82.00,35.00,18.49,0.00,0.00,0.00,30.03,1015.30,10.00,M,FEW,FEW,SCT,M,19000.00,25000.00,29000.00,M,M,M,M,M,M,M,M,79.80,KPHX 121951Z 00000KT 10SM FEW190 FEW250 SCT290 28/02 A3003 RMK AO2 SLP153 T02780017,M
PHX,2025-11-12 20:51,-112.0116,33.4343,337.00,83.00,35.00,17.91,300.00,3.00,0.00,30.00,1014.60,10.00,M,FEW,SCT,BKN,M,21000.00,25000.00,29000.00,M,M,M,M,M,M,M,M,80.47,KPHX 122051Z 30003KT 10SM FEW210 SCT250 BKN290 28/02 A3000 RMK AO2 SLP146 T02830017 56026,M
PHX,2025-11-12 21:51,-112.0116,33.4343,337.00,85.00,35.00,16.79,M,3.00,0.00,30.00,1014.20,10.00,M,FEW,BKN,BKN,M,19000.00,25000.00,29000.00,M,M,M,M,M,M,M,M,81.92,KPHX 122151Z VRB03KT 10SM FEW190 BKN250 BKN290 29/02 A3000 RMK AO2 SLP142 T02940017,M
PHX,2025-11-12 22:51,-112.0116,33.4343,337.00,86.00,36.00,16.92,240.00,4.00,0.00,29.98,1013.80,10.00,M,FEW,BKN,BKN,M,19000.00,25000.00,29000.00,M,M,M,M,M,M,M,M,82.70,KPHX 122251Z 24004KT 10SM FEW190 BKN250 BKN290 30/02 A2998 RMK AO2 SLP138 T03000022,M
PHX,2025-11-12 23:51,-112.0116,33.4343,337.00,84.00,36.00,18.04,230.00,3.00,0.00,29.98,1013.70,10.00,M,FEW,SCT,BKN,M,18000.00,21000.00,25000.00,M,M,M,M,M,M,M,M,81.20,KPHX 122351Z 23003KT 10SM FEW180 SCT210 BKN250 29/02 A2998 RMK AO2 SLP137 T02890022 10300 20244 58009,M
PHX,2025-11-13 00:51,-112.0116,33.4343,337.00,82.00,38.00,20.82,260.00,3.00,0.00,29.98,1013.80,10.00,M,FEW,SCT,BKN,M,18000.00,21000.00,25000.00,M,M,M,M,M,M,M,M,79.90,KPHX 130051Z 26003KT 10SM FEW180 SCT210 BKN250 28/03 A2998 RMK AO2 SLP138 T02780033,M
PHX,2025-11-13 01:51,-112.0116,33.4343,337.00,78.00,41.00,26.67,230.00,3.00,0.00,29.98,1014.00,10.00,M,FEW,BKN,M,M,18000.00,23000.00,M,M,M,M,M,M,M,M,M,78.00,KPHX 130151Z 23003KT 10SM FEW180 BKN230 26/05 A2998 RMK AO2 SLP140 T02560050,M
PHX,2025-11-13 02:51,-112.0116,33.4343,337.00,76.00,43.00,30.78,0.00,0.00,0.00,29.99,1014.20,10.00,M,BKN,M,M,M,22000.00,M,M,M,M,M,M,M,M,M,M,76.00,KPHX 130251Z 00000KT 10SM BKN220 24/06 A2999 RMK AO2 SLP142 T02440061 53004,M
PHX,2025-11-13 03:51,-112.0116,33.4343,337.00,74.00,43.00,32.90,230.00,4.00,0.00,29.99,1014.30,10.00,M,BKN,M,M,M,22000.00,M,M,M,M,M,M,M,M,M,M,74.00,KPHX 130351Z 23004KT 10SM BKN220 23/06 A2999 RMK AO2 SLP143 T02330061,M
PHX,2025-11-13 04:51,-112.0116,33.4343,337.00,74.00,43.00,32.90,0.00,0.00,0.00,30.00,1014.60,10.00,M,BKN,M,M,M,22000.00,M,M,M,M,M,M,M,M,M,M,74.00,KPHX 130451Z 00000KT 10SM BKN220 23/06 A3000 RMK AO2 SLP146 T02330061,M
PHX,2025-11-13 05:51,-112.0116,33.4343,337.00,73.00,43.00,34.02,0.00,0.00,0.00,30.01,1014.80,10.00,M,BKN,M,M,M,22000.00,M,M,M,M,M,M,M,M,M,M,73.00,KPHX 130551Z 00000KT 10SM BKN220 23/06 A3001 RMK AO2 SLP148 T02280061 10289 20217 53007,M
PHX,2025-11-13 06:51,-112.0116,33.4343,337.00,73.00,43.00,34.02,130.00,3.00,0.00,30.01,1014.60,10.00,M,BKN,M,M,M,22000.00,M,M,M,M,M,M,M,M,M,M,73.00,KPHX 130651Z 13003KT 10SM BKN220 23/06 A3001 RMK AO2 SLP146 T02280061 404670161,M
PHX,2025-11-13 07:51,-112.0116,33.4343,337.00,70.00,42.00,36.24,0.00,0.00,0.00,30.00,1014.40,10.00,M,BKN,M,M,M,22000.00,M,M,M,M,M,M,M,M,M,M,70.00,KPHX 130751Z 00000KT 10SM BKN220 21/06 A3000 RMK AO2 SLP144 T02110056,M
PHX,2025-11-13 08:51,-112.0116,33.4343,337.00,68.00,42.00,38.81,140.00,3.00,0.00,30.00,1014.40,10.00,M,SCT,SCT,M,M,16000.00,22000.00,M,M,M,M,M,M,M,M,M,68.00,KPHX 130851Z 14003KT 10SM SCT160 SCT220 20/06 A3000 RMK AO2 SLP144 T02000056 56003,M
PHX,2025-11-13 09:51,-112.0116,33.4343,337.00,68.00,41.00,37.34,130.00,7.00,0.00,29.99,1014.20,10.00,M,FEW,SCT,M,M,16000.00,22000.00,M,M,M,M,M,M,M,M,M,68.00,KPHX 130951Z 13007KT 10SM FEW160 SCT220 20/05 A2999 RMK AO2 SLP142 T02000050,M
PHX,2025-11-13 10:51,-112.0116,33.4343,337.00,67.00,41.00,38.65,130.00,5.00,0.00,29.99,1014.10,10.00,M,FEW,BKN,M,M,16000.00,23000.00,M,M,M,M,M,M,M,M,M,67.00,KPHX 131051Z 13005KT 10SM FEW160 BKN230 19/05 A2999 RMK AO2 SLP141 T01940050,M
PHX,2025-11-13 11:51,-112.0116,33.4343,337.00,66.00,39.00,37.01,120.00,4.00,0.00,30.00,1014.40,10.00,M,FEW,BKN,M,M,16000.00,23000.00,M,M,M,M,M,M,M,M,M,66.00,KPHX 131151Z 12004KT 10SM FEW160 BKN230 19/04 A3000 RMK AO2 SLP144 T01890039 10228 20183 55000,M
PHX,2025-11-13 12:51,-112.0116,33.4343,337.00,66.00,39.00,37.01,120.00,5.00,0.00,30.00,1014.40,10.00,M,SCT,BKN,M,M,22000.00,25000.00,M,M,M,M,M,M,M,M,M,66.00,KPHX 131251Z 12005KT 10SM SCT220 BKN250 19/04 A3000 RMK AO2 SLP144 T01890039,M
PHX,2025-11-13 13:51,-112.0116,33.4343,337.00,66.00,39.00,37.01,140.00,4.00,0.00,30.01,1015.00,10.00,M,SCT,BKN,M,M,22000.00,25000.00,M,M,M,M,M,M,M,M,M,66.00,KPHX 131351Z 14004KT 10SM SCT220 BKN250 19/04 A3001 RMK AO2 SLP150 T01890039,M
PHX,2025-11-13 14:51,-112.0116,33.4343,337.00,68.00,38.00,33.22,120.00,4.00,0.00,30.04,1015.80,10.00,M,SCT,BKN,M,M,22000.00,25000.00,M,M,M,M,M,M,M,M,M,68.00,KPHX 131451Z 12004KT 10SM SCT220 BKN250 20/03 A3004 RMK AO2 SLP158 T02000033 53012,M
PHX,2025-11-13 15:51,-112.0116,33.4343,337.00,70.00,40.00,33.54,120.00,5.00,0.00,30.05,1016.20,10.00,M,SCT,BKN,M,M,22000.00,25000.00,M,M,M,M,M,M,M,M,M,70.00,KPHX 131551Z 12005KT 10SM SCT220 BKN250 21/04 A3005 RMK AO2 SLP162 T02110044,M
PHX,2025-11-13 16:51,-112.0116,33.4343,337.00,74.00,36.00,25.04,90.00,9.00,0.00,30.06,1016.50,10.00,M,FEW,SCT,BKN,M,21000.00,25000.00,29000.00,M,M,M,M,M,M,M,M,74.00,KPHX 131651Z 09009KT 10SM FEW210 SCT250 BKN290 23/02 A3006 RMK AO2 SLP165 T02330022,M
PHX,2025-11-13 17:51,-112.0116,33.4343,337.00,79.00,37.00,22.07,120.00,7.00,0.00,30.05,1016.10,10.00,M,FEW,FEW,SCT,M,21000.00,25000.00,29000.00,M,M,M,M,M,M,M,M,79.00,KPHX 131751Z 12007KT 10SM FEW210 FEW250 SCT290 26/03 A3005 RMK AO2 SLP161 T02610028 10261 20178 50004,M
PHX,2025-11-13 18:51,-112.0116,33.4343,337.00,82.00,36.00,19.24,160.00,6.00,0.00,30.02,1015.20,9.00,M,FEW,FEW,SCT,M,21000.00,25000.00,29000.00,M,M,M,M,M,M,M,M,79.83,KPHX 131851Z 16006KT 9SM FEW210 FEW250 SCT290 28/02 A3002 RMK AO2 SLP152 T02780022,M
PHX,2025-11-13 19:51,-112.0116,33.4343,337.00,86.00,34.00,15.63,M,4.00,0.00,29.99,1013.90,10.00,M,FEW,FEW,SCT,M,21000.00,25000.00,29000.00,M,M,M,M,M,M,M,M,82.66,KPHX 131951Z VRB04KT 10SM FEW210 FEW250 SCT290 30/01 A2999 RMK AO2 SLP139 T03000011,M
PHX,2025-11-13 20:51,-112.0116,33.4343,337.00,86.00,34.00,15.63,0.00,0.00,0.00,29.96,1013.00,10.00,M,FEW,SCT,BKN,M,21000.00,25000.00,29000.00,M,M,M,M,M,M,M,M,82.66,KPHX 132051Z 00000KT 10SM FEW210 SCT250 BKN290 30/01 A2996 RMK AO2 SLP130 T03000011 57029,M
PHX,2025-11-13 21:51,-112.0116,33.4343,337.00,86.00,34.00,15.63,220.00,4.00,0.00,29.94,1012.40,10.00,M,SCT,SCT,BKN,M,21000.00,25000.00,29000.00,M,M,M,M,M,M,M,M,82.66,KPHX 132151Z 22004KT 10SM SCT210 SCT250 BKN290 30/01 A2994 RMK AO2 SLP124 T03000011,M
PHX,2025-11-13 22:51,-112.0116,33.4343,337.00,86.00,33.00,15.02,210.00,4.00,0.00,29.94,1012.20,10.00,M,FEW,SCT,BKN,M,18000.00,21000.00,25000.00,M,M,M,M,M,M,M,M,82.65,KPHX 132251Z 21004KT 10SM FEW180 SCT210 BKN250 30/01 A2994 RMK AO2 SLP122 T03000006,M
PHX,2025-11-13 23:51,-112.0116,33.4343,337.00,86.00,29.00,12.77,220.00,4.00,0.00,29.93,1012.00,10.00,M,FEW,FEW,SCT,M,18000.00,21000.00,25000.00,M,M,M,M,M,M,M,M,82.59,KPHX 132351Z 22004KT 10SM FEW180 FEW210 SCT250 30/M02 A2993 RMK AO2 SLP120 T03001017 10311 20261 56009,M
PHX,2025-11-14 00:51,-112.0116,33.4343,337.00,81.00,37.00,20.68,260.00,3.00,0.00,29.93,1012.00,10.00,M,FEW,FEW,SCT,M,18000.00,21000.00,25000.00,M,M,M,M,M,M,M,M,79.24,KPHX 140051Z 26003KT 10SM FEW180 FEW210 SCT250 27/03 A2993 RMK AO2 SLP120 T02720028,M
PHX,2025-11-14 01:51,-112.0116,33.4343,337.00,78.00,38.00,23.73,0.00,0.00,0.00,29.92,1012.00,10.00,M,FEW,FEW,M,M,20000.00,25000.00,M,M,M,M,M,M,M,M,M,78.00,KPHX 140151Z 00000KT 10SM FEW200 FEW250 26/03 A2992 RMK AO2 SLP120 T02560033,M
PHX,2025-11-14 02:51,-112.0116,33.4343,337.00,77.00,37.00,23.58,0.00,0.00,0.00,29.93,1012.10,10.00,M,FEW,M,M,M,25000.00,M,M,M,M,M,M,M,M,M,M,77.00,KPHX 140251Z 00000KT 10SM FEW250 25/03 A2993 RMK AO2 SLP121 T02500028 55001,M
PHX,2025-11-14 03:51,-112.0116,33.4343,337.00,74.00,40.00,29.30,0.00,0.00,0.00,29.94,1012.40,10.00,M,FEW,M,M,M,25000.00,M,M,M,M,M,M,M,M,M,M,74.00,KPHX 140351Z 00000KT 10SM FEW250 23/04 A2994 RMK AO2 SLP124 T02330044,M
PHX,2025-11-14 04:51,-112.0116,33.4343,337.00,70.00,42.00,36.24,0.00,0.00,0.00,29.95,1013.00,10.00,M,FEW,M,M,M,25000.00,M,M,M,M,M,M,M,M,M,M,70.00,KPHX 140451Z 00000KT 10SM FEW250 21/06 A2995 RMK AO2 SLP130 T02110056,M
PHX,2025-11-14 05:51,-112.0116,33.4343,337.00,70.00,40.00,33.54,0.00,0.00,0.00,29.97,1013.40,10.00,M,CLR,M,M,M,M,M,M,M,M,M,M,M,M,M,M,70.00,KPHX 140551Z 00000KT 10SM CLR 21/04 A2997 RMK AO2 SLP134 T02110044 10300 20206 53013,M
PHX,2025-11-14 06:51,-112.0116,33.4343,337.00,68.00,41.00,37.34,110.00,5.00,0.00,29.96,1013.20,10.00,M,CLR,M,M,M,M,M,M,M,M,M,M,M,M,M,M,68.00,KPHX 140651Z 11005KT 10SM CLR 20/05 A2996 RMK AO2 SLP132 T02000050 403110178,M
PHX,2025-11-14 07:51,-112.0116,33.4343,337.00,66.00,40.00,38.48,100.00,5.00,0.00,29.95,1012.70,10.00,M,CLR,M,M,M,M,M,M,M,M,M,M,M,M,M,M,66.00,KPHX 140751Z 10005KT 10SM CLR 19/04 A2995 RMK AO2 SLP127 T01890044,M
PHX,2025-11-14 08:51,-112.0116,33.4343,337.00,67.00,37.00,33.05,110.00,6.00,0.00,29.94,1012.30,10.00,M,FEW,M,M,M,25000.00,M,M,M,M,M,M,M,M,M,M,67.00,KPHX 140851Z 11006KT 10SM FEW250 19/03 A2994 RMK AO2 SLP123 T01940028 58009,M
PHX,2025-11-14 09:51,-112.0116,33.4343,337.00,65.00,41.00,41.42,130.00,4.00,0.00,29.94,1012.30,10.00,M,FEW,M,M,M,25000.00,M,M,M,M,M,M,M,M,M,M,65.00,KPHX 140951Z 13004KT 10SM FEW250 18/05 A2994 RMK AO2 SLP123 T01830050,M
PHX,2025-11-14 10:51,-112.0116,33.4343,337.00,64.00,40.00,41.26,0.00,0.00,0.00,29.94,1012.40,10.00,M,CLR,M,M,M,M,M,M,M,M,M,M,M,M,M,M,64.00,KPHX 141051Z 00000KT 10SM CLR 18/04 A2994 RMK AO2 SLP124 T01780044,M
PHX,2025-11-14 11:51,-112.0116,33.4343,337.00,63.00,40.00,42.73,100.00,3.00,0.00,29.95,1012.60,10.00,M,CLR,M,M,M,M,M,M,M,M,M,M,M,M,M,M,63.00,KPHX 141151Z 10003KT 10SM CLR 17/04 A2995 RMK AO2 SLP126 T01720044 10211 20167 53002,M
PHX,2025-11-14 12:51,-112.0116,33.4343,337.00,62.00,41.00,46.01,130.00,3.00,0.00,29.95,1013.00,10.00,M,CLR,M,M,M,M,M,M,M,M,M,M,M,M,M,M,62.00,KPHX 141251Z 13003KT 10SM CLR 17/05 A2995 RMK AO2 SLP130 T01670050,M
PHX,2025-11-14 13:51,-112.0116,33.4343,337.00,61.00,38.00,42.41,90.00,6.00,0.00,29.96,1013.40,10.00,M,FEW,FEW,M,M,10000.00,21000.00,M,M,M,M,M,M,M,M,M,61.00,KPHX 141351Z 09006KT 10SM FEW100 FEW210 16/03 A2996 RMK AO2 SLP134 T01610033,M
PHX,2025-11-14 14:51,-112.0116,33.4343,337.00,63.00,39.00,41.10,110.00,6.00,0.00,29.97,1013.50,7.00,M,FEW,FEW,M,M,10000.00,21000.00,M,M,M,M,M,M,M,M,M,63.00,KPHX 141451Z 11006KT 7SM FEW100 FEW210 17/04 A2997 RMK AO2 SLP135 T01720039 51006,M
PHX,2025-11-14 15:51,-112.0116,33.4343,337.00,69.00,38.00,32.10,110.00,5.00,0.00,29.98,1013.90,10.00,M,FEW,FEW,M,M,10000.00,21000.00,M,M,M,M,M,M,M,M,M,69.00,KPHX 141551Z 11005KT 10SM FEW100 FEW210 21/03 A2998 RMK AO2 SLP139 T02060033,M
PHX,2025-11-14 16:51,-112.0116,33.4343,337.00,75.00,37.00,25.20,130.00,6.00,0.00,29.98,1013.90,10.00,M,FEW,FEW,M,M,11000.00,21000.00,M,M,M,M,M,M,M,M,M,75.00,KPHX 141651Z COR 13006KT 10SM FEW110 FEW210 24/03 A2998 RMK AO2 SLP139 T02390028,M
PHX,2025-11-14 17:51,-112.0116,33.4343,337.00,78.00,36.00,21.93,120.00,6.00,0.00,29.98,1013.70,10.00,M,FEW,FEW,M,M,21000.00,25000.00,M,M,M,M,M,M,M,M,M,78.00,KPHX 141751Z 12006KT 10SM FEW210 FEW250 26/02 A2998 RMK AO2 SLP137 T02560022 10256 20161 50003,M
PHX,2025-11-14 18:51,-112.0116,33.4343,337.00,81.00,37.00,20.68,100.00,5.00,0.00,29.95,1012.70,10.00,M,FEW,FEW,M,M,21000.00,25000.00,M,M,M,M,M,M,M,M,M,79.24,KPHX 141851Z 10005KT 10SM FEW210 FEW250 27/03 A2995 RMK AO2 SLP127 T02720028,M
PHX,2025-11-14 19:51,-112.0116,33.4343,337.00,82.00,35.00,18.49,0.00,0.00,0.00,29.92,1011.70,10.00,M,FEW,FEW,M,M,21000.00,25000.00,M,M,M,M,M,M,M,M,M,79.80,KPHX 141951Z 00000KT 10SM FEW210 FEW250 28/02 A2992 RMK AO2 SLP117 T02780017,M
PHX,2025-11-14 20:51,-112.0116,33.4343,337.00,84.00,34.00,16.66,0.00,0.00,0.00,29.89,1010.70,10.00,M,FEW,FEW,M,M,20000.00,25000.00,M,M,M,M,M,M,M,M,M,81.16,KPHX 142051Z 00000KT 10SM FEW200 FEW250 29/01 A2989 RMK AO2 SLP107 T02890011 56027,M
PHX,2025-11-14 21:51,-112.0116,33.4343,337.00,85.00,32.00,14.89,0.00,0.00,0.00,29.88,1010.30,10.00,M,FEW,M,M,M,25000.00,M,M,M,M,M,M,M,M,M,M,81.88,KPHX 142151Z 00000KT 10SM FEW250 29/00 A2988 RMK AO2 SLP103 T02940000,M
PHX,2025-11-14 22:51,-112.0116,33.4343,337.00,87.00,32.00,13.97,190.00,3.00,0.00,29.87,1010.00,10.00,M,FEW,M,M,M,25000.00,M,M,M,M,M,M,M,M,M,M,83.43,KPHX 142251Z 19003KT 10SM FEW250 31/00 A2987 RMK AO2 SLP100 T03060000,M
PHX,2025-11-14 23:51,-112.0116,33.4343,337.00,85.00,35.00,16.79,270.00,6.00,0.00,29.87,1009.90,10.00,M,FEW,M,M,M,25000.00,M,M,M,M,M,M,M,M,M,M,81.92,KPHX 142351Z 27006KT 10SM FEW250 29/02 A2987 RMK AO2 SLP099 T02940017 10317 20256 56008,M
PHX,2025-11-15 00:51,-112.0116,33.4343,337.00,81.00,38.00,21.51,240.00,4.00,0.00,29.87,1010.10,10.00,M,FEW,M,M,M,25000.00,M,M,M,M,M,M,M,M,M,M,79.28,KPHX 150051Z 24004KT 10SM FEW250 27/03 A2987 RMK AO2 SLP101 T02720033,M
PHX,2025-11-15 01:51,-112.0116,33.4343,337.00,78.00,39.00,24.67,240.00,3.00,0.00,29.88,1010.50,10.00,M,FEW,M,M,M,25000.00,M,M,M,M,M,M,M,M,M,M,78.00,KPHX 150151Z 24003KT 10SM FEW250 26/04 A2988 RMK AO2 SLP105 T02560039,M
PHX,2025-11-15 02:51,-112.0116,33.4343,337.00,76.00,39.00,26.36,250.00,3.00,0.00,29.89,1010.90,10.00,M,CLR,M,M,M,M,M,M,M,M,M,M,M,M,M,M,76.00,KPHX 150251Z 25003KT 10SM CLR 24/04 A2989 RMK AO2 SLP109 T02440039 53008,M
PHX,2025-11-15 03:51,-112.0116,33.4343,337.00,74.00,39.00,28.18,0.00,0.00,0.00,29.90,1011.30,10.00,M,CLR,M,M,M,M,M,M,M,M,M,M,M,M,M,M,74.00,KPHX 150351Z 00000KT 10SM CLR 23/04 A2990 RMK AO2 SLP113 T02330039,M
PHX,2025-11-15 04:51,-112.0116,33.4343,337.00,74.00,38.00,27.10,0.00,0.00,0.00,29.92,1011.80,10.00,M,CLR,M,M,M,M,M,M,M,M,M,M,M,M,M,M,74.00,KPHX 150451Z 00000KT 10SM CLR 23/03 A2992 RMK AO2 SLP118 T02330033,M
PHX,2025-11-15 05:51,-112.0116,33.4343,337.00,70.00,42.00,36.24,90.00,5.00,0.00,29.92,1011.80,10.00,M,CLR,M,M,M,M,M,M,M,M,M,M,M,M,M,M,70.00,KPHX 150551Z 09005KT 10SM CLR 21/06 A2992 RMK AO2 SLP118 T02110056 10300 20211 51010,M
PHX,2025-11-15 06:51,-112.0116,33.4343,337.00,68.00,40.00,35.92,100.00,5.00,0.00,29.92,1011.80,10.00,M,CLR,M,M,M,M,M,M,M,M,M,M,M,M,M,M,68.00,KPHX 150651Z 10005KT 10SM CLR 20/04 A2992 RMK AO2 SLP118 T02000044 403170161,M
PHX,2025-11-15 07:51,-112.0116,33.4343,337.00,67.00,41.00,38.65,120.00,5.00,0.00,29.91,1011.50,10.00,M,CLR,M,M,M,M,M,M,M,M,M,M,M,M,M,M,67.00,KPHX 150751Z 12005KT 10SM CLR 19/05 A2991 RMK AO2 SLP115 T01940050,M
PHX,2025-11-15 08:51,-112.0116,33.4343,337.00,65.00,41.00,41.42,100.00,4.00,0.00,29.90,1011.10,10.00,M,CLR,M,M,M,M,M,M,M,M,M,M,M,M,M,M,65.00,KPHX 150851Z 10004KT 10SM CLR 18/05 A2990 RMK AO2 SLP111 T01830050 58007,M
PHX,2025-11-15 09:51,-112.0116,33.4343,337.00,65.00,41.00,41.42,110.00,6.00,0.00,29.89,1010.90,10.00,M,CLR,M,M,M,M,M,M,M,M,M,M,M,M,M,M,65.00,KPHX 150951Z 11006KT 10SM CLR 18/05 A2989 RMK AO2 SLP109 T01830050,M
PHX,2025-11-15 10:51,-112.0116,33.4343,337.00,64.00,40.00,41.26,120.00,8.00,0.00,29.89,1010.60,10.00,M,CLR,M,M,M,M,M,M,M,M,M,M,M,M,M,M,64.00,KPHX 151051Z 12008KT 10SM CLR 18/04 A2989 RMK AO2 SLP106 T01780044,M
PHX,2025-11-15 11:51,-112.0116,33.4343,337.00,63.00,39.00,41.10,110.00,8.00,0.00,29.89,1010.70,10.00,M,CLR,M,M,M,M,M,M,M,M,M,M,M,M,M,M,63.00,KPHX 151151Z 11008KT 10SM CLR 17/04 A2989 RMK AO2 SLP107 T01720039 10217 20172 55004,M
PHX,2025-11-15 12:51,-112.0116,33.4343,337.00,62.00,40.00,44.26,100.00,6.00,0.00,29.90,1011.10,10.00,M,CLR,M,M,M,M,M,M,M,M,M,M,M,M,M,M,62.00,KPHX 151251Z 10006KT 10SM CLR 17/04 A2990 RMK AO2 SLP111 T01670044,M
PHX,2025-11-15 13:51,-112.0116,33.4343,337.00,62.00,39.00,42.57,120.00,6.00,0.00,29.92,1011.90,10.00,M,CLR,M,M,M,M,M,M,M,M,M,M,M,M,M,M,62.00,KPHX 151351Z 12006KT 10SM CLR 17/04 A2992 RMK AO2 SLP119 T01670039,M
PHX,2025-11-15 14:51,-112.0116,33.4343,337.00,64.00,40.00,41.26,120.00,4.00,0.00,29.94,1012.70,8.00,M,FEW,M,M,M,25000.00,M,M,M,M,M,M,M,M,M,M,64.00,KPHX 151451Z 12004KT 8SM FEW250 18/04 A2994 RMK AO2 SLP127 T01780044 53017,M
PHX,2025-11-15 15:51,-112.0116,33.4343,337.00,68.00,40.00,35.92,130.00,7.00,0.00,29.96,1013.20,10.00,M,FEW,SCT,M,M,12000.00,25000.00,M,M,M,M,M,M,M,M,M,68.00,KPHX 151551Z 13007KT 10SM FEW120 SCT250 20/04 A2996 RMK AO2 SLP132 T02000044,M
PHX,2025-11-15 16:51,-112.0116,33.4343,337.00,73.00,39.00,29.14,110.00,7.00,0.00,29.97,1013.50,10.00,M,FEW,BKN,M,M,14000.00,25000.00,M,M,M,M,M,M,M,M,M,73.00,KPHX 151651Z 11007KT 10SM FEW140 BKN250 23/04 A2997 RMK AO2 SLP135 T02280039,M
PHX,2025-11-15 17:51,-112.0116,33.4343,337.00,74.00,40.00,29.30,110.00,8.00,0.00,29.96,1013.30,10.00,M,FEW,BKN,M,M,14000.00,25000.00,M,M,M,M,M,M,M,M,M,74.00,KPHX 151751Z 11008KT 10SM FEW140 BKN250 23/04 A2996 RMK AO2 SLP133 T02330044 10233 20161 50007,M
PHX,2025-11-15 18:51,-112.0116,33.4343,337.00,79.00,40.00,24.83,120.00,10.00,0.00,29.94,1012.30,10.00,M,FEW,FEW,BKN,M,9000.00,14000.00,23000.00,M,M,M,M,M,M,M,M,79.00,KPHX 151851Z 12010KT 10SM FEW090 FEW140 BKN230 26/04 A2994 RMK AO2 SLP123 T02610044,M
PHX,2025-11-15 19:51,-112.0116,33.4343,337.00,82.00,43.00,25.28,130.00,7.00,0.00,29.91,1011.20,10.00,M,FEW,SCT,SCT,BKN,9000.00,13000.00,17000.00,23000.00,M,M,M,M,M,M,M,80.15,KPHX 151951Z 13007KT 10SM FEW090 SCT130 SCT170 BKN230 28/06 A2991 RMK AO2 SLP112 T02780061,M
PHX,2025-11-15 20:51,-112.0116,33.4343,337.00,82.00,45.00,27.29,180.00,8.00,0.00,29.89,1010.60,10.00,M,FEW,BKN,BKN,BKN,9000.00,13000.00,17000.00,23000.00,M,M,M,M,M,M,M,80.28,KPHX 152051Z 18008KT 10SM FEW090 BKN130 BKN170 BKN230 28/07 A2989 RMK AO2 SLP106 T02780072 56025,M
PHX,2025-11-15 21:51,-112.0116,33.4343,337.00,80.00,47.00,31.41,190.00,4.00,0.00,29.90,1011.10,10.00,M,BKN,OVC,M,M,9000.00,11000.00,M,M,M,M,M,M,M,M,M,79.29,KPHX 152151Z 19004KT 10SM BKN090 OVC110 27/08 A2990 RMK AO2 SLP111 VIRGA T02670083,M
PHX,2025-11-15 22:51,-112.0116,33.4343,337.00,80.00,48.00,32.62,170.00,6.00,0.00,29.89,1010.90,10.00,M,SCT,OVC,M,M,9000.00,11000.00,M,M,M,M,M,M,M,M,M,79.37,KPHX 152251Z 17006KT 10SM SCT090 OVC110 27/09 A2989 RMK AO2 SLP109 SHRA DSNT NE-SE T02670089,M
PHX,2025-11-15 23:51,-112.0116,33.4343,337.00,79.00,50.00,36.32,130.00,7.00,0.00,29.89,1010.70,10.00,M,SCT,OVC,M,M,8500.00,10000.00,M,M,M,M,M,M,M,M,M,79.00,KPHX 152351Z 13007KT 10SM SCT085 OVC100 26/10 A2989 RMK AO2 SLP107 SHRA DSNT E-S T02610100 10283 20233 58000,M
PHX,2025-11-16 00:51,-112.0116,33.4343,337.00,77.00,49.00,37.37,80.00,9.00,0.00,29.89,1010.80,10.00,M,FEW,BKN,BKN,M,7000.00,9000.00,11000.00,M,M,M,M,M,M,M,M,77.00,KPHX 160051Z 08009KT 10SM FEW070 BKN090 BKN110 25/09 A2989 RMK AO2 SLP108 T02500094,M
PHX,2025-11-16 01:51,-112.0116,33.4343,337.00,77.00,52.00,41.77,140.00,9.00,T,29.90,1011.10,10.00,M,SCT,BKN,M,M,9000.00,11000.00,M,M,M,M,M,M,M,M,M,77.00,KPHX 160151Z 14009KT 10SM SCT090 BKN110 25/11 A2990 RMK AO2 RAB15E26 SLP111 SHRA NE-SE P0000 T02500111,M
PHX,2025-11-16 02:51,-112.0116,33.4343,337.00,76.00,52.00,43.18,160.00,9.00,0.00,29.91,1011.70,10.00,M,FEW,SCT,OVC,M,7500.00,9000.00,11000.00,M,M,M,M,M,M,M,M,76.00,KPHX 160251Z 16009KT 10SM FEW075 SCT090 OVC110 24/11 A2991 RMK AO2 SLP117 60000 T02440111 53009,M
PHX,2025-11-16 03:51,-112.0116,33.4343,337.00,75.00,52.00,44.64,160.00,8.00,0.00,29.92,1011.80,10.00,M,SCT,BKN,M,M,8000.00,10000.00,M,M,M,M,M,M,M,M,M,75.00,KPHX 160351Z 16008KT 10SM SCT080 BKN100 24/11 A2992 RMK AO2 SLP118 T02390111,M
PHX,2025-11-16 04:51,-112.0116,33.4343,337.00,73.00,56.00,55.24,130.00,8.00,0.00,29.93,1012.10,10.00,M,SCT,BKN,M,M,7000.00,9000.00,M,M,M,M,M,M,M,M,M,73.00,KPHX 160451Z 13008KT 10SM SCT070 BKN090 23/13 A2993 RMK AO2 SLP121 T02280133,M
PHX,2025-11-16 05:51,-112.0116,33.4343,337.00,72.00,56.00,57.14,100.00,5.00,0.00,29.92,1012.00,10.00,M,SCT,BKN,M,M,7000.00,10000.00,M,M,M,M,M,M,M,M,M,72.00,KPHX 160551Z 10005KT 10SM SCT070 BKN100 22/13 A2992 RMK AO2 SLP120 60000 T02220133 10261 20222 50004,M
PHX,2025-11-16 07:51,-112.0116,33.4343,337.00,71.00,57.00,61.28,0.00,0.00,0.00,29.91,1011.50,10.00,M,SCT,BKN,BKN,M,7000.00,9500.00,12000.00,M,M,M,M,M,M,M,M,71.00,KPHX 160751Z 00000KT 10SM SCT070 BKN095 BKN120 22/14 A2991 RMK AO2 SLP115 T02170139,M
PHX,2025-11-16 08:51,-112.0116,33.4343,337.00,71.00,56.00,59.11,150.00,6.00,0.00,29.91,1011.20,10.00,M,SCT,BKN,BKN,M,7000.00,9000.00,11000.00,M,M,M,M,M,M,M,M,71.00,KPHX 160851Z 15006KT 10SM SCT070 BKN090 BKN110 22/13 A2991 RMK AO2 SLP112 T02170133 58005,M
PHX,2025-11-16 09:51,-112.0116,33.4343,337.00,70.00,56.00,61.15,180.00,4.00,0.00,29.90,1011.10,10.00,M,SCT,BKN,BKN,M,7000.00,9000.00,11000.00,M,M,M,M,M,M,M,M,70.00,KPHX 160951Z 18004KT 10SM SCT070 BKN090 BKN110 21/13 A2990 RMK AO2 SLP111 T02110133,M
PHX,2025-11-16 10:51,-112.0116,33.4343,337.00,70.00,56.00,61.15,240.00,9.00,0.00,29.90,1011.20,10.00,M,FEW,BKN,BKN,M,5500.00,7000.00,9000.00,M,M,M,M,M,M,M,M,70.00,KPHX 161051Z 24009KT 10SM FEW055 BKN070 BKN090 21/13 A2990 RMK AO2 SLP112 SHRA DSNT SW T02110133,M
PHX,2025-11-16 11:51,-112.0116,33.4343,337.00,68.00,59.00,72.95,280.00,3.00,T,29.91,1011.30,10.00,M,FEW,BKN,BKN,M,5000.00,7000.00,9000.00,M,M,M,M,M,M,M,M,68.00,KPHX 161151Z 28003KT 10SM FEW050 BKN070 BKN090 20/15 A2991 RMK AO2 RAB1052E01 SLP113 P0000 60000 T02000150 10222 20200 55001 $,M
PHX,2025-11-16 12:51,-112.0116,33.4343,337.00,67.00,59.00,75.50,270.00,6.00,0.00,29.91,1011.60,10.00,M,FEW,SCT,BKN,M,3200.00,5000.00,7000.00,M,M,M,M,M,M,M,M,67.00,KPHX 161251Z 27006KT 10SM FEW032 SCT050 BKN070 19/15 A2991 RMK AO2 SLP116 T01940150 $,M
PHX,2025-11-16 13:51,-112.0116,33.4343,337.00,64.00,59.00,83.80,270.00,6.00,0.00,29.93,1012.20,10.00,M,SCT,BKN,OVC,M,2500.00,3300.00,4300.00,M,M,M,M,M,M,M,M,64.00,KPHX 161351Z 27006KT 10SM SCT025 BKN033 OVC043 18/15 A2993 RMK AO2 SLP122 T01780150 $,M
PHX,2025-11-16 14:10,-112.0116,33.4343,337.00,64.00,59.00,83.80,270.00,7.00,0.00,29.94,M,10.00,M,BKN,BKN,BKN,M,2900.00,3500.00,4300.00,M,M,M,M,M,M,M,M,64.00,KPHX 161410Z 27007KT 10SM BKN029 BKN035 BKN043 18/15 A2994 RMK AO2 T01780150 $,M
PHX,2025-11-16 14:32,-112.0116,33.4343,337.00,65.00,58.00,78.08,250.00,5.00,0.00,29.94,M,10.00,M,BKN,BKN,BKN,M,3300.00,4300.00,6000.00,M,M,M,M,M,M,M,M,65.00,KPHX 161432Z 25005KT 10SM BKN033 BKN043 BKN060 18/14 A2994 RMK AO2 T01830144 $,M
PHX,2025-11-16 14:51,-112.0116,33.4343,337.00,64.00,58.00,80.85,270.00,4.00,0.00,29.95,1012.80,10.00,M,SCT,BKN,BKN,M,3400.00,4700.00,6000.00,M,M,M,M,M,M,M,M,64.00,KPHX 161451Z 27004KT 10SM SCT034 BKN047 BKN060 18/14 A2995 RMK AO2 SLP128 T01780144 53013 $,M
PHX,2025-11-16 15:51,-112.0116,33.4343,337.00,67.00,53.00,60.75,190.00,3.00,0.00,29.96,1013.10,10.00,M,FEW,SCT,BKN,BKN,3400.00,4700.00,6000.00,13000.00,M,M,M,M,M,M,M,67.00,KPHX 161551Z 19003KT 10SM FEW034 SCT047 BKN060 BKN130 19/12 A2996 RMK AO2 SLP131 T01940117 $,M
PHX,2025-11-16 16:51,-112.0116,33.4343,337.00,68.00,48.00,48.76,240.00,11.00,0.00,29.98,1013.80,10.00,M,FEW,SCT,BKN,BKN,2900.00,5500.00,8000.00,13000.00,M,M,M,M,M,M,M,68.00,KPHX 161651Z 24011KT 10SM FEW029 SCT055 BKN080 BKN130 20/09 A2998 RMK AO2 SLP138 T02000089 $,M
PHX,2025-11-16 17:51,-112.0116,33.4343,337.00,69.00,50.00,50.77,290.00,9.00,0.00,29.98,1014.00,10.00,M,SCT,SCT,BKN,BKN,5000.00,8000.00,13000.00,25000.00,M,M,M,M,M,M,M,69.00,KPHX 161751Z 29009KT 10SM SCT050 SCT080 BKN130 BKN250 21/10 A2998 RMK AO2 SLP140 T02060100 10217 20178 51012 $,M
PHX,2025-11-16 18:51,-112.0116,33.4343,337.00,74.00,50.00,42.86,240.00,12.00,0.00,29.96,1013.10,10.00,M,SCT,SCT,BKN,M,5000.00,16000.00,25000.00,M,M,M,M,M,M,M,M,74.00,KPHX 161851Z 24012KT 10SM SCT050 SCT160 BKN250 23/10 A2996 RMK AO2 SLP131 T02330100 $,M
PHX,2025-11-16 19:51,-112.0116,33.4343,337.00,73.00,50.00,44.33,M,4.00,0.00,29.93,1012.20,10.00,M,BKN,BKN,BKN,M,6000.00,14000.00,25000.00,M,M,M,M,M,M,M,M,73.00,KPHX 161951Z VRB04KT 10SM BKN060 BKN140 BKN250 23/10 A2993 RMK AO2 SLP122 T02280100 $,M
PHX,2025-11-16 20:51,-112.0116,33.4343,337.00,75.00,48.00,38.47,260.00,8.00,0.00,29.91,1011.70,10.00,M,FEW,BKN,BKN,BKN,5000.00,7500.00,9000.00,25000.00,M,M,M,M,M,M,M,75.00,KPHX 162051Z 26008KT 10SM FEW050 BKN075 BKN090 BKN250 24/09 A2991 RMK AO2 SLP117 T02390089 56023 $,M
PHX,2025-11-16 21:51,-112.0116,33.4343,337.00,75.00,46.00,35.68,220.00,8.00,0.00,29.90,1011.20,10.00,M,SCT,BKN,BKN,M,8000.00,12000.00,24000.00,M,M,M,M,M,M,M,M,75.00,KPHX 162151Z 22008KT 10SM SCT080 BKN120 BKN240 24/08 A2990 RMK AO2 SLP112 T02390078 $,M
PHX,2025-11-16 22:51,-112.0116,33.4343,337.00,75.00,44.00,33.06,290.00,11.00,0.00,29.90,1011.10,10.00,17.00,SCT,SCT,BKN,BKN,6500.00,12000.00,20000.00,27000.00,M,M,M,M,M,M,M,75.00,KPHX 162251Z 29011G17KT 10SM SCT065 SCT120 BKN200 BKN270 24/07 A2990 RMK AO2 SLP111 SHRA DSNT SE T02390067 $,M
PHX,2025-11-16 23:51,-112.0116,33.4343,337.00,72.00,43.00,35.19,270.00,10.00,0.00,29.90,1011.10,10.00,M,BKN,BKN,BKN,M,8000.00,15000.00,24000.00,M,M,M,M,M,M,M,M,72.00,KPHX 162351Z 27010KT 10SM BKN080 BKN150 BKN240 22/06 A2990 RMK AO2 SLP111 SHRA DSNT E-SE T02220061 10244 20206 56006 $,M
PHX,2025-11-17 00:51,-112.0116,33.4343,337.00,71.00,42.00,35.03,270.00,7.00,0.00,29.90,1011.40,10.00,M,SCT,BKN,BKN,BKN,9000.00,11000.00,15000.00,22000.00,M,M,M,M,M,M,M,71.00,KPHX 170051Z 27007KT 10SM SCT090 BKN110 BKN150 BKN220 22/06 A2990 RMK AO2 SLP114 SHRA DSNT E-S T02170056 $,M
PHX,2025-11-17 01:51,-112.0116,33.4343,337.00,69.00,42.00,37.50,240.00,5.00,0.00,29.92,1012.10,10.00,M,SCT,BKN,BKN,BKN,9000.00,13000.00,18000.00,23000.00,M,M,M,M,M,M,M,69.00,KPHX 170151Z 24005KT 10SM SCT090 BKN130 BKN180 BKN230 21/06 A2992 RMK AO2 SLP121 T02060056 $,M
PHX,2025-11-17 02:51,-112.0116,33.4343,337.00,67.00,42.00,40.17,0.00,0.00,0.00,29.92,1012.10,10.00,M,SCT,SCT,SCT,M,8000.00,14000.00,21000.00,M,M,M,M,M,M,M,M,67.00,KPHX 170251Z 00000KT 10SM SCT080 SCT140 SCT210 19/06 A2992 RMK AO2 SLP121 T01940056 51008 $,M
PHX,2025-11-17 03:51,-112.0116,33.4343,337.00,66.00,42.00,41.58,0.00,0.00,0.00,29.93,1012.40,10.00,M,SCT,SCT,M,M,8000.00,14000.00,M,M,M,M,M,M,M,M,M,66.00,KPHX 170351Z 00000KT 10SM SCT080 SCT140 19/06 A2993 RMK AO2 SLP124 T01890056 $,M
PHX,2025-11-17 04:51,-112.0116,33.4343,337.00,67.00,42.00,40.17,270.00,8.00,0.00,29.94,1012.60,10.00,M,SCT,SCT,M,M,9000.00,13000.00,M,M,M,M,M,M,M,M,M,67.00,KPHX 170451Z 27008KT 10SM SCT090 SCT130 19/06 A2994 RMK AO2 SLP126 T01940056 $,M
PHX,2025-11-17 05:51,-112.0116,33.4343,337.00,64.00,43.00,46.33,240.00,3.00,0.00,29.95,1013.00,10.00,M,SCT,SCT,M,M,9000.00,12000.00,M,M,M,M,M,M,M,M,M,64.00,KPHX 170551Z 24003KT 10SM SCT090 SCT120 18/06 A2995 RMK AO2 SLP130 T01780061 10222 20178 53008 $,M
PHX,2025-11-17 06:51,-112.0116,33.4343,337.00,65.00,42.00,43.05,260.00,4.00,0.00,29.95,1012.90,10.00,M,FEW,FEW,M,M,9000.00,12000.00,M,M,M,M,M,M,M,M,M,65.00,KPHX 170651Z 26004KT 10SM FEW090 FEW120 18/06 A2995 RMK AO2 SLP129 T01830056 402440178 $,M
PHX,2025-11-17 07:51,-112.0116,33.4343,337.00,61.00,43.00,51.49,240.00,3.00,0.00,29.94,1012.60,10.00,M,FEW,FEW,M,M,8500.00,12000.00,M,M,M,M,M,M,M,M,M,61.00,KPHX 170751Z 24003KT 10SM FEW085 FEW120 16/06 A2994 RMK AO2 SLP126 T01610061 $,M
PHX,2025-11-17 08:51,-112.0116,33.4343,337.00,62.00,43.00,49.70,0.00,0.00,0.00,29.93,1012.20,10.00,M,FEW,SCT,M,M,8500.00,25000.00,M,M,M,M,M,M,M,M,M,62.00,KPHX 170851Z 00000KT 10SM FEW085 SCT250 17/06 A2993 RMK AO2 SLP122 T01670061 58006 $,M
PHX,2025-11-17 09:51,-112.0116,33.4343,337.00,60.00,43.00,53.35,0.00,0.00,0.00,29.93,1012.50,10.00,M,FEW,SCT,M,M,8500.00,25000.00,M,M,M,M,M,M,M,M,M,60.00,KPHX 170951Z 00000KT 10SM FEW085 SCT250 16/06 A2993 RMK AO2 SLP125 T01560061 $,M
PHX,2025-11-17 10:51,-112.0116,33.4343,337.00,61.00,43.00,51.49,80.00,3.00,0.00,29.93,1012.40,10.00,M,SCT,M,M,M,25000.00,M,M,M,M,M,M,M,M,M,M,61.00,KPHX 171051Z 08003KT 10SM SCT250 16/06 A2993 RMK AO2 SLP124 T01610061 $,M
PHX,2025-11-17 11:51,-112.0116,33.4343,337.00,58.00,45.00,61.85,100.00,5.00,0.00,29.93,1012.70,10.00,M,FEW,SCT,M,M,15000.00,25000.00,M,M,M,M,M,M,M,M,M,58.00,KPHX 171151Z 10005KT 10SM FEW150 SCT250 14/07 A2993 RMK AO2 SLP127 T01440072 10183 20144 52002 $,M
PHX,2025-11-17 12:51,-112.0116,33.4343,337.00,57.00,45.00,64.12,100.00,5.00,0.00,29.94,1012.80,10.00,M,SCT,M,M,M,25000.00,M,M,M,M,M,M,M,M,M,M,57.00,KPHX 171251Z 10005KT 10SM SCT250 14/07 A2994 RMK AO2 SLP128 T01390072 $,M
PHX,2025-11-17 13:51,-112.0116,33.4343,337.00,56.00,45.00,66.48,80.00,7.00,0.00,29.95,1013.30,10.00,M,FEW,SCT,M,M,15000.00,25000.00,M,M,M,M,M,M,M,M,M,56.00,KPHX 171351Z 08007KT 10SM FEW150 SCT250 13/07 A2995 RMK AO2 SLP133 T01330072 $,M
PHX,2025-11-17 14:51,-112.0116,33.4343,337.00,57.00,45.00,64.12,90.00,4.00,0.00,29.97,1014.10,10.00,M,FEW,BKN,M,M,15000.00,25000.00,M,M,M,M,M,M,M,M,M,57.00,KPHX 171451Z 09004KT 10SM FEW150 BKN250 14/07 A2997 RMK AO2 SLP141 T01390072 53013 $,M
PHX,2025-11-17 15:51,-112.0116,33.4343,337.00,61.00,47.00,59.95,80.00,6.00,0.00,29.98,1014.20,10.00,M,FEW,BKN,BKN,M,15000.00,25000.00,29000.00,M,M,M,M,M,M,M,M,61.00,KPHX 171551Z 08006KT 10SM FEW150 BKN250 BKN290 16/08 A2998 RMK AO2 SLP142 T01610083 $,M
PHX,2025-11-17 16:51,-112.0116,33.4343,337.00,64.00,47.00,53.94,110.00,4.00,0.00,29.98,1014.10,10.00,M,FEW,FEW,BKN,BKN,10000.00,15000.00,25000.00,29000.00,M,M,M,M,M,M,M,64.00,KPHX 171651Z 11004KT 10SM FEW100 FEW150 BKN250 BKN290 18/08 A2998 RMK AO2 SLP141 T01780083,M
PHX,2025-11-17 17:51,-112.0116,33.4343,337.00,67.00,46.00,46.80,M,3.00,0.00,29.98,1013.90,10.00,M,FEW,SCT,BKN,BKN,7000.00,15000.00,25000.00,29000.00,M,M,M,M,M,M,M,67.00,KPHX 171751Z VRB03KT 10SM FEW070 SCT150 BKN250 BKN290 19/08 A2998 RMK AO2 SLP139 T01940078 10200 20133 50000,M
PHX,2025-11-17 18:51,-112.0116,33.4343,337.00,71.00,45.00,39.29,M,4.00,0.00,29.95,1013.10,10.00,M,FEW,SCT,BKN,BKN,7000.00,15000.00,25000.00,29000.00,M,M,M,M,M,M,M,71.00,KPHX 171851Z VRB04KT 10SM FEW070 SCT150 BKN250 BKN290 22/07 A2995 RMK AO2 SLP131 T02170072,M
PHX,2025-11-17 19:51,-112.0116,33.4343,337.00,73.00,44.00,35.35,0.00,0.00,0.00,29.92,1012.10,10.00,M,FEW,FEW,BKN,BKN,7000.00,15000.00,25000.00,29000.00,M,M,M,M,M,M,M,73.00,KPHX 171951Z COR 00000KT 10SM FEW070 FEW150 BKN250 BKN290 23/07 A2992 RMK AO2 SLP121 T02280067,M
PHX,2025-11-17 20:51,-112.0116,33.4343,337.00,74.00,44.00,34.19,M,4.00,0.00,29.89,1011.00,10.00,M,FEW,FEW,BKN,BKN,7000.00,15000.00,25000.00,29000.00,M,M,M,M,M,M,M,74.00,KPHX 172051Z VRB04KT 10SM FEW070 FEW150 BKN250 BKN290 23/07 A2989 RMK AO2 SLP110 T02330067 58028,M
PHX,2025-11-17 21:51,-112.0116,33.4343,337.00,74.00,43.00,32.90,110.00,5.00,0.00,29.87,1010.40,10.00,M,SCT,SCT,BKN,BKN,7000.00,13000.00,20000.00,27000.00,M,M,M,M,M,M,M,74.00,KPHX 172151Z 11005KT 10SM SCT070 SCT130 BKN200 BKN270 23/06 A2987 RMK AO2 SLP104 T02330061,M
PHX,2025-11-17 22:51,-112.0116,33.4343,337.00,75.00,44.00,33.06,150.00,7.00,0.00,29.86,1009.90,10.00,M,FEW,FEW,SCT,SCT,8000.00,12000.00,20000.00,25000.00,M,M,M,M,M,M,M,75.00,KPHX 172251Z 15007KT 10SM FEW080 FEW120 SCT200 SCT250 24/07 A2986 RMK AO2 SLP099 T02390067,M
PHX,2025-11-17 23:51,-112.0116,33.4343,337.00,74.00,44.00,34.19,180.00,3.00,0.00,29.86,1010.00,10.00,M,FEW,SCT,BKN,BKN,10000.00,13000.00,19000.00,25000.00,M,M,M,M,M,M,M,74.00,KPHX 172351Z 18003KT 10SM FEW100 SCT130 BKN190 BKN250 23/07 A2986 RMK AO2 SLP100 T02330067 10244 20194 55009,M
PHX,2025-11-18 00:51,-112.0116,33.4343,337.00,72.00,44.00,36.56,0.00,0.00,0.00,29.86,1010.10,10.00,M,FEW,BKN,BKN,BKN,7000.00,11000.00,15000.00,25000.00,M,M,M,M,M,M,M,72.00,KPHX 180051Z 00000KT 10SM FEW070 BKN110 BKN150 BKN250 22/07 A2986 RMK AO2 SLP101 SHRA DSNT SW MOV NE T02220067,M
PHX,2025-11-18 01:51,-112.0116,33.4343,337.00,72.00,45.00,37.99,0.00,0.00,0.00,29.87,1010.30,10.00,M,FEW,OVC,M,M,9000.00,11000.00,M,M,M,M,M,M,M,M,M,72.00,KPHX 180151Z 00000KT 10SM FEW090 OVC110 22/07 A2987 RMK AO2 SLP103 T02220072,M
PHX,2025-11-18 02:51,-112.0116,33.4343,337.00,72.00,46.00,39.45,0.00,0.00,0.00,29.87,1010.50,10.00,M,FEW,OVC,M,M,8000.00,9500.00,M,M,M,M,M,M,M,M,M,72.00,KPHX 180251Z 00000KT 10SM FEW080 OVC095 22/08 A2987 RMK AO2 SLP105 T02220078 53003,M
PHX,2025-11-18 03:51,-112.0116,33.4343,337.00,69.00,48.00,47.11,190.00,5.00,0.00,29.88,1010.80,10.00,M,SCT,OVC,OVC,M,7000.00,8000.00,11000.00,M,VCSH,M,M,M,M,M,M,69.00,KPHX 180351Z COR 19005KT 10SM VCSH SCT070 OVC080 21/09 A2988 RMK AO2 SLP108 VC SHRA W-N AND E-S T02060089,M
PHX,2025-11-18 04:51,-112.0116,33.4343,337.00,64.00,57.00,77.99,160.00,7.00,0.02,29.91,1011.70,8.00,M,FEW,OVC,M,M,5500.00,7000.00,M,M,-RA,M,M,M,M,M,M,64.00,KPHX 180451Z 16007KT 8SM -RA FEW055 OVC070 18/14 A2991 RMK AO2 RAB21 SLP117 P0002 T01780139,M
PHX,2025-11-18 05:51,-112.0116,33.4343,337.00,64.00,57.00,77.99,0.00,0.00,0.01,29.91,1011.70,9.00,M,FEW,BKN,OVC,M,4000.00,6000.00,8000.00,M,-RA,M,M,M,M,M,M,64.00,KPHX 180551Z 00000KT 9SM -RA FEW040 BKN060 OVC080 18/14 A2991 RMK AO2 SLP117 P0001 60003 T01780139 10233 20178 51013,M
PHX,2025-11-18 06:51,-112.0116,33.4343,337.00,63.00,58.00,83.73,60.00,6.00,0.02,29.89,1011.20,10.00,M,BKN,BKN,M,M,6000.00,8000.00,M,M,M,M,M,M,M,M,M,63.00,KPHX 180651Z 06006KT 10SM BKN060 BKN080 17/14 A2989 RMK AO2 RAE26 SLP112 P0002 T01720144 402440133,M
PHX,2025-11-18 07:51,-112.0116,33.4343,337.00,63.00,57.00,80.77,80.00,3.00,T,29.89,1010.90,10.00,M,BKN,BKN,BKN,M,6000.00,8000.00,11000.00,M,-RA,M,M,M,M,M,M,63.00,KPHX 180751Z 08003KT 10SM -RA BKN060 BKN080 BKN110 17/14 A2989 RMK AO2 RAB43 SLP109 P0000 T01720139,M
PHX,2025-11-18 08:51,-112.0116,33.4343,337.00,63.00,57.00,80.77,100.00,6.00,T,29.88,1010.60,10.00,M,FEW,BKN,BKN,M,4100.00,6500.00,8000.00,M,M,M,M,M,M,M,M,63.00,KPHX 180851Z 10006KT 10SM FEW041 BKN065 BKN080 17/14 A2988 RMK AO2 RAE0756B16E25 SLP106 P0000 60002 T01720139 56010,M
PHX,2025-11-18 09:51,-112.0116,33.4343,337.00,61.00,56.00,83.60,110.00,6.00,0.00,29.87,1010.40,10.00,M,SCT,SCT,BKN,M,6500.00,8000.00,24000.00,M,M,M,M,M,M,M,M,61.00,KPHX 180951Z 11006KT 10SM SCT065 SCT080 BKN240 16/13 A2987 RMK AO2 SLP104 FRQ LTGIC DSNT SW-W CB DSNT SW-W T01610133,M
PHX,2025-11-18 10:51,-112.0116,33.4343,337.00,61.00,55.00,80.62,140.00,6.00,0.00,29.88,1010.60,10.00,M,SCT,SCT,BKN,BKN,6500.00,8000.00,18000.00,25000.00,M,M,M,M,M,M,M,61.00,KPHX 181051Z 14006KT 10SM SCT065 SCT080 BKN180 BKN250 16/13 A2988 RMK AO2 SLP106 T01610128,M
PHX,2025-11-18 11:51,-112.0116,33.4343,337.00,61.00,56.00,83.60,120.00,6.00,0.00,29.88,1010.70,10.00,M,SCT,SCT,BKN,BKN,6000.00,9000.00,18000.00,23000.00,M,M,M,M,M,M,M,61.00,KPHX 181151Z 12006KT 10SM SCT060 SCT090 BKN180 BKN230 16/13 A2988 RMK AO2 SLP107 60002 70005 T01610133 10178 20161 55000,M
PHX,2025-11-18 12:51,-112.0116,33.4343,337.00,60.00,55.00,83.54,100.00,10.00,0.00,29.88,1010.60,10.00,M,SCT,BKN,BKN,BKN,7000.00,10000.00,18000.00,23000.00,M,M,M,M,M,M,M,60.00,KPHX 181251Z 10010KT 10SM SCT070 BKN100 BKN180 BKN230 16/13 A2988 RMK AO2 LTG DSNT NW SLP106 T01560128,M
PHX,2025-11-18 13:51,-112.0116,33.4343,337.00,60.00,55.00,83.54,80.00,3.00,0.00,29.89,1011.10,10.00,M,BKN,BKN,BKN,BKN,6000.00,7500.00,11000.00,18000.00,M,M,M,M,M,M,M,60.00,KPHX 181351Z 08003KT 10SM BKN060 BKN075 BKN110 BKN180 BKN230 16/13 A2989 RMK AO2 SLP111 T01560128,M
PHX,2025-11-18 14:51,-112.0116,33.4343,337.00,60.00,56.00,86.62,160.00,12.00,0.03,29.91,1011.70,10.00,M,FEW,BKN,OVC,M,800.00,3500.00,4800.00,M,M,M,M,M,M,M,M,60.00,KPHX 181451Z 16012KT 10SM FEW008 BKN035 OVC048 16/13 A2991 RMK AO2 RAB1358E15 SLP117 SHRA VC NE-E P0003 60003 T01560133 53010,M
PHX,2025-11-18 15:51,-112.0116,33.4343,337.00,60.00,57.00,89.81,140.00,10.00,0.00,29.92,1012.10,10.00,M,FEW,BKN,OVC,M,800.00,3000.00,4800.00,M,M,M,M,M,M,M,M,60.00,KPHX 181551Z 14010KT 10SM FEW008 BKN030 OVC048 16/14 A2992 RMK AO2 SLP121 SHRA VC NE-E T01560139,M
PHX,2025-11-18 16:51,-112.0116,33.4343,337.00,63.00,58.00,83.73,110.00,10.00,0.00,29.92,1012.20,10.00,M,FEW,SCT,BKN,BKN,500.00,4800.00,6000.00,15000.00,M,M,M,M,M,M,M,63.00,KPHX 181651Z 11010KT 10SM FEW005 SCT048 BKN060 BKN150 17/14 A2992 RMK AO2 SLP122 SHRA VC SE T01720144,M
PHX,2025-11-18 17:51,-112.0116,33.4343,337.00,65.00,57.00,75.32,140.00,8.00,0.00,29.93,1012.50,10.00,M,FEW,SCT,BKN,BKN,500.00,4800.00,6500.00,15000.00,M,M,M,M,M,M,M,65.00,KPHX 181751Z 14008KT 10SM FEW005 SCT048 BKN065 BKN150 18/14 A2993 RMK AO2 SLP125 SHRA DSNT E AND W-NW 60003 T01830139 10183 20156 51006,M
PHX,2025-11-18 18:51,-112.0116,33.4343,337.00,69.00,57.00,65.60,120.00,10.00,0.00,29.90,1011.50,10.00,M,SCT,SCT,BKN,BKN,4800.00,6000.00,11000.00,15000.00,M,M,M,M,M,M,M,69.00,KPHX 181851Z 12010KT 10SM SCT048 SCT060 BKN110 BKN150 21/14 A2990 RMK AO2 SLP115 T02060139,M
PHX,2025-11-18 19:51,-112.0116,33.4343,337.00,71.00,55.00,57.00,130.00,13.00,0.00,29.87,1010.30,10.00,M,SCT,BKN,BKN,BKN,3200.00,3900.00,5500.00,15000.00,M,M,M,M,M,M,M,71.00,KPHX 181951Z COR 13013KT 10SM SCT032 BKN039 BKN055 BKN150 BKN230 22/13 A2987 RMK AO2 SLP103 OCNL LTGCG DSNT SW-NW CB DSNT SW-NW T02170128,M
PHX,2025-11-18 20:11,-112.0116,33.4343,337.00,67.00,59.00,75.50,170.00,11.00,0.01,29.86,M,7.00,18.00,SCT,BKN,BKN,BKN,3200.00,3900.00,5500.00,15000.00,-RA,M,M,M,M,M,M,67.00,KPHX 182011Z 17011G18KT 7SM R07L/3000VP6000FT -RA SCT032 BKN039 BKN055 BKN150 BKN230 19/15 A2986 RMK AO2 LTG DSNT W AND NW RAB1958 OCNL LTGCG DSNT SW-NW CB DSNT SW-NW P0001 T01940150,M
PHX,2025-11-18 20:39,-112.0116,33.4343,337.00,69.00,57.00,65.60,M,4.00,0.01,29.86,M,10.00,M,SCT,SCT,BKN,BKN,3200.00,3900.00,6000.00,15000.00,VCTS,M,M,M,M,M,M,69.00,KPHX 182039Z COR VRB04KT 10SM VCTS SCT032CB SCT039 BKN060 BKN150 BKN230 21/14 A2986 RMK AO2 RAB1958E26 OCNL LTGCG VC W-NW TS VC W-NW MOV N P0001 T02060139,M
PHX,2025-11-18 20:51,-112.0116,33.4343,337.00,69.00,56.00,63.27,110.00,4.00,0.01,29.85,1009.70,10.00,M,SCT,SCT,BKN,BKN,3900.00,4700.00,6000.00,15000.00,M,M,M,M,M,M,M,69.00,KPHX 182051Z 11004KT 10SM SCT039CB SCT047 BKN060 BKN150 BKN230 21/13 A2985 RMK AO2 RAB1958E26 SLP097 OCNL LTGCG VC W-NW TS VC W-NW MOV N P0001 60001 T02060133 56026,M
PHX,2025-11-18 21:08,-112.0116,33.4343,337.00,68.00,56.00,65.48,190.00,4.00,0.00,29.84,M,10.00,M,SCT,SCT,BKN,BKN,3900.00,4700.00,6000.00,15000.00,VCTS,M,M,M,M,M,M,68.00,KPHX 182108Z 19004KT 10SM VCTS SCT039 SCT047CB BKN060 BKN150 BKN230 20/13 A2984 RMK AO2 LTG DSNT N AND NE AND S OCNL LTGCG DSNT S AND W-NW TS DSNT S AND W-NW MOV N T02000133,M
PHX,2025-11-18 21:24,-112.0116,33.4343,337.00,67.00,60.00,78.24,160.00,11.00,T,29.85,M,3.00,20.00,SCT,BKN,OVC,M,3700.00,5000.00,9000.00,M,VCTS +RA,M,M,M,M,M,M,67.00,KPHX 182124Z 16011G20KT 3SM VCTS +RA SCT037CB BKN050 OVC090 19/16 A2985 RMK AO2 RAB20 OCNL LTGCG VC S AND E TS VC S AND E MOV N P0000 T01940156,M
PHX,2025-11-18 21:31,-112.0116,33.4343,337.00,65.00,60.00,83.86,150.00,9.00,0.03,29.86,M,4.00,20.00,SCT,BKN,OVC,M,3700.00,5000.00,9000.00,M,-TSRA,M,M,M,M,M,M,65.00,KPHX 182131Z 15009G20KT 4SM -TSRA SCT037CB BKN050 OVC090 18/16 A2986 RMK AO2 RAB20 TSB25 FRQ LTGCG OHD AND E TS OHD AND E MOV N P0003 T01830156,M
PHX,2025-11-18 21:46,-112.0116,33.4343,337.00,64.40,59.00,82.63,140.00,6.00,0.03,29.85,M,10.00,M,FEW,BKN,OVC,M,3700.00,6000.00,7500.00,M,VCTS,M,M,M,M,M,M,64.40,KPHX 182146Z 14006KT 10SM VCTS FEW037 BKN060CB OVC075 18/15 A2985 RMK AO2 RAB20E35 TSB25E40 OCNL LTG VC N-E TS VC N-E MOV N-NE SHRA DSNT NW-NE P0003,M
PHX,2025-11-18 21:51,-112.0116,33.4343,337.00,66.00,59.00,78.16,150.00,5.00,0.03,29.85,1009.70,10.00,M,FEW,BKN,BKN,M,3700.00,6000.00,7500.00,M,M,M,M,M,M,M,M,66.00,KPHX 182151Z 15005KT 10SM FEW037 BKN060CB BKN075 19/15 A2985 RMK AO2 RAB20E35 TSB25E40 SLP097 OCNL LTGCG VC NE TS VC NE MOV N-NE SHRA DSNT NW-NE P0003 T01890150,M
PHX,2025-11-18 22:51,-112.0116,33.4343,337.00,70.00,55.00,58.97,170.00,4.00,T,29.84,1009.40,10.00,M,FEW,BKN,BKN,BKN,4000.00,8000.00,13000.00,21000.00,M,M,M,M,M,M,M,70.00,KPHX 182251Z COR 17004KT 10SM FEW040 BKN080 BKN130 BKN210 21/13 A2984 RMK AO2 RAB42E51 SLP094 CB DSNT NW-NE MOV NE TCU S-SW SHRA DSNT NW AND N-NE P0000 T02110128 $,M
PHX,2025-11-18 23:51,-112.0116,33.4343,337.00,71.00,53.00,52.98,200.00,11.00,0.00,29.84,1009.30,10.00,M,FEW,BKN,BKN,BKN,8000.00,12000.00,14000.00,19000.00,M,M,M,M,M,M,M,71.00,KPHX 182351Z 20011KT 10SM FEW080 BKN120 BKN140 BKN190 22/12 A2984 RMK AO2 SLP093 OCNL LTGCG DSNT NW CB DSNT SW-NW AND N MOV N SHRA DSNT W-N AND E-SE 60004 T02170117 10228 20183 56003 $,M
PHX,2025-11-19 00:51,-112.0116,33.4343,337.00,67.00,59.00,75.50,120.00,6.00,0.00,29.86,1010.10,10.00,M,FEW,SCT,BKN,BKN,3500.00,5500.00,9500.00,14000.00,M,M,M,M,M,M,M,67.00,KPHX 190051Z 12006KT 10SM FEW035 SCT055 BKN095 BKN140 BKN200 19/15 A2986 RMK AO2 SLP101 OCNL LTGCGIC DSNT NW CB DSNT NW MOV N SHRA DSNT W-N T01940150 $,M
PHX,2025-11-19 01:51,-112.0116,33.4343,337.00,67.00,57.00,70.27,120.00,5.00,0.00,29.88,1010.90,10.00,M,FEW,BKN,BKN,M,6500.00,8500.00,10000.00,M,M,M,M,M,M,M,M,67.00,KPHX 190151Z 12005KT 10SM FEW065 BKN085 BKN100 19/14 A2988 RMK AO2 SLP109 OCNL LTGCGIC DSNT W CB DSNT W-NW MOV N T01940139 $,M
PHX,2025-11-19 02:51,-112.0116,33.4343,337.00,65.00,56.00,72.64,90.00,7.00,0.00,29.90,1011.60,10.00,M,FEW,SCT,BKN,BKN,4000.00,8500.00,11000.00,15000.00,M,M,M,M,M,M,M,65.00,KPHX 190251Z 09007KT 10SM FEW040 SCT085 BKN110 BKN150 18/13 A2990 RMK AO2 SLP116 OCNL LTG DSNT W CB DSNT W MOV N T01830133 51020 $,M
PHX,2025-11-19 03:51,-112.0116,33.4343,337.00,66.00,56.00,70.16,300.00,13.00,0.00,29.92,1012.40,10.00,16.00,FEW,FEW,BKN,BKN,2500.00,4000.00,11000.00,15000.00,M,M,M,M,M,M,M,66.00,KPHX 190351Z 30013G16KT 10SM FEW025 FEW040 BKN110 BKN150 19/13 A2992 RMK AO2 SLP124 T01890133 $,M
PHX,2025-11-19 04:08,-112.0116,33.4343,337.00,65.00,56.00,72.64,260.00,8.00,0.00,29.93,M,10.00,M,FEW,SCT,M,M,9500.00,11000.00,M,M,M,M,M,M,M,M,M,65.00,KPHX 190408Z 26008KT 10SM FEW095 SCT110 18/13 A2993 RMK AO2 WSHFT 0348 T01830133 $,M
PHX,2025-11-19 04:51,-112.0116,33.4343,337.00,64.00,55.00,72.54,280.00,6.00,0.00,29.94,1012.90,10.00,M,FEW,SCT,BKN,M,5500.00,11000.00,23000.00,M,M,M,M,M,M,M,M,64.00,KPHX 190451Z 28006KT 10SM FEW055 SCT110 BKN230 18/13 A2994 RMK AO2 WSHFT 0348 SLP129 OCNL LTGIC DSNT NW CB DSNT NW T01780128 $,M
PHX,2025-11-19 05:51,-112.0116,33.4343,337.00,63.00,54.00,72.44,280.00,7.00,0.00,29.95,1013.20,10.00,M,FEW,SCT,BKN,M,5500.00,11000.00,24000.00,M,M,M,M,M,M,M,M,63.00,KPHX 190551Z 28007KT 10SM FEW055 SCT110 BKN240 17/12 A2995 RMK AO2 SLP132 OCNL LTGIC DSNT SW CB DSNT SW T01720122 10217 20172 51017 $,M
PHX,2025-11-19 06:51,-112.0116,33.4343,337.00,62.00,54.00,75.03,290.00,12.00,0.00,29.97,1013.90,10.00,M,SCT,BKN,BKN,BKN,2100.00,5000.00,10000.00,23000.00,M,M,M,M,M,M,M,62.00,KPHX 190651Z 29012KT 10SM SCT021 BKN050 BKN100 BKN230 17/12 A2997 RMK AO2 SLP139 T01670122 402280156 $,M
PHX,2025-11-19 06:58,-112.0116,33.4343,337.00,62.00,54.00,75.03,300.00,8.00,0.00,29.96,M,10.00,M,BKN,BKN,OVC,M,2000.00,3600.00,5000.00,M,M,M,M,M,M,M,M,62.00,KPHX 190658Z 30008KT 10SM BKN020 BKN036 OVC050 17/12 A2996 RMK AO2 LTG DSNT NW T01670122 $,M
PHX,2025-11-19 07:13,-112.0116,33.4343,337.00,62.00,53.00,72.34,320.00,6.00,0.00,29.96,M,10.00,M,FEW,SCT,SCT,M,1800.00,2300.00,3600.00,M,M,M,M,M,M,M,M,62.00,KPHX 190713Z 32006KT 10SM FEW018 SCT023 SCT036 17/12 A2996 RMK AO2 T01670117 $,M
PHX,2025-11-19 07:51,-112.0116,33.4343,337.00,61.00,53.00,74.94,20.00,4.00,0.00,29.95,1013.20,10.00,M,FEW,SCT,BKN,M,2300.00,3600.00,15000.00,M,M,M,M,M,M,M,M,61.00,KPHX 190751Z 02004KT 10SM FEW023 SCT036 BKN150 16/12 A2995 RMK AO2 SLP132 FRQ LTGIC DSNT N-NE CB DSNT N-NE T01610117 $,M
PHX,2025-11-19 08:51,-112.0116,33.4343,337.00,61.00,55.00,80.62,220.00,4.00,T,29.98,1014.10,10.00,M,FEW,SCT,BKN,BKN,3600.00,6000.00,12000.00,15000.00,-RA,M,M,M,M,M,M,61.00,KPHX 190851Z 22004KT 10SM -RA FEW036 SCT060 BKN120 BKN150 16/13 A2998 RMK AO2 RAB45 SLP141 P0000 60000 T01610128 53009 $,M
PHX,2025-11-19 09:51,-112.0116,33.4343,337.00,61.00,56.00,83.60,0.00,0.00,0.03,29.97,1013.80,10.00,M,FEW,SCT,BKN,OVC,3600.00,10000.00,12000.00,15000.00,M,M,M,M,M,M,M,61.00,KPHX 190951Z 00000KT 10SM FEW036 SCT100 BKN120 OVC150 16/13 A2997 RMK AO2 RAE21 SLP138 P0003 T01610133 $,M
PHX,2025-11-19 10:51,-112.0116,33.4343,337.00,61.00,56.00,83.60,200.00,4.00,T,29.97,1013.90,10.00,M,SCT,BKN,BKN,OVC,5000.00,7000.00,8500.00,14000.00,-RA,M,M,M,M,M,M,61.00,KPHX 191051Z 20004KT 10SM -RA SCT050 BKN070 BKN085 OVC140 16/13 A2997 RMK AO2 RAB47 SLP139 P0000 T01610133 $,M
PHX,2025-11-19 11:51,-112.0116,33.4343,337.00,60.00,57.00,89.81,120.00,3.00,0.05,29.98,1014.00,3.00,M,SCT,BKN,OVC,M,3100.00,4900.00,8500.00,M,-RA BR,M,M,M,M,M,M,60.00,KPHX 191151Z 12003KT 3SM -RA BR SCT031 BKN049 OVC085 16/14 A2998 RMK AO2 SLP140 P0005 60008 70015 T01560139 10172 20156 55000 $,M
PHX,2025-11-19 12:51,-112.0116,33.4343,337.00,60.00,57.00,89.81,120.00,7.00,0.03,29.97,1013.90,10.00,M,FEW,BKN,OVC,M,3000.00,4900.00,7500.00,M,-RA,M,M,M,M,M,M,60.00,KPHX 191251Z 12007KT 10SM -RA FEW030 BKN049 OVC075 16/14 A2997 RMK AO2 SLP139 P0003 T01560139 $,M
PHX,2025-11-19 13:51,-112.0116,33.4343,337.00,60.00,58.00,93.10,110.00,6.00,0.01,29.99,1014.40,10.00,M,FEW,SCT,OVC,M,2500.00,3500.00,7000.00,M,-RA,M,M,M,M,M,M,60.00,KPHX 191351Z COR 11006KT 10SM -RA FEW025 SCT035 OVC070 16/14 A2999 RMK AO2 RAE1254B19 SLP144 P0001 T01560144 $,M
PHX,2025-11-19 14:51,-112.0116,33.4343,337.00,59.00,57.00,93.07,110.00,8.00,0.01,30.00,1015.10,10.00,M,FEW,SCT,BKN,M,600.00,4000.00,6000.00,M,M,M,M,M,M,M,M,59.00,KPHX 191451Z 11008KT 10SM FEW006 SCT040 BKN060 15/14 A3000 RMK AO2 RAE37 SLP151 SHRA VC P0001 60005 T01500139 53009 $,M
PHX,2025-11-19 15:51,-112.0116,33.4343,337.00,61.00,56.00,83.60,100.00,4.00,0.00,30.02,1015.40,10.00,M,FEW,BKN,BKN,BKN,500.00,4500.00,9000.00,13000.00,M,M,M,M,M,M,M,61.00,KPHX 191551Z 10004KT 10SM FEW005 BKN045 BKN090 BKN130 BKN250 16/13 A3002 RMK AO2 SLP154 OCNL LTGCG DSNT NE AND E T01610133 $,M
PHX,2025-11-19 16:51,-112.0116,33.4343,337.00,61.00,56.00,83.60,130.00,6.00,0.00,30.02,1015.80,10.00,M,FEW,BKN,BKN,BKN,500.00,1400.00,3000.00,13000.00,M,M,M,M,M,M,M,61.00,KPHX 191651Z 13006KT 10SM FEW005 BKN014 BKN030 BKN130 BKN180 16/13 A3002 RMK AO2 SLP158 VIRGA T01610133 $,M
PHX,2025-11-19 16:58,-112.0116,33.4343,337.00,61.00,56.00,83.60,140.00,6.00,0.00,30.02,M,10.00,M,FEW,BKN,BKN,BKN,500.00,1600.00,3000.00,13000.00,M,M,M,M,M,M,M,61.00,KPHX 191658Z 14006KT 10SM FEW005 BKN016 BKN030 BKN130 BKN180 16/13 A3002 RMK AO2 VIRGA T01610133 $,M
PHX,2025-11-19 17:43,-112.0116,33.4343,337.00,63.00,56.00,77.91,130.00,7.00,0.00,30.03,M,10.00,M,FEW,BKN,BKN,BKN,800.00,3500.00,5000.00,14000.00,M,M,M,M,M,M,M,63.00,KPHX 191743Z 13007KT 10SM FEW008 BKN035 BKN050 BKN140 BKN180 17/13 A3003 RMK AO2 T01720133 $,M
PHX,2025-11-19 17:51,-112.0116,33.4343,337.00,63.00,56.00,77.91,120.00,7.00,0.00,30.02,1015.80,10.00,M,FEW,SCT,BKN,BKN,800.00,3500.00,5000.00,14000.00,M,M,M,M,M,M,M,63.00,KPHX 191751Z 12007KT 10SM FEW008 SCT035 BKN050 BKN140 BKN180 17/13 A3002 RMK AO2 SLP158 60005 T01720133 10172 20150 51007 $,M
PHX,2025-11-19 18:51,-112.0116,33.4343,337.00,65.00,56.00,72.64,160.00,7.00,0.00,30.01,1015.40,10.00,M,FEW,SCT,BKN,BKN,1000.00,3000.00,8000.00,14000.00,M,M,M,M,M,M,M,65.00,KPHX 191851Z 16007KT 10SM FEW010 SCT030 BKN080 BKN140 18/13 A3001 RMK AO2 SLP154 SCT030 V BKN T01830133 $,M
PHX,2025-11-19 19:51,-112.0116,33.4343,337.00,65.00,54.00,67.55,230.00,5.00,T,29.99,1014.70,10.00,M,BKN,BKN,BKN,OVC,2500.00,3800.00,8000.00,15000.00,-RA,M,M,M,M,M,M,65.00,KPHX 191951Z COR 23005KT 10SM -RA BKN025 BKN038 BKN080 OVC150 18/12 A2999 RMK AO2 RAB50 SLP147 CB E MOV N SHRA VC E-S AND SW P0000 T01830122 $,M
PHX,2025-11-19 20:21,-112.0116,33.4343,337.00,65.00,53.00,65.12,190.00,3.00,T,29.98,M,10.00,M,SCT,BKN,BKN,OVC,2500.00,3400.00,4500.00,13000.00,M,M,M,M,M,M,M,65.00,KPHX 192021Z COR 19003KT 10SM SCT025 BKN034 BKN045 OVC130 18/12 A2998 RMK AO2 LTG DSNT E RAE02 OCNL LTGCG DSNT E CB DSNT E-S SHRA VC E-S P0000 T01830117 $,M
PHX,2025-11-19 20:51,-112.0116,33.4343,337.00,65.00,55.00,70.05,0.00,0.00,T,29.97,1013.80,10.00,M,FEW,BKN,OVC,M,2900.00,4200.00,7000.00,M,-RA,M,M,M,M,M,M,65.00,KPHX 192051Z 00000KT 10SM -RA FEW029 BKN042 OVC070 18/13 A2997 RMK AO2 RAE02B33 SLP138 OCNL LTGCG DSNT NE AND E-S CB DSNT NE AND E-S SHRA VC SW AND DSNT N-E AND SE P0000 60000 T01830128 58019 $,M
PHX,2025-11-19 21:51,-112.0116,33.4343,337.00,63.00,55.00,75.13,100.00,3.00,T,29.95,1013.30,10.00,M,FEW,SCT,BKN,M,1800.00,4200.00,5000.00,M,M,M,M,M,M,M,M,63.00,KPHX 192151Z 10003KT 10SM FEW018 SCT042 BKN050 17/13 A2995 RMK AO2 RAE2056 SLP133 OCNL LTGCG DSNT N AND NW CB DSNT N AND NW P0000 T01720128 $,M
PHX,2025-11-19 22:51,-112.0116,33.4343,337.00,64.00,54.00,69.94,80.00,5.00,0.00,29.94,1012.80,10.00,M,FEW,SCT,SCT,BKN,4200.00,7500.00,10000.00,13000.00,M,M,M,M,M,M,M,64.00,KPHX 192251Z 08005KT 10SM FEW042 SCT075 SCT100 BKN130 18/12 A2994 RMK AO2 SLP128 T01780122 $,M
PHX,2025-11-19 23:51,-112.0116,33.4343,337.00,63.00,54.00,72.44,90.00,8.00,0.00,29.93,1012.70,10.00,M,FEW,SCT,BKN,BKN,4200.00,6500.00,9000.00,13000.00,M,M,M,M,M,M,M,63.00,KPHX 192351Z 09008KT 10SM FEW042 SCT065 BKN090 BKN130 17/12 A2993 RMK AO2 SLP127 FRQ LTGCG DSNT SW-W CB DSNT SW-W SHRA DSNT SW-W 60000 T01720122 10189 20172 56011 $,M
PHX,2025-11-20 00:20,-112.0116,33.4343,337.00,62.00,53.00,72.34,110.00,6.00,0.00,29.93,M,10.00,M,FEW,SCT,BKN,BKN,4200.00,6500.00,8000.00,13000.00,TS,M,M,M,M,M,M,62.00,KPHX 200020Z 11006KT 10SM TS FEW042 SCT065 BKN080CB BKN130 17/12 A2993 RMK AO2 TSB20 FRQ LTGCGCCIC VC SW-NW TS VC W MOV NE SHRA DSNT SW-NW T01670117 $,M
PHX,2025-11-20 00:47,-112.0116,33.4343,337.00,57.20,44.60,62.70,320.00,19.00,0.00,29.95,M,10.00,23.00,FEW,SCT,BKN,M,2800.00,6500.00,8000.00,M,VCTS,M,M,M,M,M,M,57.20,KPHX 200047Z 32019G23KT 10SM VCTS FEW028 SCT065 BKN080 14/07 A2995 RMK AO2 TSB20 FRQ LTGCGCCIC DSNT NW-N CB DSNT SW AND NW-N SHRA DSNT SW AND NW-N $,M
PHX,2025-11-20 00:51,-112.0116,33.4343,337.00,57.00,44.00,61.72,320.00,17.00,0.00,29.95,1013.50,10.00,25.00,FEW,BKN,BKN,M,2800.00,4000.00,8000.00,M,VCTS,M,M,M,M,M,M,57.00,KPHX 200051Z 32017G25KT 10SM VCTS FEW028 BKN040 BKN080 14/07 A2995 RMK AO2 TSB20 SLP135 FRQ LTGCGCCIC DSNT SW AND NW-N CB DSNT SW AND NW-N SHRA DSNT SW AND NW-N T01390067 $,M
PHX,2025-11-20 01:19,-112.0116,33.4343,337.00,58.00,45.00,61.85,350.00,10.00,0.00,29.95,M,10.00,21.00,BKN,M,M,M,3200.00,M,M,M,M,M,M,M,M,M,M,58.00,KPHX 200119Z 35010G21KT 10SM BKN032 14/07 A2995 RMK AO2 FRQ LTGCGCCIC DSNT N AND S-SW CB DSNT N AND SW T01440072 $,M
PHX,2025-11-20 01:26,-112.0116,33.4343,337.00,58.00,44.00,59.54,350.00,8.00,0.00,29.95,M,10.00,M,BKN,BKN,BKN,M,3200.00,4000.00,6000.00,M,TS,M,M,M,M,M,M,58.00,KPHX 200126Z 35008KT 10SM TS BKN032 BKN040 BKN060CB 14/07 A2995 RMK AO2 TSB26 CONS LTGCGCCIC VC S AND DSNT N TS VC S MOV NE CB DSNT N T01440067 $,M
PHX,2025-11-20 01:51,-112.0116,33.4343,337.00,57.00,48.00,71.81,300.00,8.00,T,29.97,1014.00,10.00,M,BKN,BKN,M,M,3700.00,4800.00,M,M,-TSRA,M,M,M,M,M,M,57.00,KPHX 200151Z 30008KT 10SM -TSRA BKN037 BKN048CB 14/09 A2997 RMK AO2 RAB41 TSB26 SLP140 CONS LTGCGCCIC OHD-SE-S TS S MOV NE P0000 T01390089 $,M
PHX,2025-11-20 02:20,-112.0116,33.4343,337.00,56.00,48.00,74.46,340.00,7.00,0.04,29.96,M,10.00,M,BKN,BKN,M,M,5500.00,7000.00,M,M,-RA,M,M,M,M,M,M,56.00,KPHX 200220Z 34007KT 10SM -RA BKN055 BKN070 13/09 A2996 RMK AO2 TSE20 OCNL LTGCGCCIC DSNT NE-E CB DSNT NE-E P0004 T01330089 $,M
PHX,2025-11-20 02:51,-112.0116,33.4343,337.00,57.00,49.00,74.55,10.00,6.00,0.04,29.95,1013.40,10.00,M,BKN,M,M,M,6500.00,M,M,M,M,M,M,M,M,M,M,57.00,KPHX 200251Z 01006KT 10SM BKN065 14/09 A2995 RMK AO2 RAE29 TSE20 SLP134 OCNL LTGCG DSNT NE CB DSNT NE P0004 60004 T01390094 50005 $,M
PHX,2025-11-20 03:51,-112.0116,33.4343,337.00,56.00,50.00,80.23,0.00,0.00,0.00,29.95,1013.30,10.00,M,SCT,BKN,M,M,6000.00,10000.00,M,M,M,M,M,M,M,M,M,56.00,KPHX 200351Z 00000KT 10SM SCT060 BKN100 13/10 A2995 RMK AO2 SLP133 T01330100 $,M
PHX,2025-11-20 04:51,-112.0116,33.4343,337.00,56.00,50.00,80.23,0.00,0.00,0.00,29.94,1013.00,10.00,M,FEW,SCT,BKN,M,6000.00,10000.00,22000.00,M,M,M,M,M,M,M,M,56.00,KPHX 200451Z 00000KT 10SM FEW060 SCT100 BKN220 13/10 A2994 RMK AO2 SLP130 T01330100 $,M
PHX,2025-11-20 05:51,-112.0116,33.4343,337.00,55.00,50.00,83.20,160.00,3.00,0.00,29.94,1013.00,10.00,M,FEW,BKN,BKN,M,6000.00,9500.00,22000.00,M,M,M,M,M,M,M,M,55.00,KPHX 200551Z 16003KT 10SM FEW060 BKN095 BKN220 13/10 A2994 RMK AO2 SLP130 60004 T01280100 10172 20128 56003 $,M
PHX,2025-11-20 06:51,-112.0116,33.4343,337.00,56.00,50.00,80.23,0.00,0.00,0.00,29.92,1012.30,10.00,M,FEW,SCT,BKN,BKN,6000.00,10000.00,12000.00,22000.00,M,M,M,M,M,M,M,56.00,KPHX 200651Z 00000KT 10SM FEW060 SCT100 BKN120 BKN220 13/10 A2992 RMK AO2 SLP123 T01330100 401890128 $,M
PHX,2025-11-20 07:51,-112.0116,33.4343,337.00,57.00,47.00,69.16,60.00,5.00,0.00,29.91,1011.90,10.00,M,FEW,BKN,BKN,OVC,6000.00,8000.00,12000.00,22000.00,M,M,M,M,M,M,M,57.00,KPHX 200751Z 06005KT 10SM FEW060 BKN080 BKN120 OVC220 14/08 A2991 RMK AO2 SLP119 T01390083 $,M
PHX,2025-11-20 08:51,-112.0116,33.4343,337.00,56.00,51.00,83.27,350.00,5.00,0.01,29.90,1011.70,10.00,M,BKN,BKN,BKN,OVC,6500.00,8000.00,12000.00,22000.00,-RA,M,M,M,M,M,M,56.00,KPHX 200851Z 35005KT 10SM -RA BKN065 BKN080 BKN120 OVC220 13/11 A2990 RMK AO2 RAB0759E23B39 SLP117 P0001 60001 T01330106 56012 $,M
PHX,2025-11-20 09:51,-112.0116,33.4343,337.00,54.00,51.00,89.55,360.00,3.00,0.02,29.90,1011.80,9.00,M,FEW,BKN,OVC,M,3000.00,6500.00,12000.00,M,-RA,M,M,M,M,M,M,54.00,KPHX 200951Z 36003KT 9SM -RA FEW030 BKN065 OVC120 12/11 A2990 RMK AO2 SLP118 P0002 T01220106 $,M
PHX,2025-11-20 10:51,-112.0116,33.4343,337.00,55.00,51.00,86.35,0.00,0.00,0.02,29.90,1011.80,10.00,M,FEW,BKN,OVC,M,1700.00,6000.00,10000.00,M,M,M,M,M,M,M,M,55.00,KPHX 201051Z 00000KT 10SM FEW017 BKN060 OVC100 13/11 A2990 RMK AO2 RAE31 SLP118 P0002 T01280106 $,M
PHX,2025-11-20 11:51,-112.0116,33.4343,337.00,55.00,51.00,86.35,320.00,6.00,0.02,29.90,1011.70,10.00,M,FEW,BKN,OVC,M,1700.00,6000.00,10000.00,M,M,M,M,M,M,M,M,55.00,KPHX 201151Z 32006KT 10SM FEW017 BKN060 OVC100 13/11 A2990 RMK AO2 RAB07E42 SLP117 P0002 60007 70016 T01280106 10139 20122 58001 $,M
PHX,2025-11-20 11:58,-112.0116,33.4343,337.00,55.00,51.00,86.35,310.00,5.00,0.00,29.90,M,10.00,M,FEW,BKN,OVC,M,1200.00,2100.00,10000.00,M,M,M,M,M,M,M,M,55.00,KPHX 201158Z 31005KT 10SM FEW012 BKN021 OVC100 13/11 A2990 RMK AO2 T01280106 $,M
PHX,2025-11-20 12:47,-112.0116,33.4343,337.00,55.40,51.80,87.65,250.00,5.00,0.00,29.91,M,10.00,M,FEW,BKN,OVC,M,500.00,1700.00,10000.00,M,M,M,M,M,M,M,M,55.40,KPHX 201247Z 25005KT 10SM FEW005 BKN017 OVC100 13/11 A2991 RMK AO2 $,M
PHX,2025-11-20 12:51,-112.0116,33.4343,337.00,55.00,52.00,89.60,230.00,5.00,0.00,29.91,1012.40,10.00,M,FEW,BKN,OVC,M,500.00,1700.00,10000.00,M,M,M,M,M,M,M,M,55.00,KPHX 201251Z 23005KT 10SM FEW005 BKN017 OVC100 13/11 A2991 RMK AO2 SLP124 T01280111 $,M
PHX,2025-11-20 13:37,-112.0116,33.4343,337.00,55.00,52.00,89.60,0.00,0.00,T,29.92,M,10.00,M,FEW,SCT,OVC,M,2200.00,4300.00,6000.00,M,M,M,M,M,M,M,M,55.00,KPHX 201337Z 00000KT 10SM FEW022 SCT043 OVC060 13/11 A2992 RMK AO2 RAB03E33 P0000 T01280111 $,M
PHX,2025-11-20 13:51,-112.0116,33.4343,337.00,55.00,51.00,86.35,0.00,0.00,0.01,29.93,1012.80,10.00,M,FEW,SCT,OVC,M,900.00,4300.00,6000.00,M,-RA,M,M,M,M,M,M,55.00,KPHX 201351Z 00000KT 10SM -RA FEW009 SCT043 OVC060 13/11 A2993 RMK AO2 RAB03E33B47 SLP128 P0001 T01280106 $,M
PHX,2025-11-20 14:51,-112.0116,33.4343,337.00,55.00,51.00,86.35,350.00,4.00,T,29.95,1013.60,10.00,M,SCT,SCT,OVC,M,1300.00,4600.00,6000.00,M,M,M,M,M,M,M,M,55.00,KPHX 201451Z 35004KT 10SM SCT013 SCT046 OVC060 13/11 A2995 RMK AO2 RAE11 SLP136 P0000 60001 T01280106 53012 $,M
PHX,2025-11-20 15:27,-112.0116,33.4343,337.00,55.00,52.00,89.60,0.00,0.00,T,29.96,M,10.00,M,BKN,OVC,M,M,1500.00,8000.00,M,M,M,M,M,M,M,M,M,55.00,KPHX 201527Z 00000KT 10SM BKN015 OVC080 13/11 A2996 RMK AO2 RAB03E13 P0000 T01280111 $,M
PHX,2025-11-20 15:35,-112.0116,33.4343,337.00,55.00,52.00,89.60,180.00,4.00,T,29.97,M,10.00,M,BKN,OVC,M,M,1300.00,2100.00,M,M,M,M,M,M,M,M,M,55.00,KPHX 201535Z 18004KT 10SM BKN013 OVC021 13/11 A2997 RMK AO2 RAB03E13 P0000 T01280111 $,M
PHX,2025-11-20 15:51,-112.0116,33.4343,337.00,56.00,52.00,86.40,220.00,4.00,T,29.97,1014.30,10.00,M,BKN,BKN,BKN,BKN,1300.00,2100.00,4500.00,15000.00,-RA,M,M,M,M,M,M,56.00,KPHX 201551Z 22004KT 10SM -RA BKN013 BKN021 BKN045 BKN150 13/11 A2997 RMK AO2 RAB03E13B51 SLP143 P0000 T01330111 $,M
PHX,2025-11-20 16:12,-112.0116,33.4343,337.00,56.00,51.00,83.27,0.00,0.00,T,29.98,M,10.00,M,FEW,BKN,OVC,M,1100.00,1900.00,5500.00,M,M,M,M,M,M,M,M,56.00,KPHX 201612Z 00000KT 10SM FEW011 BKN019 OVC055 13/11 A2998 RMK AO2 RAE00 P0000 T01330106 $,M
PHX,2025-11-20 16:51,-112.0116,33.4343,337.00,57.00,51.00,80.31,230.00,4.00,T,29.99,1014.70,10.00,M,FEW,SCT,BKN,M,1400.00,1900.00,8500.00,M,M,M,M,M,M,M,M,57.00,KPHX 201651Z 23004KT 10SM FEW014 SCT019 BKN085 14/11 A2999 RMK AO2 RAE00 SLP147 P0000 T01390106 $,M
PHX,2025-11-20 17:51,-112.0116,33.4343,337.00,59.00,51.00,74.75,220.00,5.00,0.00,30.00,1015.00,10.00,M,SCT,BKN,BKN,BKN,3000.00,3800.00,5500.00,13000.00,M,M,M,M,M,M,M,59.00,KPHX 201751Z 22005KT 10SM SCT030 BKN038 BKN055 BKN130 15/11 A3000 RMK AO2 SLP150 60001 T01500106 10150 20122 51015 $,M
PHX,2025-11-20 18:02,-112.0116,33.4343,337.00,60.00,51.00,72.13,240.00,7.00,0.00,30.00,M,10.00,M,BKN,BKN,OVC,M,2600.00,3500.00,5000.00,M,M,M,M,M,M,M,M,60.00,KPHX 201802Z 24007KT 10SM BKN026 BKN035 OVC050 16/11 A3000 RMK AO2 T01560106 $,M
PHX,2025-11-20 18:26,-112.0116,33.4343,337.00,60.00,48.00,64.50,260.00,6.00,0.00,29.99,M,10.00,M,FEW,BKN,BKN,BKN,2600.00,3500.00,4700.00,13000.00,M,M,M,M,M,M,M,60.00,KPHX 201826Z 26006KT 10SM FEW026 BKN035 BKN047 BKN130 16/09 A2999 RMK AO2 T01560089 $,M
PHX,2025-11-20 18:51,-112.0116,33.4343,337.00,62.00,49.00,62.38,270.00,5.00,0.00,29.98,1014.50,10.00,M,SCT,SCT,BKN,BKN,2400.00,4700.00,9000.00,13000.00,M,M,M,M,M,M,M,62.00,KPHX 201851Z COR 27005KT 10SM SCT024 SCT047 BKN090 BKN130 17/09 A2998 RMK AO2 SLP145 SHRA DSNT NE-SE T01670094 $,M
PHX,2025-11-20 19:12,-112.0116,33.4343,337.00,63.00,50.00,62.51,220.00,8.00,0.00,29.98,M,10.00,M,BKN,BKN,BKN,M,2800.00,4700.00,13000.00,M,M,M,M,M,M,M,M,63.00,KPHX 201912Z 22008KT 10SM BKN028 BKN047 BKN130 17/10 A2998 RMK AO2 SHRA DSNT NE-SE T01720100 $,M
PHX,2025-11-20 19:51,-112.0116,33.4343,337.00,63.00,49.00,60.22,240.00,5.00,0.00,29.96,1013.70,10.00,M,SCT,BKN,M,M,2600.00,5500.00,M,M,M,M,M,M,M,M,M,63.00,KPHX 201951Z 24005KT 10SM SCT026 BKN055 17/09 A2996 RMK AO2 SLP137 SHRA DSNT NE-E T01720094 $,M
PHX,2025-11-20 20:51,-112.0116,33.4343,337.00,65.00,46.00,50.16,240.00,7.00,0.00,29.95,1013.40,10.00,M,FEW,BKN,M,M,2600.00,5500.00,M,M,M,M,M,M,M,M,M,65.00,KPHX 202051Z 24007KT 10SM FEW026 BKN055 18/08 A2995 RMK AO2 SLP134 T01830078 56014 $,M
PHX,2025-11-20 21:51,-112.0116,33.4343,337.00,64.00,45.00,50.01,280.00,8.00,0.00,29.96,1013.50,10.00,M,SCT,BKN,M,M,3900.00,5500.00,M,M,M,M,M,M,M,M,M,64.00,KPHX 202151Z 28008KT 10SM SCT039 BKN055 18/07 A2996 RMK AO2 SLP135 T01780072 $,M
PHX,2025-11-20 22:51,-112.0116,33.4343,337.00,65.00,43.00,44.74,250.00,5.00,0.00,29.95,1013.40,10.00,M,FEW,SCT,SCT,M,3700.00,5500.00,9000.00,M,M,M,M,M,M,M,M,65.00,KPHX 202251Z 25005KT 10SM FEW037 SCT055 SCT090 18/06 A2995 RMK AO2 SLP134 T01830061 $,M
PHX,2025-11-20 23:51,-112.0116,33.4343,337.00,64.00,42.00,44.58,250.00,4.00,0.00,29.96,1013.80,10.00,M,SCT,SCT,M,M,5500.00,9000.00,M,M,M,M,M,M,M,M,M,64.00,KPHX 202351Z 25004KT 10SM SCT055 SCT090 18/06 A2996 RMK AO2 SLP138 T01780056 10189 20150 53002 $,M
PHX,2025-11-21 00:51,-112.0116,33.4343,337.00,62.00,43.00,49.70,250.00,4.00,0.00,29.98,1014.30,10.00,M,FEW,SCT,SCT,M,5500.00,9000.00,25000.00,M,M,M,M,M,M,M,M,62.00,KPHX 210051Z 25004KT 10SM FEW055 SCT090 SCT250 17/06 A2998 RMK AO2 SLP143 T01670061 $,M
PHX,2025-11-21 01:51,-112.0116,33.4343,337.00,61.00,44.00,53.50,0.00,0.00,0.00,29.99,1014.90,10.00,M,FEW,FEW,M,M,6000.00,10000.00,M,M,M,M,M,M,M,M,M,61.00,KPHX 210151Z 00000KT 10SM FEW060 FEW100 16/07 A2999 RMK AO2 SLP149 T01610067 $,M
PHX,2025-11-21 02:51,-112.0116,33.4343,337.00,59.00,49.00,69.39,70.00,6.00,0.00,30.00,1015.20,10.00,M,BKN,M,M,M,22000.00,M,M,M,M,M,M,M,M,M,M,59.00,KPHX 210251Z 07006KT 10SM BKN220 15/09 A3000 RMK AO2 SLP152 T01500094 51013 $,M
PHX,2025-11-21 03:51,-112.0116,33.4343,337.00,58.00,49.00,71.92,120.00,5.00,0.00,30.01,1015.40,10.00,M,FEW,BKN,M,M,20000.00,23000.00,M,M,M,M,M,M,M,M,M,58.00,KPHX 210351Z 12005KT 10SM FEW200 BKN230 14/09 A3001 RMK AO2 SLP154 T01440094 $,M
PHX,2025-11-21 04:51,-112.0116,33.4343,337.00,56.00,50.00,80.23,90.00,6.00,0.00,30.00,1015.40,10.00,M,SCT,M,M,M,23000.00,M,M,M,M,M,M,M,M,M,M,56.00,KPHX 210451Z 09006KT 10SM SCT230 13/10 A3000 RMK AO2 SLP154 T01330100 $,M
PHX,2025-11-21 05:51,-112.0116,33.4343,337.00,56.00,49.00,77.30,120.00,5.00,0.00,30.01,1015.40,10.00,M,FEW,FEW,M,M,12000.00,23000.00,M,M,M,M,M,M,M,M,M,56.00,KPHX 210551Z 12005KT 10SM FEW120 FEW230 13/09 A3001 RMK AO2 SLP154 T01330094 10178 20133 51002 $,M
PHX,2025-11-21 06:51,-112.0116,33.4343,337.00,55.00,48.00,77.21,120.00,4.00,0.00,30.00,1015.10,10.00,M,FEW,BKN,M,M,12000.00,24000.00,M,M,M,M,M,M,M,M,M,55.00,KPHX 210651Z 12004KT 10SM FEW120 BKN240 13/09 A3000 RMK AO2 SLP151 T01280089 401890122 $,M
PHX,2025-11-21 07:51,-112.0116,33.4343,337.00,54.00,48.00,80.08,90.00,6.00,0.00,29.99,1014.90,10.00,M,FEW,BKN,M,M,12000.00,24000.00,M,M,M,M,M,M,M,M,M,54.00,KPHX 210751Z 09006KT 10SM FEW120 BKN240 12/09 A2999 RMK AO2 SLP149 T01220089 $,M
PHX,2025-11-21 08:51,-112.0116,33.4343,337.00,54.00,47.00,77.12,150.00,4.00,0.00,30.00,1015.10,10.00,M,FEW,FEW,FEW,M,12000.00,14000.00,24000.00,M,M,M,M,M,M,M,M,54.00,KPHX 210851Z 15004KT 10SM FEW120 FEW140 FEW240 12/08 A3000 RMK AO2 SLP151 T01220083 55003 $,M
PHX,2025-11-21 09:51,-112.0116,33.4343,337.00,54.00,47.00,77.12,140.00,5.00,0.00,30.00,1015.20,10.00,M,SCT,OVC,M,M,11000.00,21000.00,M,M,M,M,M,M,M,M,M,54.00,KPHX 210951Z 14005KT 10SM SCT110 OVC210 12/08 A3000 RMK AO2 SLP152 T01220083 $,M
PHX,2025-11-21 10:51,-112.0116,33.4343,337.00,54.00,47.00,77.12,130.00,5.00,0.00,30.00,1015.20,10.00,M,BKN,OVC,M,M,12000.00,20000.00,M,M,M,M,M,M,M,M,M,54.00,KPHX 211051Z 13005KT 10SM BKN120 OVC200 12/08 A3000 RMK AO2 SLP152 T01220083 $,M
PHX,2025-11-21 11:51,-112.0116,33.4343,337.00,54.00,46.00,74.26,140.00,7.00,0.00,30.00,1015.30,10.00,M,BKN,OVC,M,M,12000.00,17000.00,M,M,M,M,M,M,M,M,M,54.00,KPHX 211151Z 14007KT 10SM BKN120 OVC170 12/08 A3000 RMK AO2 SLP153 70001 T01220078 10133 20117 51002 $,M
PHX,2025-11-21 12:51,-112.0116,33.4343,337.00,54.00,46.00,74.26,150.00,6.00,0.00,30.01,1015.40,10.00,M,SCT,OVC,M,M,12000.00,16000.00,M,M,M,M,M,M,M,M,M,54.00,KPHX 211251Z 15006KT 10SM SCT120 OVC160 12/08 A3001 RMK AO2 SLP154 T01220078 $,M
PHX,2025-11-21 13:51,-112.0116,33.4343,337.00,54.00,46.00,74.26,130.00,4.00,0.00,30.01,1015.40,10.00,M,SCT,BKN,BKN,M,12000.00,16000.00,21000.00,M,M,M,M,M,M,M,M,54.00,KPHX 211351Z 13004KT 10SM SCT120 BKN160 BKN210 12/08 A3001 RMK AO2 SLP154 T01220078 $,M
PHX,2025-11-21 14:51,-112.0116,33.4343,337.00,55.00,46.00,71.60,110.00,5.00,0.00,30.01,1015.60,10.00,M,BKN,BKN,BKN,M,11000.00,17000.00,21000.00,M,M,M,M,M,M,M,M,55.00,KPHX 211451Z 11005KT 10SM BKN110 BKN170 BKN210 13/08 A3001 RMK AO2 SLP156 T01280078 53002 $,M
PHX,2025-11-21 15:51,-112.0116,33.4343,337.00,57.00,45.00,64.12,110.00,7.00,0.00,30.02,1016.00,10.00,M,SCT,BKN,BKN,M,11000.00,15000.00,20000.00,M,M,M,M,M,M,M,M,57.00,KPHX 211551Z 11007KT 10SM SCT110 BKN150 BKN200 14/07 A3002 RMK AO2 SLP160 VIGRA DSNT NE AND SW-W T01390072 $,M
PHX,2025-11-21 16:51,-112.0116,33.4343,337.00,58.00,45.00,61.85,100.00,5.00,0.00,30.03,1016.20,10.00,M,BKN,BKN,OVC,M,11000.00,15000.00,20000.00,M,M,M,M,M,M,M,M,58.00,KPHX 211651Z 10005KT 10SM BKN110 BKN150 OVC200 14/07 A3003 RMK AO2 SLP162 VIGRA DSNT NE T01440072 $,M
PHX,2025-11-21 17:51,-112.0116,33.4343,337.00,61.00,44.00,53.50,100.00,6.00,0.00,30.04,1016.50,10.00,M,FEW,OVC,M,M,11000.00,25000.00,M,M,M,M,M,M,M,M,M,61.00,KPHX 211751Z 10006KT 10SM FEW110 OVC250 16/07 A3004 RMK AO2 SLP165 T01610067 10161 20122 51009 $,M
PHX,2025-11-21 18:51,-112.0116,33.4343,337.00,63.00,41.00,44.42,80.00,6.00,0.00,30.02,1015.80,10.00,M,FEW,SCT,BKN,M,12000.00,15000.00,25000.00,M,M,M,M,M,M,M,M,63.00,KPHX 211851Z 08006KT 10SM FEW120 SCT150 BKN250 17/05 A3002 RMK AO2 SLP158 T01720050 $,M
PHX,2025-11-21 19:51,-112.0116,33.4343,337.00,63.00,41.00,44.42,100.00,9.00,0.00,29.99,1014.70,10.00,M,FEW,SCT,BKN,M,12000.00,15000.00,25000.00,M,M,M,M,M,M,M,M,63.00,KPHX 211951Z 10009KT 10SM FEW120 SCT150 BKN250 17/05 A2999 RMK AO2 SLP147 VIRGA SE T01720050 $,M
PHX,2025-11-21 20:51,-112.0116,33.4343,337.00,64.00,42.00,44.58,80.00,8.00,0.00,29.98,1014.40,10.00,M,FEW,SCT,BKN,M,11000.00,15000.00,25000.00,M,M,M,M,M,M,M,M,64.00,KPHX 212051Z 08008KT 10SM FEW110 SCT150 BKN250 18/06 A2998 RMK AO2 SLP144 VIRGA DSNT NE T01780056 56020 $,M
PHX,2025-11-21 21:51,-112.0116,33.4343,337.00,65.00,41.00,41.42,60.00,13.00,0.00,29.94,1013.20,10.00,19.00,SCT,BKN,BKN,M,11000.00,15000.00,25000.00,M,M,M,M,M,M,M,M,65.00,KPHX 212151Z 06013G19KT 10SM SCT110 BKN150 BKN250 18/05 A2994 RMK AO2 SLP132 VIRGA T01830050 $,M
PHX,2025-11-21 22:51,-112.0116,33.4343,337.00,65.00,43.00,44.74,90.00,7.00,0.00,29.96,1013.80,10.00,M,FEW,SCT,BKN,BKN,9000.00,11000.00,14000.00,25000.00,M,M,M,M,M,M,M,65.00,KPHX 212251Z 09007KT 10SM FEW090 SCT110 BKN140 BKN250 18/06 A2996 RMK AO2 SLP138 T01830061 $,M
PHX,2025-11-21 23:51,-112.0116,33.4343,337.00,64.00,43.00,46.33,50.00,8.00,0.00,29.96,1013.80,10.00,M,FEW,SCT,BKN,BKN,9000.00,12000.00,14000.00,25000.00,M,M,M,M,M,M,M,64.00,KPHX 212351Z 05008KT 10SM FEW090 SCT120 BKN140 BKN250 18/06 A2996 RMK AO2 SLP138 T01780061 10189 20156 56006 $,M
PHX,2025-11-22 00:51,-112.0116,33.4343,337.00,63.00,43.00,47.98,70.00,6.00,0.00,29.97,1014.00,10.00,M,SCT,BKN,BKN,M,11000.00,14000.00,20000.00,M,M,M,M,M,M,M,M,63.00,KPHX 220051Z 07006KT 10SM SCT110 BKN140 BKN200 17/06 A2997 RMK AO2 SLP140 VIRGA T01720061 $,M
PHX,2025-11-22 01:51,-112.0116,33.4343,337.00,63.00,42.00,46.17,70.00,7.00,0.00,29.97,1014.20,10.00,M,BKN,OVC,M,M,11000.00,14000.00,M,M,M,M,M,M,M,M,M,63.00,KPHX 220151Z 07007KT 10SM BKN110 OVC140 17/06 A2997 RMK AO2 SLP142 VIRGA T01720056 $,M
PHX,2025-11-22 02:51,-112.0116,33.4343,337.00,63.00,42.00,46.17,80.00,7.00,0.00,29.98,1014.40,10.00,M,SCT,BKN,BKN,M,10000.00,12000.00,14000.00,M,M,M,M,M,M,M,M,63.00,KPHX 220251Z 08007KT 10SM SCT100 BKN120 BKN140 17/06 A2998 RMK AO2 SLP144 T01720056 52006 $,M
PHX,2025-11-22 03:51,-112.0116,33.4343,337.00,63.00,42.00,46.17,80.00,7.00,0.00,29.97,1014.20,10.00,M,FEW,SCT,BKN,BKN,10000.00,12000.00,16000.00,20000.00,M,M,M,M,M,M,M,63.00,KPHX 220351Z 08007KT 10SM FEW100 SCT120 BKN160 BKN200 17/06 A2997 RMK AO2 SLP142 T01720056 $,M
PHX,2025-11-22 04:51,-112.0116,33.4343,337.00,64.00,40.00,41.26,320.00,4.00,0.00,29.98,1014.40,10.00,M,SCT,BKN,BKN,M,11000.00,15000.00,20000.00,M,M,M,M,M,M,M,M,64.00,KPHX 220451Z 32004KT 10SM SCT110 BKN150 BKN200 18/04 A2998 RMK AO2 SLP144 T01780044 $,M
PHX,2025-11-22 05:51,-112.0116,33.4343,337.00,61.00,45.00,55.58,240.00,4.00,0.00,29.98,1014.20,10.00,M,SCT,BKN,OVC,M,11000.00,15000.00,18000.00,M,M,M,M,M,M,M,M,61.00,KPHX 220551Z 24004KT 10SM SCT110 BKN150 OVC180 16/07 A2998 RMK AO2 SLP142 T01610072 10178 20161 56001 $,M
PHX,2025-11-22 06:51,-112.0116,33.4343,337.00,60.00,45.00,57.59,240.00,4.00,0.00,29.97,1013.90,10.00,M,FEW,BKN,BKN,M,11000.00,15000.00,18000.00,M,M,M,M,M,M,M,M,60.00,KPHX 220651Z 24004KT 10SM FEW110 BKN150 BKN180 16/07 A2997 RMK AO2 SLP139 T01560072 401890117 $,M
PHX,2025-11-22 07:51,-112.0116,33.4343,337.00,60.00,46.00,59.81,0.00,0.00,0.00,29.95,1013.40,10.00,M,BKN,BKN,M,M,15000.00,18000.00,M,M,M,M,M,M,M,M,M,60.00,KPHX 220751Z 00000KT 10SM BKN150 BKN180 16/08 A2995 RMK AO2 SLP134 T01560078 $,M
PHX,2025-11-22 08:51,-112.0116,33.4343,337.00,60.00,45.00,57.59,80.00,3.00,0.00,29.94,1013.10,10.00,M,FEW,SCT,BKN,M,15000.00,18000.00,22000.00,M,M,M,M,M,M,M,M,60.00,KPHX 220851Z 08003KT 10SM FEW150 SCT180 BKN220 16/07 A2994 RMK AO2 SLP131 T01560072 58010 $,M
PHX,2025-11-22 09:51,-112.0116,33.4343,337.00,57.00,48.00,71.81,220.00,3.00,0.00,29.94,1012.90,10.00,M,FEW,SCT,BKN,M,15000.00,18000.00,22000.00,M,M,M,M,M,M,M,M,57.00,KPHX 220951Z 22003KT 10SM FEW150 SCT180 BKN220 14/09 A2994 RMK AO2 SLP129 T01390089 $,M
PHX,2025-11-22 10:51,-112.0116,33.4343,337.00,56.00,47.00,71.71,0.00,0.00,0.00,29.93,1012.70,10.00,M,FEW,FEW,BKN,M,11000.00,17000.00,22000.00,M,M,M,M,M,M,M,M,56.00,KPHX 221051Z 00000KT 10SM FEW110 FEW170 BKN220 13/08 A2993 RMK AO2 SLP127 T01330083 $,M
PHX,2025-11-22 11:51,-112.0116,33.4343,337.00,57.00,46.00,66.60,100.00,4.00,0.00,29.92,1012.30,10.00,M,SCT,BKN,M,M,20000.00,25000.00,M,M,M,M,M,M,M,M,M,57.00,KPHX 221151Z 10004KT 10SM SCT200 BKN250 14/08 A2992 RMK AO2 SLP123 T01390078 10161 20128 58007 $,M
PHX,2025-11-22 12:51,-112.0116,33.4343,337.00,59.00,43.00,55.29,M,4.00,0.00,29.92,1012.20,10.00,M,SCT,BKN,M,M,20000.00,25000.00,M,M,M,M,M,M,M,M,M,59.00,KPHX 221251Z VRB04KT 10SM SCT200 BKN250 15/06 A2992 RMK AO2 SLP122 T01500061 $,M
PHX,2025-11-22 13:51,-112.0116,33.4343,337.00,59.00,43.00,55.29,110.00,7.00,0.00,29.92,1012.40,10.00,M,FEW,SCT,BKN,M,14000.00,18000.00,23000.00,M,M,M,M,M,M,M,M,59.00,KPHX 221351Z 11007KT 10SM FEW140 SCT180 BKN230 15/06 A2992 RMK AO2 SLP124 T01500061 $,M
PHX,2025-11-22 14:51,-112.0116,33.4343,337.00,62.00,44.00,51.64,100.00,5.00,0.00,29.93,1012.70,10.00,M,FEW,SCT,BKN,M,14000.00,18000.00,23000.00,M,M,M,M,M,M,M,M,62.00,KPHX 221451Z 10005KT 10SM FEW140 SCT180 BKN230 17/07 A2993 RMK AO2 SLP127 T01670067 53004 $,M
PHX,2025-11-22 15:51,-112.0116,33.4343,337.00,64.00,44.00,48.14,120.00,6.00,0.00,29.94,1012.90,10.00,M,FEW,SCT,BKN,M,14000.00,18000.00,22000.00,M,M,M,M,M,M,M,M,64.00,KPHX 221551Z 12006KT 10SM FEW140 SCT180 BKN220 18/07 A2994 RMK AO2 SLP129 T01780067 $,M
PHX,2025-11-22 16:51,-112.0116,33.4343,337.00,67.00,44.00,43.37,130.00,3.00,0.00,29.94,1012.90,10.00,M,SCT,BKN,BKN,M,14000.00,19000.00,22000.00,M,M,M,M,M,M,M,M,67.00,KPHX 221651Z 13003KT 10SM SCT140 BKN190 BKN220 19/07 A2994 RMK AO2 SLP129 T01940067 $,M
PHX,2025-11-22 17:51,-112.0116,33.4343,337.00,70.00,43.00,37.66,0.00,0.00,0.00,29.93,1012.40,10.00,M,FEW,SCT,BKN,BKN,8000.00,14000.00,19000.00,22000.00,M,M,M,M,M,M,M,70.00,KPHX 221751Z 00000KT 10SM FEW080 SCT140 BKN190 BKN220 21/06 A2993 RMK AO2 SLP124 T02110061 10211 20139 58001 $,M
PHX,2025-11-22 18:51,-112.0116,33.4343,337.00,70.00,43.00,37.66,90.00,3.00,0.00,29.91,1011.70,10.00,M,FEW,SCT,BKN,BKN,8000.00,14000.00,18000.00,22000.00,M,M,M,M,M,M,M,70.00,KPHX 221851Z 09003KT 10SM FEW080 SCT140 BKN180 BKN220 21/06 A2991 RMK AO2 SLP117 T02110061 $,M
PHX,2025-11-22 19:51,-112.0116,33.4343,337.00,71.00,42.00,35.03,240.00,3.00,0.00,29.88,1010.50,10.00,M,FEW,SCT,BKN,BKN,8000.00,14000.00,17000.00,21000.00,M,M,M,M,M,M,M,71.00,KPHX 221951Z 24003KT 10SM FEW080 SCT140 BKN170 BKN210 22/06 A2988 RMK AO2 SLP105 VIRGA T02170056 $,M
PHX,2025-11-22 20:51,-112.0116,33.4343,337.00,70.00,43.00,37.66,60.00,5.00,0.00,29.85,1009.80,10.00,M,FEW,SCT,BKN,OVC,4700.00,8500.00,10000.00,13000.00,M,M,M,M,M,M,M,70.00,KPHX 222051Z 06005KT 10SM FEW047 SCT085 BKN100 OVC130 21/06 A2985 RMK AO2 SLP098 OCNL LTGCG DSNT E VIRGA ALQDS CB DSNT E SHRA DSNT E AND SE-S T02110061 57026 $,M
PHX,2025-11-22 21:51,-112.0116,33.4343,337.00,71.00,46.00,40.81,180.00,5.00,0.00,29.84,1009.60,10.00,M,FEW,SCT,BKN,OVC,5500.00,8000.00,10000.00,16000.00,M,M,M,M,M,M,M,71.00,KPHX 222151Z 18005KT 10SM FEW055 SCT080 BKN100 OVC160 22/08 A2984 RMK AO2 SLP096 OCNL LTGCG DSNT SE VIRGA W-N CB DSNT SE MOV NW SHRA VC E AND SE-S T02170078 $,M
PHX,2025-11-22 22:17,-112.0116,33.4343,337.00,67.00,50.00,54.38,110.00,12.00,T,29.85,M,10.00,20.00,BKN,BKN,OVC,M,8500.00,11000.00,16000.00,M,VCTS -RA,M,M,M,M,M,M,67.00,KPHX 222217Z 11012G20KT 10SM VCTS -RA BKN085CB BKN110 OVC160 19/10 A2985 RMK AO2 RAB13 FRQ LTGCGIC VC E-SE TS VC E MOV NW P0000 T01940100 $,M
PHX,2025-11-22 22:32,-112.0116,33.4343,337.00,65.00,52.00,62.76,150.00,5.00,T,29.85,M,10.00,M,SCT,OVC,M,M,7500.00,9000.00,M,M,-RA,M,M,M,M,M,M,65.00,KPHX 222232Z 15005KT 10SM -RA SCT075 OVC090 18/11 A2985 RMK AO2 RAB13 OCNL LTGCG N-E AND SE CB DSNT N-E AND SE P0000 T01830111 $,M
PHX,2025-11-22 22:51,-112.0116,33.4343,337.00,65.00,54.00,67.55,120.00,6.00,T,29.87,1010.60,10.00,M,SCT,BKN,BKN,OVC,6500.00,9000.00,11000.00,21000.00,-RA,M,M,M,M,M,M,65.00,KPHX 222251Z 12006KT 10SM -RA SCT065 BKN090 BKN110 OVC210 18/12 A2987 RMK AO2 RAB13 SLP106 OCNL LTGCG NE AND SE CB DSNT NE AND SE SHRA VC N-E AND SE-S P0000 T01830122 $,M
PHX,2025-11-22 23:29,-112.0116,33.4343,337.00,61.00,56.00,83.60,110.00,8.00,0.06,29.92,M,4.00,M,OVC,M,M,M,7000.00,M,M,M,VCTS RA,M,M,M,M,M,M,61.00,KPHX 222329Z 11008KT 4SM VCTS RA OVC070CB 16/13 A2992 RMK AO2 OCNL LTGCG VC NE AND E TS VC E MOV NW SHRA VC ALQDS P0006 T01610133 $,M
PHX,2025-11-22 23:44,-112.0116,33.4343,337.00,61.00,57.00,86.68,110.00,11.00,0.10,29.94,M,6.00,M,SCT,OVC,M,M,6000.00,7500.00,M,M,-RA BR,M,M,M,M,M,M,61.00,KPHX 222344Z 11011KT 6SM -RA BR SCT060 OVC075 16/14 A2994 RMK AO2 OCNL LTGCG DSNT SE CB DSNT SE P0010 T01610139 $,M
PHX,2025-11-22 23:51,-112.0116,33.4343,337.00,60.00,56.00,86.62,110.00,9.00,0.10,29.94,1012.90,5.00,M,FEW,BKN,OVC,M,5000.00,6500.00,8000.00,M,RA BR,M,M,M,M,M,M,60.00,KPHX 222351Z 11009KT 5SM RA BR FEW050 BKN065 OVC080 16/13 A2994 RMK AO2 SLP129 OCNL LTGCG DSNT SE CB DSNT SE P0010 60010 T01560133 10222 20156 53028 $,M
PHX,2025-11-23 00:51,-112.0116,33.4343,337.00,60.00,53.00,77.65,60.00,10.00,0.04,29.91,1011.90,10.00,19.00,FEW,SCT,BKN,BKN,3500.00,8000.00,11000.00,15000.00,M,M,M,M,M,M,M,60.00,KPHX 230051Z 06010G19KT 10SM FEW035 SCT080 BKN110 BKN150 OVC230 16/12 A2991 RMK AO2 RAE35 SLP119 SHRA VC SE AND DSNT N AND W-NW P0004 T01560117 $,M
PHX,2025-11-23 01:51,-112.0116,33.4343,337.00,60.00,53.00,77.65,20.00,4.00,0.00,29.91,1011.90,10.00,M,SCT,BKN,OVC,M,7000.00,10000.00,16000.00,M,M,M,M,M,M,M,M,60.00,KPHX 230151Z 02004KT 10SM SCT070 BKN100 OVC160 16/12 A2991 RMK AO2 SLP119 T01560117 $,M
PHX,2025-11-23 02:51,-112.0116,33.4343,337.00,60.00,55.00,83.54,220.00,6.00,T,29.92,1012.30,10.00,M,BKN,OVC,M,M,7000.00,8500.00,M,M,M,M,M,M,M,M,M,60.00,KPHX 230251Z 22006KT 10SM BKN070 OVC085 16/13 A2992 RMK AO2 RAB19E47 SLP123 P0000 60004 T01560128 55005 $,M
PHX,2025-11-23 03:51,-112.0116,33.4343,337.00,58.00,55.00,89.73,200.00,7.00,0.10,29.94,1012.90,5.00,M,OVC,M,M,M,7000.00,M,M,M,RA BR,M,M,M,M,M,M,58.00,KPHX 230351Z 20007KT 5SM RA BR OVC070 14/13 A2994 RMK AO2 RAB00 SLP129 P0010 T01440128 $,M
PHX,2025-11-23 04:51,-112.0116,33.4343,337.00,57.00,54.00,89.68,170.00,9.00,0.12,29.96,1013.70,6.00,M,FEW,OVC,M,M,4300.00,6500.00,M,M,RA BR,M,M,M,M,M,M,57.00,KPHX 230451Z 17009KT 6SM RA BR FEW043 OVC065 14/12 A2996 RMK AO2 SLP137 P0012 T01390122 $,M
PHX,2025-11-23 05:49,-112.0116,33.4343,337.00,57.20,55.40,93.70,180.00,6.00,0.05,29.94,M,10.00,M,FEW,SCT,OVC,M,800.00,4300.00,7000.00,M,M,M,M,M,M,M,M,57.20,KPHX 230549Z 18006KT 10SM FEW008 SCT043 OVC070 14/13 A2994 RMK AO2 RAE34 MTN TOPS OBSC BY CLDS N-NE P0005 $,M
PHX,2025-11-23 05:51,-112.0116,33.4343,337.00,57.00,55.00,93.01,200.00,5.00,0.05,29.93,1012.60,10.00,M,FEW,SCT,OVC,M,800.00,4300.00,7000.00,M,M,M,M,M,M,M,M,57.00,KPHX 230551Z 20005KT 10SM FEW008 SCT043 OVC070 14/13 A2993 RMK AO2 RAE34 SLP126 MTN TOPS OBSC BY CLDS N-NE P0005 60031 T01390128 10161 20139 58002 $,M
PHX,2025-11-23 06:51,-112.0116,33.4343,337.00,58.00,55.00,89.73,120.00,3.00,0.00,29.94,1012.90,10.00,M,FEW,FEW,BKN,OVC,800.00,2600.00,7000.00,13000.00,M,M,M,M,M,M,M,58.00,KPHX 230651Z 12003KT 10SM FEW008 FEW026 BKN070 OVC130 14/13 A2994 RMK AO2 SLP129 T01440128 402220128 $,M
PHX,2025-11-23 07:51,-112.0116,33.4343,337.00,58.00,55.00,89.73,170.00,3.00,0.00,29.95,1013.10,10.00,M,SCT,BKN,OVC,M,1000.00,5500.00,7000.00,M,M,M,M,M,M,M,M,58.00,KPHX 230751Z 17003KT 10SM SCT010 BKN055 OVC070 14/13 A2995 RMK AO2 SLP131 MTN TOPS OBSC BY CLDS S T01440128 $,M
PHX,2025-11-23 08:51,-112.0116,33.4343,337.00,57.00,55.00,93.01,150.00,6.00,0.01,29.94,1012.90,10.00,M,SCT,BKN,BKN,BKN,900.00,4600.00,7000.00,13000.00,M,M,M,M,M,M,M,57.00,KPHX 230851Z 15006KT 10SM SCT009 BKN046 BKN070 BKN130 14/13 A2994 RMK AO2 RAB05E36 SLP129 MTN TOPS OBSC BY CLDS N AND S P0001 60001 T01390128 50002 $,M
PHX,2025-11-23 09:51,-112.0116,33.4343,337.00,57.00,54.00,89.68,190.00,6.00,T,29.95,1013.30,10.00,M,SCT,BKN,OVC,M,800.00,3000.00,6500.00,M,M,M,M,M,M,M,M,57.00,KPHX 230951Z 19006KT 10SM SCT008 BKN030 OVC065 14/12 A2995 RMK AO2 RAB22E31 SLP133 P0000 T01390122 $,M
PHX,2025-11-23 10:51,-112.0116,33.4343,337.00,57.00,54.00,89.68,130.00,7.00,T,29.95,1013.20,10.00,M,FEW,SCT,OVC,M,800.00,4600.00,7000.00,M,M,M,M,M,M,M,M,57.00,KPHX 231051Z 13007KT 10SM FEW008 SCT046 OVC070 14/12 A2995 RMK AO2 RAB0953E16 SLP132 P0000 T01390122 $,M
PHX,2025-11-23 11:51,-112.0116,33.4343,337.00,57.00,54.00,89.68,0.00,0.00,0.00,29.95,1013.50,10.00,M,FEW,SCT,OVC,M,800.00,4700.00,7500.00,M,M,M,M,M,M,M,M,57.00,KPHX 231151Z 00000KT 10SM FEW008 SCT047 OVC075 14/12 A2995 RMK AO2 SLP135 60001 70042 T01390122 10144 20139 51004 $,M
PHX,2025-11-23 12:51,-112.0116,33.4343,337.00,57.00,55.00,93.01,100.00,6.00,T,29.97,1014.10,8.00,M,FEW,SCT,BKN,OVC,800.00,4700.00,7000.00,13000.00,-RA,M,M,M,M,M,M,57.00,KPHX 231251Z 10006KT 8SM -RA FEW008 SCT047 BKN070 OVC130 14/13 A2997 RMK AO2 RAB1154E06B39 SLP141 P0000 T01390128 $,M
PHX,2025-11-23 13:36,-112.0116,33.4343,337.00,57.00,55.00,93.01,120.00,4.00,T,29.99,M,10.00,M,SCT,BKN,OVC,M,500.00,1500.00,2400.00,M,M,M,M,M,M,M,M,57.00,KPHX 231336Z 12004KT 10SM SCT005 BKN015 OVC024 14/13 A2999 RMK AO2 RAE03 P0000 T01390128 $,M
PHX,2025-11-23 13:51,-112.0116,33.4343,337.00,57.00,55.00,93.01,80.00,3.00,T,30.00,1014.90,10.00,M,SCT,BKN,OVC,M,800.00,2100.00,4300.00,M,M,M,M,M,M,M,M,57.00,KPHX 231351Z 08003KT 10SM SCT008 BKN021 OVC043 14/13 A3000 RMK AO2 RAE03 SLP149 P0000 T01390128 $,M
PHX,2025-11-23 14:23,-112.0116,33.4343,337.00,57.00,54.00,89.68,90.00,3.00,0.00,30.01,M,10.00,M,SCT,SCT,BKN,M,800.00,1500.00,3600.00,M,M,M,M,M,M,M,M,57.00,KPHX 231423Z 09003KT 10SM SCT008 SCT015 BKN036 14/12 A3001 RMK AO2 T01390122 $,M
PHX,2025-11-23 14:38,-112.0116,33.4343,337.00,57.00,54.00,89.68,90.00,3.00,0.00,30.02,M,10.00,M,SCT,BKN,BKN,M,800.00,1600.00,3600.00,M,M,M,M,M,M,M,M,57.00,KPHX 231438Z 09003KT 10SM SCT008 BKN016 BKN036 14/12 A3002 RMK AO2 BKN016 V SCT T01390122 $,M
PHX,2025-11-23 14:51,-112.0116,33.4343,337.00,57.00,54.00,89.68,110.00,4.00,0.00,30.02,1015.70,10.00,M,SCT,BKN,BKN,M,800.00,1600.00,3800.00,M,M,M,M,M,M,M,M,57.00,KPHX 231451Z 11004KT 10SM SCT008 BKN016 BKN038 14/12 A3002 RMK AO2 SLP157 BKN016 V SCT 60000 T01390122 53022 $,M
PHX,2025-11-23 15:10,-112.0116,33.4343,337.00,57.00,55.00,93.01,140.00,7.00,0.00,30.03,M,10.00,M,SCT,SCT,BKN,M,1000.00,1600.00,3800.00,M,M,M,M,M,M,M,M,57.00,KPHX 231510Z 14007KT 10SM SCT010 SCT016 BKN038 14/13 A3003 RMK AO2 SCT016 V BKN T01390128 $,M
PHX,2025-11-23 15:24,-112.0116,33.4343,337.00,57.00,54.00,89.68,150.00,6.00,0.00,30.03,M,10.00,M,FEW,SCT,BKN,M,800.00,1600.00,3800.00,M,M,M,M,M,M,M,M,57.00,KPHX 231524Z 15006KT 10SM FEW008 SCT016 BKN038 14/12 A3003 RMK AO2 SCT016 V BKN T01390122 $,M
PHX,2025-11-23 15:51,-112.0116,33.4343,337.00,58.00,54.00,86.51,150.00,6.00,0.00,30.03,1016.40,10.00,M,FEW,SCT,BKN,M,800.00,2800.00,4000.00,M,M,M,M,M,M,M,M,58.00,KPHX 231551Z 15006KT 10SM FEW008 SCT028 BKN040 14/12 A3003 RMK AO2 SLP164 T01440122 $,M
PHX,2025-11-23 16:51,-112.0116,33.4343,337.00,59.00,54.00,83.47,170.00,3.00,0.00,30.06,1017.20,10.00,M,SCT,BKN,BKN,M,1800.00,3600.00,6000.00,M,M,M,M,M,M,M,M,59.00,KPHX 231651Z 17003KT 10SM SCT018 BKN036 BKN060 15/12 A3006 RMK AO2 SLP172 T01500122 $,M
PHX,2025-11-23 17:51,-112.0116,33.4343,337.00,59.00,54.00,83.47,M,3.00,0.00,30.07,1017.40,10.00,M,SCT,BKN,BKN,M,2100.00,3600.00,6000.00,M,M,M,M,M,M,M,M,59.00,KPHX 231751Z VRB03KT 10SM SCT021 BKN036 BKN060 15/12 A3007 RMK AO2 SLP174 60000 T01500122 10156 20139 51015 $,M
PHX,2025-11-23 18:51,-112.0116,33.4343,337.00,61.00,53.00,74.94,0.00,0.00,0.00,30.06,1017.00,10.00,M,SCT,BKN,BKN,M,2700.00,4100.00,6500.00,M,M,M,M,M,M,M,M,61.00,KPHX 231851Z 00000KT 10SM SCT027 BKN041 BKN065 16/12 A3006 RMK AO2 SLP170 T01610117 $,M
PHX,2025-11-23 19:51,-112.0116,33.4343,337.00,62.00,53.00,72.34,0.00,0.00,0.00,30.03,1016.30,10.00,M,SCT,BKN,BKN,M,3200.00,4100.00,6500.00,M,M,M,M,M,M,M,M,62.00,KPHX 231951Z 00000KT 10SM SCT032 BKN041 BKN065 17/12 A3003 RMK AO2 SLP163 T01670117 $,M
PHX,2025-11-23 20:51,-112.0116,33.4343,337.00,63.00,51.00,64.87,M,4.00,0.00,30.04,1016.40,10.00,M,SCT,BKN,BKN,M,3600.00,4500.00,7000.00,M,M,M,M,M,M,M,M,63.00,KPHX 232051Z VRB04KT 10SM SCT036 BKN045 BKN070 17/11 A3004 RMK AO2 SLP164 T01720106 55009 $,M
PHX,2025-11-23 21:51,-112.0116,33.4343,337.00,64.00,50.00,60.35,190.00,3.00,0.00,30.04,1016.30,10.00,M,SCT,BKN,BKN,M,3600.00,5000.00,7000.00,M,M,M,M,M,M,M,M,64.00,KPHX 232151Z 19003KT 10SM SCT036 BKN050 BKN070 18/10 A3004 RMK AO2 SLP163 T01780100 $,M
PHX,2025-11-23 22:51,-112.0116,33.4343,337.00,64.00,50.00,60.35,0.00,0.00,0.00,30.05,1016.70,10.00,M,FEW,SCT,BKN,M,3600.00,4800.00,7000.00,M,M,M,M,M,M,M,M,64.00,KPHX 232251Z 00000KT 10SM FEW036 SCT048 BKN070 18/10 A3005 RMK AO2 SLP167 T01780100 $,M
PHX,2025-11-23 23:51,-112.0116,33.4343,337.00,64.00,49.00,58.15,0.00,0.00,0.00,30.06,1016.90,10.00,M,FEW,BKN,BKN,M,4800.00,6500.00,10000.00,M,M,M,M,M,M,M,M,64.00,KPHX 232351Z 00000KT 10SM FEW048 BKN065 BKN100 18/09 A3006 RMK AO2 SLP169 T01780094 10183 20150 53006 $,M
PHX,2025-11-24 00:51,-112.0116,33.4343,337.00,64.00,49.00,58.15,M,5.00,0.00,30.06,1017.20,10.00,M,FEW,SCT,BKN,M,5000.00,7000.00,9000.00,M,M,M,M,M,M,M,M,64.00,KPHX 240051Z VRB05KT 10SM FEW050 SCT070 BKN090 18/09 A3006 RMK AO2 SLP172 T01780094 $,M
PHX,2025-11-24 01:51,-112.0116,33.4343,337.00,63.00,50.00,62.51,340.00,5.00,0.00,30.08,1017.60,10.00,M,FEW,SCT,M,M,3800.00,8000.00,M,M,M,M,M,M,M,M,M,63.00,KPHX 240151Z 34005KT 10SM FEW038 SCT080 17/10 A3008 RMK AO2 SLP176 T01720100 $,M
PHX,2025-11-24 02:51,-112.0116,33.4343,337.00,62.00,52.00,69.72,350.00,6.00,0.00,30.08,1017.90,10.00,M,FEW,SCT,SCT,M,3500.00,6500.00,8000.00,M,M,M,M,M,M,M,M,62.00,KPHX 240251Z 35006KT 10SM FEW035 SCT065 SCT080 17/11 A3008 RMK AO2 SLP179 T01670111 51009 $,M
PHX,2025-11-24 03:51,-112.0116,33.4343,337.00,61.00,51.00,69.61,20.00,5.00,0.00,30.09,1018.20,10.00,M,FEW,FEW,SCT,M,3500.00,5500.00,8000.00,M,M,M,M,M,M,M,M,61.00,KPHX 240351Z 02005KT 10SM FEW035 FEW055 SCT080 16/11 A3009 RMK AO2 SLP182 T01610106 $,M
PHX,2025-11-24 04:51,-112.0116,33.4343,337.00,58.00,52.00,80.39,0.00,0.00,0.00,30.09,1018.30,10.00,M,FEW,FEW,M,M,5000.00,12000.00,M,M,M,M,M,M,M,M,M,58.00,KPHX 240451Z 00000KT 10SM FEW050 FEW120 14/11 A3009 RMK AO2 SLP183 T01440111 $,M
PHX,2025-11-24 05:51,-112.0116,33.4343,337.00,60.00,51.00,72.13,360.00,4.00,0.00,30.10,1018.60,10.00,M,FEW,FEW,M,M,6000.00,12000.00,M,M,M,M,M,M,M,M,M,60.00,KPHX 240551Z 36004KT 10SM FEW060 FEW120 16/11 A3010 RMK AO2 SLP186 T01560106 10183 20139 53007 $,M
PHX,2025-11-24 06:51,-112.0116,33.4343,337.00,57.00,54.00,89.68,220.00,3.00,0.00,30.10,1018.60,9.00,M,FEW,M,M,M,10000.00,M,M,M,M,M,M,M,M,M,M,57.00,KPHX 240651Z 22003KT 9SM FEW100 14/12 A3010 RMK AO2 SLP186 T01390122 401830139 $,M
PHX,2025-11-24 07:51,-112.0116,33.4343,337.00,57.00,52.00,83.34,0.00,0.00,0.00,30.10,1018.40,10.00,M,CLR,M,M,M,M,M,M,M,M,M,M,M,M,M,M,57.00,KPHX 240751Z 00000KT 10SM CLR 14/11 A3010 RMK AO2 SLP184 T01390111 $,M
PHX,2025-11-24 08:51,-112.0116,33.4343,337.00,55.00,53.00,92.95,0.00,0.00,0.00,30.10,1018.30,10.00,M,CLR,M,M,M,M,M,M,M,M,M,M,M,M,M,M,55.00,KPHX 240851Z 00000KT 10SM CLR 13/12 A3010 RMK AO2 SLP183 T01280117 57003 $,M
PHX,2025-11-24 09:51,-112.0116,33.4343,337.00,54.00,52.00,92.92,0.00,0.00,0.00,30.10,1018.60,10.00,M,CLR,M,M,M,M,M,M,M,M,M,M,M,M,M,M,54.00,KPHX 240951Z 00000KT 10SM CLR 12/11 A3010 RMK AO2 SLP186 T01220111 $,M
PHX,2025-11-24 10:51,-112.0116,33.4343,337.00,54.00,51.00,89.55,0.00,0.00,0.00,30.10,1018.60,10.00,M,FEW,FEW,FEW,M,900.00,1700.00,3000.00,M,M,M,M,M,M,M,M,54.00,KPHX 241051Z 00000KT 10SM FEW009 FEW017 FEW030 12/11 A3010 RMK AO2 SLP186 T01220106 $,M
PHX,2025-11-24 11:51,-112.0116,33.4343,337.00,53.00,51.00,92.89,0.00,0.00,0.00,30.09,1018.30,10.00,M,FEW,FEW,FEW,M,600.00,1300.00,3500.00,M,M,M,M,M,M,M,M,53.00,KPHX 241151Z 00000KT 10SM FEW006 FEW013 FEW035 12/11 A3009 RMK AO2 SLP183 T01170106 10156 20117 58000 $,M
PHX,2025-11-24 12:51,-112.0116,33.4343,337.00,52.00,50.00,92.86,110.00,5.00,0.00,30.10,1018.60,10.00,M,FEW,FEW,FEW,M,500.00,2300.00,3500.00,M,M,M,M,M,M,M,M,52.00,KPHX 241251Z 11005KT 10SM FEW005 FEW023 FEW035 11/10 A3010 RMK AO2 SLP186 T01110100 $,M
PHX,2025-11-24 13:51,-112.0116,33.4343,337.00,52.00,50.00,92.86,0.00,0.00,0.00,30.11,1018.80,10.00,M,FEW,FEW,FEW,M,500.00,2300.00,3500.00,M,M,M,M,M,M,M,M,52.00,KPHX 241351Z 00000KT 10SM FEW005 FEW023 FEW035 11/10 A3011 RMK AO2 SLP188 T01110100,M
PHX,2025-11-24 14:51,-112.0116,33.4343,337.00,54.00,49.00,83.13,0.00,0.00,0.00,30.13,1019.50,10.00,M,FEW,FEW,M,M,500.00,2300.00,M,M,M,M,M,M,M,M,M,54.00,KPHX 241451Z 00000KT 10SM FEW005 FEW023 12/09 A3013 RMK AO2 SLP195 FU VC W T01220094 53010,M
PHX,2025-11-24 15:51,-112.0116,33.4343,337.00,56.00,51.00,83.27,0.00,0.00,0.00,30.14,1019.80,10.00,M,FEW,FEW,M,M,500.00,2300.00,M,M,M,M,M,M,M,M,M,56.00,KPHX 241551Z 00000KT 10SM FEW005 FEW023 13/11 A3014 RMK AO2 SLP198 FU VC W T01330106,M
PHX,2025-11-24 16:51,-112.0116,33.4343,337.00,58.00,51.00,77.47,130.00,3.00,0.00,30.15,1020.50,10.00,M,FEW,FEW,FEW,M,500.00,1700.00,5000.00,M,M,M,M,M,M,M,M,58.00,KPHX 241651Z 13003KT 10SM FEW005 FEW017 FEW050 14/11 A3015 RMK AO2 SLP205 FU VC W T01440106,M
PHX,2025-11-24 17:51,-112.0116,33.4343,337.00,62.00,51.00,67.19,120.00,4.00,0.00,30.15,1020.20,10.00,M,FEW,FEW,FEW,M,500.00,1700.00,5000.00,M,M,M,M,M,M,M,M,62.00,KPHX 241751Z 12004KT 10SM FEW005 FEW017 FEW050 17/11 A3015 RMK AO2 SLP202 FU VC W T01670106 10167 20111 50008,M
PHX,2025-11-24 18:51,-112.0116,33.4343,337.00,63.00,51.00,64.87,0.00,0.00,0.00,30.13,1019.40,10.00,M,FEW,FEW,FEW,M,500.00,1700.00,5000.00,M,M,M,M,M,M,M,M,63.00,KPHX 241851Z 00000KT 10SM FEW005 FEW017 FEW050 17/11 A3013 RMK AO2 SLP194 FU VC W T01720106,M
PHX,2025-11-24 19:51,-112.0116,33.4343,337.00,66.00,50.00,56.29,0.00,0.00,0.00,30.09,1018.20,10.00,M,FEW,FEW,FEW,M,2000.00,5000.00,8000.00,M,M,M,M,M,M,M,M,66.00,KPHX 241951Z 00000KT 10SM FEW020 FEW050 FEW080 19/10 A3009 RMK AO2 SLP182 T01890100,M
PHX,2025-11-24 20:51,-112.0116,33.4343,337.00,67.00,50.00,54.38,M,3.00,0.00,30.07,1017.30,10.00,M,FEW,FEW,FEW,M,3500.00,6000.00,9000.00,M,M,M,M,M,M,M,M,67.00,KPHX 242051Z VRB03KT 10SM FEW035 FEW060 FEW090 19/10 A3007 RMK AO2 SLP173 T01940100 56028,M
PHX,2025-11-24 21:51,-112.0116,33.4343,337.00,68.00,49.00,50.62,M,3.00,0.00,30.05,1016.80,10.00,M,FEW,FEW,FEW,M,3500.00,6000.00,9000.00,M,M,M,M,M,M,M,M,68.00,KPHX 242151Z VRB03KT 10SM FEW035 FEW060 FEW090 20/09 A3005 RMK AO2 SLP168 T02000094,M
PHX,2025-11-24 22:51,-112.0116,33.4343,337.00,68.00,49.00,50.62,240.00,5.00,0.00,30.05,1016.70,10.00,M,FEW,FEW,FEW,M,3500.00,6000.00,25000.00,M,M,M,M,M,M,M,M,68.00,KPHX 242251Z 24005KT 10SM FEW035 FEW060 FEW250 20/09 A3005 RMK AO2 SLP167 T02000094,M
PHX,2025-11-24 23:51,-112.0116,33.4343,337.00,67.00,50.00,54.38,230.00,4.00,0.00,30.04,1016.60,10.00,M,FEW,FEW,M,M,5000.00,25000.00,M,M,M,M,M,M,M,M,M,67.00,KPHX 242351Z 23004KT 10SM FEW050 FEW250 19/10 A3004 RMK AO2 SLP166 T01940100 10206 20167 56008,M
PHX,2025-11-25 00:51,-112.0116,33.4343,337.00,66.00,50.00,56.29,250.00,4.00,0.00,30.05,1016.70,10.00,M,FEW,FEW,M,M,5000.00,25000.00,M,M,M,M,M,M,M,M,M,66.00,KPHX 250051Z 25004KT 10SM FEW050 FEW250 19/10 A3005 RMK AO2 SLP167 T01890100,M
PHX,2025-11-25 01:51,-112.0116,33.4343,337.00,63.00,52.00,67.31,240.00,3.00,0.00,30.05,1016.90,10.00,M,FEW,M,M,M,25000.00,M,M,M,M,M,M,M,M,M,M,63.00,KPHX 250151Z 24003KT 10SM FEW250 17/11 A3005 RMK AO2 SLP169 T01720111,M
PHX,2025-11-25 02:51,-112.0116,33.4343,337.00,61.00,53.00,74.94,220.00,3.00,0.00,30.06,1017.20,10.00,M,CLR,M,M,M,M,M,M,M,M,M,M,M,M,M,M,61.00,KPHX 250251Z 22003KT 10SM CLR 16/12 A3006 RMK AO2 SLP172 T01610117 53005,M
PHX,2025-11-25 03:51,-112.0116,33.4343,337.00,61.00,52.00,72.23,0.00,0.00,0.00,30.07,1017.30,10.00,M,CLR,M,M,M,M,M,M,M,M,M,M,M,M,M,M,61.00,KPHX 250351Z 00000KT 10SM CLR 16/11 A3007 RMK AO2 SLP173 T01610111,M
PHX,2025-11-25 04:51,-112.0116,33.4343,337.00,60.00,55.00,83.54,0.00,0.00,0.00,30.07,1017.30,10.00,M,CLR,M,M,M,M,M,M,M,M,M,M,M,M,M,M,60.00,KPHX 250451Z 00000KT 10SM CLR 16/13 A3007 RMK AO2 SLP173 T01560128,M
PHX,2025-11-25 05:51,-112.0116,33.4343,337.00,59.00,54.00,83.47,100.00,5.00,0.00,30.07,1017.50,10.00,M,CLR,M,M,M,M,M,M,M,M,M,M,M,M,M,M,59.00,KPHX 250551Z 10005KT 10SM CLR 15/12 A3007 RMK AO2 SLP175 T01500122 10194 20150 52005,M
PHX,2025-11-25 06:51,-112.0116,33.4343,337.00,58.00,52.00,80.39,110.00,5.00,0.00,30.08,1017.70,10.00,M,CLR,M,M,M,M,M,M,M,M,M,M,M,M,M,M,58.00,KPHX 250651Z 11005KT 10SM CLR 14/11 A3008 RMK AO2 SLP177 T01440111 402060111,M
PHX,2025-11-25 07:51,-112.0116,33.4343,337.00,56.00,52.00,86.40,100.00,4.00,0.00,30.07,1017.40,10.00,M,CLR,M,M,M,M,M,M,M,M,M,M,M,M,M,M,56.00,KPHX 250751Z 10004KT 10SM CLR 13/11 A3007 RMK AO2 SLP174 T01330111,M
PHX,2025-11-25 08:51,-112.0116,33.4343,337.00,56.00,51.00,83.27,0.00,0.00,0.00,30.08,1017.60,10.00,M,CLR,M,M,M,M,M,M,M,M,M,M,M,M,M,M,56.00,KPHX 250851Z 00000KT 10SM CLR 13/11 A3008 RMK AO2 SLP176 T01330106 55000,M
PHX,2025-11-25 09:51,-112.0116,33.4343,337.00,55.00,51.00,86.35,110.00,3.00,0.00,30.08,1017.60,10.00,M,CLR,M,M,M,M,M,M,M,M,M,M,M,M,M,M,55.00,KPHX 250951Z 11003KT 10SM CLR 13/11 A3008 RMK AO2 SLP176 T01280106,M
PHX,2025-11-25 10:51,-112.0116,33.4343,337.00,54.00,51.00,89.55,100.00,4.00,0.00,30.06,1017.20,10.00,M,CLR,M,M,M,M,M,M,M,M,M,M,M,M,M,M,54.00,KPHX 251051Z 10004KT 10SM CLR 12/11 A3006 RMK AO2 SLP172 T01220106,M
PHX,2025-11-25 11:51,-112.0116,33.4343,337.00,53.00,50.00,89.51,0.00,0.00,0.00,30.08,1017.70,10.00,M,CLR,M,M,M,M,M,M,M,M,M,M,M,M,M,M,53.00,KPHX 251151Z 00000KT 10SM CLR 12/10 A3008 RMK AO2 SLP177 T01170100 10150 20117 53000,M
PHX,2025-11-25 12:51,-112.0116,33.4343,337.00,53.00,50.00,89.51,120.00,3.00,0.00,30.09,1018.00,10.00,M,CLR,M,M,M,M,M,M,M,M,M,M,M,M,M,M,53.00,KPHX 251251Z 12003KT 10SM CLR 12/10 A3009 RMK AO2 SLP180 T01170100,M
PHX,2025-11-25 13:51,-112.0116,33.4343,337.00,53.00,50.00,89.51,90.00,4.00,0.00,30.09,1018.20,10.00,M,FEW,M,M,M,10000.00,M,M,M,M,M,M,M,M,M,M,53.00,KPHX 251351Z 09004KT 10SM FEW100 12/10 A3009 RMK AO2 SLP182 T01170100,M
PHX,2025-11-25 14:51,-112.0116,33.4343,337.00,54.00,50.00,86.29,100.00,3.00,0.00,30.10,1018.60,10.00,M,CLR,M,M,M,M,M,M,M,M,M,M,M,M,M,M,54.00,KPHX 251451Z 10003KT 10SM CLR 12/10 A3010 RMK AO2 SLP186 T01220100 53008,M
PHX,2025-11-25 15:51,-112.0116,33.4343,337.00,58.00,49.00,71.92,100.00,6.00,0.00,30.12,1019.30,10.00,M,FEW,M,M,M,15000.00,M,M,M,M,M,M,M,M,M,M,58.00,KPHX 251551Z 10006KT 10SM FEW150 14/09 A3012 RMK AO2 SLP193 T01440094,M
PHX,2025-11-25 16:51,-112.0116,33.4343,337.00,60.00,49.00,66.96,80.00,5.00,0.00,30.14,1019.70,10.00,M,FEW,M,M,M,10000.00,M,M,M,M,M,M,M,M,M,M,60.00,KPHX 251651Z 08005KT 10SM FEW100 16/09 A3014 RMK AO2 SLP197 T01560094,M
PHX,2025-11-25 17:51,-112.0116,33.4343,337.00,64.00,50.00,60.35,140.00,4.00,0.00,30.13,1019.50,10.00,M,FEW,M,M,M,10000.00,M,M,M,M,M,M,M,M,M,M,64.00,KPHX 251751Z 14004KT 10SM FEW100 18/10 A3013 RMK AO2 SLP195 T01780100 10183 20111 50010,M
PHX,2025-11-25 18:51,-112.0116,33.4343,337.00,64.00,49.00,58.15,0.00,0.00,0.00,30.10,1018.40,10.00,M,FEW,M,M,M,23000.00,M,M,M,M,M,M,M,M,M,M,64.00,KPHX 251851Z 00000KT 10SM FEW230 18/09 A3010 RMK AO2 SLP184 T01780094,M
PHX,2025-11-25 19:51,-112.0116,33.4343,337.00,70.00,49.00,47.27,120.00,4.00,0.00,30.07,1017.30,10.00,M,FEW,M,M,M,23000.00,M,M,M,M,M,M,M,M,M,M,70.00,KPHX 251951Z 12004KT 10SM FEW230 21/09 A3007 RMK AO2 SLP173 T02110094,M
PHX,2025-11-25 20:51,-112.0116,33.4343,337.00,69.00,46.00,43.69,260.00,3.00,0.00,30.05,1016.70,10.00,M,FEW,FEW,M,M,23000.00,27000.00,M,M,M,M,M,M,M,M,M,69.00,KPHX 252051Z 26003KT 10SM FEW230 FEW270 21/08 A3005 RMK AO2 SLP167 T02060078 56026,M
PHX,2025-11-25 21:51,-112.0116,33.4343,337.00,71.00,46.00,40.81,0.00,0.00,0.00,30.04,1016.40,10.00,M,FEW,FEW,M,M,22000.00,25000.00,M,M,M,M,M,M,M,M,M,71.00,KPHX 252151Z 00000KT 10SM FEW220 FEW250 22/08 A3004 RMK AO2 SLP164 T02170078,M
PHX,2025-11-25 22:51,-112.0116,33.4343,337.00,73.00,46.00,38.15,250.00,4.00,0.00,30.04,1016.20,10.00,M,FEW,FEW,M,M,22000.00,25000.00,M,M,M,M,M,M,M,M,M,73.00,KPHX 252251Z 25004KT 10SM FEW220 FEW250 23/08 A3004 RMK AO2 SLP162 T02280078,M
PHX,2025-11-25 23:51,-112.0116,33.4343,337.00,71.00,46.00,40.81,290.00,6.00,0.00,30.04,1016.40,10.00,M,FEW,M,M,M,25000.00,M,M,M,M,M,M,M,M,M,M,71.00,KPHX 252351Z 29006KT 10SM FEW250 22/08 A3004 RMK AO2 SLP164 T02170078 10228 20178 55003,M
PHX,2025-11-26 00:51,-112.0116,33.4343,337.00,69.00,47.00,45.37,260.00,4.00,0.00,30.05,1016.60,10.00,M,FEW,M,M,M,25000.00,M,M,M,M,M,M,M,M,M,M,69.00,KPHX 260051Z 26004KT 10SM FEW250 21/08 A3005 RMK AO2 SLP166 T02060083,M
PHX,2025-11-26 01:51,-112.0116,33.4343,337.00,67.00,49.00,52.39,260.00,4.00,0.00,30.06,1017.20,10.00,M,FEW,M,M,M,25000.00,M,M,M,M,M,M,M,M,M,M,67.00,KPHX 260151Z 26004KT 10SM FEW250 19/09 A3006 RMK AO2 SLP172 T01940094,M
PHX,2025-11-26 02:51,-112.0116,33.4343,337.00,63.00,52.00,67.31,0.00,0.00,0.00,30.07,1017.50,10.00,M,CLR,M,M,M,M,M,M,M,M,M,M,M,M,M,M,63.00,KPHX 260251Z 00000KT 10SM CLR 17/11 A3007 RMK AO2 SLP175 T01720111 51009,M
PHX,2025-11-26 03:51,-112.0116,33.4343,337.00,62.00,51.00,67.19,0.00,0.00,0.00,30.08,1017.80,10.00,M,CLR,M,M,M,M,M,M,M,M,M,M,M,M,M,M,62.00,KPHX 260351Z 00000KT 10SM CLR 17/11 A3008 RMK AO2 SLP178 T01670106,M
PHX,2025-11-26 04:51,-112.0116,33.4343,337.00,61.00,49.00,64.62,0.00,0.00,0.00,30.09,1018.20,10.00,M,CLR,M,M,M,M,M,M,M,M,M,M,M,M,M,M,61.00,KPHX 260451Z 00000KT 10SM CLR 16/09 A3009 RMK AO2 SLP182 T01610094,M
PHX,2025-11-26 05:51,-112.0116,33.4343,337.00,60.00,51.00,72.13,110.00,3.00,0.00,30.10,1018.30,10.00,M,CLR,M,M,M,M,M,M,M,M,M,M,M,M,M,M,60.00,KPHX 260551Z 11003KT 10SM CLR 16/11 A3010 RMK AO2 SLP183 T01560106 10217 20150 51009,M
PHX,2025-11-26 06:51,-112.0116,33.4343,337.00,58.00,52.00,80.39,120.00,4.00,0.00,30.10,1018.30,10.00,M,CLR,M,M,M,M,M,M,M,M,M,M,M,M,M,M,58.00,KPHX 260651Z 12004KT 10SM CLR 14/11 A3010 RMK AO2 SLP183 T01440111 402280111,M
PHX,2025-11-26 07:51,-112.0116,33.4343,337.00,57.00,52.00,83.34,100.00,4.00,0.00,30.10,1018.40,10.00,M,CLR,M,M,M,M,M,M,M,M,M,M,M,M,M,M,57.00,KPHX 260751Z 10004KT 10SM CLR 14/11 A3010 RMK AO2 SLP184 T01390111,M
PHX,2025-11-26 08:51,-112.0116,33.4343,337.00,56.00,51.00,83.27,130.00,4.00,0.00,30.10,1018.60,10.00,M,CLR,M,M,M,M,M,M,M,M,M,M,M,M,M,M,56.00,KPHX 260851Z 13004KT 10SM CLR 13/11 A3010 RMK AO2 SLP186 T01330106 52002 $,M
PHX,2025-11-26 09:51,-112.0116,33.4343,337.00,55.00,49.00,80.16,130.00,3.00,0.00,30.10,1018.60,10.00,M,CLR,M,M,M,M,M,M,M,M,M,M,M,M,M,M,55.00,KPHX 260951Z 13003KT 10SM CLR 13/09 A3010 RMK AO2 SLP186 T01280094 $,M
PHX,2025-11-26 10:51,-112.0116,33.4343,337.00,55.00,48.00,77.21,100.00,3.00,0.00,30.10,1018.40,10.00,M,CLR,M,M,M,M,M,M,M,M,M,M,M,M,M,M,55.00,KPHX 261051Z 10003KT 10SM CLR 13/09 A3010 RMK AO2 SLP184 T01280089 $,M
PHX,2025-11-26 11:51,-112.0116,33.4343,337.00,54.00,48.00,80.08,0.00,0.00,0.00,30.10,1018.40,10.00,M,CLR,M,M,M,M,M,M,M,M,M,M,M,M,M,M,54.00,KPHX 261151Z 00000KT 10SM CLR 12/09 A3010 RMK AO2 SLP184 T01220089 10161 20117 58002 $,M
PHX,2025-11-26 12:51,-112.0116,33.4343,337.00,54.00,48.00,80.08,80.00,3.00,0.00,30.12,1019.00,10.00,M,CLR,M,M,M,M,M,M,M,M,M,M,M,M,M,M,54.00,KPHX 261251Z 08003KT 10SM CLR 12/09 A3012 RMK AO2 SLP190 T01220089 $,M
PHX,2025-11-26 13:51,-112.0116,33.4343,337.00,52.00,48.00,86.18,0.00,0.00,0.00,30.13,1019.60,10.00,M,FEW,M,M,M,25000.00,M,M,M,M,M,M,M,M,M,M,52.00,KPHX 261351Z COR 00000KT 10SM FEW250 11/09 A3013 RMK AO2 SLP196 T01110089 $,M
PHX,2025-11-26 14:51,-112.0116,33.4343,337.00,54.00,48.00,80.08,0.00,0.00,0.00,30.15,1020.10,10.00,M,FEW,M,M,M,25000.00,M,M,M,M,M,M,M,M,M,M,54.00,KPHX 261451Z 00000KT 10SM FEW250 12/09 A3015 RMK AO2 SLP201 T01220089 51016 $,M
PHX,2025-11-26 15:51,-112.0116,33.4343,337.00,58.00,48.00,69.28,0.00,0.00,0.00,30.15,1020.30,10.00,M,FEW,SCT,SCT,M,4000.00,25000.00,29000.00,M,M,M,M,M,M,M,M,58.00,KPHX 261551Z 00000KT 10SM FEW040 SCT250 SCT290 14/09 A3015 RMK AO2 SLP203 T01440089 $,M
PHX,2025-11-26 16:51,-112.0116,33.4343,337.00,64.00,46.00,51.94,0.00,0.00,0.00,30.17,1020.70,10.00,M,FEW,SCT,SCT,M,4000.00,25000.00,29000.00,M,M,M,M,M,M,M,M,64.00,KPHX 261651Z 00000KT 10SM FEW040 SCT250 SCT290 18/08 A3017 RMK AO2 SLP207 T01780078,M
PHX,2025-11-26 17:51,-112.0116,33.4343,337.00,70.00,40.00,33.54,10.00,7.00,0.00,30.17,1020.70,10.00,15.00,FEW,SCT,SCT,M,4000.00,25000.00,29000.00,M,M,M,M,M,M,M,M,70.00,KPHX 261751Z 01007G15KT 350V050 10SM FEW040 SCT250 SCT290 21/04 A3017 RMK AO2 SLP207 T02110044 10211 20111 52008,M
PHX,2025-11-26 18:51,-112.0116,33.4343,337.00,70.00,38.00,31.02,80.00,7.00,0.00,30.14,1019.60,10.00,M,SCT,BKN,M,M,25000.00,29000.00,M,M,M,M,M,M,M,M,M,70.00,KPHX 261851Z 08007KT 10SM SCT250 BKN290 21/03 A3014 RMK AO2 SLP196 T02110033,M
PHX,2025-11-26 19:51,-112.0116,33.4343,337.00,71.00,42.00,35.03,0.00,0.00,0.00,30.11,1018.60,10.00,M,SCT,BKN,M,M,25000.00,29000.00,M,M,M,M,M,M,M,M,M,71.00,KPHX 261951Z 00000KT 10SM SCT250 BKN290 22/06 A3011 RMK AO2 SLP186 T02170056,M
PHX,2025-11-26 20:51,-112.0116,33.4343,337.00,72.00,42.00,33.86,M,3.00,0.00,30.09,1017.80,10.00,M,SCT,BKN,M,M,25000.00,29000.00,M,M,M,M,M,M,M,M,M,72.00,KPHX 262051Z VRB03KT 10SM SCT250 BKN290 22/06 A3009 RMK AO2 SLP178 T02220056 56028,M
PHX,2025-11-26 21:51,-112.0116,33.4343,337.00,73.00,41.00,31.50,0.00,0.00,0.00,30.07,1017.30,10.00,M,SCT,SCT,M,M,20000.00,27000.00,M,M,M,M,M,M,M,M,M,73.00,KPHX 262151Z 00000KT 10SM SCT200 SCT270 23/05 A3007 RMK AO2 SLP173 T02280050,M
PHX,2025-11-26 22:51,-112.0116,33.4343,337.00,74.00,40.00,29.30,M,3.00,0.00,30.06,1017.00,10.00,M,SCT,SCT,M,M,22000.00,27000.00,M,M,M,M,M,M,M,M,M,74.00,KPHX 262251Z VRB03KT 10SM SCT220 SCT270 23/04 A3006 RMK AO2 SLP170 T02330044,M
PHX,2025-11-26 23:51,-112.0116,33.4343,337.00,73.00,46.00,38.15,230.00,4.00,0.00,30.06,1016.90,10.00,M,SCT,SCT,M,M,22000.00,27000.00,M,M,M,M,M,M,M,M,M,73.00,KPHX 262351Z 23004KT 10SM SCT220 SCT270 23/08 A3006 RMK AO2 SLP169 T02280078 10239 20206 56009,M
PHX,2025-11-27 00:51,-112.0116,33.4343,337.00,70.00,44.00,39.13,0.00,0.00,0.00,30.05,1016.80,10.00,M,FEW,SCT,M,M,20000.00,25000.00,M,M,M,M,M,M,M,M,M,70.00,KPHX 270051Z 00000KT 10SM FEW200 SCT250 21/07 A3005 RMK AO2 SLP168 T02110067,M
PHX,2025-11-27 01:51,-112.0116,33.4343,337.00,67.00,47.00,48.60,0.00,0.00,0.00,30.07,1017.30,10.00,M,FEW,M,M,M,25000.00,M,M,M,M,M,M,M,M,M,M,67.00,KPHX 270151Z 00000KT 10SM FEW250 19/08 A3007 RMK AO2 SLP173 T01940083,M
PHX,2025-11-27 02:51,-112.0116,33.4343,337.00,62.00,49.00,62.38,160.00,3.00,0.00,30.08,1017.80,10.00,M,CLR,M,M,M,M,M,M,M,M,M,M,M,M,M,M,62.00,KPHX 270251Z 16003KT 10SM CLR 17/09 A3008 RMK AO2 SLP178 T01670094 53006,M
PHX,2025-11-27 03:51,-112.0116,33.4343,337.00,63.00,46.00,53.79,0.00,0.00,0.00,30.09,1018.20,10.00,M,CLR,M,M,M,M,M,M,M,M,M,M,M,M,M,M,63.00,KPHX 270351Z 00000KT 10SM CLR 17/08 A3009 RMK AO2 SLP182 T01720078,M
PHX,2025-11-27 04:51,-112.0116,33.4343,337.00,61.00,46.00,57.73,0.00,0.00,0.00,30.10,1018.40,10.00,M,FEW,M,M,M,25000.00,M,M,M,M,M,M,M,M,M,M,61.00,KPHX 270451Z 00000KT 10SM FEW250 16/08 A3010 RMK AO2 SLP184 T01610078,M
PHX,2025-11-27 05:51,-112.0116,33.4343,337.00,59.00,46.00,61.99,170.00,3.00,0.00,30.10,1018.40,10.00,M,FEW,M,M,M,25000.00,M,M,M,M,M,M,M,M,M,M,59.00,KPHX 270551Z 17003KT 10SM FEW250 15/08 A3010 RMK AO2 SLP184 T01500078 10228 20144 51009,M
PHX,2025-11-27 06:51,-112.0116,33.4343,337.00,59.00,46.00,61.99,90.00,3.00,0.00,30.11,1018.50,10.00,M,FEW,M,M,M,25000.00,M,M,M,M,M,M,M,M,M,M,59.00,KPHX 270651Z 09003KT 10SM FEW250 15/08 A3011 RMK AO2 SLP185 T01500078 402390111,M
PHX,2025-11-27 07:51,-112.0116,33.4343,337.00,59.00,45.00,59.68,0.00,0.00,0.00,30.10,1018.30,10.00,M,CLR,M,M,M,M,M,M,M,M,M,M,M,M,M,M,59.00,KPHX 270751Z 00000KT 10SM CLR 15/07 A3010 RMK AO2 SLP183 T01500072,M
PHX,2025-11-27 08:51,-112.0116,33.4343,337.00,56.00,47.00,71.71,110.00,3.00,0.00,30.10,1018.30,10.00,M,SCT,M,M,M,25000.00,M,M,M,M,M,M,M,M,M,M,56.00,KPHX 270851Z 11003KT 10SM SCT250 13/08 A3010 RMK AO2 SLP183 T01330083 58001,M
PHX,2025-11-27 09:51,-112.0116,33.4343,337.00,56.00,46.00,69.05,110.00,3.00,0.00,30.09,1018.10,10.00,M,SCT,M,M,M,25000.00,M,M,M,M,M,M,M,M,M,M,56.00,KPHX 270951Z 11003KT 10SM SCT250 13/08 A3009 RMK AO2 SLP181 T01330078,M
PHX,2025-11-27 10:51,-112.0116,33.4343,337.00,54.00,46.00,74.26,90.00,4.00,0.00,30.09,1018.10,10.00,M,SCT,M,M,M,25000.00,M,M,M,M,M,M,M,M,M,M,54.00,KPHX 271051Z 09004KT 10SM SCT250 12/08 A3009 RMK AO2 SLP181 T01220078,M
PHX,2025-11-27 11:51,-112.0116,33.4343,337.00,54.00,45.00,71.50,0.00,0.00,0.00,30.09,1018.10,10.00,M,SCT,M,M,M,25000.00,M,M,M,M,M,M,M,M,M,M,54.00,KPHX 271151Z 00000KT 10SM SCT250 12/07 A3009 RMK AO2 SLP181 T01220072 10156 20122 56002,M
PHX,2025-11-27 12:51,-112.0116,33.4343,337.00,53.00,45.00,74.16,0.00,0.00,0.00,30.09,1018.10,10.00,M,SCT,M,M,M,25000.00,M,M,M,M,M,M,M,M,M,M,53.00,KPHX 271251Z 00000KT 10SM SCT250 12/07 A3009 RMK AO2 SLP181 T01170072,M
PHX,2025-11-27 13:51,-112.0116,33.4343,337.00,55.00,42.00,61.46,0.00,0.00,0.00,30.10,1018.50,10.00,M,SCT,M,M,M,25000.00,M,M,M,M,M,M,M,M,M,M,55.00,KPHX 271351Z 00000KT 10SM SCT250 13/06 A3010 RMK AO2 SLP185 T01280056,M
PHX,2025-11-27 14:51,-112.0116,33.4343,337.00,54.00,44.00,68.82,0.00,0.00,0.00,30.12,1019.30,10.00,M,BKN,BKN,M,M,26000.00,29000.00,M,M,M,M,M,M,M,M,M,54.00,KPHX 271451Z 00000KT 10SM BKN260 BKN290 12/07 A3012 RMK AO2 SLP193 T01220067 53008,M
PHX,2025-11-27 15:51,-112.0116,33.4343,337.00,58.00,43.00,57.30,0.00,0.00,0.00,30.12,1019.10,10.00,M,BKN,BKN,M,M,26000.00,29000.00,M,M,M,M,M,M,M,M,M,58.00,KPHX 271551Z 00000KT 10SM BKN260 BKN290 14/06 A3012 RMK AO2 SLP191 T01440061,M
PHX,2025-11-27 16:51,-112.0116,33.4343,337.00,65.00,39.00,38.32,90.00,6.00,0.00,30.12,1019.00,10.00,M,BKN,BKN,M,M,26000.00,29000.00,M,M,M,M,M,M,M,M,M,65.00,KPHX 271651Z 09006KT 10SM BKN260 BKN290 18/04 A3012 RMK AO2 SLP190 T01830039,M
PHX,2025-11-27 17:51,-112.0116,33.4343,337.00,71.00,41.00,33.70,120.00,4.00,0.00,30.10,1018.40,10.00,M,BKN,BKN,M,M,26000.00,29000.00,M,M,M,M,M,M,M,M,M,71.00,KPHX 271751Z 12004KT 10SM BKN260 BKN290 22/05 A3010 RMK AO2 SLP184 T02170050 10217 20111 58006,M
PHX,2025-11-27 18:51,-112.0116,33.4343,337.00,75.00,40.00,28.34,100.00,8.00,0.00,30.07,1017.30,10.00,M,BKN,BKN,M,M,26000.00,29000.00,M,M,M,M,M,M,M,M,M,75.00,KPHX 271851Z 10008KT 10SM BKN260 BKN290 24/04 A3007 RMK AO2 SLP173 T02390044,M
PHX,2025-11-27 19:51,-112.0116,33.4343,337.00,74.00,40.00,29.30,80.00,7.00,0.00,30.04,1016.10,10.00,M,BKN,BKN,M,M,26000.00,29000.00,M,M,M,M,M,M,M,M,M,74.00,KPHX 271951Z 08007KT 10SM BKN260 BKN290 23/04 A3004 RMK AO2 SLP161 T02330044,M
PHX,2025-11-27 20:51,-112.0116,33.4343,337.00,76.00,38.00,25.35,80.00,6.00,0.00,30.02,1015.40,10.00,M,BKN,BKN,M,M,26000.00,29000.00,M,M,M,M,M,M,M,M,M,76.00,KPHX 272051Z 08006KT 10SM BKN260 BKN290 24/03 A3002 RMK AO2 SLP154 T02440033 56028,M
PHX,2025-11-27 21:51,-112.0116,33.4343,337.00,77.00,40.00,26.52,90.00,5.00,0.00,30.01,1015.00,10.00,M,SCT,BKN,M,M,23000.00,29000.00,M,M,M,M,M,M,M,M,M,77.00,KPHX 272151Z 09005KT 10SM SCT230 BKN290 25/04 A3001 RMK AO2 SLP150 T02500044,M
PHX,2025-11-27 22:51,-112.0116,33.4343,337.00,76.00,40.00,27.41,50.00,6.00,0.00,30.00,1014.70,10.00,M,BKN,BKN,M,M,23000.00,29000.00,M,M,M,M,M,M,M,M,M,76.00,KPHX 272251Z 05006KT 10SM BKN230 BKN290 24/04 A3000 RMK AO2 SLP147 T02440044,M
PHX,2025-11-27 23:51,-112.0116,33.4343,337.00,75.00,42.00,30.62,80.00,4.00,0.00,29.99,1014.70,10.00,M,FEW,BKN,BKN,M,15000.00,22000.00,27000.00,M,M,M,M,M,M,M,M,75.00,KPHX 272351Z 08004KT 10SM FEW150 BKN220 BKN270 24/06 A2999 RMK AO2 SLP147 T02390056 10256 20211 56007,M
PHX,2025-11-28 00:51,-112.0116,33.4343,337.00,72.00,43.00,35.19,70.00,3.00,0.00,30.00,1015.10,10.00,M,FEW,BKN,BKN,M,18000.00,24000.00,29000.00,M,M,M,M,M,M,M,M,72.00,KPHX 280051Z 07003KT 10SM FEW180 BKN240 BKN290 22/06 A3000 RMK AO2 SLP151 T02220061,M
PHX,2025-11-28 01:51,-112.0116,33.4343,337.00,69.00,45.00,42.06,0.00,0.00,0.00,30.01,1015.20,10.00,M,SCT,SCT,M,M,24000.00,29000.00,M,M,M,M,M,M,M,M,M,69.00,KPHX 280151Z 00000KT 10SM SCT240 SCT290 21/07 A3001 RMK AO2 SLP152 T02060072,M
PHX,2025-11-28 02:51,-112.0116,33.4343,337.00,65.00,50.00,58.28,0.00,0.00,0.00,30.02,1015.60,10.00,M,SCT,M,M,M,25000.00,M,M,M,M,M,M,M,M,M,M,65.00,KPHX 280251Z 00000KT 10SM SCT250 18/10 A3002 RMK AO2 SLP156 T01830100 51007,M
PHX,2025-11-28 03:51,-112.0116,33.4343,337.00,66.00,43.00,43.21,110.00,3.00,0.00,30.02,1015.70,10.00,M,SCT,M,M,M,20000.00,M,M,M,M,M,M,M,M,M,M,66.00,KPHX 280351Z 11003KT 10SM SCT200 19/06 A3002 RMK AO2 SLP157 T01890061,M
PHX,2025-11-28 04:51,-112.0116,33.4343,337.00,64.00,44.00,48.14,140.00,4.00,0.00,30.02,1015.70,10.00,M,SCT,M,M,M,24000.00,M,M,M,M,M,M,M,M,M,M,64.00,KPHX 280451Z 14004KT 10SM SCT240 18/07 A3002 RMK AO2 SLP157 T01780067,M
PHX,2025-11-28 05:51,-112.0116,33.4343,337.00,63.00,45.00,51.79,140.00,4.00,0.00,30.02,1015.50,10.00,M,BKN,M,M,M,22000.00,M,M,M,M,M,M,M,M,M,M,63.00,KPHX 280551Z 14004KT 10SM BKN220 17/07 A3002 RMK AO2 SLP155 T01720072 10239 20167 50002,M
PHX,2025-11-28 06:51,-112.0116,33.4343,337.00,61.00,46.00,57.73,110.00,5.00,0.00,30.02,1015.40,10.00,M,BKN,M,M,M,24000.00,M,M,M,M,M,M,M,M,M,M,61.00,KPHX 280651Z 11005KT 10SM BKN240 16/08 A3002 RMK AO2 SLP154 T01610078 402560111,M
PHX,2025-11-28 07:51,-112.0116,33.4343,337.00,58.00,49.00,71.92,0.00,0.00,0.00,30.02,1015.50,10.00,M,SCT,M,M,M,21000.00,M,M,M,M,M,M,M,M,M,M,58.00,KPHX 280751Z 00000KT 10SM SCT210 14/09 A3002 RMK AO2 SLP155 T01440094,M
PHX,2025-11-28 08:51,-112.0116,33.4343,337.00,59.00,46.00,61.99,110.00,3.00,0.00,30.01,1015.10,10.00,M,FEW,SCT,M,M,20000.00,23000.00,M,M,M,M,M,M,M,M,M,59.00,KPHX 280851Z 11003KT 10SM FEW200 SCT230 15/08 A3001 RMK AO2 SLP151 T01500078 58004,M
PHX,2025-11-28 09:51,-112.0116,33.4343,337.00,58.00,46.00,64.25,0.00,0.00,0.00,30.00,1014.80,10.00,M,SCT,M,M,M,24000.00,M,M,M,M,M,M,M,M,M,M,58.00,KPHX 280951Z 00000KT 10SM SCT240 14/08 A3000 RMK AO2 SLP148 T01440078,M
PHX,2025-11-28 10:51,-112.0116,33.4343,337.00,57.00,46.00,66.60,120.00,5.00,0.00,30.00,1014.70,10.00,M,FEW,FEW,M,M,20000.00,23000.00,M,M,M,M,M,M,M,M,M,57.00,KPHX 281051Z 12005KT 10SM FEW200 FEW230 14/08 A3000 RMK AO2 SLP147 T01390078,M
PHX,2025-11-28 11:51,-112.0116,33.4343,337.00,56.00,46.00,69.05,100.00,5.00,0.00,29.99,1014.60,10.00,M,FEW,M,M,M,25000.00,M,M,M,M,M,M,M,M,M,M,56.00,KPHX 281151Z 10005KT 10SM FEW250 13/08 A2999 RMK AO2 SLP146 T01330078 10172 20133 56004,M
PHX,2025-11-28 12:51,-112.0116,33.4343,337.00,55.00,47.00,74.36,90.00,5.00,0.00,29.99,1014.60,10.00,M,FEW,M,M,M,25000.00,M,M,M,M,M,M,M,M,M,M,55.00,KPHX 281251Z 09005KT 10SM FEW250 13/08 A2999 RMK AO2 SLP146 T01280083,M
PHX,2025-11-28 13:51,-112.0116,33.4343,337.00,54.00,46.00,74.26,0.00,0.00,0.00,30.00,1014.80,10.00,M,FEW,M,M,M,25000.00,M,M,M,M,M,M,M,M,M,M,54.00,KPHX 281351Z 00000KT 10SM FEW250 12/08 A3000 RMK AO2 SLP148 T01220078,M
PHX,2025-11-28 14:51,-112.0116,33.4343,337.00,56.00,45.00,66.48,80.00,3.00,0.00,30.01,1015.30,10.00,M,FEW,FEW,M,M,18000.00,25000.00,M,M,M,M,M,M,M,M,M,56.00,KPHX 281451Z 08003KT 10SM FEW180 FEW250 13/07 A3001 RMK AO2 SLP153 T01330072 53005,M
PHX,2025-11-28 15:51,-112.0116,33.4343,337.00,58.00,44.00,59.54,90.00,4.00,0.00,30.01,1015.50,10.00,M,FEW,FEW,M,M,18000.00,25000.00,M,M,M,M,M,M,M,M,M,58.00,KPHX 281551Z 09004KT 10SM FEW180 FEW250 14/07 A3001 RMK AO2 SLP155 T01440067,M
PHX,2025-11-28 16:51,-112.0116,33.4343,337.00,63.00,44.00,49.85,0.00,0.00,0.00,30.03,1015.80,10.00,M,FEW,FEW,M,M,18000.00,25000.00,M,M,M,M,M,M,M,M,M,63.00,KPHX 281651Z 00000KT 10SM FEW180 FEW250 17/07 A3003 RMK AO2 SLP158 T01720067,M
PHX,2025-11-28 17:51,-112.0116,33.4343,337.00,66.00,43.00,43.21,60.00,4.00,0.00,30.03,1015.80,10.00,M,FEW,M,M,M,25000.00,M,M,M,M,M,M,M,M,M,M,66.00,KPHX 281751Z 06004KT 10SM FEW250 19/06 A3003 RMK AO2 SLP158 T01890061 10189 20117 50005,M
PHX,2025-11-28 18:51,-112.0116,33.4343,337.00,71.00,44.00,37.82,130.00,4.00,0.00,30.00,1014.60,10.00,M,CLR,M,M,M,M,M,M,M,M,M,M,M,M,M,M,71.00,KPHX 281851Z 13004KT 10SM CLR 22/07 A3000 RMK AO2 SLP146 T02170067,M
PHX,2025-11-28 19:51,-112.0116,33.4343,337.00,72.00,42.00,33.86,M,3.00,0.00,29.96,1013.70,10.00,M,CLR,M,M,M,M,M,M,M,M,M,M,M,M,M,M,72.00,KPHX 281951Z VRB03KT 10SM CLR 22/06 A2996 RMK AO2 SLP137 T02220056,M
PHX,2025-11-28 20:51,-112.0116,33.4343,337.00,76.00,41.00,28.49,M,3.00,0.00,29.94,1012.70,10.00,M,CLR,M,M,M,M,M,M,M,M,M,M,M,M,M,M,76.00,KPHX 282051Z VRB03KT 10SM CLR 24/05 A2994 RMK AO2 SLP127 T02440050 56028,M
PHX,2025-11-28 21:51,-112.0116,33.4343,337.00,75.00,42.00,30.62,0.00,0.00,0.00,29.93,1012.40,10.00,M,CLR,M,M,M,M,M,M,M,M,M,M,M,M,M,M,75.00,KPHX 282151Z 00000KT 10SM CLR 24/06 A2993 RMK AO2 SLP124 T02390056,M
PHX,2025-11-28 22:51,-112.0116,33.4343,337.00,75.00,42.00,30.62,0.00,0.00,0.00,29.92,1012.00,10.00,M,CLR,M,M,M,M,M,M,M,M,M,M,M,M,M,M,75.00,KPHX 282251Z 00000KT 10SM CLR 24/06 A2992 RMK AO2 SLP120 T02390056,M
PHX,2025-11-28 23:51,-112.0116,33.4343,337.00,74.00,44.00,34.19,230.00,4.00,0.00,29.92,1012.10,10.00,M,CLR,M,M,M,M,M,M,M,M,M,M,M,M,M,M,74.00,KPHX 282351Z 23004KT 10SM CLR 23/07 A2992 RMK AO2 SLP121 T02330067 10250 20189 55006,M
PHX,2025-11-29 00:51,-112.0116,33.4343,337.00,71.00,46.00,40.81,260.00,6.00,0.00,29.93,1012.70,10.00,M,CLR,M,M,M,M,M,M,M,M,M,M,M,M,M,M,71.00,KPHX 290051Z 26006KT 10SM CLR 22/08 A2993 RMK AO2 SLP127 T02170078,M
PHX,2025-11-29 01:51,-112.0116,33.4343,337.00,67.00,49.00,52.39,240.00,5.00,0.00,29.95,1013.10,10.00,M,CLR,M,M,M,M,M,M,M,M,M,M,M,M,M,M,67.00,KPHX 290151Z 24005KT 10SM CLR 19/09 A2995 RMK AO2 SLP131 T01940094,M
PHX,2025-11-29 02:51,-112.0116,33.4343,337.00,66.00,47.00,50.31,0.00,0.00,0.00,29.95,1013.20,10.00,M,CLR,M,M,M,M,M,M,M,M,M,M,M,M,M,M,66.00,KPHX 290251Z 00000KT 10SM CLR 19/08 A2995 RMK AO2 SLP132 T01890083 51010,M
PHX,2025-11-29 03:51,-112.0116,33.4343,337.00,66.00,47.00,50.31,0.00,0.00,0.00,29.96,1013.50,10.00,M,CLR,M,M,M,M,M,M,M,M,M,M,M,M,M,M,66.00,KPHX 290351Z 00000KT 10SM CLR 19/08 A2996 RMK AO2 SLP135 T01890083,M
PHX,2025-11-29 04:51,-112.0116,33.4343,337.00,63.00,48.00,58.01,0.00,0.00,0.00,29.96,1013.50,10.00,M,CLR,M,M,M,M,M,M,M,M,M,M,M,M,M,M,63.00,KPHX 290451Z 00000KT 10SM CLR 17/09 A2996 RMK AO2 SLP135 T01720089,M
PHX,2025-11-29 05:51,-112.0116,33.4343,337.00,59.00,48.00,66.84,90.00,6.00,0.00,29.98,1014.20,10.00,M,CLR,M,M,M,M,M,M,M,M,M,M,M,M,M,M,59.00,KPHX 290551Z 09006KT 10SM CLR 15/09 A2998 RMK AO2 SLP142 T01500089 10233 20150 53009,M
PHX,2025-11-29 06:51,-112.0116,33.4343,337.00,58.00,49.00,71.92,0.00,0.00,0.00,29.98,1014.30,10.00,M,CLR,M,M,M,M,M,M,M,M,M,M,M,M,M,M,58.00,KPHX 290651Z 00000KT 10SM CLR 14/09 A2998 RMK AO2 SLP143 T01440094 402500117,M
PHX,2025-11-29 07:51,-112.0116,33.4343,337.00,57.00,49.00,74.55,90.00,4.00,0.00,29.97,1014.00,10.00,M,CLR,M,M,M,M,M,M,M,M,M,M,M,M,M,M,57.00,KPHX 290751Z 09004KT 10SM CLR 14/09 A2997 RMK AO2 SLP140 T01390094,M
PHX,2025-11-29 08:51,-112.0116,33.4343,337.00,56.00,48.00,74.46,120.00,4.00,0.00,29.97,1013.80,10.00,M,CLR,M,M,M,M,M,M,M,M,M,M,M,M,M,M,56.00,KPHX 290851Z 12004KT 10SM CLR 13/09 A2997 RMK AO2 SLP138 T01330089 58002,M
PHX,2025-11-29 09:51,-112.0116,33.4343,337.00,55.00,47.00,74.36,110.00,5.00,0.00,29.97,1014.00,10.00,M,CLR,M,M,M,M,M,M,M,M,M,M,M,M,M,M,55.00,KPHX 290951Z 11005KT 10SM CLR 13/08 A2997 RMK AO2 SLP140 T01280083,M
PHX,2025-11-29 10:51,-112.0116,33.4343,337.00,55.00,47.00,74.36,110.00,5.00,0.00,29.97,1014.00,10.00,M,CLR,M,M,M,M,M,M,M,M,M,M,M,M,M,M,55.00,KPHX 291051Z 11005KT 10SM CLR 13/08 A2997 RMK AO2 SLP140 T01280083,M
PHX,2025-11-29 11:51,-112.0116,33.4343,337.00,54.00,46.00,74.26,120.00,4.00,0.00,29.99,1014.40,10.00,M,CLR,M,M,M,M,M,M,M,M,M,M,M,M,M,M,54.00,KPHX 291151Z 12004KT 10SM CLR 12/08 A2999 RMK AO2 SLP144 T01220078 10156 20122 53005,M
PHX,2025-11-29 12:51,-112.0116,33.4343,337.00,54.00,46.00,74.26,100.00,4.00,0.00,30.00,1014.90,10.00,M,CLR,M,M,M,M,M,M,M,M,M,M,M,M,M,M,54.00,KPHX 291251Z 10004KT 10SM CLR 12/08 A3000 RMK AO2 SLP149 T01220078,M
PHX,2025-11-29 13:51,-112.0116,33.4343,337.00,52.00,46.00,79.92,90.00,5.00,0.00,30.01,1015.60,10.00,M,FEW,M,M,M,25000.00,M,M,M,M,M,M,M,M,M,M,52.00,KPHX 291351Z 09005KT 10SM FEW250 11/08 A3001 RMK AO2 SLP156 T01110078,M
PHX,2025-11-29 14:51,-112.0116,33.4343,337.00,54.00,45.00,71.50,120.00,3.00,0.00,30.02,1015.90,10.00,M,FEW,M,M,M,25000.00,M,M,M,M,M,M,M,M,M,M,54.00,KPHX 291451Z 12003KT 10SM FEW250 12/07 A3002 RMK AO2 SLP159 T01220072 51012,M
PHX,2025-11-29 15:51,-112.0116,33.4343,337.00,56.00,44.00,63.99,90.00,6.00,0.00,30.04,1016.40,10.00,M,FEW,M,M,M,25000.00,M,M,M,M,M,M,M,M,M,M,56.00,KPHX 291551Z 09006KT 10SM FEW250 13/07 A3004 RMK AO2 SLP164 T01330067,M
PHX,2025-11-29 16:51,-112.0116,33.4343,337.00,62.00,44.00,51.64,110.00,5.00,0.00,30.04,1016.50,10.00,M,FEW,M,M,M,25000.00,M,M,M,M,M,M,M,M,M,M,62.00,KPHX 291651Z 11005KT 10SM FEW250 17/07 A3004 RMK AO2 SLP165 T01670067,M
PHX,2025-11-29 17:51,-112.0116,33.4343,337.00,66.00,43.00,43.21,100.00,6.00,0.00,30.05,1016.50,10.00,M,FEW,M,M,M,25000.00,M,M,M,M,M,M,M,M,M,M,66.00,KPHX 291751Z 10006KT 10SM FEW250 19/06 A3005 RMK AO2 SLP165 T01890061 10189 20111 51007,M
PHX,2025-11-29 18:51,-112.0116,33.4343,337.00,68.00,43.00,40.33,190.00,3.00,0.00,30.03,1016.00,10.00,M,FEW,M,M,M,25000.00,M,M,M,M,M,M,M,M,M,M,68.00,KPHX 291851Z 19003KT 10SM FEW250 20/06 A3003 RMK AO2 SLP160 T02000061,M
PHX,2025-11-29 19:51,-112.0116,33.4343,337.00,69.00,44.00,40.49,0.00,0.00,0.00,30.00,1014.90,10.00,M,FEW,M,M,M,25000.00,M,M,M,M,M,M,M,M,M,M,69.00,KPHX 291951Z 00000KT 10SM FEW250 21/07 A3000 RMK AO2 SLP149 T02060067,M
PHX,2025-11-29 20:51,-112.0116,33.4343,337.00,72.00,44.00,36.56,0.00,0.00,0.00,29.97,1013.90,10.00,M,FEW,M,M,M,25000.00,M,M,M,M,M,M,M,M,M,M,72.00,KPHX 292051Z 00000KT 10SM FEW250 22/07 A2997 RMK AO2 SLP139 T02220067 58024,M
PHX,2025-11-29 21:51,-112.0116,33.4343,337.00,71.00,43.00,36.40,0.00,0.00,0.00,29.96,1013.70,10.00,M,FEW,M,M,M,25000.00,M,M,M,M,M,M,M,M,M,M,71.00,KPHX 292151Z 00000KT 10SM FEW250 22/06 A2996 RMK AO2 SLP137 T02170061,M
PHX,2025-11-29 22:51,-112.0116,33.4343,337.00,74.00,42.00,31.66,210.00,4.00,0.00,29.96,1013.30,10.00,M,FEW,M,M,M,25000.00,M,M,M,M,M,M,M,M,M,M,74.00,KPHX 292251Z 21004KT 10SM FEW250 23/06 A2996 RMK AO2 SLP133 T02330056,M
PHX,2025-11-29 23:51,-112.0116,33.4343,337.00,72.00,43.00,35.19,220.00,4.00,0.00,29.95,1013.40,10.00,M,FEW,M,M,M,25000.00,M,M,M,M,M,M,M,M,M,M,72.00,KPHX 292351Z 22004KT 10SM FEW250 22/06 A2995 RMK AO2 SLP134 T02220061 10233 20183 56006,M
PHX,2025-11-30 00:51,-112.0116,33.4343,337.00,69.00,45.00,42.06,0.00,0.00,0.00,29.96,1013.50,10.00,M,FEW,M,M,M,25000.00,M,M,M,M,M,M,M,M,M,M,69.00,KPHX 300051Z 00000KT 10SM FEW250 21/07 A2996 RMK AO2 SLP135 T02060072,M
PHX,2025-11-30 01:51,-112.0116,33.4343,337.00,66.00,48.00,52.24,0.00,0.00,0.00,29.97,1014.20,10.00,M,FEW,M,M,M,25000.00,M,M,M,M,M,M,M,M,M,M,66.00,KPHX 300151Z 00000KT 10SM FEW250 19/09 A2997 RMK AO2 SLP142 T01890089,M
PHX,2025-11-30 02:51,-112.0116,33.4343,337.00,65.00,48.00,54.09,0.00,0.00,0.00,29.97,1014.10,10.00,M,CLR,M,M,M,M,M,M,M,M,M,M,M,M,M,M,65.00,KPHX 300251Z 00000KT 10SM CLR 18/09 A2997 RMK AO2 SLP141 T01830089 50007,M
PHX,2025-11-30 03:51,-112.0116,33.4343,337.00,62.00,49.00,62.38,0.00,0.00,0.00,29.97,1014.00,10.00,M,CLR,M,M,M,M,M,M,M,M,M,M,M,M,M,M,62.00,KPHX 300351Z 00000KT 10SM CLR 17/09 A2997 RMK AO2 SLP140 T01670094,M
PHX,2025-11-30 04:51,-112.0116,33.4343,337.00,60.00,49.00,66.96,120.00,4.00,0.00,29.98,1014.30,10.00,M,CLR,M,M,M,M,M,M,M,M,M,M,M,M,M,M,60.00,KPHX 300451Z 12004KT 10SM CLR 16/09 A2998 RMK AO2 SLP143 T01560094,M
PHX,2025-11-30 05:51,-112.0116,33.4343,337.00,59.00,48.00,66.84,80.00,6.00,0.00,29.99,1014.60,10.00,M,CLR,M,M,M,M,M,M,M,M,M,M,M,M,M,M,59.00,KPHX 300551Z 08006KT 10SM CLR 15/09 A2999 RMK AO2 SLP146 T01500089 10222 20150 53005,M
PHX,2025-11-30 06:51,-112.0116,33.4343,337.00,57.00,47.00,69.16,100.00,6.00,0.00,29.99,1014.60,10.00,M,CLR,M,M,M,M,M,M,M,M,M,M,M,M,M,M,57.00,KPHX 300651Z 10006KT 10SM CLR 14/08 A2999 RMK AO2 SLP146 T01390083 402330111,M
PHX,2025-11-30 07:51,-112.0116,33.4343,337.00,56.00,47.00,71.71,120.00,4.00,0.00,29.99,1014.50,10.00,M,CLR,M,M,M,M,M,M,M,M,M,M,M,M,M,M,56.00,KPHX 300751Z 12004KT 10SM CLR 13/08 A2999 RMK AO2 SLP145 T01330083,M
PHX,2025-11-30 08:51,-112.0116,33.4343,337.00,56.00,46.00,69.05,120.00,5.00,0.00,29.98,1014.20,10.00,M,CLR,M,M,M,M,M,M,M,M,M,M,M,M,M,M,56.00,KPHX 300851Z 12005KT 10SM CLR 13/08 A2998 RMK AO2 SLP142 T01330078 58003,M
PHX,2025-11-30 09:51,-112.0116,33.4343,337.00,55.00,46.00,71.60,130.00,5.00,0.00,29.98,1014.30,10.00,M,CLR,M,M,M,M,M,M,M,M,M,M,M,M,M,M,55.00,KPHX 300951Z 13005KT 10SM CLR 13/08 A2998 RMK AO2 SLP143 T01280078,M
PHX,2025-11-30 10:51,-112.0116,33.4343,337.00,54.00,46.00,74.26,100.00,3.00,0.00,29.98,1014.10,10.00,M,CLR,M,M,M,M,M,M,M,M,M,M,M,M,M,M,54.00,KPHX 301051Z 10003KT 10SM CLR 12/08 A2998 RMK AO2 SLP141 T01220078,M
PHX,2025-11-30 11:51,-112.0116,33.4343,337.00,53.00,45.00,74.16,110.00,5.00,0.00,29.97,1014.10,10.00,M,CLR,M,M,M,M,M,M,M,M,M,M,M,M,M,M,53.00,KPHX 301151Z 11005KT 10SM CLR 12/07 A2997 RMK AO2 SLP141 T01170072 10150 20117 58002,M
PHX,2025-11-30 12:51,-112.0116,33.4343,337.00,52.00,45.00,76.94,120.00,5.00,0.00,29.97,1014.10,10.00,M,CLR,M,M,M,M,M,M,M,M,M,M,M,M,M,M,52.00,KPHX 301251Z 12005KT 10SM CLR 11/07 A2997 RMK AO2 SLP141 T01110072,M
PHX,2025-11-30 13:51,-112.0116,33.4343,337.00,52.00,44.00,74.06,120.00,6.00,0.00,29.99,1014.60,10.00,M,SCT,M,M,M,25000.00,M,M,M,M,M,M,M,M,M,M,52.00,KPHX 301351Z 12006KT 10SM SCT250 11/07 A2999 RMK AO2 SLP146 T01110067,M
PHX,2025-11-30 14:51,-112.0116,33.4343,337.00,53.00,44.00,71.39,100.00,4.00,0.00,29.99,1014.90,10.00,M,SCT,M,M,M,25000.00,M,M,M,M,M,M,M,M,M,M,53.00,KPHX 301451Z 10004KT 10SM SCT250 12/07 A2999 RMK AO2 SLP149 T01170067 53007,M
PHX,2025-11-30 15:51,-112.0116,33.4343,337.00,58.00,44.00,59.54,130.00,6.00,0.00,29.99,1014.80,10.00,M,FEW,M,M,M,25000.00,M,M,M,M,M,M,M,M,M,M,58.00,KPHX 301551Z 13006KT 10SM FEW250 14/07 A2999 RMK AO2 SLP148 T01440067,M
PHX,2025-11-30 16:51,-112.0116,33.4343,337.00,61.00,44.00,53.50,120.00,5.00,0.00,29.99,1014.70,10.00,M,FEW,M,M,M,25000.00,M,M,M,M,M,M,M,M,M,M,61.00,KPHX 301651Z 12005KT 10SM FEW250 16/07 A2999 RMK AO2 SLP147 T01610067,M
PHX,2025-11-30 17:51,-112.0116,33.4343,337.00,64.00,44.00,48.14,M,4.00,0.00,29.98,1014.30,10.00,M,FEW,M,M,M,25000.00,M,M,M,M,M,M,M,M,M,M,64.00,KPHX 301751Z VRB04KT 10SM FEW250 18/07 A2998 RMK AO2 SLP143 T01780067 10178 20111 58005,M
PHX,2025-11-30 18:51,-112.0116,33.4343,337.00,66.00,44.00,44.90,120.00,5.00,0.00,29.95,1013.40,10.00,M,SCT,M,M,M,25000.00,M,M,M,M,M,M,M,M,M,M,66.00,KPHX 301851Z 12005KT 10SM SCT250 19/07 A2995 RMK AO2 SLP134 T01890067,M
PHX,2025-11-30 19:51,-112.0116,33.4343,337.00,69.00,43.00,38.97,140.00,7.00,0.00,29.92,1012.20,10.00,M,SCT,M,M,M,25000.00,M,M,M,M,M,M,M,M,M,M,69.00,KPHX 301951Z 14007KT 10SM SCT250 21/06 A2992 RMK AO2 SLP122 T02060061,M
PHX,2025-11-30 20:51,-112.0116,33.4343,337.00,72.00,43.00,35.19,170.00,6.00,0.00,29.89,1011.00,10.00,M,SCT,M,M,M,25000.00,M,M,M,M,M,M,M,M,M,M,72.00,KPHX 302051Z 17006KT 10SM SCT250 22/06 A2989 RMK AO2 SLP110 T02220061 58031,M
PHX,2025-11-30 21:51,-112.0116,33.4343,337.00,71.00,41.00,33.70,0.00,0.00,0.00,29.87,1010.50,10.00,M,FEW,FEW,M,M,20000.00,25000.00,M,M,M,M,M,M,M,M,M,71.00,KPHX 302151Z 00000KT 10SM FEW200 FEW250 22/05 A2987 RMK AO2 SLP105 T02170050,M
PHX,2025-11-30 22:51,-112.0116,33.4343,337.00,73.00,40.00,30.30,0.00,0.00,0.00,29.86,1010.10,10.00,M,FEW,FEW,M,M,20000.00,25000.00,M,M,M,M,M,M,M,M,M,73.00,KPHX 302251Z 00000KT 10SM FEW200 FEW250 23/04 A2986 RMK AO2 SLP101 T02280044,M
PHX,2025-11-30 23:51,-112.0116,33.4343,337.00,72.00,39.00,30.14,230.00,4.00,0.00,29.86,1010.00,10.00,M,FEW,FEW,M,M,20000.00,25000.00,M,M,M,M,M,M,M,M,M,72.00,KPHX 302351Z 23004KT 10SM FEW200 FEW250 22/04 A2986 RMK AO2 SLP100 T02220039 10233 20178 56010,M
PHX,2025-12-01 00:51,-112.0116,33.4343,337.00,70.00,40.00,33.54,310.00,5.00,0.00,29.87,1010.60,10.00,M,FEW,FEW,M,M,20000.00,25000.00,M,M,M,M,M,M,M,M,M,70.00,KPHX 010051Z 31005KT 10SM FEW200 FEW250 21/04 A2987 RMK AO2 SLP106 T02110044,M
PHX,2025-12-01 01:51,-112.0116,33.4343,337.00,66.00,43.00,43.21,220.00,4.00,0.00,29.87,1010.80,10.00,M,SCT,M,M,M,25000.00,M,M,M,M,M,M,M,M,M,M,66.00,KPHX 010151Z 22004KT 10SM SCT250 19/06 A2987 RMK AO2 SLP108 T01890061,M
PHX,2025-12-01 02:51,-112.0116,33.4343,337.00,64.00,45.00,50.01,0.00,0.00,0.00,29.88,1010.90,10.00,M,SCT,M,M,M,25000.00,M,M,M,M,M,M,M,M,M,M,64.00,KPHX 010251Z 00000KT 10SM SCT250 18/07 A2988 RMK AO2 SLP109 T01780072 51007,M
PHX,2025-12-01 03:51,-112.0116,33.4343,337.00,65.00,44.00,46.49,340.00,4.00,0.00,29.90,1011.50,10.00,M,SCT,M,M,M,25000.00,M,M,M,M,M,M,M,M,M,M,65.00,KPHX 010351Z 34004KT 10SM SCT250 18/07 A2990 RMK AO2 SLP115 T01830067,M
PHX,2025-12-01 04:51,-112.0116,33.4343,337.00,62.00,45.00,53.65,0.00,0.00,0.00,29.92,1012.30,10.00,M,SCT,BKN,M,M,22000.00,25000.00,M,M,M,M,M,M,M,M,M,62.00,KPHX 010451Z 00000KT 10SM SCT220 BKN250 17/07 A2992 RMK AO2 SLP123 T01670072,M
PHX,2025-12-01 05:51,-112.0116,33.4343,337.00,59.00,47.00,64.37,0.00,0.00,0.00,29.93,1012.70,10.00,M,FEW,SCT,BKN,M,15000.00,22000.00,25000.00,M,M,M,M,M,M,M,M,59.00,KPHX 010551Z 00000KT 10SM FEW150 SCT220 BKN250 15/08 A2993 RMK AO2 SLP127 T01500083 10222 20150 51018,M
PHX,2025-12-01 06:51,-112.0116,33.4343,337.00,58.00,46.00,64.25,0.00,0.00,0.00,29.94,1013.10,10.00,M,SCT,BKN,M,M,22000.00,25000.00,M,M,M,M,M,M,M,M,M,58.00,KPHX 010651Z 00000KT 10SM SCT220 BKN250 14/08 A2994 RMK AO2 SLP131 T01440078 402330111,M
PHX,2025-12-01 07:51,-112.0116,33.4343,337.00,58.00,48.00,69.28,0.00,0.00,0.00,29.94,1012.90,10.00,M,FEW,SCT,BKN,M,15000.00,18000.00,25000.00,M,M,M,M,M,M,M,M,58.00,KPHX 010751Z 00000KT 10SM FEW150 SCT180 BKN250 14/09 A2994 RMK AO2 SLP129 T01440089,M
PHX,2025-12-01 08:51,-112.0116,33.4343,337.00,57.00,47.00,69.16,90.00,5.00,0.00,29.95,1013.20,10.00,M,FEW,SCT,BKN,M,15000.00,17000.00,22000.00,M,M,M,M,M,M,M,M,57.00,KPHX 010851Z 09005KT 10SM FEW150 SCT170 BKN220 14/08 A2995 RMK AO2 SLP132 T01390083 51006,M
PHX,2025-12-01 09:51,-112.0116,33.4343,337.00,56.00,46.00,69.05,0.00,0.00,0.00,29.96,1013.40,10.00,M,FEW,FEW,BKN,M,15000.00,17000.00,22000.00,M,M,M,M,M,M,M,M,56.00,KPHX 010951Z 00000KT 10SM FEW150 FEW170 BKN220 13/08 A2996 RMK AO2 SLP134 T01330078,M
PHX,2025-12-01 10:51,-112.0116,33.4343,337.00,55.00,46.00,71.60,90.00,6.00,0.00,29.96,1013.40,10.00,M,FEW,M,M,M,22000.00,M,M,M,M,M,M,M,M,M,M,55.00,KPHX 011051Z 09006KT 10SM FEW220 13/08 A2996 RMK AO2 SLP134 T01280078,M
PHX,2025-12-01 11:51,-112.0116,33.4343,337.00,54.00,46.00,74.26,70.00,4.00,0.00,29.96,1013.50,10.00,M,FEW,M,M,M,22000.00,M,M,M,M,M,M,M,M,M,M,54.00,KPHX 011151Z 07004KT 10SM FEW220 12/08 A2996 RMK AO2 SLP135 T01220078 10156 20117 50002,M
PHX,2025-12-01 12:51,-112.0116,33.4343,337.00,53.00,46.00,77.03,200.00,5.00,0.00,29.97,1014.00,10.00,M,FEW,M,M,M,22000.00,M,M,M,M,M,M,M,M,M,M,53.00,KPHX 011251Z 20005KT 10SM FEW220 12/08 A2997 RMK AO2 SLP140 T01170078,M
PHX,2025-12-01 13:51,-112.0116,33.4343,337.00,52.00,45.00,76.94,180.00,3.00,0.00,29.99,1014.90,10.00,M,SCT,M,M,M,25000.00,M,M,M,M,M,M,M,M,M,M,52.00,KPHX 011351Z 18003KT 10SM SCT250 11/07 A2999 RMK AO2 SLP149 T01110072,M
PHX,2025-12-01 14:51,-112.0116,33.4343,337.00,54.00,45.00,71.50,0.00,0.00,0.00,30.01,1015.30,10.00,M,SCT,M,M,M,25000.00,M,M,M,M,M,M,M,M,M,M,54.00,KPHX 011451Z 00000KT 10SM SCT250 12/07 A3001 RMK AO2 SLP153 T01220072 51017,M
PHX,2025-12-01 15:51,-112.0116,33.4343,337.00,57.00,44.00,61.72,130.00,3.00,0.00,30.02,1015.80,10.00,M,FEW,SCT,M,M,21000.00,24000.00,M,M,M,M,M,M,M,M,M,57.00,KPHX 011551Z 13003KT 10SM FEW210 SCT240 14/07 A3002 RMK AO2 SLP158 T01390067,M
PHX,2025-12-01 16:51,-112.0116,33.4343,337.00,61.00,43.00,51.49,0.00,0.00,0.00,30.04,1016.30,10.00,M,FEW,SCT,M,M,21000.00,24000.00,M,M,M,M,M,M,M,M,M,61.00,KPHX 011651Z 00000KT 10SM FEW210 SCT240 16/06 A3004 RMK AO2 SLP163 T01610061,M
PHX,2025-12-01 17:51,-112.0116,33.4343,337.00,64.00,41.00,42.89,M,4.00,0.00,30.05,1016.80,10.00,M,FEW,SCT,M,M,21000.00,24000.00,M,M,M,M,M,M,M,M,M,64.00,KPHX 011751Z VRB04KT 10SM FEW210 SCT240 18/05 A3005 RMK AO2 SLP168 T01780050 10178 20111 51015,M
PHX,2025-12-01 18:51,-112.0116,33.4343,337.00,67.00,38.00,34.38,60.00,5.00,0.00,30.04,1016.30,10.00,M,FEW,M,M,M,25000.00,M,M,M,M,M,M,M,M,M,M,67.00,KPHX 011851Z 06005KT 10SM FEW250 19/03 A3004 RMK AO2 SLP163 T01940033,M
PHX,2025-12-01 19:51,-112.0116,33.4343,337.00,69.00,38.00,32.10,110.00,7.00,0.00,30.01,1015.20,10.00,M,FEW,M,M,M,25000.00,M,M,M,M,M,M,M,M,M,M,69.00,KPHX 011951Z 11007KT 10SM FEW250 21/03 A3001 RMK AO2 SLP152 T02060033,M
PHX,2025-12-01 20:51,-112.0116,33.4343,337.00,69.00,38.00,32.10,0.00,0.00,0.00,29.99,1014.80,10.00,M,FEW,M,M,M,9000.00,M,M,M,M,M,M,M,M,M,M,69.00,KPHX 012051Z 00000KT 10SM FEW090 21/03 A2999 RMK AO2 SLP148 T02060033 58019,M
PHX,2025-12-01 21:51,-112.0116,33.4343,337.00,70.00,38.00,31.02,M,5.00,0.00,29.99,1014.50,10.00,M,FEW,M,M,M,9000.00,M,M,M,M,M,M,M,M,M,M,70.00,KPHX 012151Z VRB05KT 10SM FEW090 21/03 A2999 RMK AO2 SLP145 T02110033,M
PHX,2025-12-01 22:51,-112.0116,33.4343,337.00,69.00,39.00,33.38,40.00,5.00,0.00,29.98,1014.30,10.00,M,FEW,M,M,M,9000.00,M,M,M,M,M,M,M,M,M,M,69.00,KPHX 012251Z 04005KT 10SM FEW090 21/04 A2998 RMK AO2 SLP143 T02060039,M
PHX,2025-12-01 23:51,-112.0116,33.4343,337.00,69.00,38.00,32.10,40.00,3.00,0.00,29.98,1014.40,10.00,M,CLR,M,M,M,M,M,M,M,M,M,M,M,M,M,M,69.00,KPHX 012351Z 04003KT 10SM CLR 21/03 A2998 RMK AO2 SLP144 T02060033 10217 20178 55004,M
PHX,2025-12-02 00:51,-112.0116,33.4343,337.00,69.00,38.00,32.10,320.00,4.00,0.00,29.99,1014.50,10.00,M,CLR,M,M,M,M,M,M,M,M,M,M,M,M,M,M,69.00,KPHX 020051Z 32004KT 10SM CLR 21/03 A2999 RMK AO2 SLP145 T02060033,M
PHX,2025-12-02 01:51,-112.0116,33.4343,337.00,64.00,43.00,46.33,230.00,4.00,0.00,30.00,1015.20,10.00,M,CLR,M,M,M,M,M,M,M,M,M,M,M,M,M,M,64.00,KPHX 020151Z 23004KT 10SM CLR 18/06 A3000 RMK AO2 SLP152 T01780061,M
PHX,2025-12-02 02:51,-112.0116,33.4343,337.00,62.00,43.00,49.70,260.00,4.00,0.00,30.01,1015.50,10.00,M,CLR,M,M,M,M,M,M,M,M,M,M,M,M,M,M,62.00,KPHX 020251Z 26004KT 10SM CLR 17/06 A3001 RMK AO2 SLP155 T01670061 53009,M
PHX,2025-12-02 03:51,-112.0116,33.4343,337.00,65.00,41.00,41.42,310.00,4.00,0.00,30.02,1015.50,10.00,M,CLR,M,M,M,M,M,M,M,M,M,M,M,M,M,M,65.00,KPHX 020351Z 31004KT 10SM CLR 18/05 A3002 RMK AO2 SLP155 T01830050,M
PHX,2025-12-02 04:51,-112.0116,33.4343,337.00,59.00,43.00,55.29,80.00,9.00,0.00,30.03,1016.10,10.00,M,CLR,M,M,M,M,M,M,M,M,M,M,M,M,M,M,59.00,KPHX 020451Z 08009KT 10SM CLR 15/06 A3003 RMK AO2 SLP161 T01500061,M
PHX,2025-12-02 05:51,-112.0116,33.4343,337.00,57.00,41.00,54.99,180.00,3.00,0.00,30.03,1016.10,10.00,M,CLR,M,M,M,M,M,M,M,M,M,M,M,M,M,M,57.00,KPHX 020551Z 18003KT 10SM CLR 14/05 A3003 RMK AO2 SLP161 T01390050 10217 20139 51008,M
PHX,2025-12-02 06:51,-112.0116,33.4343,337.00,58.00,37.00,45.37,130.00,4.00,0.00,30.03,1015.80,10.00,M,CLR,M,M,M,M,M,M,M,M,M,M,M,M,M,M,58.00,KPHX 020651Z 13004KT 10SM CLR 14/03 A3003 RMK AO2 SLP158 T01440028 402170111,M
PHX,2025-12-02 07:51,-112.0116,33.4343,337.00,56.00,35.00,45.05,0.00,0.00,0.00,30.03,1016.00,10.00,M,CLR,M,M,M,M,M,M,M,M,M,M,M,M,M,M,56.00,KPHX 020751Z 00000KT 10SM CLR 13/02 A3003 RMK AO2 SLP160 T01330017,M
PHX,2025-12-02 08:51,-112.0116,33.4343,337.00,55.00,34.00,44.89,0.00,0.00,0.00,30.04,1016.20,10.00,M,CLR,M,M,M,M,M,M,M,M,M,M,M,M,M,M,55.00,KPHX 020851Z 00000KT 10SM CLR 13/01 A3004 RMK AO2 SLP162 T01280011 53001,M
PHX,2025-12-02 09:51,-112.0116,33.4343,337.00,51.00,41.00,68.48,220.00,3.00,0.00,30.03,1016.10,10.00,M,CLR,M,M,M,M,M,M,M,M,M,M,M,M,M,M,51.00,KPHX 020951Z 22003KT 10SM CLR 11/05 A3003 RMK AO2 SLP161 T01060050,M
PHX,2025-12-02 10:51,-112.0116,33.4343,337.00,50.00,40.00,68.36,240.00,3.00,0.00,30.03,1016.10,10.00,M,CLR,M,M,M,M,M,M,M,M,M,M,M,M,M,M,50.00,KPHX 021051Z 24003KT 10SM CLR 10/04 A3003 RMK AO2 SLP161 T01000044,M
PHX,2025-12-02 11:51,-112.0116,33.4343,337.00,49.00,41.00,73.76,0.00,0.00,0.00,30.02,1015.90,10.00,M,CLR,M,M,M,M,M,M,M,M,M,M,M,M,M,M,49.00,KPHX 021151Z 00000KT 10SM CLR 09/05 A3002 RMK AO2 SLP159 T00940050 10156 20094 58004,M
PHX,2025-12-02 12:51,-112.0116,33.4343,337.00,50.00,35.00,56.15,110.00,3.00,0.00,30.01,1015.60,10.00,M,CLR,M,M,M,M,M,M,M,M,M,M,M,M,M,M,50.00,KPHX 021251Z 11003KT 10SM CLR 10/02 A3001 RMK AO2 SLP156 T01000017,M
PHX,2025-12-02 13:51,-112.0116,33.4343,337.00,49.00,34.00,56.00,110.00,3.00,0.00,30.02,1016.00,10.00,M,CLR,M,M,M,M,M,M,M,M,M,M,M,M,M,M,48.12,KPHX 021351Z 11003KT 10SM CLR 09/01 A3002 RMK AO2 SLP160 T00940011,M
PHX,2025-12-02 14:51,-112.0116,33.4343,337.00,51.00,30.00,44.24,90.00,8.00,0.00,30.04,1016.60,10.00,M,CLR,M,M,M,M,M,M,M,M,M,M,M,M,M,M,51.00,KPHX 021451Z 09008KT 10SM CLR 11/M01 A3004 RMK AO2 SLP166 T01061011 53006,M
PHX,2025-12-02 15:51,-112.0116,33.4343,337.00,56.00,28.00,33.94,90.00,8.00,0.00,30.04,1016.40,10.00,M,FEW,M,M,M,25000.00,M,M,M,M,M,M,M,M,M,M,56.00,KPHX 021551Z 09008KT 10SM FEW250 13/M02 A3004 RMK AO2 SLP164 T01331022,M
PHX,2025-12-02 16:51,-112.0116,33.4343,337.00,59.00,31.00,34.44,110.00,6.00,0.00,30.05,1016.70,10.00,M,FEW,M,M,M,25000.00,M,M,M,M,M,M,M,M,M,M,59.00,KPHX 021651Z 11006KT 10SM FEW250 15/M01 A3005 RMK AO2 SLP167 T01501006,M
PHX,2025-12-02 17:51,-112.0116,33.4343,337.00,62.00,29.00,28.54,100.00,7.00,0.00,30.03,1016.20,10.00,M,FEW,M,M,M,25000.00,M,M,M,M,M,M,M,M,M,M,62.00,KPHX 021751Z 10007KT 10SM FEW250 17/M02 A3003 RMK AO2 SLP162 T01671017 10167 20089 58003,M
PHX,2025-12-02 18:51,-112.0116,33.4343,337.00,65.00,28.00,24.66,100.00,4.00,0.00,30.01,1015.40,10.00,M,FEW,M,M,M,25000.00,M,M,M,M,M,M,M,M,M,M,65.00,KPHX 021851Z 10004KT 10SM FEW250 18/M02 A3001 RMK AO2 SLP154 T01831022,M
PHX,2025-12-02 19:51,-112.0116,33.4343,337.00,68.00,30.00,24.12,140.00,3.00,0.00,29.97,1014.00,10.00,M,FEW,M,M,M,25000.00,M,M,M,M,M,M,M,M,M,M,68.00,KPHX 021951Z COR 14003KT 10SM FEW250 20/M01 A2997 RMK AO2 SLP140 T02001011,M
PHX,2025-12-02 20:51,-112.0116,33.4343,337.00,67.00,30.00,24.97,0.00,0.00,0.00,29.95,1013.20,10.00,M,FEW,M,M,M,25000.00,M,M,M,M,M,M,M,M,M,M,67.00,KPHX 022051Z 00000KT 10SM FEW250 19/M01 A2995 RMK AO2 SLP132 T01941011 58028,M
PHX,2025-12-02 21:51,-112.0116,33.4343,337.00,68.00,30.00,24.12,0.00,0.00,0.00,29.93,1012.70,10.00,M,SCT,M,M,M,25000.00,M,M,M,M,M,M,M,M,M,M,68.00,KPHX 022151Z 00000KT 10SM SCT250 20/M01 A2993 RMK AO2 SLP127 T02001011,M
PHX,2025-12-02 22:51,-112.0116,33.4343,337.00,69.00,32.00,25.28,230.00,8.00,0.00,29.92,1012.30,10.00,M,SCT,M,M,M,25000.00,M,M,M,M,M,M,M,M,M,M,69.00,KPHX 022251Z 23008KT 10SM SCT250 21/00 A2992 RMK AO2 SLP123 T02060000,M
PHX,2025-12-02 23:51,-112.0116,33.4343,337.00,68.00,34.00,28.35,230.00,5.00,0.00,29.89,1011.40,10.00,M,FEW,SCT,M,M,18000.00,25000.00,M,M,M,M,M,M,M,M,M,68.00,KPHX 022351Z 23005KT 10SM FEW180 SCT250 20/01 A2989 RMK AO2 SLP114 T02000011 10217 20167 58018,M
PHX,2025-12-03 00:51,-112.0116,33.4343,337.00,64.00,36.00,35.26,210.00,5.00,0.00,29.88,1011.10,10.00,M,FEW,SCT,M,M,18000.00,25000.00,M,M,M,M,M,M,M,M,M,64.00,KPHX 030051Z 21005KT 10SM FEW180 SCT250 18/02 A2988 RMK AO2 SLP111 T01780022,M
PHX,2025-12-03 01:51,-112.0116,33.4343,337.00,62.00,36.00,37.83,190.00,5.00,0.00,29.86,1010.50,10.00,M,FEW,M,M,M,25000.00,M,M,M,M,M,M,M,M,M,M,62.00,KPHX 030151Z 19005KT 10SM FEW250 17/02 A2986 RMK AO2 SLP105 T01670022,M
PHX,2025-12-03 02:51,-112.0116,33.4343,337.00,63.00,35.00,35.10,310.00,6.00,0.00,29.88,1011.10,10.00,M,FEW,M,M,M,25000.00,M,M,M,M,M,M,M,M,M,M,63.00,KPHX 030251Z 31006KT 10SM FEW250 17/02 A2988 RMK AO2 SLP111 T01720017 55004,M
PHX,2025-12-03 03:51,-112.0116,33.4343,337.00,61.00,36.00,39.19,330.00,5.00,0.00,29.89,1011.40,10.00,M,FEW,SCT,BKN,M,17000.00,20000.00,25000.00,M,M,M,M,M,M,M,M,61.00,KPHX 030351Z 33005KT 10SM FEW170 SCT200 BKN250 16/02 A2989 RMK AO2 SLP114 T01610022,M
PHX,2025-12-03 04:51,-112.0116,33.4343,337.00,59.00,39.00,47.35,0.00,0.00,0.00,29.89,1011.50,10.00,M,FEW,SCT,BKN,M,17000.00,20000.00,25000.00,M,M,M,M,M,M,M,M,59.00,KPHX 030451Z 00000KT 10SM FEW170 SCT200 BKN250 15/04 A2989 RMK AO2 SLP115 T01500039,M
PHX,2025-12-03 05:51,-112.0116,33.4343,337.00,57.00,40.00,52.90,120.00,3.00,0.00,29.90,1011.60,10.00,M,FEW,BKN,BKN,M,17000.00,20000.00,25000.00,M,M,M,M,M,M,M,M,57.00,KPHX 030551Z 12003KT 10SM FEW170 BKN200 BKN250 14/04 A2990 RMK AO2 SLP116 T01390044 10200 20139 51006,M
PHX,2025-12-03 06:51,-112.0116,33.4343,337.00,55.00,40.00,56.87,110.00,5.00,0.00,29.88,1011.00,10.00,M,FEW,FEW,M,M,12000.00,25000.00,M,M,M,M,M,M,M,M,M,55.00,KPHX 030651Z 11005KT 10SM FEW120 FEW250 13/04 A2988 RMK AO2 SLP110 T01280044 402170089,M
PHX,2025-12-03 07:51,-112.0116,33.4343,337.00,53.00,41.00,63.61,90.00,4.00,0.00,29.86,1010.30,10.00,M,CLR,M,M,M,M,M,M,M,M,M,M,M,M,M,M,53.00,KPHX 030751Z 09004KT 10SM CLR 12/05 A2986 RMK AO2 SLP103 T01170050,M
PHX,2025-12-03 08:51,-112.0116,33.4343,337.00,52.00,41.00,65.99,90.00,7.00,0.00,29.86,1010.30,10.00,M,CLR,M,M,M,M,M,M,M,M,M,M,M,M,M,M,52.00,KPHX 030851Z 09007KT 10SM CLR 11/05 A2986 RMK AO2 SLP103 T01110050 56013,M
PHX,2025-12-03 09:51,-112.0116,33.4343,337.00,51.00,42.00,71.17,90.00,4.00,0.00,29.86,1010.40,10.00,M,CLR,M,M,M,M,M,M,M,M,M,M,M,M,M,M,51.00,KPHX 030951Z 09004KT 10SM CLR 11/06 A2986 RMK AO2 SLP104 T01060056,M
PHX,2025-12-03 10:51,-112.0116,33.4343,337.00,50.00,41.00,71.06,100.00,4.00,0.00,29.85,1009.90,10.00,M,FEW,M,M,M,12000.00,M,M,M,M,M,M,M,M,M,M,50.00,KPHX 031051Z 10004KT 10SM FEW120 10/05 A2985 RMK AO2 SLP099 T01000050,M
PHX,2025-12-03 11:51,-112.0116,33.4343,337.00,48.00,39.00,70.85,110.00,4.00,0.00,29.85,1010.20,10.00,M,FEW,SCT,M,M,12000.00,20000.00,M,M,M,M,M,M,M,M,M,46.10,KPHX 031151Z 11004KT 10SM FEW120 SCT200 09/04 A2985 RMK AO2 SLP102 T00890039 10139 20089 57001,M
PHX,2025-12-03 12:51,-112.0116,33.4343,337.00,49.00,39.00,68.24,80.00,4.00,0.00,29.86,1010.40,10.00,M,FEW,FEW,M,M,12000.00,20000.00,M,M,M,M,M,M,M,M,M,47.27,KPHX 031251Z 08004KT 10SM FEW120 FEW200 09/04 A2986 RMK AO2 SLP104 T00940039,M
PHX,2025-12-03 13:51,-112.0116,33.4343,337.00,48.00,40.00,73.66,100.00,5.00,0.00,29.89,1011.70,10.00,M,FEW,SCT,M,M,14000.00,20000.00,M,M,M,M,M,M,M,M,M,45.40,KPHX 031351Z 10005KT 10SM FEW140 SCT200 09/04 A2989 RMK AO2 SLP117 T00890044,M
PHX,2025-12-03 14:51,-112.0116,33.4343,337.00,49.00,39.00,68.24,90.00,6.00,0.00,29.92,1012.40,10.00,M,SCT,SCT,M,M,18000.00,25000.00,M,M,M,M,M,M,M,M,M,46.00,KPHX 031451Z 09006KT 10SM SCT180 SCT250 09/04 A2992 RMK AO2 SLP124 T00940039 53020,M
PHX,2025-12-03 15:51,-112.0116,33.4343,337.00,53.00,41.00,63.61,120.00,7.00,0.00,29.92,1012.50,10.00,M,FEW,SCT,M,M,15000.00,22000.00,M,M,M,M,M,M,M,M,M,53.00,KPHX 031551Z 12007KT 10SM FEW150 SCT220 12/05 A2992 RMK AO2 SLP125 T01170050,M
PHX,2025-12-03 16:51,-112.0116,33.4343,337.00,57.00,42.00,57.16,150.00,6.00,0.00,29.94,1013.20,10.00,M,BKN,BKN,M,M,9000.00,17000.00,M,M,M,M,M,M,M,M,M,57.00,KPHX 031651Z 15006KT 10SM BKN090 BKN170 14/06 A2994 RMK AO2 SLP132 T01390056,M
PHX,2025-12-03 17:51,-112.0116,33.4343,337.00,60.00,42.00,51.34,0.00,0.00,0.00,29.95,1013.30,10.00,M,FEW,FEW,SCT,SCT,10000.00,14000.00,17000.00,22000.00,M,M,M,M,M,M,M,60.00,KPHX 031751Z 00000KT 10SM FEW100 FEW140 SCT170 SCT220 16/06 A2995 RMK AO2 SLP133 T01560056 10156 20083 52010,M
PHX,2025-12-03 18:51,-112.0116,33.4343,337.00,62.00,39.00,42.57,290.00,4.00,0.00,29.93,1012.90,10.00,M,FEW,SCT,SCT,M,9000.00,12000.00,17000.00,M,M,M,M,M,M,M,M,62.00,KPHX 031851Z 29004KT 10SM FEW090 SCT120 SCT170 17/04 A2993 RMK AO2 SLP129 T01670039,M
PHX,2025-12-03 19:51,-112.0116,33.4343,337.00,65.00,37.00,35.43,250.00,5.00,0.00,29.92,1012.20,10.00,M,FEW,FEW,M,M,11000.00,16000.00,M,M,M,M,M,M,M,M,M,65.00,KPHX 031951Z 25005KT 10SM FEW110 FEW160 18/03 A2992 RMK AO2 SLP122 T01830028,M
PHX,2025-12-03 20:51,-112.0116,33.4343,337.00,65.00,36.00,34.05,280.00,9.00,0.00,29.91,1012.00,10.00,M,FEW,FEW,M,M,10000.00,14000.00,M,M,M,M,M,M,M,M,M,65.00,KPHX 032051Z 28009KT 10SM FEW100 FEW140 18/02 A2991 RMK AO2 SLP120 T01830022 56013,M
PHX,2025-12-03 21:51,-112.0116,33.4343,337.00,66.00,35.00,31.61,270.00,8.00,0.00,29.91,1012.10,10.00,M,FEW,FEW,M,M,10000.00,14000.00,M,M,M,M,M,M,M,M,M,66.00,KPHX 032151Z 27008KT 10SM FEW100 FEW140 19/02 A2991 RMK AO2 SLP121 CB DSNT N T01890017,M
PHX,2025-12-03 22:51,-112.0116,33.4343,337.00,66.00,35.00,31.61,240.00,9.00,0.00,29.92,1012.60,10.00,M,FEW,FEW,M,M,10000.00,14000.00,M,M,M,M,M,M,M,M,M,66.00,KPHX 032251Z 24009KT 10SM FEW100 FEW140 19/02 A2992 RMK AO2 SLP126 CB DSNT N-NE T01890017,M
PHX,2025-12-03 23:51,-112.0116,33.4343,337.00,65.00,36.00,34.05,270.00,7.00,0.00,29.94,1013.30,10.00,M,FEW,FEW,M,M,10000.00,14000.00,M,M,M,M,M,M,M,M,M,65.00,KPHX 032351Z 27007KT 10SM FEW100 FEW140 18/02 A2994 RMK AO2 SLP133 T01830022 10200 20150 53012,M
PHX,2025-12-04 00:51,-112.0116,33.4343,337.00,63.00,34.00,33.73,300.00,8.00,0.00,29.97,1014.40,10.00,M,FEW,FEW,M,M,7000.00,10000.00,M,M,M,M,M,M,M,M,M,63.00,KPHX 040051Z 30008KT 10SM FEW070 FEW100 17/01 A2997 RMK AO2 SLP144 T01720011,M
PHX,2025-12-04 01:51,-112.0116,33.4343,337.00,61.00,35.00,37.66,100.00,5.00,0.00,30.01,1015.50,10.00,M,FEW,M,M,M,7000.00,M,M,M,M,M,M,M,M,M,M,61.00,KPHX 040151Z 10005KT 10SM FEW070 16/02 A3001 RMK AO2 SLP155 T01610017,M
PHX,2025-12-04 02:51,-112.0116,33.4343,337.00,57.00,37.00,47.04,110.00,4.00,0.00,30.02,1016.20,10.00,M,CLR,M,M,M,M,M,M,M,M,M,M,M,M,M,M,57.00,KPHX 040251Z 11004KT 10SM CLR 14/03 A3002 RMK AO2 SLP162 T01390028 51026,M
PHX,2025-12-04 03:51,-112.0116,33.4343,337.00,56.00,37.00,48.77,0.00,0.00,0.00,30.03,1016.40,10.00,M,CLR,M,M,M,M,M,M,M,M,M,M,M,M,M,M,56.00,KPHX 040351Z 00000KT 10SM CLR 13/03 A3003 RMK AO2 SLP164 T01330028,M
PHX,2025-12-04 04:51,-112.0116,33.4343,337.00,55.00,37.00,50.57,0.00,0.00,0.00,30.05,1017.10,10.00,M,CLR,M,M,M,M,M,M,M,M,M,M,M,M,M,M,55.00,KPHX 040451Z 00000KT 10SM CLR 13/03 A3005 RMK AO2 SLP171 T01280028,M
PHX,2025-12-04 05:51,-112.0116,33.4343,337.00,55.00,37.00,50.57,70.00,4.00,0.00,30.08,1018.10,10.00,M,CLR,M,M,M,M,M,M,M,M,M,M,M,M,M,M,55.00,KPHX 040551Z 07004KT 10SM CLR 13/03 A3008 RMK AO2 SLP181 T01280028 10183 20117 53020,M
PHX,2025-12-04 06:51,-112.0116,33.4343,337.00,53.00,37.00,54.40,90.00,3.00,0.00,30.09,1018.30,10.00,M,CLR,M,M,M,M,M,M,M,M,M,M,M,M,M,M,53.00,KPHX 040651Z 09003KT 10SM CLR 12/03 A3009 RMK AO2 SLP183 T01170028 402000083,M
PHX,2025-12-04 07:51,-112.0116,33.4343,337.00,53.00,36.00,52.30,100.00,4.00,0.00,30.10,1018.40,10.00,M,CLR,M,M,M,M,M,M,M,M,M,M,M,M,M,M,53.00,KPHX 040751Z 10004KT 10SM CLR 12/02 A3010 RMK AO2 SLP184 T01170022,M
PHX,2025-12-04 08:51,-112.0116,33.4343,337.00,52.00,34.00,50.10,120.00,3.00,0.00,30.10,1018.50,10.00,M,CLR,M,M,M,M,M,M,M,M,M,M,M,M,M,M,52.00,KPHX 040851Z 12003KT 10SM CLR 11/01 A3010 RMK AO2 SLP185 T01110011 51005,M
PHX,2025-12-04 09:51,-112.0116,33.4343,337.00,50.00,36.00,58.42,0.00,0.00,0.00,30.12,1019.30,10.00,M,CLR,M,M,M,M,M,M,M,M,M,M,M,M,M,M,50.00,KPHX 040951Z 00000KT 10SM CLR 10/02 A3012 RMK AO2 SLP193 T01000022,M
PHX,2025-12-04 10:51,-112.0116,33.4343,337.00,50.00,34.00,53.95,0.00,0.00,0.00,30.12,1019.30,10.00,M,CLR,M,M,M,M,M,M,M,M,M,M,M,M,M,M,50.00,KPHX 041051Z 00000KT 10SM CLR 10/01 A3012 RMK AO2 SLP193 T01000011,M
PHX,2025-12-04 11:51,-112.0116,33.4343,337.00,51.00,30.00,44.24,60.00,8.00,0.00,30.13,1019.50,10.00,M,CLR,M,M,M,M,M,M,M,M,M,M,M,M,M,M,51.00,KPHX 041151Z 06008KT 10SM CLR 11/M01 A3013 RMK AO2 SLP195 T01061011 10133 20089 51009,M
PHX,2025-12-04 12:51,-112.0116,33.4343,337.00,51.00,30.00,44.24,60.00,7.00,0.00,30.13,1019.60,10.00,M,CLR,M,M,M,M,M,M,M,M,M,M,M,M,M,M,51.00,KPHX 041251Z 06007KT 10SM CLR 11/M01 A3013 RMK AO2 SLP196 T01061011,M
PHX,2025-12-04 13:51,-112.0116,33.4343,337.00,48.00,31.00,51.53,120.00,3.00,0.00,30.15,1020.40,10.00,M,CLR,M,M,M,M,M,M,M,M,M,M,M,M,M,M,46.98,KPHX 041351Z 12003KT 10SM CLR 09/M01 A3015 RMK AO2 SLP204 T00891006,M
PHX,2025-12-04 14:51,-112.0116,33.4343,337.00,48.00,34.00,58.14,120.00,3.00,0.00,30.16,1021.00,10.00,M,FEW,FEW,M,M,23000.00,29000.00,M,M,M,M,M,M,M,M,M,46.98,KPHX 041451Z 12003KT 10SM FEW230 FEW290 09/01 A3016 RMK AO2 SLP210 T00890011 53012,M
PHX,2025-12-04 15:51,-112.0116,33.4343,337.00,53.00,32.00,44.57,0.00,0.00,0.00,30.18,1021.50,10.00,M,FEW,FEW,M,M,23000.00,29000.00,M,M,M,M,M,M,M,M,M,53.00,KPHX 041551Z 00000KT 10SM FEW230 FEW290 12/00 A3018 RMK AO2 SLP215 T01170000,M
PHX,2025-12-04 16:51,-112.0116,33.4343,337.00,56.00,30.00,36.84,60.00,9.00,0.00,30.20,1022.20,10.00,M,FEW,FEW,M,M,23000.00,29000.00,M,M,M,M,M,M,M,M,M,56.00,KPHX 041651Z 06009KT 10SM FEW230 FEW290 13/M01 A3020 RMK AO2 SLP222 T01331011,M
PHX,2025-12-04 17:51,-112.0116,33.4343,337.00,59.00,30.00,33.07,70.00,9.00,0.00,30.20,1022.20,10.00,M,FEW,FEW,M,M,23000.00,29000.00,M,M,M,M,M,M,M,M,M,59.00,KPHX 041751Z 07009KT 10SM FEW230 FEW290 15/M01 A3020 RMK AO2 SLP222 T01501011 10150 20083 51013,M
PHX,2025-12-04 18:51,-112.0116,33.4343,337.00,61.00,28.00,28.38,70.00,6.00,0.00,30.18,1021.40,10.00,M,FEW,SCT,M,M,23000.00,29000.00,M,M,M,M,M,M,M,M,M,61.00,KPHX 041851Z 07006KT 10SM FEW230 SCT290 16/M02 A3018 RMK AO2 SLP214 T01611022,M
PHX,2025-12-04 19:51,-112.0116,33.4343,337.00,63.00,28.00,26.44,80.00,8.00,0.00,30.14,1020.10,10.00,M,FEW,SCT,M,M,23000.00,29000.00,M,M,M,M,M,M,M,M,M,63.00,KPHX 041951Z 08008KT 10SM FEW230 SCT290 17/M02 A3014 RMK AO2 SLP201 T01721022,M
PHX,2025-12-04 20:51,-112.0116,33.4343,337.00,64.00,27.00,24.50,M,5.00,0.00,30.11,1018.90,10.00,M,FEW,FEW,M,M,25000.00,29000.00,M,M,M,M,M,M,M,M,M,64.00,KPHX 042051Z VRB05KT 10SM FEW250 FEW290 18/M03 A3011 RMK AO2 SLP189 T01781028 58031,M
PHX,2025-12-04 21:51,-112.0116,33.4343,337.00,65.00,25.00,21.78,320.00,6.00,0.00,30.09,1018.20,10.00,M,FEW,M,M,M,25000.00,M,M,M,M,M,M,M,M,M,M,65.00,KPHX 042151Z 32006KT 10SM FEW250 18/M04 A3009 RMK AO2 SLP182 T01831039,M
PHX,2025-12-04 22:51,-112.0116,33.4343,337.00,65.00,24.00,20.89,360.00,4.00,0.00,30.07,1017.40,10.00,M,FEW,M,M,M,25000.00,M,M,M,M,M,M,M,M,M,M,65.00,KPHX 042251Z 36004KT 10SM FEW250 18/M04 A3007 RMK AO2 SLP174 T01831044,M
PHX,2025-12-04 23:51,-112.0116,33.4343,337.00,65.00,24.00,20.89,350.00,4.00,0.00,30.06,1017.30,10.00,M,FEW,FEW,M,M,20000.00,25000.00,M,M,M,M,M,M,M,M,M,65.00,KPHX 042351Z 35004KT 10SM FEW200 FEW250 18/M04 A3006 RMK AO2 SLP173 T01831044 10189 20150 56016,M
PHX,2025-12-05 00:51,-112.0116,33.4343,337.00,64.00,26.00,23.51,320.00,6.00,0.00,30.07,1017.70,10.00,M,FEW,FEW,M,M,20000.00,25000.00,M,M,M,M,M,M,M,M,M,64.00,KPHX 050051Z 32006KT 10SM FEW200 FEW250 18/M03 A3007 RMK AO2 SLP177 T01781033,M
PHX,2025-12-05 01:51,-112.0116,33.4343,337.00,59.00,30.00,33.07,240.00,6.00,0.00,30.09,1018.20,10.00,M,FEW,M,M,M,25000.00,M,M,M,M,M,M,M,M,M,M,59.00,KPHX 050151Z 24006KT 10SM FEW250 15/M01 A3009 RMK AO2 SLP182 T01501011,M
PHX,2025-12-05 02:51,-112.0116,33.4343,337.00,56.00,30.00,36.84,230.00,5.00,0.00,30.09,1018.40,10.00,M,CLR,M,M,M,M,M,M,M,M,M,M,M,M,M,M,56.00,KPHX 050251Z 23005KT 10SM CLR 13/M01 A3009 RMK AO2 SLP184 T01331011 51009,M
PHX,2025-12-05 03:51,-112.0116,33.4343,337.00,55.00,30.00,38.20,240.00,4.00,0.00,30.09,1018.50,10.00,M,CLR,M,M,M,M,M,M,M,M,M,M,M,M,M,M,55.00,KPHX 050351Z 24004KT 10SM CLR 13/M01 A3009 RMK AO2 SLP185 T01281011,M
PHX,2025-12-05 04:51,-112.0116,33.4343,337.00,54.00,31.00,41.26,260.00,4.00,0.00,30.10,1018.60,10.00,M,CLR,M,M,M,M,M,M,M,M,M,M,M,M,M,M,54.00,KPHX 050451Z 26004KT 10SM CLR 12/M01 A3010 RMK AO2 SLP186 T01221006,M
PHX,2025-12-05 05:51,-112.0116,33.4343,337.00,53.00,30.00,41.10,260.00,3.00,0.00,30.10,1018.80,10.00,M,CLR,M,M,M,M,M,M,M,M,M,M,M,M,M,M,53.00,KPHX 050551Z 26003KT 10SM CLR 12/M01 A3010 RMK AO2 SLP188 T01171011 10183 20111 53004,M
PHX,2025-12-05 06:51,-112.0116,33.4343,337.00,53.00,31.00,42.80,0.00,0.00,0.00,30.11,1018.80,10.00,M,SCT,M,M,M,13000.00,M,M,M,M,M,M,M,M,M,M,53.00,KPHX 050651Z 00000KT 10SM SCT130 12/M01 A3011 RMK AO2 SLP188 T01171006 401890083,M
PHX,2025-12-05 07:51,-112.0116,33.4343,337.00,49.00,33.00,53.80,240.00,5.00,0.00,30.10,1018.70,10.00,M,SCT,M,M,M,14000.00,M,M,M,M,M,M,M,M,M,M,46.58,KPHX 050751Z 24005KT 10SM SCT140 09/01 A3010 RMK AO2 SLP187 T00940006,M
PHX,2025-12-05 08:51,-112.0116,33.4343,337.00,49.00,33.00,53.80,0.00,0.00,0.00,30.10,1018.40,10.00,M,FEW,M,M,M,14000.00,M,M,M,M,M,M,M,M,M,M,49.00,KPHX 050851Z 00000KT 10SM FEW140 09/01 A3010 RMK AO2 SLP184 T00940006 58002,M
PHX,2025-12-05 09:51,-112.0116,33.4343,337.00,48.00,32.00,53.65,0.00,0.00,0.00,30.07,1017.50,10.00,M,FEW,FEW,M,M,13000.00,15000.00,M,M,M,M,M,M,M,M,M,48.00,KPHX 050951Z 00000KT 10SM FEW130 FEW150 09/00 A3007 RMK AO2 SLP175 T00890000,M
PHX,2025-12-05 10:51,-112.0116,33.4343,337.00,47.00,33.00,58.00,0.00,0.00,0.00,30.06,1017.20,10.00,M,FEW,FEW,FEW,M,10000.00,13000.00,15000.00,M,M,M,M,M,M,M,M,47.00,KPHX 051051Z 00000KT 10SM FEW100 FEW130 FEW150 08/01 A3006 RMK AO2 SLP172 T00830006,M
PHX,2025-12-05 11:51,-112.0116,33.4343,337.00,47.00,34.00,60.37,110.00,4.00,0.00,30.06,1017.30,10.00,M,FEW,FEW,SCT,M,13000.00,18000.00,25000.00,M,M,M,M,M,M,M,M,44.94,KPHX 051151Z 11004KT 10SM FEW130 FEW180 SCT250 08/01 A3006 RMK AO2 SLP173 T00830011 10133 20078 55012,M
PHX,2025-12-05 12:51,-112.0116,33.4343,337.00,46.00,34.00,62.69,100.00,4.00,0.00,30.07,1017.50,10.00,M,FEW,FEW,SCT,M,13000.00,18000.00,25000.00,M,M,M,M,M,M,M,M,43.77,KPHX 051251Z 10004KT 10SM FEW130 FEW180 SCT250 08/01 A3007 RMK AO2 SLP175 T00780011,M
PHX,2025-12-05 13:51,-112.0116,33.4343,337.00,46.00,34.00,62.69,110.00,5.00,0.00,30.06,1017.50,10.00,M,FEW,FEW,SCT,M,13000.00,18000.00,23000.00,M,M,M,M,M,M,M,M,43.02,KPHX 051351Z 11005KT 10SM FEW130 FEW180 SCT230 08/01 A3006 RMK AO2 SLP175 T00780011,M
PHX,2025-12-05 14:51,-112.0116,33.4343,337.00,46.00,33.00,60.23,150.00,6.00,0.00,30.07,1018.10,10.00,M,FEW,FEW,SCT,M,13000.00,18000.00,23000.00,M,M,M,M,M,M,M,M,42.39,KPHX 051451Z 15006KT 10SM FEW130 FEW180 SCT230 08/01 A3007 RMK AO2 SLP181 T00780006 53005,M
PHX,2025-12-05 15:51,-112.0116,33.4343,337.00,51.00,32.00,47.98,100.00,5.00,0.00,30.09,1018.50,10.00,M,FEW,FEW,SCT,M,13000.00,18000.00,23000.00,M,M,M,M,M,M,M,M,51.00,KPHX 051551Z 10005KT 10SM FEW130 FEW180 SCT230 11/00 A3009 RMK AO2 SLP185 T01060000,M
PHX,2025-12-05 16:51,-112.0116,33.4343,337.00,53.00,31.00,42.80,80.00,3.00,0.00,30.11,1019.20,10.00,M,FEW,FEW,M,M,13000.00,23000.00,M,M,M,M,M,M,M,M,M,53.00,KPHX 051651Z 08003KT 10SM FEW130 FEW230 12/M01 A3011 RMK AO2 SLP192 T01171006,M
PHX,2025-12-05 17:51,-112.0116,33.4343,337.00,57.00,30.00,35.53,90.00,4.00,0.00,30.10,1018.50,10.00,M,FEW,FEW,M,M,13000.00,23000.00,M,M,M,M,M,M,M,M,M,57.00,KPHX 051751Z 09004KT 10SM FEW130 FEW230 14/M01 A3010 RMK AO2 SLP185 T01391011 10139 20072 50007,M
PHX,2025-12-05 18:51,-112.0116,33.4343,337.00,60.00,31.00,33.23,90.00,3.00,0.00,30.08,1018.00,10.00,M,FEW,M,M,M,23000.00,M,M,M,M,M,M,M,M,M,M,60.00,KPHX 051851Z 09003KT 10SM FEW230 16/M01 A3008 RMK AO2 SLP180 T01561006,M
PHX,2025-12-05 19:51,-112.0116,33.4343,337.00,61.00,30.00,30.80,0.00,0.00,0.00,30.05,1017.00,10.00,M,FEW,M,M,M,23000.00,M,M,M,M,M,M,M,M,M,M,61.00,KPHX 051951Z 00000KT 10SM FEW230 16/M01 A3005 RMK AO2 SLP170 T01611011,M
PHX,2025-12-05 20:51,-112.0116,33.4343,337.00,64.00,28.00,25.53,0.00,0.00,0.00,30.02,1015.80,10.00,M,CLR,M,M,M,M,M,M,M,M,M,M,M,M,M,M,64.00,KPHX 052051Z 00000KT 10SM CLR 18/M02 A3002 RMK AO2 SLP158 T01781022 58026,M
PHX,2025-12-05 21:51,-112.0116,33.4343,337.00,65.00,28.00,24.66,270.00,3.00,0.00,30.02,1015.70,10.00,M,CLR,M,M,M,M,M,M,M,M,M,M,M,M,M,M,65.00,KPHX 052151Z 27003KT 10SM CLR 18/M02 A3002 RMK AO2 SLP157 T01831022,M
PHX,2025-12-05 22:51,-112.0116,33.4343,337.00,67.00,29.00,23.97,240.00,6.00,0.00,30.00,1015.30,10.00,M,CLR,M,M,M,M,M,M,M,M,M,M,M,M,M,M,67.00,KPHX 052251Z 24006KT 10SM CLR 19/M02 A3000 RMK AO2 SLP153 T01941017,M
PHX,2025-12-05 23:51,-112.0116,33.4343,337.00,65.00,30.00,26.76,300.00,5.00,0.00,30.01,1015.80,10.00,M,CLR,M,M,M,M,M,M,M,M,M,M,M,M,M,M,65.00,KPHX 052351Z 30005KT 10SM CLR 18/M01 A3001 RMK AO2 SLP158 T01831011 10194 20139 55001,M
PHX,2025-12-06 00:51,-112.0116,33.4343,337.00,64.00,30.00,27.71,310.00,5.00,0.00,30.02,1015.80,10.00,M,CLR,M,M,M,M,M,M,M,M,M,M,M,M,M,M,64.00,KPHX 060051Z 31005KT 10SM CLR 18/M01 A3002 RMK AO2 SLP158 T01781011,M
PHX,2025-12-06 01:51,-112.0116,33.4343,337.00,63.00,31.00,29.89,300.00,5.00,0.00,30.04,1016.50,10.00,M,CLR,M,M,M,M,M,M,M,M,M,M,M,M,M,M,63.00,KPHX 060151Z 30005KT 10SM CLR 17/M01 A3004 RMK AO2 SLP165 T01721006,M
PHX,2025-12-06 02:51,-112.0116,33.4343,337.00,57.00,36.00,45.21,0.00,0.00,0.00,30.04,1016.60,10.00,M,FEW,M,M,M,4000.00,M,M,M,M,M,M,M,M,M,M,57.00,KPHX 060251Z 00000KT 10SM FEW040 14/02 A3004 RMK AO2 SLP166 T01390022 51007,M
PHX,2025-12-06 03:51,-112.0116,33.4343,337.00,57.00,35.00,43.45,0.00,0.00,0.00,30.02,1016.10,10.00,M,CLR,M,M,M,M,M,M,M,M,M,M,M,M,M,M,57.00,KPHX 060351Z 00000KT 10SM CLR 14/02 A3002 RMK AO2 SLP161 T01390017,M
PHX,2025-12-06 04:51,-112.0116,33.4343,337.00,57.00,34.00,41.75,300.00,3.00,0.00,30.04,1016.50,10.00,M,CLR,M,M,M,M,M,M,M,M,M,M,M,M,M,M,57.00,KPHX 060451Z 30003KT 10SM CLR 14/01 A3004 RMK AO2 SLP165 T01390011,M
PHX,2025-12-06 05:51,-112.0116,33.4343,337.00,53.00,36.00,52.30,0.00,0.00,0.00,30.05,1016.90,10.00,M,CLR,M,M,M,M,M,M,M,M,M,M,M,M,M,M,53.00,KPHX 060551Z 00000KT 10SM CLR 12/02 A3005 RMK AO2 SLP169 T01170022 10183 20117 53004,M
PHX,2025-12-06 06:51,-112.0116,33.4343,337.00,52.00,36.00,54.25,0.00,0.00,0.00,30.04,1016.50,10.00,M,CLR,M,M,M,M,M,M,M,M,M,M,M,M,M,M,52.00,KPHX 060651Z 00000KT 10SM CLR 11/02 A3004 RMK AO2 SLP165 T01110022 401940072,M
PHX,2025-12-06 07:51,-112.0116,33.4343,337.00,50.00,37.00,60.78,120.00,4.00,0.00,30.04,1016.60,10.00,M,CLR,M,M,M,M,M,M,M,M,M,M,M,M,M,M,50.00,KPHX 060751Z 12004KT 10SM CLR 10/03 A3004 RMK AO2 SLP166 T01000028,M
PHX,2025-12-06 08:51,-112.0116,33.4343,337.00,49.00,36.00,60.64,0.00,0.00,0.00,30.03,1016.40,10.00,M,CLR,M,M,M,M,M,M,M,M,M,M,M,M,M,M,49.00,KPHX 060851Z 00000KT 10SM CLR 09/02 A3003 RMK AO2 SLP164 T00940022 56004,M
PHX,2025-12-06 09:51,-112.0116,33.4343,337.00,48.00,37.00,65.50,0.00,0.00,0.00,30.03,1016.30,10.00,M,CLR,M,M,M,M,M,M,M,M,M,M,M,M,M,M,48.00,KPHX 060951Z 00000KT 10SM CLR 09/03 A3003 RMK AO2 SLP163 T00890028,M
PHX,2025-12-06 10:51,-112.0116,33.4343,337.00,47.00,35.00,62.83,130.00,7.00,0.00,30.02,1015.80,10.00,M,CLR,M,M,M,M,M,M,M,M,M,M,M,M,M,M,43.06,KPHX 061051Z 13007KT 10SM CLR 08/02 A3002 RMK AO2 SLP158 T00830017 $,M
PHX,2025-12-06 11:51,-112.0116,33.4343,337.00,47.00,35.00,62.83,110.00,6.00,0.00,30.02,1016.10,10.00,M,CLR,M,M,M,M,M,M,M,M,M,M,M,M,M,M,43.60,KPHX 061151Z 11006KT 10SM CLR 08/02 A3002 RMK AO2 SLP161 T00830017 10122 20078 55004 $,M
PHX,2025-12-06 12:51,-112.0116,33.4343,337.00,46.00,34.00,62.69,110.00,6.00,0.00,30.03,1016.50,10.00,M,CLR,M,M,M,M,M,M,M,M,M,M,M,M,M,M,42.39,KPHX 061251Z 11006KT 10SM CLR 08/01 A3003 RMK AO2 SLP165 T00780011 $,M
PHX,2025-12-06 13:51,-112.0116,33.4343,337.00,46.00,34.00,62.69,120.00,5.00,0.00,30.05,1017.10,10.00,M,CLR,M,M,M,M,M,M,M,M,M,M,M,M,M,M,43.02,KPHX 061351Z 12005KT 10SM CLR 08/01 A3005 RMK AO2 SLP171 T00780011 $,M
PHX,2025-12-06 14:51,-112.0116,33.4343,337.00,46.00,35.00,65.24,110.00,5.00,0.00,30.08,1018.00,10.00,M,CLR,M,M,M,M,M,M,M,M,M,M,M,M,M,M,43.02,KPHX 061451Z 11005KT 10SM CLR 08/02 A3008 RMK AO2 SLP180 T00780017 53018 $,M
PHX,2025-12-06 15:51,-112.0116,33.4343,337.00,50.00,34.00,53.95,120.00,5.00,0.00,30.08,1018.00,10.00,M,CLR,M,M,M,M,M,M,M,M,M,M,M,M,M,M,50.00,KPHX 061551Z 12005KT 10SM CLR 10/01 A3008 RMK AO2 SLP180 T01000011 $,M
PHX,2025-12-06 16:51,-112.0116,33.4343,337.00,54.00,35.00,48.45,100.00,6.00,0.00,30.09,1018.30,10.00,M,CLR,M,M,M,M,M,M,M,M,M,M,M,M,M,M,54.00,KPHX 061651Z 10006KT 10SM CLR 12/02 A3009 RMK AO2 SLP183 T01220017 $,M
PHX,2025-12-06 17:51,-112.0116,33.4343,337.00,58.00,35.00,41.92,120.00,4.00,0.00,30.09,1018.50,10.00,M,CLR,M,M,M,M,M,M,M,M,M,M,M,M,M,M,58.00,KPHX 061751Z 12004KT 10SM CLR 14/02 A3009 RMK AO2 SLP185 T01440017 10144 20072 53005 $,M
PHX,2025-12-06 18:51,-112.0116,33.4343,337.00,62.00,33.00,33.56,160.00,5.00,0.00,30.06,1017.30,10.00,M,CLR,M,M,M,M,M,M,M,M,M,M,M,M,M,M,62.00,KPHX 061851Z 16005KT 10SM CLR 17/01 A3006 RMK AO2 SLP173 T01670006 $,M
PHX,2025-12-06 19:51,-112.0116,33.4343,337.00,63.00,33.00,32.40,0.00,0.00,0.00,30.04,1016.40,10.00,M,CLR,M,M,M,M,M,M,M,M,M,M,M,M,M,M,63.00,KPHX 061951Z 00000KT 10SM CLR 17/01 A3004 RMK AO2 SLP164 T01720006 $,M
PHX,2025-12-06 20:51,-112.0116,33.4343,337.00,65.00,34.00,31.45,0.00,0.00,0.00,30.01,1015.70,10.00,M,CLR,M,M,M,M,M,M,M,M,M,M,M,M,M,M,65.00,KPHX 062051Z 00000KT 10SM CLR 18/01 A3001 RMK AO2 SLP157 T01830011 56026 $,M
PHX,2025-12-06 21:51,-112.0116,33.4343,337.00,67.00,33.00,28.19,180.00,4.00,0.00,29.99,1014.90,10.00,M,CLR,M,M,M,M,M,M,M,M,M,M,M,M,M,M,67.00,KPHX 062151Z 18004KT 10SM CLR 19/01 A2999 RMK AO2 SLP149 T01940006 $,M
PHX,2025-12-06 22:51,-112.0116,33.4343,337.00,67.00,32.00,27.08,190.00,4.00,0.00,29.99,1014.70,10.00,M,CLR,M,M,M,M,M,M,M,M,M,M,M,M,M,M,67.00,KPHX 062251Z 19004KT 10SM CLR 19/00 A2999 RMK AO2 SLP147 T01940000 $,M
PHX,2025-12-06 23:51,-112.0116,33.4343,337.00,66.00,34.00,30.37,270.00,4.00,0.00,29.99,1014.90,10.00,M,CLR,M,M,M,M,M,M,M,M,M,M,M,M,M,M,66.00,KPHX 062351Z 27004KT 10SM CLR 19/01 A2999 RMK AO2 SLP149 T01890011 10206 20144 55007 $,M
PHX,2025-12-07 00:51,-112.0116,33.4343,337.00,63.00,35.00,35.10,0.00,0.00,0.00,29.99,1014.90,10.00,M,FEW,M,M,M,20000.00,M,M,M,M,M,M,M,M,M,M,63.00,KPHX 070051Z 00000KT 10SM FEW200 17/02 A2999 RMK AO2 SLP149 T01720017 $,M
PHX,2025-12-07 01:51,-112.0116,33.4343,337.00,61.00,35.00,37.66,0.00,0.00,0.00,30.01,1015.70,10.00,M,CLR,M,M,M,M,M,M,M,M,M,M,M,M,M,M,61.00,KPHX 070151Z 00000KT 10SM CLR 16/02 A3001 RMK AO2 SLP157 T01610017 $,M
PHX,2025-12-07 02:51,-112.0116,33.4343,337.00,58.00,37.00,45.37,230.00,4.00,0.00,30.02,1016.20,10.00,M,CLR,M,M,M,M,M,M,M,M,M,M,M,M,M,M,58.00,KPHX 070251Z 23004KT 10SM CLR 14/03 A3002 RMK AO2 SLP162 T01440028 53011 $,M
PHX,2025-12-07 03:51,-112.0116,33.4343,337.00,58.00,38.00,47.19,0.00,0.00,0.00,30.04,1016.80,10.00,M,CLR,M,M,M,M,M,M,M,M,M,M,M,M,M,M,58.00,KPHX 070351Z 00000KT 10SM CLR 14/03 A3004 RMK AO2 SLP168 T01440033 $,M
PHX,2025-12-07 04:51,-112.0116,33.4343,337.00,56.00,38.00,50.72,0.00,0.00,0.00,30.06,1017.20,10.00,M,CLR,M,M,M,M,M,M,M,M,M,M,M,M,M,M,56.00,KPHX 070451Z 00000KT 10SM CLR 13/03 A3006 RMK AO2 SLP172 T01330033 $,M
PHX,2025-12-07 05:51,-112.0116,33.4343,337.00,54.00,39.00,56.73,130.00,4.00,0.00,30.07,1017.60,10.00,M,CLR,M,M,M,M,M,M,M,M,M,M,M,M,M,M,54.00,KPHX 070551Z 13004KT 10SM CLR 12/04 A3007 RMK AO2 SLP176 T01220039 10189 20122 51015 $,M
PHX,2025-12-07 06:51,-112.0116,33.4343,337.00,53.00,38.00,56.59,140.00,3.00,0.00,30.08,1018.10,10.00,M,CLR,M,M,M,M,M,M,M,M,M,M,M,M,M,M,53.00,KPHX 070651Z 14003KT 10SM CLR 12/03 A3008 RMK AO2 SLP181 T01170033 402060072 $,M
PHX,2025-12-07 07:51,-112.0116,33.4343,337.00,51.00,38.00,60.92,110.00,4.00,0.00,30.08,1018.10,10.00,M,CLR,M,M,M,M,M,M,M,M,M,M,M,M,M,M,51.00,KPHX 070751Z 11004KT 10SM CLR 11/03 A3008 RMK AO2 SLP181 T01060033 $,M
PHX,2025-12-07 08:51,-112.0116,33.4343,337.00,51.00,38.00,60.92,110.00,4.00,0.00,30.09,1018.20,10.00,M,CLR,M,M,M,M,M,M,M,M,M,M,M,M,M,M,51.00,KPHX 070851Z 11004KT 10SM CLR 11/03 A3009 RMK AO2 SLP182 T01060033 51007 $,M
PHX,2025-12-07 09:51,-112.0116,33.4343,337.00,50.00,38.00,63.22,120.00,3.00,0.00,30.10,1018.60,10.00,M,CLR,M,M,M,M,M,M,M,M,M,M,M,M,M,M,50.00,KPHX 070951Z 12003KT 10SM CLR 10/03 A3010 RMK AO2 SLP186 T01000033 $,M
PHX,2025-12-07 10:51,-112.0116,33.4343,337.00,50.00,38.00,63.22,130.00,5.00,0.00,30.11,1018.70,10.00,M,CLR,M,M,M,M,M,M,M,M,M,M,M,M,M,M,50.00,KPHX 071051Z 13005KT 10SM CLR 10/03 A3011 RMK AO2 SLP187 T01000033 $,M
PHX,2025-12-07 11:51,-112.0116,33.4343,337.00,49.00,38.00,65.62,110.00,5.00,0.00,30.11,1018.90,10.00,M,CLR,M,M,M,M,M,M,M,M,M,M,M,M,M,M,46.58,KPHX 071151Z 11005KT 10SM CLR 09/03 A3011 RMK AO2 SLP189 T00940033 10122 20094 51006 $,M
PHX,2025-12-07 12:51,-112.0116,33.4343,337.00,48.00,38.00,68.12,110.00,5.00,0.00,30.12,1019.50,10.00,M,CLR,M,M,M,M,M,M,M,M,M,M,M,M,M,M,45.40,KPHX 071251Z 11005KT 10SM CLR 09/03 A3012 RMK AO2 SLP195 T00890033 $,M
PHX,2025-12-07 13:51,-112.0116,33.4343,337.00,48.00,38.00,68.12,140.00,4.00,0.00,30.15,1020.40,10.00,M,CLR,M,M,M,M,M,M,M,M,M,M,M,M,M,M,46.10,KPHX 071351Z 14004KT 10SM CLR 09/03 A3015 RMK AO2 SLP204 T00890033 $,M
PHX,2025-12-07 14:51,-112.0116,33.4343,337.00,47.00,38.00,70.74,110.00,3.00,0.00,30.17,1021.10,10.00,M,CLR,M,M,M,M,M,M,M,M,M,M,M,M,M,M,45.84,KPHX 071451Z 11003KT 10SM CLR 08/03 A3017 RMK AO2 SLP211 T00830033 53019 $,M
PHX,2025-12-07 15:51,-112.0116,33.4343,337.00,52.00,38.00,58.71,110.00,4.00,0.00,30.19,1021.80,10.00,M,CLR,M,M,M,M,M,M,M,M,M,M,M,M,M,M,52.00,KPHX 071551Z 11004KT 10SM CLR 11/03 A3019 RMK AO2 SLP218 T01110033 $,M
PHX,2025-12-07 16:51,-112.0116,33.4343,337.00,54.00,38.00,54.55,80.00,3.00,0.00,30.21,1022.40,10.00,M,CLR,M,M,M,M,M,M,M,M,M,M,M,M,M,M,54.00,KPHX 071651Z 08003KT 10SM CLR 12/03 A3021 RMK AO2 SLP224 T01220033 $,M
PHX,2025-12-07 17:51,-112.0116,33.4343,337.00,60.00,38.00,43.94,90.00,3.00,0.00,30.21,1022.50,10.00,M,CLR,M,M,M,M,M,M,M,M,M,M,M,M,M,M,60.00,KPHX 071751Z 09003KT 10SM CLR 16/03 A3021 RMK AO2 SLP225 T01560033 10161 20078 51015 $,M
PHX,2025-12-07 18:51,-112.0116,33.4343,337.00,63.00,38.00,39.52,90.00,3.00,0.00,30.20,1021.90,10.00,M,CLR,M,M,M,M,M,M,M,M,M,M,M,M,M,M,63.00,KPHX 071851Z 09003KT 10SM CLR 17/03 A3020 RMK AO2 SLP219 T01720033 $,M
PHX,2025-12-07 19:51,-112.0116,33.4343,337.00,67.00,38.00,34.38,240.00,3.00,0.00,30.16,1020.60,10.00,M,CLR,M,M,M,M,M,M,M,M,M,M,M,M,M,M,67.00,KPHX 071951Z 24003KT 10SM CLR 19/03 A3016 RMK AO2 SLP206 T01940033 $,M
PHX,2025-12-07 20:51,-112.0116,33.4343,337.00,70.00,38.00,31.02,M,3.00,0.00,30.15,1020.00,10.00,M,FEW,M,M,M,20000.00,M,M,M,M,M,M,M,M,M,M,70.00,KPHX 072051Z VRB03KT 10SM FEW200 21/03 A3015 RMK AO2 SLP200 T02110033 57022 $,M
PHX,2025-12-07 21:51,-112.0116,33.4343,337.00,71.00,36.00,27.71,0.00,0.00,0.00,30.14,1019.60,10.00,M,FEW,M,M,M,25000.00,M,M,M,M,M,M,M,M,M,M,71.00,KPHX 072151Z 00000KT 10SM FEW250 22/02 A3014 RMK AO2 SLP196 T02170022 $,M
PHX,2025-12-07 22:51,-112.0116,33.4343,337.00,72.00,34.00,24.74,0.00,0.00,0.00,30.13,1019.50,10.00,M,FEW,M,M,M,25000.00,M,M,M,M,M,M,M,M,M,M,72.00,KPHX 072251Z 00000KT 10SM FEW250 22/01 A3013 RMK AO2 SLP195 T02220011 $,M
PHX,2025-12-07 23:51,-112.0116,33.4343,337.00,72.00,35.00,25.74,250.00,4.00,0.00,30.13,1019.20,10.00,M,FEW,M,M,M,25000.00,M,M,M,M,M,M,M,M,M,M,72.00,KPHX 072351Z 25004KT 10SM FEW250 22/02 A3013 RMK AO2 SLP192 T02220017 10222 20156 56007 $,M
PHX,2025-12-08 00:51,-112.0116,33.4343,337.00,69.00,34.00,27.39,310.00,5.00,0.00,30.13,1019.50,10.00,M,CLR,M,M,M,M,M,M,M,M,M,M,M,M,M,M,69.00,KPHX 080051Z 31005KT 10SM CLR 21/01 A3013 RMK AO2 SLP195 T02060011 $,M
PHX,2025-12-08 01:51,-112.0116,33.4343,337.00,64.00,38.00,38.16,250.00,4.00,0.00,30.14,1020.00,10.00,M,CLR,M,M,M,M,M,M,M,M,M,M,M,M,M,M,64.00,KPHX 080151Z 25004KT 10SM CLR 18/03 A3014 RMK AO2 SLP200 T01780033 $,M
PHX,2025-12-08 02:51,-112.0116,33.4343,337.00,62.00,40.00,44.26,300.00,4.00,0.00,30.14,1020.00,10.00,M,CLR,M,M,M,M,M,M,M,M,M,M,M,M,M,M,62.00,KPHX 080251Z 30004KT 10SM CLR 17/04 A3014 RMK AO2 SLP200 T01670044 51005 $,M
PHX,2025-12-08 03:51,-112.0116,33.4343,337.00,61.00,39.00,44.10,250.00,3.00,0.00,30.15,1020.30,10.00,M,FEW,M,M,M,25000.00,M,M,M,M,M,M,M,M,M,M,61.00,KPHX 080351Z 25003KT 10SM FEW250 16/04 A3015 RMK AO2 SLP203 T01610039 $,M
PHX,2025-12-08 04:51,-112.0116,33.4343,337.00,58.00,39.00,49.08,140.00,3.00,0.00,30.15,1020.60,10.00,M,CLR,M,M,M,M,M,M,M,M,M,M,M,M,M,M,58.00,KPHX 080451Z 14003KT 10SM CLR 14/04 A3015 RMK AO2 SLP206 T01440039 $,M
PHX,2025-12-08 05:51,-112.0116,33.4343,337.00,56.00,40.00,54.85,120.00,5.00,0.00,30.16,1020.50,10.00,M,CLR,M,M,M,M,M,M,M,M,M,M,M,M,M,M,56.00,KPHX 080551Z 12005KT 10SM CLR 13/04 A3016 RMK AO2 SLP205 T01330044 10217 20133 51006 $,M
PHX,2025-12-08 06:51,-112.0116,33.4343,337.00,55.00,40.00,56.87,100.00,3.00,0.00,30.15,1020.20,10.00,M,CLR,M,M,M,M,M,M,M,M,M,M,M,M,M,M,55.00,KPHX 080651Z 10003KT 10SM CLR 13/04 A3015 RMK AO2 SLP202 T01280044 402220078 $,M
PHX,2025-12-08 07:51,-112.0116,33.4343,337.00,54.00,40.00,58.99,110.00,3.00,0.00,30.14,1019.90,10.00,M,CLR,M,M,M,M,M,M,M,M,M,M,M,M,M,M,54.00,KPHX 080751Z 11003KT 10SM CLR 12/04 A3014 RMK AO2 SLP199 T01220044 $,M
PHX,2025-12-08 08:51,-112.0116,33.4343,337.00,52.00,40.00,63.48,100.00,4.00,0.00,30.14,1019.80,10.00,M,CLR,M,M,M,M,M,M,M,M,M,M,M,M,M,M,52.00,KPHX 080851Z 10004KT 10SM CLR 11/04 A3014 RMK AO2 SLP198 T01110044 56005 $,M
PHX,2025-12-08 09:51,-112.0116,33.4343,337.00,51.00,40.00,65.87,110.00,5.00,0.00,30.15,1020.10,10.00,M,CLR,M,M,M,M,M,M,M,M,M,M,M,M,M,M,51.00,KPHX 080951Z 11005KT 10SM CLR 11/04 A3015 RMK AO2 SLP201 T01060044 $,M
PHX,2025-12-08 10:51,-112.0116,33.4343,337.00,50.00,39.00,65.75,120.00,4.00,0.00,30.14,1019.90,10.00,M,CLR,M,M,M,M,M,M,M,M,M,M,M,M,M,M,50.00,KPHX 081051Z 12004KT 10SM CLR 10/04 A3014 RMK AO2 SLP199 T01000039 $,M
PHX,2025-12-08 11:51,-112.0116,33.4343,337.00,50.00,38.00,63.22,110.00,4.00,0.00,30.13,1019.60,10.00,M,CLR,M,M,M,M,M,M,M,M,M,M,M,M,M,M,50.00,KPHX 081151Z 11004KT 10SM CLR 10/03 A3013 RMK AO2 SLP196 T01000033 10133 20100 58002 $,M
PHX,2025-12-08 12:51,-112.0116,33.4343,337.00,50.00,37.00,60.78,0.00,0.00,0.00,30.15,1020.10,10.00,M,CLR,M,M,M,M,M,M,M,M,M,M,M,M,M,M,50.00,KPHX 081251Z 00000KT 10SM CLR 10/03 A3015 RMK AO2 SLP201 T01000028 $,M
PHX,2025-12-08 13:51,-112.0116,33.4343,337.00,50.00,38.00,63.22,100.00,3.00,0.00,30.16,1020.60,10.00,M,CLR,M,M,M,M,M,M,M,M,M,M,M,M,M,M,50.00,KPHX 081351Z 10003KT 10SM CLR 10/03 A3016 RMK AO2 SLP206 T01000033,M
PHX,2025-12-08 14:51,-112.0116,33.4343,337.00,51.00,37.00,58.57,130.00,3.00,0.00,30.16,1020.70,10.00,M,FEW,M,M,M,21000.00,M,M,M,M,M,M,M,M,M,M,51.00,KPHX 081451Z 13003KT 10SM FEW210 11/03 A3016 RMK AO2 SLP207 T01060028 51009,M
PHX,2025-12-08 15:51,-112.0116,33.4343,337.00,55.00,37.00,50.57,120.00,5.00,0.00,30.19,1021.60,10.00,M,FEW,M,M,M,21000.00,M,M,M,M,M,M,M,M,M,M,55.00,KPHX 081551Z 12005KT 10SM FEW210 13/03 A3019 RMK AO2 SLP216 T01280028,M
PHX,2025-12-08 16:51,-112.0116,33.4343,337.00,58.00,37.00,45.37,120.00,4.00,0.00,30.19,1021.60,10.00,M,FEW,M,M,M,21000.00,M,M,M,M,M,M,M,M,M,M,58.00,KPHX 081651Z 12004KT 10SM FEW210 14/03 A3019 RMK AO2 SLP216 T01440028,M
PHX,2025-12-08 17:51,-112.0116,33.4343,337.00,62.00,36.00,37.83,110.00,5.00,0.00,30.20,1021.90,10.00,M,FEW,M,M,M,15000.00,M,M,M,M,M,M,M,M,M,M,62.00,KPHX 081751Z 11005KT 10SM FEW150 17/02 A3020 RMK AO2 SLP219 T01670022 10167 20089 51013,M
PHX,2025-12-08 18:51,-112.0116,33.4343,337.00,66.00,36.00,32.89,0.00,0.00,0.00,30.16,1020.60,10.00,M,FEW,M,M,M,15000.00,M,M,M,M,M,M,M,M,M,M,66.00,KPHX 081851Z 00000KT 10SM FEW150 19/02 A3016 RMK AO2 SLP206 T01890022,M
PHX,2025-12-08 19:51,-112.0116,33.4343,337.00,68.00,35.00,29.50,0.00,0.00,0.00,30.13,1019.30,10.00,M,FEW,M,M,M,15000.00,M,M,M,M,M,M,M,M,M,M,68.00,KPHX 081951Z 00000KT 10SM FEW150 20/02 A3013 RMK AO2 SLP193 T02000017,M
PHX,2025-12-08 20:51,-112.0116,33.4343,337.00,70.00,35.00,27.55,M,3.00,0.00,30.11,1018.60,10.00,M,CLR,M,M,M,M,M,M,M,M,M,M,M,M,M,M,70.00,KPHX 082051Z VRB03KT 10SM CLR 21/02 A3011 RMK AO2 SLP186 T02110017 56031,M
PHX,2025-12-08 21:51,-112.0116,33.4343,337.00,72.00,34.00,24.74,0.00,0.00,0.00,30.08,1017.70,10.00,M,CLR,M,M,M,M,M,M,M,M,M,M,M,M,M,M,72.00,KPHX 082151Z 00000KT 10SM CLR 22/01 A3008 RMK AO2 SLP177 T02220011,M
PHX,2025-12-08 22:51,-112.0116,33.4343,337.00,72.00,33.00,23.76,260.00,4.00,0.00,30.06,1017.20,10.00,M,CLR,M,M,M,M,M,M,M,M,M,M,M,M,M,M,72.00,KPHX 082251Z 26004KT 10SM CLR 22/01 A3006 RMK AO2 SLP172 T02220006,M
PHX,2025-12-08 23:51,-112.0116,33.4343,337.00,72.00,34.00,24.74,230.00,4.00,0.00,30.06,1016.90,10.00,M,CLR,M,M,M,M,M,M,M,M,M,M,M,M,M,M,72.00,KPHX 082351Z 23004KT 10SM CLR 22/01 A3006 RMK AO2 SLP169 T02220011 10228 20167 56016,M
PHX,2025-12-09 00:51,-112.0116,33.4343,337.00,71.00,31.00,22.68,310.00,4.00,0.00,30.07,1017.30,10.00,M,CLR,M,M,M,M,M,M,M,M,M,M,M,M,M,M,71.00,KPHX 090051Z 31004KT 10SM CLR 22/M01 A3007 RMK AO2 SLP173 T02171006,M
PHX,2025-12-09 01:51,-112.0116,33.4343,337.00,64.00,37.00,36.68,240.00,3.00,0.00,30.08,1017.80,10.00,M,CLR,M,M,M,M,M,M,M,M,M,M,M,M,M,M,64.00,KPHX 090151Z 24003KT 10SM CLR 18/03 A3008 RMK AO2 SLP178 T01780028,M
PHX,2025-12-09 02:51,-112.0116,33.4343,337.00,62.00,39.00,42.57,240.00,3.00,0.00,30.09,1018.20,10.00,M,CLR,M,M,M,M,M,M,M,M,M,M,M,M,M,M,62.00,KPHX 090251Z 24003KT 10SM CLR 17/04 A3009 RMK AO2 SLP182 T01670039 53010,M
PHX,2025-12-09 03:51,-112.0116,33.4343,337.00,64.00,36.00,35.26,290.00,6.00,0.00,30.10,1018.40,10.00,M,CLR,M,M,M,M,M,M,M,M,M,M,M,M,M,M,64.00,KPHX 090351Z 29006KT 10SM CLR 18/02 A3010 RMK AO2 SLP184 T01780022,M
PHX,2025-12-09 04:51,-112.0116,33.4343,337.00,59.00,38.00,45.53,0.00,0.00,0.00,30.10,1018.70,10.00,M,CLR,M,M,M,M,M,M,M,M,M,M,M,M,M,M,59.00,KPHX 090451Z 00000KT 10SM CLR 15/03 A3010 RMK AO2 SLP187 T01500033,M
PHX,2025-12-09 05:51,-112.0116,33.4343,337.00,57.00,39.00,50.88,130.00,4.00,0.00,30.11,1018.90,10.00,M,CLR,M,M,M,M,M,M,M,M,M,M,M,M,M,M,57.00,KPHX 090551Z 13004KT 10SM CLR 14/04 A3011 RMK AO2 SLP189 T01390039 10222 20139 51007,M
PHX,2025-12-09 06:51,-112.0116,33.4343,337.00,57.00,40.00,52.90,0.00,0.00,0.00,30.10,1018.60,10.00,M,CLR,M,M,M,M,M,M,M,M,M,M,M,M,M,M,57.00,KPHX 090651Z 00000KT 10SM CLR 14/04 A3010 RMK AO2 SLP186 T01390044 402280089,M
PHX,2025-12-09 07:51,-112.0116,33.4343,337.00,53.00,40.00,61.19,230.00,3.00,0.00,30.10,1018.30,10.00,M,CLR,M,M,M,M,M,M,M,M,M,M,M,M,M,M,53.00,KPHX 090751Z 23003KT 10SM CLR 12/04 A3010 RMK AO2 SLP183 T01170044,M
PHX,2025-12-09 08:51,-112.0116,33.4343,337.00,53.00,39.00,58.85,0.00,0.00,0.00,30.09,1018.10,10.00,M,CLR,M,M,M,M,M,M,M,M,M,M,M,M,M,M,53.00,KPHX 090851Z 00000KT 10SM CLR 12/04 A3009 RMK AO2 SLP181 T01170039 56007,M
PHX,2025-12-09 09:51,-112.0116,33.4343,337.00,53.00,38.00,56.59,80.00,3.00,0.00,30.10,1018.40,10.00,M,CLR,M,M,M,M,M,M,M,M,M,M,M,M,M,M,53.00,KPHX 090951Z 08003KT 10SM CLR 12/03 A3010 RMK AO2 SLP184 T01170033,M
PHX,2025-12-09 10:51,-112.0116,33.4343,337.00,52.00,37.00,56.44,110.00,5.00,0.00,30.10,1018.40,10.00,M,CLR,M,M,M,M,M,M,M,M,M,M,M,M,M,M,52.00,KPHX 091051Z 11005KT 10SM CLR 11/03 A3010 RMK AO2 SLP184 T01110028,M
PHX,2025-12-09 11:51,-112.0116,33.4343,337.00,50.00,37.00,60.78,120.00,3.00,0.00,30.09,1018.10,10.00,M,CLR,M,M,M,M,M,M,M,M,M,M,M,M,M,M,50.00,KPHX 091151Z 12003KT 10SM CLR 10/03 A3009 RMK AO2 SLP181 T01000028 10156 20094 50000,M
PHX,2025-12-09 12:51,-112.0116,33.4343,337.00,50.00,38.00,63.22,0.00,0.00,0.00,30.09,1018.00,10.00,M,CLR,M,M,M,M,M,M,M,M,M,M,M,M,M,M,50.00,KPHX 091251Z 00000KT 10SM CLR 10/03 A3009 RMK AO2 SLP180 T01000033,M
PHX,2025-12-09 13:51,-112.0116,33.4343,337.00,50.00,37.00,60.78,0.00,0.00,0.00,30.09,1018.40,10.00,M,CLR,M,M,M,M,M,M,M,M,M,M,M,M,M,M,50.00,KPHX 091351Z 00000KT 10SM CLR 10/03 A3009 RMK AO2 SLP184 T01000028,M
PHX,2025-12-09 14:51,-112.0116,33.4343,337.00,50.00,37.00,60.78,0.00,0.00,0.00,30.10,1018.70,10.00,M,CLR,M,M,M,M,M,M,M,M,M,M,M,M,M,M,50.00,KPHX 091451Z 00000KT 10SM CLR 10/03 A3010 RMK AO2 SLP187 T01000028 53003,M
PHX,2025-12-09 15:51,-112.0116,33.4343,337.00,57.00,33.00,40.11,110.00,6.00,0.00,30.11,1018.60,10.00,M,FEW,M,M,M,29000.00,M,M,M,M,M,M,M,M,M,M,57.00,KPHX 091551Z 11006KT 10SM FEW290 14/01 A3011 RMK AO2 SLP186 T01390006,M
PHX,2025-12-09 16:51,-112.0116,33.4343,337.00,62.00,31.00,30.96,100.00,3.00,0.00,30.11,1018.80,10.00,M,FEW,M,M,M,29000.00,M,M,M,M,M,M,M,M,M,M,62.00,KPHX 091651Z 10003KT 10SM FEW290 17/M01 A3011 RMK AO2 SLP188 T01671006,M
PHX,2025-12-09 17:51,-112.0116,33.4343,337.00,66.00,31.00,26.92,60.00,5.00,0.00,30.11,1018.70,10.00,M,FEW,M,M,M,29000.00,M,M,M,M,M,M,M,M,M,M,66.00,KPHX 091751Z 06005KT 10SM FEW290 19/M01 A3011 RMK AO2 SLP187 T01891006 10189 20089 50003,M
PHX,2025-12-09 18:51,-112.0116,33.4343,337.00,70.00,29.00,21.63,80.00,9.00,0.00,30.08,1017.60,10.00,M,FEW,M,M,M,29000.00,M,M,M,M,M,M,M,M,M,M,70.00,KPHX 091851Z 08009KT 10SM FEW290 21/M02 A3008 RMK AO2 SLP176 T02111017,M
PHX,2025-12-09 19:51,-112.0116,33.4343,337.00,73.00,31.00,21.19,140.00,6.00,0.00,30.04,1016.40,10.00,M,CLR,M,M,M,M,M,M,M,M,M,M,M,M,M,M,73.00,KPHX 091951Z 14006KT 10SM CLR 23/M01 A3004 RMK AO2 SLP164 T02281006,M
PHX,2025-12-09 20:51,-112.0116,33.4343,337.00,73.00,29.00,19.54,80.00,4.00,0.00,30.02,1015.60,10.00,M,FEW,M,M,M,11000.00,M,M,M,M,M,M,M,M,M,M,73.00,KPHX 092051Z 08004KT 10SM FEW110 23/M02 A3002 RMK AO2 SLP156 T02281017 56030,M
PHX,2025-12-09 21:51,-112.0116,33.4343,337.00,75.00,29.00,18.27,0.00,0.00,0.00,30.00,1014.80,10.00,M,FEW,FEW,M,M,11000.00,25000.00,M,M,M,M,M,M,M,M,M,75.00,KPHX 092151Z 00000KT 10SM FEW110 FEW250 24/M02 A3000 RMK AO2 SLP148 T02391017,M
PHX,2025-12-09 22:51,-112.0116,33.4343,337.00,77.00,28.00,16.41,0.00,0.00,0.00,29.99,1014.40,10.00,M,FEW,FEW,M,M,11000.00,25000.00,M,M,M,M,M,M,M,M,M,77.00,KPHX 092251Z 00000KT 10SM FEW110 FEW250 25/M02 A2999 RMK AO2 SLP144 T02501022,M
PHX,2025-12-09 23:51,-112.0116,33.4343,337.00,75.00,29.00,18.27,260.00,4.00,0.00,29.98,1014.40,10.00,M,FEW,M,M,M,25000.00,M,M,M,M,M,M,M,M,M,M,75.00,KPHX 092351Z 26004KT 10SM FEW250 24/M02 A2998 RMK AO2 SLP144 T02391017 10250 20189 56011,M
PHX,2025-12-10 00:51,-112.0116,33.4343,337.00,71.00,31.00,22.68,260.00,5.00,0.00,29.98,1014.40,10.00,M,FEW,M,M,M,25000.00,M,M,M,M,M,M,M,M,M,M,71.00,KPHX 100051Z 26005KT 10SM FEW250 22/M01 A2998 RMK AO2 SLP144 T02171006,M
PHX,2025-12-10 01:51,-112.0116,33.4343,337.00,67.00,34.00,29.34,0.00,0.00,0.00,29.99,1014.80,10.00,M,FEW,M,M,M,25000.00,M,M,M,M,M,M,M,M,M,M,67.00,KPHX 100151Z 00000KT 10SM FEW250 19/01 A2999 RMK AO2 SLP148 T01940011,M
PHX,2025-12-10 02:51,-112.0116,33.4343,337.00,64.00,35.00,33.89,280.00,3.00,0.00,30.00,1015.20,10.00,M,CLR,M,M,M,M,M,M,M,M,M,M,M,M,M,M,64.00,KPHX 100251Z 28003KT 10SM CLR 18/02 A3000 RMK AO2 SLP152 T01780017 53006,M
PHX,2025-12-10 03:51,-112.0116,33.4343,337.00,62.00,36.00,37.83,0.00,0.00,0.00,30.01,1015.40,10.00,M,CLR,M,M,M,M,M,M,M,M,M,M,M,M,M,M,62.00,KPHX 100351Z 00000KT 10SM CLR 17/02 A3001 RMK AO2 SLP154 T01670022,M
PHX,2025-12-10 04:51,-112.0116,33.4343,337.00,60.00,37.00,42.24,120.00,3.00,0.00,30.01,1015.50,10.00,M,CLR,M,M,M,M,M,M,M,M,M,M,M,M,M,M,60.00,KPHX 100451Z 12003KT 10SM CLR 16/03 A3001 RMK AO2 SLP155 T01560028,M
PHX,2025-12-10 05:51,-112.0116,33.4343,337.00,57.00,39.00,50.88,90.00,6.00,0.00,30.03,1016.00,10.00,M,CLR,M,M,M,M,M,M,M,M,M,M,M,M,M,M,57.00,KPHX 100551Z 09006KT 10SM CLR 14/04 A3003 RMK AO2 SLP160 T01390039 10239 20139 53010,M
PHX,2025-12-10 06:51,-112.0116,33.4343,337.00,56.00,40.00,54.85,120.00,3.00,0.00,30.04,1016.30,10.00,M,CLR,M,M,M,M,M,M,M,M,M,M,M,M,M,M,56.00,KPHX 100651Z 12003KT 10SM CLR 13/04 A3004 RMK AO2 SLP163 T01330044 402500089,M
PHX,2025-12-10 07:51,-112.0116,33.4343,337.00,55.00,39.00,54.70,100.00,5.00,0.00,30.04,1016.20,10.00,M,CLR,M,M,M,M,M,M,M,M,M,M,M,M,M,M,55.00,KPHX 100751Z 10005KT 10SM CLR 13/04 A3004 RMK AO2 SLP162 T01280039,M
PHX,2025-12-10 08:51,-112.0116,33.4343,337.00,54.00,39.00,56.73,130.00,5.00,0.00,30.04,1016.40,10.00,M,CLR,M,M,M,M,M,M,M,M,M,M,M,M,M,M,54.00,KPHX 100851Z 13005KT 10SM CLR 12/04 A3004 RMK AO2 SLP164 T01220039 51004,M
PHX,2025-12-10 09:51,-112.0116,33.4343,337.00,53.00,38.00,56.59,90.00,4.00,0.00,30.04,1016.30,10.00,M,CLR,M,M,M,M,M,M,M,M,M,M,M,M,M,M,53.00,KPHX 100951Z 09004KT 10SM CLR 12/03 A3004 RMK AO2 SLP163 T01170033,M
PHX,2025-12-10 10:51,-112.0116,33.4343,337.00,51.00,38.00,60.92,0.00,0.00,0.00,30.04,1016.30,10.00,M,FEW,M,M,M,10000.00,M,M,M,M,M,M,M,M,M,M,51.00,KPHX 101051Z 00000KT 10SM FEW100 11/03 A3004 RMK AO2 SLP163 T01060033,M
PHX,2025-12-10 11:51,-112.0116,33.4343,337.00,53.00,36.00,52.30,110.00,5.00,0.00,30.04,1016.10,10.00,M,FEW,M,M,M,10000.00,M,M,M,M,M,M,M,M,M,M,53.00,KPHX 101151Z 11005KT 10SM FEW100 12/02 A3004 RMK AO2 SLP161 T01170022 10139 20106 58002,M
PHX,2025-12-10 12:51,-112.0116,33.4343,337.00,51.00,37.00,58.57,120.00,7.00,0.00,30.06,1017.00,10.00,M,FEW,M,M,M,10000.00,M,M,M,M,M,M,M,M,M,M,51.00,KPHX 101251Z 12007KT 10SM FEW100 11/03 A3006 RMK AO2 SLP170 T01060028,M
PHX,2025-12-10 13:51,-112.0116,33.4343,337.00,49.00,37.00,63.09,130.00,4.00,0.00,30.06,1017.30,10.00,M,FEW,FEW,M,M,10000.00,15000.00,M,M,M,M,M,M,M,M,M,47.27,KPHX 101351Z 13004KT 10SM FEW100 FEW150 09/03 A3006 RMK AO2 SLP173 T00940028,M
PHX,2025-12-10 14:51,-112.0116,33.4343,337.00,50.00,36.00,58.42,90.00,6.00,0.00,30.08,1017.90,10.00,M,FEW,FEW,M,M,12000.00,23000.00,M,M,M,M,M,M,M,M,M,50.00,KPHX 101451Z 09006KT 10SM FEW120 FEW230 10/02 A3008 RMK AO2 SLP179 T01000022 51014,M
PHX,2025-12-10 15:51,-112.0116,33.4343,337.00,56.00,38.00,50.72,120.00,4.00,0.00,30.09,1018.10,10.00,M,FEW,FEW,M,M,12000.00,25000.00,M,M,M,M,M,M,M,M,M,56.00,KPHX 101551Z 12004KT 10SM FEW120 FEW250 13/03 A3009 RMK AO2 SLP181 T01330033,M
PHX,2025-12-10 16:51,-112.0116,33.4343,337.00,62.00,35.00,36.36,120.00,5.00,0.00,30.10,1018.40,10.00,M,FEW,FEW,M,M,12000.00,25000.00,M,M,M,M,M,M,M,M,M,62.00,KPHX 101651Z 12005KT 10SM FEW120 FEW250 17/02 A3010 RMK AO2 SLP184 T01670017,M
PHX,2025-12-10 17:51,-112.0116,33.4343,337.00,65.00,35.00,32.73,100.00,5.00,0.00,30.09,1018.10,10.00,M,FEW,M,M,M,25000.00,M,M,M,M,M,M,M,M,M,M,65.00,KPHX 101751Z COR 10005KT 10SM FEW250 18/02 A3009 RMK AO2 SLP181 T01830017 10183 20089 50004,M
PHX,2025-12-10 18:51,-112.0116,33.4343,337.00,68.00,35.00,29.50,0.00,0.00,0.00,30.06,1017.10,10.00,M,FEW,M,M,M,25000.00,M,M,M,M,M,M,M,M,M,M,68.00,KPHX 101851Z 00000KT 10SM FEW250 20/02 A3006 RMK AO2 SLP171 T02000017 $,M
PHX,2025-12-10 19:51,-112.0116,33.4343,337.00,70.00,35.00,27.55,0.00,0.00,0.00,30.05,1016.50,10.00,M,FEW,M,M,M,25000.00,M,M,M,M,M,M,M,M,M,M,70.00,KPHX 101951Z 00000KT 10SM FEW250 21/02 A3005 RMK AO2 SLP165 T02110017,M
PHX,2025-12-10 20:51,-112.0116,33.4343,337.00,71.00,34.00,25.59,90.00,3.00,0.00,30.02,1015.80,10.00,M,FEW,M,M,M,25000.00,M,M,M,M,M,M,M,M,M,M,71.00,KPHX 102051Z 09003KT 10SM FEW250 22/01 A3002 RMK AO2 SLP158 T02170011 56022,M
PHX,2025-12-10 21:51,-112.0116,33.4343,337.00,74.00,33.00,22.22,0.00,0.00,0.00,30.01,1015.20,10.00,M,CLR,M,M,M,M,M,M,M,M,M,M,M,M,M,M,74.00,KPHX 102151Z 00000KT 10SM CLR 23/01 A3001 RMK AO2 SLP152 T02330006,M
PHX,2025-12-10 22:51,-112.0116,33.4343,337.00,74.00,33.00,22.22,0.00,0.00,0.00,30.01,1015.10,10.00,M,CLR,M,M,M,M,M,M,M,M,M,M,M,M,M,M,74.00,KPHX 102251Z 00000KT 10SM CLR 23/01 A3001 RMK AO2 SLP151 T02330006,M
PHX,2025-12-10 23:51,-112.0116,33.4343,337.00,74.00,35.00,24.07,340.00,6.00,0.00,30.01,1015.10,10.00,M,CLR,M,M,M,M,M,M,M,M,M,M,M,M,M,M,74.00,KPHX 102351Z 34006KT 10SM CLR 23/02 A3001 RMK AO2 SLP151 T02330017 10244 20183 55005,M
PHX,2025-12-11 00:51,-112.0116,33.4343,337.00,71.00,35.00,26.63,0.00,0.00,0.00,30.01,1015.30,10.00,M,CLR,M,M,M,M,M,M,M,M,M,M,M,M,M,M,71.00,KPHX 110051Z 00000KT 10SM CLR 22/02 A3001 RMK AO2 SLP153 T02170017,M
PHX,2025-12-11 01:51,-112.0116,33.4343,337.00,67.00,37.00,33.05,0.00,0.00,0.00,30.02,1016.00,10.00,M,CLR,M,M,M,M,M,M,M,M,M,M,M,M,M,M,67.00,KPHX 110151Z 00000KT 10SM CLR 19/03 A3002 RMK AO2 SLP160 T01940028,M
PHX,2025-12-11 02:51,-112.0116,33.4343,337.00,64.00,38.00,38.16,0.00,0.00,0.00,30.03,1016.30,10.00,M,CLR,M,M,M,M,M,M,M,M,M,M,M,M,M,M,64.00,KPHX 110251Z 00000KT 10SM CLR 18/03 A3003 RMK AO2 SLP163 T01780033 53008,M
PHX,2025-12-11 03:51,-112.0116,33.4343,337.00,61.00,40.00,45.85,240.00,3.00,0.00,30.02,1015.90,10.00,M,CLR,M,M,M,M,M,M,M,M,M,M,M,M,M,M,61.00,KPHX 110351Z 24003KT 10SM CLR 16/04 A3002 RMK AO2 SLP159 T01610044,M
PHX,2025-12-11 04:51,-112.0116,33.4343,337.00,61.00,40.00,45.85,110.00,4.00,0.00,30.04,1016.30,10.00,M,CLR,M,M,M,M,M,M,M,M,M,M,M,M,M,M,61.00,KPHX 110451Z 11004KT 10SM CLR 16/04 A3004 RMK AO2 SLP163 T01610044,M
PHX,2025-12-11 05:51,-112.0116,33.4343,337.00,59.00,41.00,51.18,110.00,5.00,0.00,30.04,1016.50,10.00,M,CLR,M,M,M,M,M,M,M,M,M,M,M,M,M,M,59.00,KPHX 110551Z 11005KT 10SM CLR 15/05 A3004 RMK AO2 SLP165 T01500050 10233 20150 53004,M
PHX,2025-12-11 06:51,-112.0116,33.4343,337.00,58.00,43.00,57.30,90.00,3.00,0.00,30.04,1016.30,10.00,M,CLR,M,M,M,M,M,M,M,M,M,M,M,M,M,M,58.00,KPHX 110651Z 09003KT 10SM CLR 14/06 A3004 RMK AO2 SLP163 T01440061 402440089,M
PHX,2025-12-11 07:51,-112.0116,33.4343,337.00,57.00,43.00,59.40,90.00,5.00,0.00,30.03,1016.00,10.00,M,CLR,M,M,M,M,M,M,M,M,M,M,M,M,M,M,57.00,KPHX 110751Z 09005KT 10SM CLR 14/06 A3003 RMK AO2 SLP160 T01390061,M
PHX,2025-12-11 08:51,-112.0116,33.4343,337.00,56.00,41.00,57.02,120.00,5.00,0.00,30.02,1015.70,10.00,M,CLR,M,M,M,M,M,M,M,M,M,M,M,M,M,M,56.00,KPHX 110851Z 12005KT 10SM CLR 13/05 A3002 RMK AO2 SLP157 T01330050 58007,M
PHX,2025-12-11 09:51,-112.0116,33.4343,337.00,55.00,40.00,56.87,100.00,6.00,0.00,30.03,1015.90,10.00,M,CLR,M,M,M,M,M,M,M,M,M,M,M,M,M,M,55.00,KPHX 110951Z 10006KT 10SM CLR 13/04 A3003 RMK AO2 SLP159 T01280044,M
PHX,2025-12-11 10:51,-112.0116,33.4343,337.00,53.00,40.00,61.19,80.00,6.00,0.00,30.02,1015.60,10.00,M,CLR,M,M,M,M,M,M,M,M,M,M,M,M,M,M,53.00,KPHX 111051Z 08006KT 10SM CLR 12/04 A3002 RMK AO2 SLP156 T01170044,M
PHX,2025-12-11 11:51,-112.0116,33.4343,337.00,53.00,40.00,61.19,80.00,6.00,0.00,30.02,1015.70,10.00,M,CLR,M,M,M,M,M,M,M,M,M,M,M,M,M,M,53.00,KPHX 111151Z 08006KT 10SM CLR 12/04 A3002 RMK AO2 SLP157 T01170044 10150 20117 58001,M
PHX,2025-12-11 12:51,-112.0116,33.4343,337.00,53.00,40.00,61.19,100.00,6.00,0.00,30.03,1016.00,10.00,M,CLR,M,M,M,M,M,M,M,M,M,M,M,M,M,M,53.00,KPHX 111251Z 10006KT 10SM CLR 12/04 A3003 RMK AO2 SLP160 T01170044,M
PHX,2025-12-11 13:51,-112.0116,33.4343,337.00,52.00,40.00,63.48,100.00,6.00,0.00,30.04,1016.50,10.00,M,CLR,M,M,M,M,M,M,M,M,M,M,M,M,M,M,52.00,KPHX 111351Z 10006KT 10SM CLR 11/04 A3004 RMK AO2 SLP165 T01110044,M
PHX,2025-12-11 14:51,-112.0116,33.4343,337.00,52.00,40.00,63.48,100.00,7.00,0.00,30.05,1016.90,10.00,M,CLR,M,M,M,M,M,M,M,M,M,M,M,M,M,M,52.00,KPHX 111451Z 10007KT 10SM CLR 11/04 A3005 RMK AO2 SLP169 T01110044 53009,M
PHX,2025-12-11 15:51,-112.0116,33.4343,337.00,58.00,40.00,51.03,110.00,3.00,0.00,30.06,1017.00,10.00,M,CLR,M,M,M,M,M,M,M,M,M,M,M,M,M,M,58.00,KPHX 111551Z 11003KT 10SM CLR 14/04 A3006 RMK AO2 SLP170 T01440044,M
PHX,2025-12-11 16:51,-112.0116,33.4343,337.00,60.00,40.00,47.51,90.00,3.00,0.00,30.06,1017.10,10.00,M,CLR,M,M,M,M,M,M,M,M,M,M,M,M,M,M,60.00,KPHX 111651Z 09003KT 10SM CLR 16/04 A3006 RMK AO2 SLP171 T01560044,M
PHX,2025-12-11 17:51,-112.0116,33.4343,337.00,67.00,40.00,37.17,150.00,4.00,0.00,30.06,1016.90,10.00,M,CLR,M,M,M,M,M,M,M,M,M,M,M,M,M,M,67.00,KPHX 111751Z 15004KT 10SM CLR 19/04 A3006 RMK AO2 SLP169 T01940044 10194 20111 50001,M
PHX,2025-12-11 18:51,-112.0116,33.4343,337.00,72.00,39.00,30.14,0.00,0.00,0.00,30.03,1015.70,10.00,M,CLR,M,M,M,M,M,M,M,M,M,M,M,M,M,M,72.00,KPHX 111851Z 00000KT 10SM CLR 22/04 A3003 RMK AO2 SLP157 T02220039,M
PHX,2025-12-11 19:51,-112.0116,33.4343,337.00,74.00,38.00,27.10,0.00,0.00,0.00,29.99,1014.30,10.00,M,CLR,M,M,M,M,M,M,M,M,M,M,M,M,M,M,74.00,KPHX 111951Z 00000KT 10SM CLR 23/03 A2999 RMK AO2 SLP143 T02330033,M
PHX,2025-12-11 20:51,-112.0116,33.4343,337.00,75.00,38.00,26.21,310.00,3.00,0.00,29.96,1013.30,10.00,M,CLR,M,M,M,M,M,M,M,M,M,M,M,M,M,M,75.00,KPHX 112051Z 31003KT 10SM CLR 24/03 A2996 RMK AO2 SLP133 T02390033 56032,M
PHX,2025-12-11 21:51,-112.0116,33.4343,337.00,77.00,37.00,23.58,310.00,5.00,0.00,29.94,1012.60,10.00,M,CLR,M,M,M,M,M,M,M,M,M,M,M,M,M,M,77.00,KPHX 112151Z 31005KT 10SM CLR 25/03 A2994 RMK AO2 SLP126 T02500028,M
PHX,2025-12-11 22:51,-112.0116,33.4343,337.00,78.00,37.00,22.81,0.00,0.00,0.00,29.92,1012.20,10.00,M,CLR,M,M,M,M,M,M,M,M,M,M,M,M,M,M,78.00,KPHX 112251Z 00000KT 10SM CLR 26/03 A2992 RMK AO2 SLP122 T02560028,M
PHX,2025-12-11 23:51,-112.0116,33.4343,337.00,78.00,38.00,23.73,250.00,3.00,0.00,29.92,1012.10,10.00,M,CLR,M,M,M,M,M,M,M,M,M,M,M,M,M,M,78.00,KPHX 112351Z 25003KT 10SM CLR 26/03 A2992 RMK AO2 SLP121 T02560033 10261 20194 56012,M
PHX,2025-12-12 00:51,-112.0116,33.4343,337.00,73.00,40.00,30.30,230.00,4.00,0.00,29.93,1012.50,10.00,M,CLR,M,M,M,M,M,M,M,M,M,M,M,M,M,M,73.00,KPHX 120051Z 23004KT 10SM CLR 23/04 A2993 RMK AO2 SLP125 T02280044,M
PHX,2025-12-12 01:51,-112.0116,33.4343,337.00,72.00,41.00,32.58,0.00,0.00,0.00,29.94,1013.00,10.00,M,CLR,M,M,M,M,M,M,M,M,M,M,M,M,M,M,72.00,KPHX 120151Z 00000KT 10SM CLR 22/05 A2994 RMK AO2 SLP130 T02220050,M
PHX,2025-12-12 02:51,-112.0116,33.4343,337.00,69.00,43.00,38.97,0.00,0.00,0.00,29.95,1013.40,10.00,M,CLR,M,M,M,M,M,M,M,M,M,M,M,M,M,M,69.00,KPHX 120251Z 00000KT 10SM CLR 21/06 A2995 RMK AO2 SLP134 T02060061 53010,M
PHX,2025-12-12 03:51,-112.0116,33.4343,337.00,66.00,44.00,44.90,0.00,0.00,0.00,29.96,1013.60,10.00,M,CLR,M,M,M,M,M,M,M,M,M,M,M,M,M,M,66.00,KPHX 120351Z 00000KT 10SM CLR 19/07 A2996 RMK AO2 SLP136 T01890067,M
PHX,2025-12-12 04:51,-112.0116,33.4343,337.00,62.00,44.00,51.64,120.00,4.00,0.00,29.97,1014.10,10.00,M,CLR,M,M,M,M,M,M,M,M,M,M,M,M,M,M,62.00,KPHX 120451Z 12004KT 10SM CLR 17/07 A2997 RMK AO2 SLP141 T01670067,M
PHX,2025-12-12 05:51,-112.0116,33.4343,337.00,61.00,44.00,53.50,100.00,4.00,0.00,29.98,1014.30,10.00,M,CLR,M,M,M,M,M,M,M,M,M,M,M,M,M,M,61.00,KPHX 120551Z 10004KT 10SM CLR 16/07 A2998 RMK AO2 SLP143 T01610067 10256 20161 53010,M
PHX,2025-12-12 06:51,-112.0116,33.4343,337.00,59.00,46.00,61.99,90.00,6.00,0.00,29.98,1014.20,10.00,M,CLR,M,M,M,M,M,M,M,M,M,M,M,M,M,M,59.00,KPHX 120651Z 09006KT 10SM CLR 15/08 A2998 RMK AO2 SLP142 T01500078 402610111,M
PHX,2025-12-12 07:51,-112.0116,33.4343,337.00,59.00,45.00,59.68,100.00,7.00,0.00,29.98,1014.10,10.00,M,CLR,M,M,M,M,M,M,M,M,M,M,M,M,M,M,59.00,KPHX 120751Z 10007KT 10SM CLR 15/07 A2998 RMK AO2 SLP141 T01500072,M
PHX,2025-12-12 08:51,-112.0116,33.4343,337.00,57.00,46.00,66.60,110.00,6.00,0.00,29.98,1014.10,10.00,M,CLR,M,M,M,M,M,M,M,M,M,M,M,M,M,M,57.00,KPHX 120851Z 11006KT 10SM CLR 14/08 A2998 RMK AO2 SLP141 T01390078 56002,M
PHX,2025-12-12 09:51,-112.0116,33.4343,337.00,57.00,45.00,64.12,110.00,5.00,0.00,29.98,1014.10,10.00,M,CLR,M,M,M,M,M,M,M,M,M,M,M,M,M,M,57.00,KPHX 120951Z 11005KT 10SM CLR 14/07 A2998 RMK AO2 SLP141 T01390072,M
PHX,2025-12-12 10:51,-112.0116,33.4343,337.00,56.00,44.00,63.99,90.00,7.00,0.00,29.98,1014.20,10.00,M,CLR,M,M,M,M,M,M,M,M,M,M,M,M,M,M,56.00,KPHX 121051Z 09007KT 10SM CLR 13/07 A2998 RMK AO2 SLP142 T01330067,M
PHX,2025-12-12 11:51,-112.0116,33.4343,337.00,55.00,43.00,63.87,130.00,5.00,0.00,29.98,1014.30,10.00,M,CLR,M,M,M,M,M,M,M,M,M,M,M,M,M,M,55.00,KPHX 121151Z 13005KT 10SM CLR 13/06 A2998 RMK AO2 SLP143 T01280061 10161 20128 52002,M
PHX,2025-12-12 12:51,-112.0116,33.4343,337.00,54.00,43.00,66.24,120.00,7.00,0.00,30.00,1014.90,10.00,M,CLR,M,M,M,M,M,M,M,M,M,M,M,M,M,M,54.00,KPHX 121251Z 12007KT 10SM CLR 12/06 A3000 RMK AO2 SLP149 T01220061,M
PHX,2025-12-12 13:51,-112.0116,33.4343,337.00,53.00,42.00,66.11,100.00,7.00,0.00,30.01,1015.40,10.00,M,FEW,FEW,M,M,6000.00,20000.00,M,M,M,M,M,M,M,M,M,53.00,KPHX 121351Z 10007KT 10SM FEW060 FEW200 12/06 A3001 RMK AO2 SLP154 T01170056,M
PHX,2025-12-12 14:51,-112.0116,33.4343,337.00,54.00,42.00,63.74,100.00,7.00,0.00,30.03,1016.00,10.00,M,FEW,FEW,M,M,6000.00,20000.00,M,M,M,M,M,M,M,M,M,54.00,KPHX 121451Z 10007KT 10SM FEW060 FEW200 12/06 A3003 RMK AO2 SLP160 T01220056 53015,M
PHX,2025-12-12 15:51,-112.0116,33.4343,337.00,59.00,42.00,53.20,110.00,7.00,0.00,30.05,1016.60,10.00,M,FEW,FEW,M,M,8000.00,21000.00,M,M,M,M,M,M,M,M,M,59.00,KPHX 121551Z 11007KT 10SM FEW080 FEW210 15/06 A3005 RMK AO2 SLP166 T01500056,M
PHX,2025-12-12 16:51,-112.0116,33.4343,337.00,64.00,41.00,42.89,140.00,4.00,0.00,30.06,1016.90,10.00,M,CLR,M,M,M,M,M,M,M,M,M,M,M,M,M,M,64.00,KPHX 121651Z 14004KT 10SM CLR 18/05 A3006 RMK AO2 SLP169 T01780050,M
PHX,2025-12-12 17:51,-112.0116,33.4343,337.00,67.00,42.00,40.17,M,5.00,0.00,30.05,1016.70,10.00,M,CLR,M,M,M,M,M,M,M,M,M,M,M,M,M,M,67.00,KPHX 121751Z VRB05KT 10SM CLR 19/06 A3005 RMK AO2 SLP167 T01940056 10194 20117 50008,M
PHX,2025-12-12 18:51,-112.0116,33.4343,337.00,71.00,41.00,33.70,M,3.00,0.00,30.03,1015.80,10.00,M,CLR,M,M,M,M,M,M,M,M,M,M,M,M,M,M,71.00,KPHX 121851Z VRB03KT 10SM CLR 22/05 A3003 RMK AO2 SLP158 T02170050,M
PHX,2025-12-12 19:51,-112.0116,33.4343,337.00,74.00,41.00,30.46,140.00,3.00,0.00,29.99,1014.40,10.00,M,FEW,M,M,M,25000.00,M,M,M,M,M,M,M,M,M,M,74.00,KPHX 121951Z COR 14003KT 10SM FEW250 23/05 A2999 RMK AO2 SLP144 T02330050,M
PHX,2025-12-12 20:51,-112.0116,33.4343,337.00,75.00,39.00,27.25,0.00,0.00,0.00,29.96,1013.50,10.00,M,FEW,M,M,M,25000.00,M,M,M,M,M,M,M,M,M,M,75.00,KPHX 122051Z 00000KT 10SM FEW250 24/04 A2996 RMK AO2 SLP135 T02390039 56029,M
PHX,2025-12-12 21:51,-112.0116,33.4343,337.00,76.00,38.00,25.35,0.00,0.00,0.00,29.95,1013.00,10.00,M,FEW,M,M,M,25000.00,M,M,M,M,M,M,M,M,M,M,76.00,KPHX 122151Z 00000KT 10SM FEW250 24/03 A2995 RMK AO2 SLP130 T02440033,M
PHX,2025-12-12 22:51,-112.0116,33.4343,337.00,77.00,39.00,25.50,0.00,0.00,0.00,29.94,1012.80,10.00,M,FEW,M,M,M,25000.00,M,M,M,M,M,M,M,M,M,M,77.00,KPHX 122251Z 00000KT 10SM FEW250 25/04 A2994 RMK AO2 SLP128 T02500039,M
PHX,2025-12-12 23:51,-112.0116,33.4343,337.00,76.00,40.00,27.41,220.00,4.00,0.00,29.94,1012.70,10.00,M,SCT,M,M,M,25000.00,M,M,M,M,M,M,M,M,M,M,76.00,KPHX 122351Z 22004KT 10SM SCT250 24/04 A2994 RMK AO2 SLP127 T02440044 10256 20194 56008,M
PHX,2025-12-13 00:51,-112.0116,33.4343,337.00,72.00,44.00,36.56,250.00,4.00,0.00,29.94,1013.00,10.00,M,SCT,M,M,M,25000.00,M,M,M,M,M,M,M,M,M,M,72.00,KPHX 130051Z 25004KT 10SM SCT250 22/07 A2994 RMK AO2 SLP130 T02220067,M
PHX,2025-12-13 01:51,-112.0116,33.4343,337.00,69.00,46.00,43.69,240.00,3.00,0.00,29.95,1013.40,10.00,M,SCT,M,M,M,25000.00,M,M,M,M,M,M,M,M,M,M,69.00,KPHX 130151Z 24003KT 10SM SCT250 21/08 A2995 RMK AO2 SLP134 T02060078,M
PHX,2025-12-13 02:51,-112.0116,33.4343,337.00,66.00,46.00,48.45,0.00,0.00,0.00,29.96,1013.80,10.00,M,SCT,M,M,M,25000.00,M,M,M,M,M,M,M,M,M,M,66.00,KPHX 130251Z 00000KT 10SM SCT250 19/08 A2996 RMK AO2 SLP138 T01890078 53008,M
PHX,2025-12-13 03:51,-112.0116,33.4343,337.00,64.00,46.00,51.94,110.00,5.00,0.00,29.97,1014.00,10.00,M,SCT,M,M,M,25000.00,M,M,M,M,M,M,M,M,M,M,64.00,KPHX 130351Z 11005KT 10SM SCT250 18/08 A2997 RMK AO2 SLP140 T01780078,M
PHX,2025-12-13 04:51,-112.0116,33.4343,337.00,62.00,45.00,53.65,130.00,3.00,0.00,29.99,1014.50,10.00,M,FEW,M,M,M,25000.00,M,M,M,M,M,M,M,M,M,M,62.00,KPHX 130451Z 13003KT 10SM FEW250 17/07 A2999 RMK AO2 SLP145 T01670072,M
PHX,2025-12-13 05:51,-112.0116,33.4343,337.00,60.00,46.00,59.81,110.00,4.00,0.00,29.99,1014.60,10.00,M,FEW,M,M,M,25000.00,M,M,M,M,M,M,M,M,M,M,60.00,KPHX 130551Z 11004KT 10SM FEW250 16/08 A2999 RMK AO2 SLP146 T01560078 10244 20156 51010,M
PHX,2025-12-13 06:51,-112.0116,33.4343,337.00,59.00,46.00,61.99,140.00,3.00,0.00,30.00,1015.00,10.00,M,SCT,M,M,M,25000.00,M,M,M,M,M,M,M,M,M,M,59.00,KPHX 130651Z 14003KT 10SM SCT250 15/08 A3000 RMK AO2 SLP150 T01500078 402560117,M
PHX,2025-12-13 07:51,-112.0116,33.4343,337.00,58.00,46.00,64.25,110.00,5.00,0.00,30.00,1014.70,10.00,M,SCT,M,M,M,24000.00,M,M,M,M,M,M,M,M,M,M,58.00,KPHX 130751Z 11005KT 10SM SCT240 14/08 A3000 RMK AO2 SLP147 T01440078,M
PHX,2025-12-13 08:51,-112.0116,33.4343,337.00,57.00,45.00,64.12,110.00,3.00,0.00,30.00,1014.80,10.00,M,SCT,M,M,M,25000.00,M,M,M,M,M,M,M,M,M,M,57.00,KPHX 130851Z 11003KT 10SM SCT250 14/07 A3000 RMK AO2 SLP148 T01390072 51003,M
PHX,2025-12-13 09:51,-112.0116,33.4343,337.00,57.00,45.00,64.12,110.00,4.00,0.00,30.01,1015.00,10.00,M,SCT,SCT,M,M,23000.00,25000.00,M,M,M,M,M,M,M,M,M,57.00,KPHX 130951Z 11004KT 10SM SCT230 SCT250 14/07 A3001 RMK AO2 SLP150 T01390072,M
PHX,2025-12-13 10:51,-112.0116,33.4343,337.00,56.00,44.00,63.99,100.00,5.00,0.00,30.01,1015.20,10.00,M,SCT,SCT,M,M,23000.00,26000.00,M,M,M,M,M,M,M,M,M,56.00,KPHX 131051Z 10005KT 10SM SCT230 SCT260 13/07 A3001 RMK AO2 SLP152 T01330067,M
PHX,2025-12-13 11:51,-112.0116,33.4343,337.00,55.00,44.00,66.36,110.00,8.00,0.00,30.01,1015.00,10.00,M,SCT,SCT,M,M,23000.00,26000.00,M,M,M,M,M,M,M,M,M,55.00,KPHX 131151Z 11008KT 10SM SCT230 SCT260 13/07 A3001 RMK AO2 SLP150 T01280067 10156 20122 50001,M
PHX,2025-12-13 12:51,-112.0116,33.4343,337.00,54.00,43.00,66.24,130.00,4.00,0.00,30.01,1015.20,10.00,M,SCT,M,M,M,25000.00,M,M,M,M,M,M,M,M,M,M,54.00,KPHX 131251Z 13004KT 10SM SCT250 12/06 A3001 RMK AO2 SLP152 T01220061,M
PHX,2025-12-13 13:51,-112.0116,33.4343,337.00,55.00,42.00,61.46,110.00,5.00,0.00,30.02,1015.60,10.00,M,SCT,SCT,M,M,23000.00,26000.00,M,M,M,M,M,M,M,M,M,55.00,KPHX 131351Z 11005KT 10SM SCT230 SCT260 13/06 A3002 RMK AO2 SLP156 T01280056,M
PHX,2025-12-13 14:51,-112.0116,33.4343,337.00,54.00,43.00,66.24,0.00,0.00,0.00,30.03,1016.20,10.00,M,SCT,SCT,SCT,M,19000.00,23000.00,27000.00,M,M,M,M,M,M,M,M,54.00,KPHX 131451Z 00000KT 10SM SCT190 SCT230 SCT270 12/06 A3003 RMK AO2 SLP162 T01220061 53009,M
PHX,2025-12-13 15:51,-112.0116,33.4343,337.00,58.00,42.00,55.14,120.00,4.00,0.00,30.05,1016.70,10.00,M,SCT,SCT,M,M,20000.00,25000.00,M,M,M,M,M,M,M,M,M,58.00,KPHX 131551Z 12004KT 10SM SCT200 SCT250 14/06 A3005 RMK AO2 SLP167 T01440056,M
PHX,2025-12-13 16:51,-112.0116,33.4343,337.00,61.00,42.00,49.55,110.00,5.00,0.00,30.06,1017.00,10.00,M,FEW,SCT,M,M,15000.00,25000.00,M,M,M,M,M,M,M,M,M,61.00,KPHX 131651Z 11005KT 10SM FEW150 SCT250 16/06 A3006 RMK AO2 SLP170 T01610056,M
PHX,2025-12-13 17:51,-112.0116,33.4343,337.00,67.00,41.00,38.65,120.00,4.00,0.00,30.06,1016.90,10.00,M,FEW,FEW,M,M,18000.00,25000.00,M,M,M,M,M,M,M,M,M,67.00,KPHX 131751Z 12004KT 10SM FEW180 FEW250 19/05 A3006 RMK AO2 SLP169 T01940050 10194 20117 50008,M
PHX,2025-12-13 18:51,-112.0116,33.4343,337.00,73.00,40.00,30.30,110.00,7.00,0.00,30.03,1015.70,10.00,M,FEW,FEW,M,M,20000.00,25000.00,M,M,M,M,M,M,M,M,M,73.00,KPHX 131851Z 11007KT 10SM FEW200 FEW250 23/04 A3003 RMK AO2 SLP157 T02280044,M
PHX,2025-12-13 19:51,-112.0116,33.4343,337.00,74.00,40.00,29.30,0.00,0.00,0.00,29.99,1014.50,10.00,M,FEW,M,M,M,25000.00,M,M,M,M,M,M,M,M,M,M,74.00,KPHX 131951Z 00000KT 10SM FEW250 23/04 A2999 RMK AO2 SLP145 T02330044,M
PHX,2025-12-13 20:51,-112.0116,33.4343,337.00,76.00,40.00,27.41,0.00,0.00,0.00,29.97,1013.70,10.00,M,FEW,M,M,M,20000.00,M,M,M,M,M,M,M,M,M,M,76.00,KPHX 132051Z 00000KT 10SM FEW200 24/04 A2997 RMK AO2 SLP137 T02440044 56029,M
PHX,2025-12-13 21:51,-112.0116,33.4343,337.00,77.00,39.00,25.50,0.00,0.00,0.00,29.96,1013.40,10.00,M,FEW,M,M,M,25000.00,M,M,M,M,M,M,M,M,M,M,77.00,KPHX 132151Z 00000KT 10SM FEW250 25/04 A2996 RMK AO2 SLP134 T02500039,M
PHX,2025-12-13 22:51,-112.0116,33.4343,337.00,78.00,38.00,23.73,0.00,0.00,0.00,29.96,1013.40,10.00,M,FEW,M,M,M,25000.00,M,M,M,M,M,M,M,M,M,M,78.00,KPHX 132251Z 00000KT 10SM FEW250 26/03 A2996 RMK AO2 SLP134 T02560033,M
PHX,2025-12-13 23:51,-112.0116,33.4343,337.00,78.00,38.00,23.73,M,3.00,0.00,29.96,1013.40,10.00,M,CLR,M,M,M,M,M,M,M,M,M,M,M,M,M,M,78.00,KPHX 132351Z VRB03KT 10SM CLR 26/03 A2996 RMK AO2 SLP134 T02560033 10261 20194 56003,M
PHX,2025-12-14 00:51,-112.0116,33.4343,337.00,75.00,38.00,26.21,270.00,3.00,0.00,29.96,1013.60,10.00,M,FEW,M,M,M,25000.00,M,M,M,M,M,M,M,M,M,M,75.00,KPHX 140051Z 27003KT 10SM FEW250 24/03 A2996 RMK AO2 SLP136 T02390033,M
PHX,2025-12-14 01:51,-112.0116,33.4343,337.00,68.00,44.00,41.90,240.00,4.00,0.00,29.97,1013.90,10.00,M,FEW,M,M,M,25000.00,M,M,M,M,M,M,M,M,M,M,68.00,KPHX 140151Z 24004KT 10SM FEW250 20/07 A2997 RMK AO2 SLP139 T02000067,M
PHX,2025-12-14 02:51,-112.0116,33.4343,337.00,67.00,44.00,43.37,0.00,0.00,0.00,29.98,1014.30,10.00,M,FEW,M,M,M,25000.00,M,M,M,M,M,M,M,M,M,M,67.00,KPHX 140251Z 00000KT 10SM FEW250 19/07 A2998 RMK AO2 SLP143 T01940067 53006,M
PHX,2025-12-14 03:51,-112.0116,33.4343,337.00,64.00,45.00,50.01,0.00,0.00,0.00,29.99,1014.70,10.00,M,SCT,M,M,M,25000.00,M,M,M,M,M,M,M,M,M,M,64.00,KPHX 140351Z 00000KT 10SM SCT250 18/07 A2999 RMK AO2 SLP147 T01780072,M
PHX,2025-12-14 04:51,-112.0116,33.4343,337.00,63.00,44.00,49.85,80.00,4.00,0.00,30.00,1015.10,10.00,M,SCT,M,M,M,25000.00,M,M,M,M,M,M,M,M,M,M,63.00,KPHX 140451Z 08004KT 10SM SCT250 17/07 A3000 RMK AO2 SLP151 T01720067,M
PHX,2025-12-14 05:51,-112.0116,33.4343,337.00,61.00,45.00,55.58,0.00,0.00,0.00,30.01,1015.30,10.00,M,SCT,M,M,M,25000.00,M,M,M,M,M,M,M,M,M,M,61.00,KPHX 140551Z 00000KT 10SM SCT250 16/07 A3001 RMK AO2 SLP153 T01610072 10256 20156 51011,M
PHX,2025-12-14 06:51,-112.0116,33.4343,337.00,60.00,46.00,59.81,100.00,5.00,0.00,30.03,1015.70,10.00,M,BKN,M,M,M,25000.00,M,M,M,M,M,M,M,M,M,M,60.00,KPHX 140651Z 10005KT 10SM BKN250 16/08 A3003 RMK AO2 SLP157 T01560078 402610117,M
PHX,2025-12-14 07:51,-112.0116,33.4343,337.00,58.00,46.00,64.25,110.00,4.00,0.00,30.03,1015.80,10.00,M,BKN,M,M,M,25000.00,M,M,M,M,M,M,M,M,M,M,58.00,KPHX 140751Z 11004KT 10SM BKN250 14/08 A3003 RMK AO2 SLP158 T01440078,M
PHX,2025-12-14 08:51,-112.0116,33.4343,337.00,57.00,45.00,64.12,0.00,0.00,0.00,30.03,1015.90,10.00,M,BKN,M,M,M,25000.00,M,M,M,M,M,M,M,M,M,M,57.00,KPHX 140851Z 00000KT 10SM BKN250 14/07 A3003 RMK AO2 SLP159 T01390072 51007,M
PHX,2025-12-14 09:51,-112.0116,33.4343,337.00,57.00,43.00,59.40,120.00,6.00,0.00,30.03,1016.00,10.00,M,BKN,M,M,M,25000.00,M,M,M,M,M,M,M,M,M,M,57.00,KPHX 140951Z 12006KT 10SM BKN250 14/06 A3003 RMK AO2 SLP160 T01390061,M
PHX,2025-12-14 10:51,-112.0116,33.4343,337.00,57.00,42.00,57.16,120.00,5.00,0.00,30.03,1015.90,10.00,M,SCT,M,M,M,25000.00,M,M,M,M,M,M,M,M,M,M,57.00,KPHX 141051Z 12005KT 10SM SCT250 14/06 A3003 RMK AO2 SLP159 T01390056,M
PHX,2025-12-14 11:51,-112.0116,33.4343,337.00,55.00,42.00,61.46,130.00,4.00,0.00,30.03,1016.00,10.00,M,FEW,M,M,M,25000.00,M,M,M,M,M,M,M,M,M,M,55.00,KPHX 141151Z 13004KT 10SM FEW250 13/06 A3003 RMK AO2 SLP160 T01280056 10161 20128 53000,M
PHX,2025-12-14 12:51,-112.0116,33.4343,337.00,54.00,42.00,63.74,110.00,4.00,0.00,30.04,1016.20,10.00,M,FEW,M,M,M,25000.00,M,M,M,M,M,M,M,M,M,M,54.00,KPHX 141251Z 11004KT 10SM FEW250 12/06 A3004 RMK AO2 SLP162 T01220056,M
PHX,2025-12-14 13:51,-112.0116,33.4343,337.00,53.00,42.00,66.11,0.00,0.00,0.00,30.06,1016.90,10.00,M,FEW,M,M,M,25000.00,M,M,M,M,M,M,M,M,M,M,53.00,KPHX 141351Z 00000KT 10SM FEW250 12/06 A3006 RMK AO2 SLP169 T01170056,M
PHX,2025-12-14 14:51,-112.0116,33.4343,337.00,53.00,42.00,66.11,0.00,0.00,0.00,30.07,1017.60,10.00,M,FEW,FEW,M,M,19000.00,25000.00,M,M,M,M,M,M,M,M,M,53.00,KPHX 141451Z 00000KT 10SM FEW190 FEW250 12/06 A3007 RMK AO2 SLP176 T01170056 53013,M
PHX,2025-12-14 15:51,-112.0116,33.4343,337.00,58.00,40.00,51.03,0.00,0.00,0.00,30.09,1018.10,10.00,M,FEW,FEW,M,M,20000.00,26000.00,M,M,M,M,M,M,M,M,M,58.00,KPHX 141551Z 00000KT 10SM FEW200 FEW260 14/04 A3009 RMK AO2 SLP181 T01440044,M
PHX,2025-12-14 16:51,-112.0116,33.4343,337.00,62.00,38.00,40.93,0.00,0.00,0.00,30.11,1018.80,10.00,M,SCT,M,M,M,20000.00,M,M,M,M,M,M,M,M,M,M,62.00,KPHX 141651Z 00000KT 10SM SCT200 17/03 A3011 RMK AO2 SLP188 T01670033,M
PHX,2025-12-14 17:51,-112.0116,33.4343,337.00,68.00,38.00,33.22,180.00,3.00,0.00,30.11,1018.50,10.00,M,SCT,BKN,M,M,20000.00,25000.00,M,M,M,M,M,M,M,M,M,68.00,KPHX 141751Z 18003KT 10SM SCT200 BKN250 20/03 A3011 RMK AO2 SLP185 T02000033 10200 20106 50011,M
PHX,2025-12-14 18:51,-112.0116,33.4343,337.00,72.00,40.00,31.34,120.00,4.00,0.00,30.09,1017.70,10.00,M,FEW,BKN,BKN,M,19000.00,22000.00,27000.00,M,M,M,M,M,M,M,M,72.00,KPHX 141851Z 12004KT 10SM FEW190 BKN220 BKN270 22/04 A3009 RMK AO2 SLP177 T02220044,M
PHX,2025-12-14 19:51,-112.0116,33.4343,337.00,77.00,39.00,25.50,90.00,5.00,0.00,30.04,1016.20,10.00,M,SCT,BKN,M,M,22000.00,27000.00,M,M,M,M,M,M,M,M,M,77.00,KPHX 141951Z 09005KT 10SM SCT220 BKN270 25/04 A3004 RMK AO2 SLP162 T02500039,M
PHX,2025-12-14 20:51,-112.0116,33.4343,337.00,81.00,33.00,17.64,80.00,10.00,0.00,30.02,1015.40,10.00,M,FEW,SCT,BKN,M,19000.00,21000.00,25000.00,M,M,M,M,M,M,M,M,79.10,KPHX 142051Z 08010KT 10SM FEW190 SCT210 BKN250 27/01 A3002 RMK AO2 SLP154 T02720006 58028,M
PHX,2025-12-14 21:51,-112.0116,33.4343,337.00,81.00,32.00,16.94,70.00,12.00,0.00,30.01,1015.00,10.00,M,FEW,SCT,BKN,M,18000.00,21000.00,25000.00,M,M,M,M,M,M,M,M,79.07,KPHX 142151Z 07012KT 10SM FEW180 SCT210 BKN250 27/00 A3001 RMK AO2 SLP150 T02720000,M
PHX,2025-12-14 22:51,-112.0116,33.4343,337.00,81.00,30.00,15.62,80.00,12.00,0.00,30.00,1014.70,10.00,M,FEW,SCT,BKN,M,16000.00,21000.00,25000.00,M,M,M,M,M,M,M,M,79.02,KPHX 142251Z 08012KT 10SM FEW160 SCT210 BKN250 27/M01 A3000 RMK AO2 SLP147 T02721011,M
PHX,2025-12-14 23:51,-112.0116,33.4343,337.00,79.00,31.00,17.37,80.00,10.00,0.00,29.99,1014.60,10.00,M,FEW,SCT,BKN,M,16000.00,21000.00,25000.00,M,M,M,M,M,M,M,M,79.00,KPHX 142351Z 08010KT 10SM FEW160 SCT210 BKN250 26/M01 A2999 RMK AO2 SLP146 T02611006 10278 20200 56009,M
PHX,2025-12-15 00:51,-112.0116,33.4343,337.00,74.00,31.00,20.50,70.00,7.00,0.00,30.00,1014.70,10.00,M,FEW,FEW,BKN,M,15000.00,21000.00,25000.00,M,M,M,M,M,M,M,M,74.00,KPHX 150051Z 07007KT 10SM FEW150 FEW210 BKN250 23/M01 A3000 RMK AO2 SLP147 T02331006,M
PHX,2025-12-15 01:51,-112.0116,33.4343,337.00,71.00,33.00,24.58,M,3.00,0.00,30.01,1015.20,10.00,M,FEW,BKN,M,M,21000.00,25000.00,M,M,M,M,M,M,M,M,M,71.00,KPHX 150151Z VRB03KT 10SM FEW210 BKN250 22/01 A3001 RMK AO2 SLP152 T02170006,M
PHX,2025-12-15 02:51,-112.0116,33.4343,337.00,70.00,32.00,24.43,110.00,3.00,0.00,30.02,1015.60,10.00,M,FEW,BKN,M,M,20000.00,25000.00,M,M,M,M,M,M,M,M,M,70.00,KPHX 150251Z 11003KT 10SM FEW200 BKN250 21/00 A3002 RMK AO2 SLP156 T02110000 53008,M
PHX,2025-12-15 03:51,-112.0116,33.4343,337.00,66.00,34.00,30.37,220.00,3.00,0.00,30.04,1016.30,10.00,M,FEW,SCT,M,M,20000.00,25000.00,M,M,M,M,M,M,M,M,M,66.00,KPHX 150351Z 22003KT 10SM FEW200 SCT250 19/01 A3004 RMK AO2 SLP163 T01890011,M
PHX,2025-12-15 04:51,-112.0116,33.4343,337.00,64.00,35.00,33.89,0.00,0.00,0.00,30.04,1016.50,10.00,M,FEW,SCT,M,M,18000.00,25000.00,M,M,M,M,M,M,M,M,M,64.00,KPHX 150451Z 00000KT 10SM FEW180 SCT250 18/02 A3004 RMK AO2 SLP165 T01780017,M
PHX,2025-12-15 05:51,-112.0116,33.4343,337.00,62.00,35.00,36.36,120.00,4.00,0.00,30.04,1016.40,10.00,M,FEW,SCT,M,M,16000.00,23000.00,M,M,M,M,M,M,M,M,M,62.00,KPHX 150551Z 12004KT 10SM FEW160 SCT230 17/02 A3004 RMK AO2 SLP164 T01670017 10261 20167 50008,M
PHX,2025-12-15 06:51,-112.0116,33.4343,337.00,60.00,37.00,42.24,0.00,0.00,0.00,30.04,1016.10,10.00,M,FEW,SCT,M,M,12000.00,15000.00,M,M,M,M,M,M,M,M,M,60.00,KPHX 150651Z 00000KT 10SM FEW120 SCT150 16/03 A3004 RMK AO2 SLP161 T01560028 402780106,M
PHX,2025-12-15 07:51,-112.0116,33.4343,337.00,61.00,36.00,39.19,0.00,0.00,0.00,30.03,1015.90,10.00,M,FEW,SCT,BKN,M,12000.00,15000.00,25000.00,M,M,M,M,M,M,M,M,61.00,KPHX 150751Z 00000KT 10SM FEW120 SCT150 BKN250 16/02 A3003 RMK AO2 SLP159 T01610022,M
PHX,2025-12-15 08:51,-112.0116,33.4343,337.00,60.00,37.00,42.24,0.00,0.00,0.00,30.04,1016.00,10.00,M,SCT,BKN,M,M,15000.00,25000.00,M,M,M,M,M,M,M,M,M,60.00,KPHX 150851Z 00000KT 10SM SCT150 BKN250 16/03 A3004 RMK AO2 SLP160 T01560028 55001,M
PHX,2025-12-15 09:51,-112.0116,33.4343,337.00,59.00,38.00,45.53,0.00,0.00,0.00,30.05,1016.30,10.00,M,SCT,SCT,M,M,15000.00,25000.00,M,M,M,M,M,M,M,M,M,59.00,KPHX 150951Z 00000KT 10SM SCT150 SCT250 15/03 A3005 RMK AO2 SLP163 T01500033,M
PHX,2025-12-15 10:51,-112.0116,33.4343,337.00,57.00,37.00,47.04,0.00,0.00,0.00,30.05,1016.30,10.00,M,FEW,M,M,M,15000.00,M,M,M,M,M,M,M,M,M,M,57.00,KPHX 151051Z COR 00000KT 10SM FEW150 14/03 A3005 RMK AO2 SLP163 T01390028,M
PHX,2025-12-15 11:51,-112.0116,33.4343,337.00,56.00,38.00,50.72,0.00,0.00,0.00,30.05,1016.60,10.00,M,FEW,M,M,M,15000.00,M,M,M,M,M,M,M,M,M,M,56.00,KPHX 151151Z 00000KT 10SM FEW150 13/03 A3005 RMK AO2 SLP166 T01330033 10172 20128 51004,M
PHX,2025-12-15 12:51,-112.0116,33.4343,337.00,54.00,39.00,56.73,0.00,0.00,0.00,30.07,1017.10,10.00,M,FEW,M,M,M,15000.00,M,M,M,M,M,M,M,M,M,M,54.00,KPHX 151251Z 00000KT 10SM FEW150 12/04 A3007 RMK AO2 SLP171 T01220039,M
PHX,2025-12-15 13:51,-112.0116,33.4343,337.00,55.00,39.00,54.70,0.00,0.00,0.00,30.07,1017.40,10.00,M,FEW,M,M,M,15000.00,M,M,M,M,M,M,M,M,M,M,55.00,KPHX 151351Z 00000KT 10SM FEW150 13/04 A3007 RMK AO2 SLP174 T01280039,M
PHX,2025-12-15 14:51,-112.0116,33.4343,337.00,55.00,39.00,54.70,0.00,0.00,0.00,30.08,1017.80,10.00,M,FEW,M,M,M,15000.00,M,M,M,M,M,M,M,M,M,M,55.00,KPHX 151451Z 00000KT 10SM FEW150 13/04 A3008 RMK AO2 SLP178 T01280039 51010,M
PHX,2025-12-15 15:51,-112.0116,33.4343,337.00,60.00,41.00,49.39,0.00,0.00,0.00,30.09,1018.10,10.00,M,FEW,M,M,M,15000.00,M,M,M,M,M,M,M,M,M,M,60.00,KPHX 151551Z 00000KT 10SM FEW150 16/05 A3009 RMK AO2 SLP181 T01560050,M
PHX,2025-12-15 16:51,-112.0116,33.4343,337.00,64.00,37.00,36.68,0.00,0.00,0.00,30.11,1018.60,10.00,M,FEW,M,M,M,15000.00,M,M,M,M,M,M,M,M,M,M,64.00,KPHX 151651Z 00000KT 10SM FEW150 18/03 A3011 RMK AO2 SLP186 T01780028,M
PHX,2025-12-15 17:51,-112.0116,33.4343,337.00,71.00,35.00,26.63,240.00,3.00,0.00,30.10,1018.20,10.00,M,FEW,M,M,M,15000.00,M,M,M,M,M,M,M,M,M,M,71.00,KPHX 151751Z 24003KT 10SM FEW150 22/02 A3010 RMK AO2 SLP182 T02170017 10217 20117 50005,M
PHX,2025-12-15 18:51,-112.0116,33.4343,337.00,74.00,34.00,23.13,260.00,3.00,0.00,30.07,1017.00,10.00,M,FEW,FEW,M,M,15000.00,20000.00,M,M,M,M,M,M,M,M,M,74.00,KPHX 151851Z 26003KT 10SM FEW150 FEW200 23/01 A3007 RMK AO2 SLP170 T02330011,M
PHX,2025-12-15 19:51,-112.0116,33.4343,337.00,78.00,31.00,17.95,110.00,4.00,0.00,30.03,1015.60,10.00,M,FEW,M,M,M,20000.00,M,M,M,M,M,M,M,M,M,M,78.00,KPHX 151951Z 11004KT 10SM FEW200 26/M01 A3003 RMK AO2 SLP156 T02561006,M
PHX,2025-12-15 20:51,-112.0116,33.4343,337.00,79.00,32.00,18.08,M,3.00,0.00,30.00,1014.50,10.00,M,FEW,M,M,M,20000.00,M,M,M,M,M,M,M,M,M,M,79.00,KPHX 152051Z VRB03KT 10SM FEW200 26/00 A3000 RMK AO2 SLP145 T02610000 56034,M
PHX,2025-12-15 21:51,-112.0116,33.4343,337.00,80.00,30.00,16.14,310.00,5.00,0.00,29.98,1014.00,10.00,M,FEW,M,M,M,20000.00,M,M,M,M,M,M,M,M,M,M,78.46,KPHX 152151Z 31005KT 10SM FEW200 27/M01 A2998 RMK AO2 SLP140 T02671011,M
PHX,2025-12-15 22:51,-112.0116,33.4343,337.00,80.00,29.00,15.49,290.00,3.00,0.00,29.97,1013.70,10.00,M,FEW,M,M,M,20000.00,M,M,M,M,M,M,M,M,M,M,78.43,KPHX 152251Z 29003KT 10SM FEW200 27/M02 A2997 RMK AO2 SLP137 T02671017,M
PHX,2025-12-15 23:51,-112.0116,33.4343,337.00,79.00,32.00,18.08,260.00,6.00,0.00,29.97,1013.80,10.00,M,FEW,M,M,M,20000.00,M,M,M,M,M,M,M,M,M,M,79.00,KPHX 152351Z 26006KT 10SM FEW200 26/00 A2997 RMK AO2 SLP138 T02610000 10272 20211 55007,M
PHX,2025-12-16 00:51,-112.0116,33.4343,337.00,74.00,35.00,24.07,260.00,4.00,0.00,29.98,1014.20,10.00,M,FEW,M,M,M,20000.00,M,M,M,M,M,M,M,M,M,M,74.00,KPHX 160051Z 26004KT 10SM FEW200 23/02 A2998 RMK AO2 SLP142 T02330017,M
PHX,2025-12-16 01:51,-112.0116,33.4343,337.00,70.00,37.00,29.82,260.00,4.00,0.00,29.99,1014.70,10.00,M,CLR,M,M,M,M,M,M,M,M,M,M,M,M,M,M,70.00,KPHX 160151Z 26004KT 10SM CLR 21/03 A2999 RMK AO2 SLP147 T02110028,M
PHX,2025-12-16 02:51,-112.0116,33.4343,337.00,69.00,36.00,29.66,0.00,0.00,0.00,29.99,1014.70,10.00,M,CLR,M,M,M,M,M,M,M,M,M,M,M,M,M,M,69.00,KPHX 160251Z 00000KT 10SM CLR 21/02 A2999 RMK AO2 SLP147 T02060022 50006,M
PHX,2025-12-16 03:51,-112.0116,33.4343,337.00,70.00,36.00,28.67,330.00,3.00,0.00,30.00,1015.00,10.00,M,CLR,M,M,M,M,M,M,M,M,M,M,M,M,M,M,70.00,KPHX 160351Z 33003KT 10SM CLR 21/02 A3000 RMK AO2 SLP150 T02110022,M
PHX,2025-12-16 04:51,-112.0116,33.4343,337.00,65.00,37.00,35.43,110.00,3.00,0.00,30.01,1015.10,10.00,M,CLR,M,M,M,M,M,M,M,M,M,M,M,M,M,M,65.00,KPHX 160451Z 11003KT 10SM CLR 18/03 A3001 RMK AO2 SLP151 T01830028,M
PHX,2025-12-16 05:51,-112.0116,33.4343,337.00,61.00,40.00,45.85,100.00,5.00,0.00,30.01,1015.10,10.00,M,CLR,M,M,M,M,M,M,M,M,M,M,M,M,M,M,61.00,KPHX 160551Z 10005KT 10SM CLR 16/04 A3001 RMK AO2 SLP151 T01610044 10261 20161 51006,M
PHX,2025-12-16 06:51,-112.0116,33.4343,337.00,61.00,40.00,45.85,0.00,0.00,0.00,30.01,1015.10,10.00,M,CLR,M,M,M,M,M,M,M,M,M,M,M,M,M,M,61.00,KPHX 160651Z 00000KT 10SM CLR 16/04 A3001 RMK AO2 SLP151 T01610044 402720117,M
PHX,2025-12-16 07:51,-112.0116,33.4343,337.00,58.00,40.00,51.03,0.00,0.00,0.00,30.01,1015.20,10.00,M,CLR,M,M,M,M,M,M,M,M,M,M,M,M,M,M,58.00,KPHX 160751Z 00000KT 10SM CLR 14/04 A3001 RMK AO2 SLP152 T01440044,M
PHX,2025-12-16 08:51,-112.0116,33.4343,337.00,58.00,39.00,49.08,110.00,4.00,0.00,30.01,1015.10,10.00,M,CLR,M,M,M,M,M,M,M,M,M,M,M,M,M,M,58.00,KPHX 160851Z 11004KT 10SM CLR 14/04 A3001 RMK AO2 SLP151 T01440039 53001,M
PHX,2025-12-16 09:51,-112.0116,33.4343,337.00,58.00,39.00,49.08,0.00,0.00,0.00,30.00,1014.70,10.00,M,CLR,M,M,M,M,M,M,M,M,M,M,M,M,M,M,58.00,KPHX 160951Z 00000KT 10SM CLR 14/04 A3000 RMK AO2 SLP147 T01440039,M
PHX,2025-12-16 10:51,-112.0116,33.4343,337.00,56.00,39.00,52.75,90.00,3.00,0.00,30.01,1015.00,10.00,M,CLR,M,M,M,M,M,M,M,M,M,M,M,M,M,M,56.00,KPHX 161051Z 09003KT 10SM CLR 13/04 A3001 RMK AO2 SLP150 T01330039,M
PHX,2025-12-16 11:51,-112.0116,33.4343,337.00,55.00,39.00,54.70,100.00,4.00,0.00,30.02,1015.40,10.00,M,CLR,M,M,M,M,M,M,M,M,M,M,M,M,M,M,55.00,KPHX 161151Z 10004KT 10SM CLR 13/04 A3002 RMK AO2 SLP154 T01280039 10167 20122 53002,M
PHX,2025-12-16 12:51,-112.0116,33.4343,337.00,55.00,37.00,50.57,0.00,0.00,0.00,30.04,1016.20,10.00,M,CLR,M,M,M,M,M,M,M,M,M,M,M,M,M,M,55.00,KPHX 161251Z 00000KT 10SM CLR 13/03 A3004 RMK AO2 SLP162 T01280028,M
PHX,2025-12-16 13:51,-112.0116,33.4343,337.00,54.00,37.00,52.45,130.00,4.00,0.00,30.05,1016.60,10.00,M,FEW,M,M,M,6000.00,M,M,M,M,M,M,M,M,M,M,54.00,KPHX 161351Z 13004KT 10SM FEW060 12/03 A3005 RMK AO2 SLP166 T01220028,M
PHX,2025-12-16 14:51,-112.0116,33.4343,337.00,55.00,35.00,46.72,120.00,5.00,0.00,30.06,1017.00,10.00,M,CLR,M,M,M,M,M,M,M,M,M,M,M,M,M,M,55.00,KPHX 161451Z 12005KT 10SM CLR 13/02 A3006 RMK AO2 SLP170 T01280017 51014,M
PHX,2025-12-16 15:51,-112.0116,33.4343,337.00,57.00,38.00,48.92,0.00,0.00,0.00,30.08,1017.60,10.00,M,CLR,M,M,M,M,M,M,M,M,M,M,M,M,M,M,57.00,KPHX 161551Z 00000KT 10SM CLR 14/03 A3008 RMK AO2 SLP176 T01390033,M
PHX,2025-12-16 16:51,-112.0116,33.4343,337.00,62.00,36.00,37.83,90.00,5.00,0.00,30.09,1017.90,10.00,M,CLR,M,M,M,M,M,M,M,M,M,M,M,M,M,M,62.00,KPHX 161651Z 09005KT 10SM CLR 17/02 A3009 RMK AO2 SLP179 T01670022,M
PHX,2025-12-16 17:51,-112.0116,33.4343,337.00,65.00,34.00,31.45,100.00,4.00,0.00,30.08,1017.80,10.00,M,CLR,M,M,M,M,M,M,M,M,M,M,M,M,M,M,65.00,KPHX 161751Z 10004KT 10SM CLR 18/01 A3008 RMK AO2 SLP178 T01830011 10183 20111 50008,M
PHX,2025-12-16 18:51,-112.0116,33.4343,337.00,70.00,36.00,28.67,140.00,3.00,0.00,30.06,1016.70,10.00,M,CLR,M,M,M,M,M,M,M,M,M,M,M,M,M,M,70.00,KPHX 161851Z 14003KT 10SM CLR 21/02 A3006 RMK AO2 SLP167 T02110022,M
PHX,2025-12-16 19:51,-112.0116,33.4343,337.00,72.00,34.00,24.74,90.00,4.00,0.00,30.03,1016.00,10.00,M,CLR,M,M,M,M,M,M,M,M,M,M,M,M,M,M,72.00,KPHX 161951Z 09004KT 10SM CLR 22/01 A3003 RMK AO2 SLP160 T02220011,M
PHX,2025-12-16 20:51,-112.0116,33.4343,337.00,76.00,34.00,21.63,M,3.00,0.00,30.00,1014.80,10.00,M,FEW,M,M,M,9000.00,M,M,M,M,M,M,M,M,M,M,76.00,KPHX 162051Z VRB03KT 10SM FEW090 24/01 A3000 RMK AO2 SLP148 T02440011 58027,M
PHX,2025-12-16 21:51,-112.0116,33.4343,337.00,76.00,34.00,21.63,0.00,0.00,0.00,29.98,1014.10,10.00,M,FEW,M,M,M,20000.00,M,M,M,M,M,M,M,M,M,M,76.00,KPHX 162151Z 00000KT 10SM FEW200 24/01 A2998 RMK AO2 SLP141 T02440011,M
PHX,2025-12-16 22:51,-112.0116,33.4343,337.00,77.00,33.00,20.11,0.00,0.00,0.00,29.98,1014.00,10.00,M,FEW,M,M,M,20000.00,M,M,M,M,M,M,M,M,M,M,77.00,KPHX 162251Z 00000KT 10SM FEW200 25/01 A2998 RMK AO2 SLP140 T02500006,M
PHX,2025-12-16 23:51,-112.0116,33.4343,337.00,76.00,31.00,19.17,230.00,5.00,0.00,29.98,1014.20,10.00,M,FEW,M,M,M,20000.00,M,M,M,M,M,M,M,M,M,M,76.00,KPHX 162351Z 23005KT 10SM FEW200 24/M01 A2998 RMK AO2 SLP142 T02441006 10250 20183 55006,M
PHX,2025-12-17 00:51,-112.0116,33.4343,337.00,71.00,33.00,24.58,0.00,0.00,0.00,29.98,1014.40,10.00,M,FEW,M,M,M,20000.00,M,M,M,M,M,M,M,M,M,M,71.00,KPHX 170051Z 00000KT 10SM FEW200 22/01 A2998 RMK AO2 SLP144 T02170006,M
PHX,2025-12-17 01:51,-112.0116,33.4343,337.00,72.00,32.00,22.83,300.00,4.00,0.00,30.01,1015.20,10.00,M,FEW,M,M,M,20000.00,M,M,M,M,M,M,M,M,M,M,72.00,KPHX 170151Z 30004KT 10SM FEW200 22/00 A3001 RMK AO2 SLP152 T02220000,M
PHX,2025-12-17 02:51,-112.0116,33.4343,337.00,66.00,38.00,35.59,0.00,0.00,0.00,30.02,1015.70,10.00,M,FEW,M,M,M,25000.00,M,M,M,M,M,M,M,M,M,M,66.00,KPHX 170251Z 00000KT 10SM FEW250 19/03 A3002 RMK AO2 SLP157 T01890033 53013,M
PHX,2025-12-17 03:51,-112.0116,33.4343,337.00,64.00,39.00,39.68,0.00,0.00,0.00,30.03,1016.00,10.00,M,FEW,M,M,M,25000.00,M,M,M,M,M,M,M,M,M,M,64.00,KPHX 170351Z 00000KT 10SM FEW250 18/04 A3003 RMK AO2 SLP160 T01780039,M
PHX,2025-12-17 04:51,-112.0116,33.4343,337.00,62.00,38.00,40.93,90.00,5.00,0.00,30.04,1016.20,10.00,M,SCT,M,M,M,25000.00,M,M,M,M,M,M,M,M,M,M,62.00,KPHX 170451Z 09005KT 10SM SCT250 17/03 A3004 RMK AO2 SLP162 T01670033,M
PHX,2025-12-17 05:51,-112.0116,33.4343,337.00,59.00,40.00,49.24,110.00,6.00,0.00,30.05,1016.50,10.00,M,FEW,M,M,M,25000.00,M,M,M,M,M,M,M,M,M,M,59.00,KPHX 170551Z 11006KT 10SM FEW250 15/04 A3005 RMK AO2 SLP165 T01500044 10244 20150 51008,M
PHX,2025-12-17 06:51,-112.0116,33.4343,337.00,58.00,40.00,51.03,0.00,0.00,0.00,30.04,1016.20,10.00,M,FEW,M,M,M,19000.00,M,M,M,M,M,M,M,M,M,M,58.00,KPHX 170651Z 00000KT 10SM FEW190 14/04 A3004 RMK AO2 SLP162 T01440044 402500111,M
PHX,2025-12-17 07:51,-112.0116,33.4343,337.00,57.00,40.00,52.90,110.00,4.00,0.00,30.03,1016.10,10.00,M,FEW,M,M,M,12000.00,M,M,M,M,M,M,M,M,M,M,57.00,KPHX 170751Z 11004KT 10SM FEW120 14/04 A3003 RMK AO2 SLP161 T01390044,M
PHX,2025-12-17 08:51,-112.0116,33.4343,337.00,56.00,40.00,54.85,110.00,4.00,0.00,30.04,1016.00,10.00,M,FEW,M,M,M,12000.00,M,M,M,M,M,M,M,M,M,M,56.00,KPHX 170851Z 11004KT 10SM FEW120 13/04 A3004 RMK AO2 SLP160 T01330044 55003,M
PHX,2025-12-17 09:51,-112.0116,33.4343,337.00,55.00,41.00,59.13,110.00,7.00,0.00,30.02,1015.60,10.00,M,SCT,M,M,M,12000.00,M,M,M,M,M,M,M,M,M,M,55.00,KPHX 170951Z 11007KT 10SM SCT120 13/05 A3002 RMK AO2 SLP156 T01280050,M
PHX,2025-12-17 10:51,-112.0116,33.4343,337.00,53.00,41.00,63.61,100.00,8.00,0.00,30.03,1015.90,10.00,M,SCT,M,M,M,12000.00,M,M,M,M,M,M,M,M,M,M,53.00,KPHX 171051Z 10008KT 10SM SCT120 12/05 A3003 RMK AO2 SLP159 T01170050,M
PHX,2025-12-17 11:51,-112.0116,33.4343,337.00,54.00,39.00,56.73,130.00,5.00,0.00,30.01,1015.30,10.00,M,SCT,M,M,M,12000.00,M,M,M,M,M,M,M,M,M,M,54.00,KPHX 171151Z 13005KT 10SM SCT120 12/04 A3001 RMK AO2 SLP153 T01220039 10150 20117 58008,M
PHX,2025-12-17 12:51,-112.0116,33.4343,337.00,54.00,38.00,54.55,110.00,5.00,0.00,30.01,1015.20,10.00,M,SCT,M,M,M,23000.00,M,M,M,M,M,M,M,M,M,M,54.00,KPHX 171251Z 11005KT 10SM SCT230 12/03 A3001 RMK AO2 SLP152 T01220033,M
PHX,2025-12-17 13:51,-112.0116,33.4343,337.00,54.00,38.00,54.55,120.00,5.00,0.00,30.03,1016.20,10.00,M,SCT,M,M,M,23000.00,M,M,M,M,M,M,M,M,M,M,54.00,KPHX 171351Z 12005KT 10SM SCT230 12/03 A3003 RMK AO2 SLP162 T01220033,M
PHX,2025-12-17 14:51,-112.0116,33.4343,337.00,52.00,38.00,58.71,80.00,5.00,0.00,30.04,1016.30,10.00,M,SCT,M,M,M,25000.00,M,M,M,M,M,M,M,M,M,M,52.00,KPHX 171451Z 08005KT 10SM SCT250 11/03 A3004 RMK AO2 SLP163 T01110033 53009,M
PHX,2025-12-17 15:51,-112.0116,33.4343,337.00,58.00,38.00,47.19,110.00,7.00,0.00,30.04,1016.50,10.00,M,SCT,M,M,M,25000.00,M,M,M,M,M,M,M,M,M,M,58.00,KPHX 171551Z 11007KT 10SM SCT250 14/03 A3004 RMK AO2 SLP165 T01440033,M
PHX,2025-12-17 16:51,-112.0116,33.4343,337.00,61.00,38.00,42.41,120.00,7.00,0.00,30.06,1016.90,10.00,M,SCT,M,M,M,26000.00,M,M,M,M,M,M,M,M,M,M,61.00,KPHX 171651Z 12007KT 10SM SCT260 16/03 A3006 RMK AO2 SLP169 T01610033,M
PHX,2025-12-17 17:51,-112.0116,33.4343,337.00,65.00,37.00,35.43,150.00,6.00,0.00,30.06,1016.90,10.00,M,FEW,M,M,M,26000.00,M,M,M,M,M,M,M,M,M,M,65.00,KPHX 171751Z 15006KT 10SM FEW260 18/03 A3006 RMK AO2 SLP169 T01830028 10183 20111 51007,M
PHX,2025-12-17 18:51,-112.0116,33.4343,337.00,68.00,37.00,31.93,160.00,4.00,0.00,30.02,1015.80,10.00,M,FEW,M,M,M,27000.00,M,M,M,M,M,M,M,M,M,M,68.00,KPHX 171851Z 16004KT 10SM FEW270 20/03 A3002 RMK AO2 SLP158 T02000028,M
PHX,2025-12-17 19:51,-112.0116,33.4343,337.00,71.00,37.00,28.82,M,3.00,0.00,29.98,1014.00,10.00,M,CLR,M,M,M,M,M,M,M,M,M,M,M,M,M,M,71.00,KPHX 171951Z VRB03KT 10SM CLR 22/03 A2998 RMK AO2 SLP140 T02170028,M
PHX,2025-12-17 20:51,-112.0116,33.4343,337.00,72.00,36.00,26.78,0.00,0.00,0.00,29.95,1013.20,10.00,M,CLR,M,M,M,M,M,M,M,M,M,M,M,M,M,M,72.00,KPHX 172051Z 00000KT 10SM CLR 22/02 A2995 RMK AO2 SLP132 T02220022 56035,M
PHX,2025-12-17 21:51,-112.0116,33.4343,337.00,73.00,36.00,25.90,0.00,0.00,0.00,29.91,1011.70,10.00,M,FEW,M,M,M,25000.00,M,M,M,M,M,M,M,M,M,M,73.00,KPHX 172151Z 00000KT 10SM FEW250 23/02 A2991 RMK AO2 SLP117 T02280022,M
PHX,2025-12-17 22:51,-112.0116,33.4343,337.00,75.00,36.00,24.22,0.00,0.00,0.00,29.89,1011.00,10.00,M,FEW,M,M,M,25000.00,M,M,M,M,M,M,M,M,M,M,75.00,KPHX 172251Z 00000KT 10SM FEW250 24/02 A2989 RMK AO2 SLP110 T02390022,M
PHX,2025-12-17 23:51,-112.0116,33.4343,337.00,75.00,35.00,23.28,150.00,3.00,0.00,29.88,1010.80,10.00,M,SCT,M,M,M,25000.00,M,M,M,M,M,M,M,M,M,M,75.00,KPHX 172351Z 15003KT 10SM SCT250 24/02 A2988 RMK AO2 SLP108 T02390017 10244 20178 56023,M
PHX,2025-12-18 00:51,-112.0116,33.4343,337.00,72.00,36.00,26.78,0.00,0.00,0.00,29.89,1011.20,10.00,M,FEW,M,M,M,25000.00,M,M,M,M,M,M,M,M,M,M,72.00,KPHX 180051Z 00000KT 10SM FEW250 22/02 A2989 RMK AO2 SLP112 T02220022,M
PHX,2025-12-18 01:51,-112.0116,33.4343,337.00,67.00,39.00,35.75,230.00,3.00,0.00,29.90,1011.60,10.00,M,CLR,M,M,M,M,M,M,M,M,M,M,M,M,M,M,67.00,KPHX 180151Z 23003KT 10SM CLR 19/04 A2990 RMK AO2 SLP116 T01940039 $,M
PHX,2025-12-18 02:51,-112.0116,33.4343,337.00,65.00,41.00,41.42,250.00,4.00,0.00,29.90,1011.70,10.00,M,CLR,M,M,M,M,M,M,M,M,M,M,M,M,M,M,65.00,KPHX 180251Z 25004KT 10SM CLR 18/05 A2990 RMK AO2 SLP117 T01830050 51007 $,M
PHX,2025-12-18 03:51,-112.0116,33.4343,337.00,62.00,41.00,46.01,0.00,0.00,0.00,29.91,1011.90,10.00,M,CLR,M,M,M,M,M,M,M,M,M,M,M,M,M,M,62.00,KPHX 180351Z 00000KT 10SM CLR 17/05 A2991 RMK AO2 SLP119 T01670050 $,M
PHX,2025-12-18 04:51,-112.0116,33.4343,337.00,61.00,42.00,49.55,140.00,3.00,0.00,29.91,1012.00,10.00,M,CLR,M,M,M,M,M,M,M,M,M,M,M,M,M,M,61.00,KPHX 180451Z 14003KT 10SM CLR 16/06 A2991 RMK AO2 SLP120 T01610056 $,M
PHX,2025-12-18 05:51,-112.0116,33.4343,337.00,60.00,41.00,49.39,0.00,0.00,0.00,29.93,1012.50,10.00,M,CLR,M,M,M,M,M,M,M,M,M,M,M,M,M,M,60.00,KPHX 180551Z 00000KT 10SM CLR 16/05 A2993 RMK AO2 SLP125 T01560050 10239 20150 53008 $,M
PHX,2025-12-18 06:51,-112.0116,33.4343,337.00,57.00,42.00,57.16,100.00,3.00,0.00,29.94,1012.90,10.00,M,CLR,M,M,M,M,M,M,M,M,M,M,M,M,M,M,57.00,KPHX 180651Z 10003KT 10SM CLR 14/06 A2994 RMK AO2 SLP129 T01390056 402440111 $,M
PHX,2025-12-18 07:51,-112.0116,33.4343,337.00,55.00,41.00,59.13,110.00,4.00,0.00,29.93,1012.70,10.00,M,CLR,M,M,M,M,M,M,M,M,M,M,M,M,M,M,55.00,KPHX 180751Z 11004KT 10SM CLR 13/05 A2993 RMK AO2 SLP127 T01280050 $,M
PHX,2025-12-18 08:51,-112.0116,33.4343,337.00,55.00,40.00,56.87,0.00,0.00,0.00,29.95,1013.10,10.00,M,CLR,M,M,M,M,M,M,M,M,M,M,M,M,M,M,55.00,KPHX 180851Z 00000KT 10SM CLR 13/04 A2995 RMK AO2 SLP131 T01280044 53007 $,M
PHX,2025-12-18 09:51,-112.0116,33.4343,337.00,54.00,39.00,56.73,110.00,5.00,0.00,29.94,1013.00,10.00,M,CLR,M,M,M,M,M,M,M,M,M,M,M,M,M,M,54.00,KPHX 180951Z 11005KT 10SM CLR 12/04 A2994 RMK AO2 SLP130 T01220039 $,M
PHX,2025-12-18 10:51,-112.0116,33.4343,337.00,54.00,39.00,56.73,120.00,4.00,0.00,29.93,1012.60,10.00,M,CLR,M,M,M,M,M,M,M,M,M,M,M,M,M,M,54.00,KPHX 181051Z 12004KT 10SM CLR 12/04 A2993 RMK AO2 SLP126 T01220039 $,M
PHX,2025-12-18 11:51,-112.0116,33.4343,337.00,53.00,39.00,58.85,90.00,6.00,0.00,29.94,1012.80,10.00,M,CLR,M,M,M,M,M,M,M,M,M,M,M,M,M,M,53.00,KPHX 181151Z 09006KT 10SM CLR 12/04 A2994 RMK AO2 SLP128 T01170039 10156 20106 55003 $,M
PHX,2025-12-18 12:51,-112.0116,33.4343,337.00,51.00,39.00,63.35,140.00,3.00,0.00,29.95,1013.20,10.00,M,CLR,M,M,M,M,M,M,M,M,M,M,M,M,M,M,51.00,KPHX 181251Z 14003KT 10SM CLR 11/04 A2995 RMK AO2 SLP132 T01060039 $,M
PHX,2025-12-18 13:51,-112.0116,33.4343,337.00,51.00,38.00,60.92,120.00,5.00,0.00,29.97,1014.10,10.00,M,FEW,FEW,M,M,10000.00,23000.00,M,M,M,M,M,M,M,M,M,51.00,KPHX 181351Z 12005KT 10SM FEW100 FEW230 11/03 A2997 RMK AO2 SLP141 T01060033,M
PHX,2025-12-18 14:51,-112.0116,33.4343,337.00,52.00,38.00,58.71,90.00,5.00,0.00,30.00,1014.90,10.00,M,FEW,FEW,FEW,M,10000.00,23000.00,27000.00,M,M,M,M,M,M,M,M,52.00,KPHX 181451Z 09005KT 10SM FEW100 FEW230 FEW270 11/03 A3000 RMK AO2 SLP149 T01110033 53018,M
PHX,2025-12-18 15:51,-112.0116,33.4343,337.00,56.00,39.00,52.75,0.00,0.00,0.00,30.01,1015.60,10.00,M,FEW,FEW,M,M,23000.00,27000.00,M,M,M,M,M,M,M,M,M,56.00,KPHX 181551Z 00000KT 10SM FEW230 FEW270 13/04 A3001 RMK AO2 SLP156 T01330039,M
PHX,2025-12-18 16:51,-112.0116,33.4343,337.00,60.00,37.00,42.24,120.00,3.00,0.00,30.03,1016.00,10.00,M,FEW,FEW,M,M,23000.00,27000.00,M,M,M,M,M,M,M,M,M,60.00,KPHX 181651Z 12003KT 10SM FEW230 FEW270 16/03 A3003 RMK AO2 SLP160 T01560028,M
PHX,2025-12-18 17:51,-112.0116,33.4343,337.00,65.00,37.00,35.43,110.00,5.00,0.00,30.03,1016.10,10.00,M,FEW,SCT,M,M,23000.00,27000.00,M,M,M,M,M,M,M,M,M,65.00,KPHX 181751Z 11005KT 10SM FEW230 SCT270 18/03 A3003 RMK AO2 SLP161 T01830028 10183 20100 51012,M
PHX,2025-12-18 18:51,-112.0116,33.4343,337.00,68.00,38.00,33.22,90.00,3.00,0.00,30.01,1015.30,10.00,M,FEW,SCT,M,M,23000.00,27000.00,M,M,M,M,M,M,M,M,M,68.00,KPHX 181851Z 09003KT 10SM FEW230 SCT270 20/03 A3001 RMK AO2 SLP153 T02000033,M
PHX,2025-12-18 19:51,-112.0116,33.4343,337.00,70.00,36.00,28.67,M,4.00,0.00,29.97,1014.00,10.00,M,FEW,BKN,M,M,23000.00,27000.00,M,M,M,M,M,M,M,M,M,70.00,KPHX 181951Z VRB04KT 10SM FEW230 BKN270 21/02 A2997 RMK AO2 SLP140 T02110022,M
PHX,2025-12-18 20:51,-112.0116,33.4343,337.00,73.00,35.00,24.89,0.00,0.00,0.00,29.96,1013.30,10.00,M,SCT,BKN,M,M,25000.00,29000.00,M,M,M,M,M,M,M,M,M,73.00,KPHX 182051Z 00000KT 10SM SCT250 BKN290 23/02 A2996 RMK AO2 SLP133 T02280017 56025,M
PHX,2025-12-18 21:51,-112.0116,33.4343,337.00,73.00,35.00,24.89,280.00,3.00,0.00,29.94,1013.00,10.00,M,SCT,BKN,M,M,25000.00,29000.00,M,M,M,M,M,M,M,M,M,73.00,KPHX 182151Z 28003KT 10SM SCT250 BKN290 23/02 A2994 RMK AO2 SLP130 T02280017,M
PHX,2025-12-18 22:51,-112.0116,33.4343,337.00,76.00,35.00,22.51,M,4.00,0.00,29.96,1013.40,10.00,M,SCT,SCT,M,M,25000.00,29000.00,M,M,M,M,M,M,M,M,M,76.00,KPHX 182251Z VRB04KT 10SM SCT250 SCT290 24/02 A2996 RMK AO2 SLP134 T02440017,M
PHX,2025-12-18 23:51,-112.0116,33.4343,337.00,75.00,36.00,24.22,230.00,3.00,0.00,29.96,1013.50,10.00,M,SCT,M,M,M,25000.00,M,M,M,M,M,M,M,M,M,M,75.00,KPHX 182351Z 23003KT 10SM SCT250 24/02 A2996 RMK AO2 SLP135 T02390022 10244 20178 53001,M
PHX,2025-12-19 00:51,-112.0116,33.4343,337.00,70.00,38.00,31.02,170.00,4.00,0.00,29.97,1014.00,10.00,M,SCT,M,M,M,25000.00,M,M,M,M,M,M,M,M,M,M,70.00,KPHX 190051Z 17004KT 10SM SCT250 21/03 A2997 RMK AO2 SLP140 T02110033,M
PHX,2025-12-19 01:51,-112.0116,33.4343,337.00,68.00,40.00,35.92,140.00,4.00,0.00,29.98,1014.50,10.00,M,FEW,M,M,M,25000.00,M,M,M,M,M,M,M,M,M,M,68.00,KPHX 190151Z 14004KT 10SM FEW250 20/04 A2998 RMK AO2 SLP145 T02000044,M
PHX,2025-12-19 02:51,-112.0116,33.4343,337.00,66.00,40.00,38.48,110.00,3.00,0.00,29.99,1014.90,10.00,M,FEW,M,M,M,25000.00,M,M,M,M,M,M,M,M,M,M,66.00,KPHX 190251Z 11003KT 10SM FEW250 19/04 A2999 RMK AO2 SLP149 T01890044 51012,M
PHX,2025-12-19 03:51,-112.0116,33.4343,337.00,63.00,41.00,44.42,100.00,7.00,0.00,30.00,1015.20,10.00,M,BKN,M,M,M,25000.00,M,M,M,M,M,M,M,M,M,M,63.00,KPHX 190351Z 10007KT 10SM BKN250 17/05 A3000 RMK AO2 SLP152 T01720050,M
PHX,2025-12-19 04:51,-112.0116,33.4343,337.00,62.00,41.00,46.01,90.00,6.00,0.00,30.02,1015.60,10.00,M,BKN,M,M,M,25000.00,M,M,M,M,M,M,M,M,M,M,62.00,KPHX 190451Z 09006KT 10SM BKN250 17/05 A3002 RMK AO2 SLP156 T01670050,M
PHX,2025-12-19 05:51,-112.0116,33.4343,337.00,60.00,42.00,51.34,0.00,0.00,0.00,30.02,1015.80,10.00,M,BKN,M,M,M,25000.00,M,M,M,M,M,M,M,M,M,M,60.00,KPHX 190551Z 00000KT 10SM BKN250 16/06 A3002 RMK AO2 SLP158 T01560056 10239 20156 51009,M
PHX,2025-12-19 06:51,-112.0116,33.4343,337.00,58.00,42.00,55.14,110.00,5.00,0.00,30.02,1015.80,10.00,M,SCT,M,M,M,25000.00,M,M,M,M,M,M,M,M,M,M,58.00,KPHX 190651Z 11005KT 10SM SCT250 14/06 A3002 RMK AO2 SLP158 T01440056 402440100,M
PHX,2025-12-19 07:51,-112.0116,33.4343,337.00,57.00,42.00,57.16,100.00,6.00,0.00,30.02,1015.60,10.00,M,SCT,M,M,M,25000.00,M,M,M,M,M,M,M,M,M,M,57.00,KPHX 190751Z COR 10006KT 10SM SCT250 14/06 A3002 RMK AO2 SLP156 T01390056,M
PHX,2025-12-19 08:51,-112.0116,33.4343,337.00,57.00,42.00,57.16,120.00,7.00,0.00,30.02,1015.60,10.00,M,BKN,M,M,M,25000.00,M,M,M,M,M,M,M,M,M,M,57.00,KPHX 190851Z 12007KT 10SM BKN250 14/06 A3002 RMK AO2 SLP156 T01390056 58001,M
PHX,2025-12-19 09:51,-112.0116,33.4343,337.00,56.00,42.00,59.26,100.00,5.00,0.00,30.02,1015.60,10.00,M,BKN,M,M,M,25000.00,M,M,M,M,M,M,M,M,M,M,56.00,KPHX 190951Z 10005KT 10SM BKN250 13/06 A3002 RMK AO2 SLP156 T01330056,M
PHX,2025-12-19 10:51,-112.0116,33.4343,337.00,55.00,41.00,59.13,100.00,10.00,0.00,30.01,1015.10,10.00,M,FEW,M,M,M,25000.00,M,M,M,M,M,M,M,M,M,M,55.00,KPHX 191051Z 10010KT 10SM FEW250 13/05 A3001 RMK AO2 SLP151 T01280050,M
PHX,2025-12-19 11:51,-112.0116,33.4343,337.00,56.00,40.00,54.85,100.00,7.00,0.00,30.01,1015.00,10.00,M,FEW,M,M,M,25000.00,M,M,M,M,M,M,M,M,M,M,56.00,KPHX 191151Z 10007KT 10SM FEW250 13/04 A3001 RMK AO2 SLP150 T01330044 10156 20128 58005,M
PHX,2025-12-19 12:51,-112.0116,33.4343,337.00,54.00,40.00,58.99,90.00,7.00,0.00,30.01,1015.40,10.00,M,FEW,M,M,M,25000.00,M,M,M,M,M,M,M,M,M,M,54.00,KPHX 191251Z 09007KT 10SM FEW250 12/04 A3001 RMK AO2 SLP154 T01220044,M
PHX,2025-12-19 13:51,-112.0116,33.4343,337.00,55.00,40.00,56.87,90.00,7.00,0.00,30.02,1015.70,10.00,M,FEW,M,M,M,25000.00,M,M,M,M,M,M,M,M,M,M,55.00,KPHX 191351Z 09007KT 10SM FEW250 13/04 A3002 RMK AO2 SLP157 T01280044,M
PHX,2025-12-19 14:51,-112.0116,33.4343,337.00,55.00,39.00,54.70,140.00,3.00,0.00,30.04,1016.20,10.00,M,FEW,M,M,M,25000.00,M,M,M,M,M,M,M,M,M,M,55.00,KPHX 191451Z 14003KT 10SM FEW250 13/04 A3004 RMK AO2 SLP162 T01280039 53010,M
PHX,2025-12-19 15:51,-112.0116,33.4343,337.00,59.00,39.00,47.35,110.00,6.00,0.00,30.05,1016.70,10.00,M,FEW,M,M,M,25000.00,M,M,M,M,M,M,M,M,M,M,59.00,KPHX 191551Z 11006KT 10SM FEW250 15/04 A3005 RMK AO2 SLP167 T01500039,M
PHX,2025-12-19 16:51,-112.0116,33.4343,337.00,64.00,39.00,39.68,100.00,4.00,0.00,30.07,1017.20,10.00,M,FEW,M,M,M,25000.00,M,M,M,M,M,M,M,M,M,M,64.00,KPHX 191651Z COR 10004KT 10SM FEW250 18/04 A3007 RMK AO2 SLP172 T01780039,M
PHX,2025-12-19 17:51,-112.0116,33.4343,337.00,67.00,39.00,35.75,140.00,4.00,0.00,30.06,1017.00,10.00,M,FEW,M,M,M,25000.00,M,M,M,M,M,M,M,M,M,M,67.00,KPHX 191751Z 14004KT 10SM FEW250 19/04 A3006 RMK AO2 SLP170 T01940039 10194 20117 50008,M
PHX,2025-12-19 18:51,-112.0116,33.4343,337.00,70.00,38.00,31.02,130.00,5.00,0.00,30.04,1016.10,10.00,M,FEW,M,M,M,25000.00,M,M,M,M,M,M,M,M,M,M,70.00,KPHX 191851Z 13005KT 10SM FEW250 21/03 A3004 RMK AO2 SLP161 T02110033,M
PHX,2025-12-19 19:51,-112.0116,33.4343,337.00,72.00,37.00,27.86,130.00,5.00,0.00,30.00,1015.00,10.00,M,FEW,M,M,M,25000.00,M,M,M,M,M,M,M,M,M,M,72.00,KPHX 191951Z 13005KT 10SM FEW250 22/03 A3000 RMK AO2 SLP150 T02220028,M
PHX,2025-12-19 20:51,-112.0116,33.4343,337.00,75.00,36.00,24.22,110.00,3.00,0.00,29.98,1014.00,10.00,M,FEW,SCT,M,M,21000.00,23000.00,M,M,M,M,M,M,M,M,M,75.00,KPHX 192051Z 11003KT 10SM FEW210 SCT230 24/02 A2998 RMK AO2 SLP140 T02390022 58027,M
PHX,2025-12-19 21:51,-112.0116,33.4343,337.00,76.00,35.00,22.51,0.00,0.00,0.00,29.96,1013.30,10.00,M,FEW,SCT,M,M,21000.00,23000.00,M,M,M,M,M,M,M,M,M,76.00,KPHX 192151Z 00000KT 10SM FEW210 SCT230 24/02 A2996 RMK AO2 SLP133 T02440017,M
PHX,2025-12-19 22:51,-112.0116,33.4343,337.00,78.00,35.00,21.07,0.00,0.00,0.00,29.96,1013.30,10.00,M,SCT,BKN,M,M,21000.00,25000.00,M,M,M,M,M,M,M,M,M,78.00,KPHX 192251Z 00000KT 10SM SCT210 BKN250 26/02 A2996 RMK AO2 SLP133 T02560017,M
PHX,2025-12-19 23:51,-112.0116,33.4343,337.00,77.00,36.00,22.66,0.00,0.00,0.00,29.95,1012.90,10.00,M,SCT,BKN,M,M,21000.00,25000.00,M,M,M,M,M,M,M,M,M,77.00,KPHX 192351Z 00000KT 10SM SCT210 BKN250 25/02 A2995 RMK AO2 SLP129 T02500022 10256 20194 56010,M
PHX,2025-12-20 00:51,-112.0116,33.4343,337.00,74.00,36.00,25.04,0.00,0.00,0.00,29.94,1012.90,10.00,M,SCT,BKN,M,M,21000.00,25000.00,M,M,M,M,M,M,M,M,M,74.00,KPHX 200051Z 00000KT 10SM SCT210 BKN250 23/02 A2994 RMK AO2 SLP129 T02330022,M
PHX,2025-12-20 01:51,-112.0116,33.4343,337.00,70.00,39.00,32.26,0.00,0.00,0.00,29.96,1013.60,10.00,M,SCT,BKN,M,M,21000.00,25000.00,M,M,M,M,M,M,M,M,M,70.00,KPHX 200151Z 00000KT 10SM SCT210 BKN250 21/04 A2996 RMK AO2 SLP136 T02110039,M
PHX,2025-12-20 02:51,-112.0116,33.4343,337.00,67.00,41.00,38.65,0.00,0.00,0.00,29.95,1013.10,10.00,M,SCT,BKN,M,M,21000.00,25000.00,M,M,M,M,M,M,M,M,M,67.00,KPHX 200251Z 00000KT 10SM SCT210 BKN250 19/05 A2995 RMK AO2 SLP131 T01940050 50000,M
PHX,2025-12-20 03:51,-112.0116,33.4343,337.00,65.00,41.00,41.42,80.00,5.00,0.00,29.96,1013.60,10.00,M,SCT,BKN,M,M,21000.00,25000.00,M,M,M,M,M,M,M,M,M,65.00,KPHX 200351Z 08005KT 10SM SCT210 BKN250 18/05 A2996 RMK AO2 SLP136 T01830050,M
PHX,2025-12-20 04:51,-112.0116,33.4343,337.00,62.00,43.00,49.70,100.00,4.00,0.00,29.98,1014.20,10.00,M,SCT,BKN,M,M,21000.00,25000.00,M,M,M,M,M,M,M,M,M,62.00,KPHX 200451Z 10004KT 10SM SCT210 BKN250 17/06 A2998 RMK AO2 SLP142 T01670061,M
PHX,2025-12-20 05:51,-112.0116,33.4343,337.00,62.00,42.00,47.82,140.00,3.00,0.00,29.99,1014.40,10.00,M,FEW,BKN,M,M,21000.00,25000.00,M,M,M,M,M,M,M,M,M,62.00,KPHX 200551Z 14003KT 10SM FEW210 BKN250 17/06 A2999 RMK AO2 SLP144 T01670056 10250 20161 51013,M
PHX,2025-12-20 06:51,-112.0116,33.4343,337.00,59.00,41.00,51.18,100.00,4.00,0.00,29.99,1014.50,10.00,M,FEW,BKN,M,M,21000.00,25000.00,M,M,M,M,M,M,M,M,M,59.00,KPHX 200651Z 10004KT 10SM FEW210 BKN250 15/05 A2999 RMK AO2 SLP145 T01500050 402560117,M
PHX,2025-12-20 07:51,-112.0116,33.4343,337.00,58.00,40.00,51.03,100.00,7.00,0.00,29.99,1014.40,10.00,M,FEW,M,M,M,25000.00,M,M,M,M,M,M,M,M,M,M,58.00,KPHX 200751Z 10007KT 10SM FEW250 14/04 A2999 RMK AO2 SLP144 T01440044,M
PHX,2025-12-20 08:51,-112.0116,33.4343,337.00,58.00,40.00,51.03,110.00,6.00,0.00,29.99,1014.60,10.00,M,FEW,M,M,M,25000.00,M,M,M,M,M,M,M,M,M,M,58.00,KPHX 200851Z 11006KT 10SM FEW250 14/04 A2999 RMK AO2 SLP146 T01440044 53003,M
PHX,2025-12-20 09:51,-112.0116,33.4343,337.00,57.00,41.00,54.99,130.00,4.00,0.00,30.00,1014.80,10.00,M,FEW,M,M,M,25000.00,M,M,M,M,M,M,M,M,M,M,57.00,KPHX 200951Z 13004KT 10SM FEW250 14/05 A3000 RMK AO2 SLP148 T01390050,M
PHX,2025-12-20 10:51,-112.0116,33.4343,337.00,56.00,41.00,57.02,120.00,5.00,0.00,30.00,1014.70,10.00,M,CLR,M,M,M,M,M,M,M,M,M,M,M,M,M,M,56.00,KPHX 201051Z 12005KT 10SM CLR 13/05 A3000 RMK AO2 SLP147 T01330050,M
PHX,2025-12-20 11:51,-112.0116,33.4343,337.00,55.00,39.00,54.70,110.00,7.00,0.00,29.99,1014.50,10.00,M,FEW,M,M,M,25000.00,M,M,M,M,M,M,M,M,M,M,55.00,KPHX 201151Z 11007KT 10SM FEW250 13/04 A2999 RMK AO2 SLP145 T01280039 10167 20128 58001,M
PHX,2025-12-20 12:51,-112.0116,33.4343,337.00,54.00,38.00,54.55,110.00,7.00,0.00,30.00,1014.80,10.00,M,FEW,M,M,M,25000.00,M,M,M,M,M,M,M,M,M,M,54.00,KPHX 201251Z 11007KT 10SM FEW250 12/03 A3000 RMK AO2 SLP148 T01220033,M
PHX,2025-12-20 13:51,-112.0116,33.4343,337.00,52.00,39.00,61.05,100.00,6.00,0.00,30.02,1015.50,10.00,M,FEW,SCT,M,M,18000.00,25000.00,M,M,M,M,M,M,M,M,M,52.00,KPHX 201351Z COR 10006KT 10SM FEW180 SCT250 11/04 A3002 RMK AO2 SLP155 T01110039,M
PHX,2025-12-20 14:51,-112.0116,33.4343,337.00,52.00,38.00,58.71,130.00,4.00,0.00,30.03,1016.30,10.00,M,FEW,SCT,M,M,20000.00,25000.00,M,M,M,M,M,M,M,M,M,52.00,KPHX 201451Z 13004KT 10SM FEW200 SCT250 11/03 A3003 RMK AO2 SLP163 T01110033 53014,M
PHX,2025-12-20 15:51,-112.0116,33.4343,337.00,58.00,38.00,47.19,100.00,3.00,0.00,30.05,1016.70,10.00,M,BKN,M,M,M,25000.00,M,M,M,M,M,M,M,M,M,M,58.00,KPHX 201551Z 10003KT 10SM BKN250 14/03 A3005 RMK AO2 SLP167 T01440033,M
PHX,2025-12-20 16:51,-112.0116,33.4343,337.00,62.00,38.00,40.93,110.00,5.00,0.00,30.06,1017.00,10.00,M,BKN,M,M,M,25000.00,M,M,M,M,M,M,M,M,M,M,62.00,KPHX 201651Z 11005KT 10SM BKN250 17/03 A3006 RMK AO2 SLP170 T01670033,M
PHX,2025-12-20 17:51,-112.0116,33.4343,337.00,69.00,38.00,32.10,140.00,6.00,0.00,30.05,1016.60,10.00,M,BKN,M,M,M,25000.00,M,M,M,M,M,M,M,M,M,M,69.00,KPHX 201751Z 14006KT 10SM BKN250 21/03 A3005 RMK AO2 SLP166 T02060033 10206 20106 50006,M
PHX,2025-12-20 18:51,-112.0116,33.4343,337.00,70.00,36.00,28.67,110.00,3.00,0.00,30.04,1016.10,10.00,M,SCT,M,M,M,25000.00,M,M,M,M,M,M,M,M,M,M,70.00,KPHX 201851Z 11003KT 10SM SCT250 21/02 A3004 RMK AO2 SLP161 T02110022,M
PHX,2025-12-20 19:51,-112.0116,33.4343,337.00,74.00,36.00,25.04,150.00,3.00,0.00,30.01,1015.10,10.00,M,BKN,M,M,M,25000.00,M,M,M,M,M,M,M,M,M,M,74.00,KPHX 201951Z 15003KT 10SM BKN250 23/02 A3001 RMK AO2 SLP151 T02330022,M
PHX,2025-12-20 20:51,-112.0116,33.4343,337.00,76.00,35.00,22.51,180.00,3.00,0.00,29.99,1014.40,10.00,M,BKN,M,M,M,25000.00,M,M,M,M,M,M,M,M,M,M,76.00,KPHX 202051Z 18003KT 10SM BKN250 24/02 A2999 RMK AO2 SLP144 T02440017 58021,M
PHX,2025-12-20 21:51,-112.0116,33.4343,337.00,75.00,34.00,22.37,0.00,0.00,0.00,29.98,1014.20,10.00,M,FEW,BKN,M,M,20000.00,25000.00,M,M,M,M,M,M,M,M,M,75.00,KPHX 202151Z 00000KT 10SM FEW200 BKN250 24/01 A2998 RMK AO2 SLP142 T02390011,M
PHX,2025-12-20 22:51,-112.0116,33.4343,337.00,75.00,33.00,21.49,50.00,3.00,0.00,29.98,1014.10,10.00,M,FEW,BKN,M,M,20000.00,25000.00,M,M,M,M,M,M,M,M,M,75.00,KPHX 202251Z 05003KT 10SM FEW200 BKN250 24/01 A2998 RMK AO2 SLP141 T02390006,M
PHX,2025-12-20 23:51,-112.0116,33.4343,337.00,75.00,34.00,22.37,0.00,0.00,0.00,29.98,1014.20,10.00,M,FEW,BKN,M,M,20000.00,25000.00,M,M,M,M,M,M,M,M,M,75.00,KPHX 202351Z 00000KT 10SM FEW200 BKN250 24/01 A2998 RMK AO2 SLP142 T02390011 10244 20206 55003,M
PHX,2025-12-21 00:51,-112.0116,33.4343,337.00,70.00,37.00,29.82,110.00,3.00,0.00,29.98,1014.30,10.00,M,FEW,BKN,M,M,20000.00,25000.00,M,M,M,M,M,M,M,M,M,70.00,KPHX 210051Z 11003KT 10SM FEW200 BKN250 21/03 A2998 RMK AO2 SLP143 T02110028,M
PHX,2025-12-21 01:51,-112.0116,33.4343,337.00,67.00,40.00,37.17,80.00,3.00,0.00,30.00,1015.10,10.00,M,BKN,M,M,M,25000.00,M,M,M,M,M,M,M,M,M,M,67.00,KPHX 210151Z 08003KT 10SM BKN250 19/04 A3000 RMK AO2 SLP151 T01940044,M
PHX,2025-12-21 02:51,-112.0116,33.4343,337.00,65.00,39.00,38.32,0.00,0.00,0.00,30.01,1015.50,10.00,M,BKN,M,M,M,25000.00,M,M,M,M,M,M,M,M,M,M,65.00,KPHX 210251Z 00000KT 10SM BKN250 18/04 A3001 RMK AO2 SLP155 T01830039 53010,M
PHX,2025-12-21 03:51,-112.0116,33.4343,337.00,62.00,41.00,46.01,140.00,3.00,0.00,30.03,1016.00,10.00,M,BKN,M,M,M,25000.00,M,M,M,M,M,M,M,M,M,M,62.00,KPHX 210351Z 14003KT 10SM BKN250 17/05 A3003 RMK AO2 SLP160 T01670050,M
PHX,2025-12-21 04:51,-112.0116,33.4343,337.00,61.00,41.00,47.67,130.00,4.00,0.00,30.04,1016.30,10.00,M,SCT,M,M,M,25000.00,M,M,M,M,M,M,M,M,M,M,61.00,KPHX 210451Z 13004KT 10SM SCT250 16/05 A3004 RMK AO2 SLP163 T01610050,M
PHX,2025-12-21 05:51,-112.0116,33.4343,337.00,59.00,40.00,49.24,100.00,3.00,0.00,30.05,1016.70,10.00,M,FEW,M,M,M,25000.00,M,M,M,M,M,M,M,M,M,M,59.00,KPHX 210551Z 10003KT 10SM FEW250 15/04 A3005 RMK AO2 SLP167 T01500044 10239 20144 53013,M
PHX,2025-12-21 06:51,-112.0116,33.4343,337.00,58.00,40.00,51.03,0.00,0.00,0.00,30.05,1016.70,10.00,M,CLR,M,M,M,M,M,M,M,M,M,M,M,M,M,M,58.00,KPHX 210651Z 00000KT 10SM CLR 14/04 A3005 RMK AO2 SLP167 T01440044 402440106,M
PHX,2025-12-21 07:51,-112.0116,33.4343,337.00,56.00,41.00,57.02,110.00,3.00,0.00,30.05,1016.50,10.00,M,CLR,M,M,M,M,M,M,M,M,M,M,M,M,M,M,56.00,KPHX 210751Z 11003KT 10SM CLR 13/05 A3005 RMK AO2 SLP165 T01330050,M
PHX,2025-12-21 08:51,-112.0116,33.4343,337.00,56.00,40.00,54.85,110.00,5.00,0.00,30.05,1016.50,10.00,M,CLR,M,M,M,M,M,M,M,M,M,M,M,M,M,M,56.00,KPHX 210851Z 11005KT 10SM CLR 13/04 A3005 RMK AO2 SLP165 T01330044 57002,M
PHX,2025-12-21 09:51,-112.0116,33.4343,337.00,55.00,40.00,56.87,110.00,4.00,0.00,30.05,1016.70,10.00,M,CLR,M,M,M,M,M,M,M,M,M,M,M,M,M,M,55.00,KPHX 210951Z 11004KT 10SM CLR 13/04 A3005 RMK AO2 SLP167 T01280044,M
PHX,2025-12-21 10:51,-112.0116,33.4343,337.00,55.00,39.00,54.70,100.00,4.00,0.00,30.06,1016.90,10.00,M,CLR,M,M,M,M,M,M,M,M,M,M,M,M,M,M,55.00,KPHX 211051Z 10004KT 10SM CLR 13/04 A3006 RMK AO2 SLP169 T01280039 $,M
PHX,2025-12-21 11:51,-112.0116,33.4343,337.00,54.00,38.00,54.55,110.00,5.00,0.00,30.06,1016.90,10.00,M,CLR,M,M,M,M,M,M,M,M,M,M,M,M,M,M,54.00,KPHX 211151Z 11005KT 10SM CLR 12/03 A3006 RMK AO2 SLP169 T01220033 10150 20117 51004 $,M
PHX,2025-12-21 12:51,-112.0116,33.4343,337.00,52.00,38.00,58.71,150.00,4.00,0.00,30.06,1017.20,10.00,M,CLR,M,M,M,M,M,M,M,M,M,M,M,M,M,M,52.00,KPHX 211251Z 15004KT 10SM CLR 11/03 A3006 RMK AO2 SLP172 T01110033 $,M
PHX,2025-12-21 13:51,-112.0116,33.4343,337.00,56.00,37.00,48.77,120.00,6.00,0.00,30.08,1017.80,10.00,M,FEW,M,M,M,25000.00,M,M,M,M,M,M,M,M,M,M,56.00,KPHX 211351Z 12006KT 10SM FEW250 13/03 A3008 RMK AO2 SLP178 T01330028 $,M
PHX,2025-12-21 14:51,-112.0116,33.4343,337.00,56.00,37.00,48.77,110.00,7.00,0.00,30.10,1018.30,10.00,M,FEW,M,M,M,25000.00,M,M,M,M,M,M,M,M,M,M,56.00,KPHX 211451Z 11007KT 10SM FEW250 13/03 A3010 RMK AO2 SLP183 T01330028 53012 $,M
PHX,2025-12-21 15:51,-112.0116,33.4343,337.00,60.00,36.00,40.61,130.00,5.00,0.00,30.12,1018.90,10.00,M,FEW,M,M,M,25000.00,M,M,M,M,M,M,M,M,M,M,60.00,KPHX 211551Z 13005KT 10SM FEW250 16/02 A3012 RMK AO2 SLP189 T01560022 $,M
PHX,2025-12-21 16:51,-112.0116,33.4343,337.00,65.00,37.00,35.43,110.00,4.00,0.00,30.13,1019.30,10.00,M,FEW,M,M,M,25000.00,M,M,M,M,M,M,M,M,M,M,65.00,KPHX 211651Z 11004KT 10SM FEW250 18/03 A3013 RMK AO2 SLP193 T01830028 $,M
PHX,2025-12-21 17:51,-112.0116,33.4343,337.00,68.00,38.00,33.22,100.00,4.00,0.00,30.13,1019.20,10.00,M,FEW,M,M,M,25000.00,M,M,M,M,M,M,M,M,M,M,68.00,KPHX 211751Z 10004KT 10SM FEW250 20/03 A3013 RMK AO2 SLP192 T02000033 10200 20111 51010 $,M
PHX,2025-12-21 18:51,-112.0116,33.4343,337.00,72.00,37.00,27.86,100.00,5.00,0.00,30.10,1018.20,10.00,M,FEW,M,M,M,25000.00,M,M,M,M,M,M,M,M,M,M,72.00,KPHX 211851Z 10005KT 10SM FEW250 22/03 A3010 RMK AO2 SLP182 T02220028 $,M
PHX,2025-12-21 19:51,-112.0116,33.4343,337.00,76.00,37.00,24.37,100.00,6.00,0.00,30.07,1017.00,10.00,M,FEW,M,M,M,25000.00,M,M,M,M,M,M,M,M,M,M,76.00,KPHX 211951Z 10006KT 10SM FEW250 24/03 A3007 RMK AO2 SLP170 T02440028 $,M
PHX,2025-12-21 20:51,-112.0116,33.4343,337.00,80.00,36.00,20.54,130.00,5.00,0.00,30.04,1016.10,10.00,M,FEW,M,M,M,25000.00,M,M,M,M,M,M,M,M,M,M,78.67,KPHX 212051Z 13005KT 10SM FEW250 27/02 A3004 RMK AO2 SLP161 T02670022 58029 $,M
PHX,2025-12-21 21:51,-112.0116,33.4343,337.00,79.00,35.00,20.39,140.00,5.00,0.00,30.03,1015.70,10.00,M,FEW,M,M,M,25000.00,M,M,M,M,M,M,M,M,M,M,79.00,KPHX 212151Z 14005KT 10SM FEW250 26/02 A3003 RMK AO2 SLP157 T02610017 $,M
PHX,2025-12-21 22:51,-112.0116,33.4343,337.00,79.00,36.00,21.22,0.00,0.00,0.00,30.02,1015.50,10.00,M,FEW,FEW,M,M,20000.00,25000.00,M,M,M,M,M,M,M,M,M,79.00,KPHX 212251Z 00000KT 10SM FEW200 FEW250 26/02 A3002 RMK AO2 SLP155 T02610022 $,M
PHX,2025-12-21 23:51,-112.0116,33.4343,337.00,79.00,37.00,22.07,0.00,0.00,0.00,30.02,1015.50,10.00,M,FEW,FEW,M,M,3000.00,25000.00,M,M,M,M,M,M,M,M,M,79.00,KPHX 212351Z 00000KT 10SM FEW030 FEW250 26/03 A3002 RMK AO2 SLP155 FU FEW030 SW-W T02610028 10272 20200 56005 $,M
PHX,2025-12-22 00:51,-112.0116,33.4343,337.00,73.00,38.00,28.02,0.00,0.00,0.00,30.03,1015.80,10.00,M,SCT,M,M,M,25000.00,M,M,M,M,M,M,M,M,M,M,73.00,KPHX 220051Z 00000KT 10SM SCT250 23/03 A3003 RMK AO2 SLP158 T02280033 $,M
PHX,2025-12-22 01:51,-112.0116,33.4343,337.00,71.00,39.00,31.18,0.00,0.00,0.00,30.04,1016.10,10.00,M,SCT,M,M,M,25000.00,M,M,M,M,M,M,M,M,M,M,71.00,KPHX 220151Z 00000KT 10SM SCT250 22/04 A3004 RMK AO2 SLP161 T02170039 $,M
PHX,2025-12-22 02:51,-112.0116,33.4343,337.00,68.00,39.00,34.54,0.00,0.00,0.00,30.04,1016.40,10.00,M,SCT,M,M,M,25000.00,M,M,M,M,M,M,M,M,M,M,68.00,KPHX 220251Z 00000KT 10SM SCT250 20/04 A3004 RMK AO2 SLP164 T02000039 53007 $,M
PHX,2025-12-22 03:51,-112.0116,33.4343,337.00,64.00,40.00,41.26,0.00,0.00,0.00,30.05,1016.60,10.00,M,FEW,M,M,M,25000.00,M,M,M,M,M,M,M,M,M,M,64.00,KPHX 220351Z 00000KT 10SM FEW250 18/04 A3005 RMK AO2 SLP166 T01780044 $,M
PHX,2025-12-22 04:51,-112.0116,33.4343,337.00,64.00,42.00,44.58,110.00,4.00,0.00,30.05,1016.70,10.00,M,CLR,M,M,M,M,M,M,M,M,M,M,M,M,M,M,64.00,KPHX 220451Z 11004KT 10SM CLR 18/06 A3005 RMK AO2 SLP167 T01780056 $,M
PHX,2025-12-22 05:51,-112.0116,33.4343,337.00,62.00,42.00,47.82,0.00,0.00,0.00,30.06,1016.80,10.00,M,CLR,M,M,M,M,M,M,M,M,M,M,M,M,M,M,62.00,KPHX 220551Z 00000KT 10SM CLR 17/06 A3006 RMK AO2 SLP168 T01670056 10261 20167 51004 $,M
PHX,2025-12-22 06:51,-112.0116,33.4343,337.00,60.00,43.00,53.35,0.00,0.00,0.00,30.06,1016.80,10.00,M,CLR,M,M,M,M,M,M,M,M,M,M,M,M,M,M,60.00,KPHX 220651Z 00000KT 10SM CLR 16/06 A3006 RMK AO2 SLP168 T01560061 402720111 $,M
PHX,2025-12-22 07:51,-112.0116,33.4343,337.00,58.00,41.00,53.05,110.00,3.00,0.00,30.05,1016.70,10.00,M,CLR,M,M,M,M,M,M,M,M,M,M,M,M,M,M,58.00,KPHX 220751Z 11003KT 10SM CLR 14/05 A3005 RMK AO2 SLP167 T01440050 $,M
PHX,2025-12-22 08:51,-112.0116,33.4343,337.00,57.00,41.00,54.99,110.00,4.00,0.00,30.05,1016.50,10.00,M,CLR,M,M,M,M,M,M,M,M,M,M,M,M,M,M,57.00,KPHX 220851Z 11004KT 10SM CLR 14/05 A3005 RMK AO2 SLP165 T01390050 58000 $,M
PHX,2025-12-22 09:51,-112.0116,33.4343,337.00,57.00,40.00,52.90,120.00,3.00,0.00,30.05,1016.60,10.00,M,CLR,M,M,M,M,M,M,M,M,M,M,M,M,M,M,57.00,KPHX 220951Z 12003KT 10SM CLR 14/04 A3005 RMK AO2 SLP166 T01390044 $,M
PHX,2025-12-22 10:51,-112.0116,33.4343,337.00,59.00,38.00,45.53,110.00,6.00,0.00,30.05,1016.30,10.00,M,FEW,M,M,M,25000.00,M,M,M,M,M,M,M,M,M,M,59.00,KPHX 221051Z 11006KT 10SM FEW250 15/03 A3005 RMK AO2 SLP163 T01500033 $,M
PHX,2025-12-22 11:51,-112.0116,33.4343,337.00,57.00,38.00,48.92,70.00,4.00,0.00,30.05,1016.60,10.00,M,FEW,M,M,M,25000.00,M,M,M,M,M,M,M,M,M,M,57.00,KPHX 221151Z 07004KT 10SM FEW250 14/03 A3005 RMK AO2 SLP166 T01390033 10167 20133 55000 $,M
PHX,2025-12-22 12:51,-112.0116,33.4343,337.00,56.00,38.00,50.72,80.00,7.00,0.00,30.05,1016.50,10.00,M,FEW,M,M,M,25000.00,M,M,M,M,M,M,M,M,M,M,56.00,KPHX 221251Z 08007KT 10SM FEW250 13/03 A3005 RMK AO2 SLP165 T01330033 $,M
PHX,2025-12-22 13:51,-112.0116,33.4343,337.00,55.00,38.00,52.60,90.00,6.00,0.00,30.07,1017.20,10.00,M,FEW,M,M,M,25000.00,M,M,M,M,M,M,M,M,M,M,55.00,KPHX 221351Z 09006KT 10SM FEW250 13/03 A3007 RMK AO2 SLP172 T01280033 $,M
PHX,2025-12-22 14:51,-112.0116,33.4343,337.00,59.00,37.00,43.78,M,3.00,0.00,30.08,1017.40,10.00,M,BKN,M,M,M,27000.00,M,M,M,M,M,M,M,M,M,M,59.00,KPHX 221451Z VRB03KT 10SM BKN270 15/03 A3008 RMK AO2 SLP174 T01500028 53007 $,M
PHX,2025-12-22 15:51,-112.0116,33.4343,337.00,58.00,39.00,49.08,100.00,4.00,0.00,30.09,1017.90,10.00,M,FEW,BKN,M,M,23000.00,27000.00,M,M,M,M,M,M,M,M,M,58.00,KPHX 221551Z 10004KT 10SM FEW230 BKN270 14/04 A3009 RMK AO2 SLP179 T01440039,M
PHX,2025-12-22 16:51,-112.0116,33.4343,337.00,63.00,38.00,39.52,0.00,0.00,0.00,30.09,1018.10,10.00,M,FEW,BKN,M,M,23000.00,27000.00,M,M,M,M,M,M,M,M,M,63.00,KPHX 221651Z 00000KT 10SM FEW230 BKN270 17/03 A3009 RMK AO2 SLP181 T01720033,M
PHX,2025-12-22 17:51,-112.0116,33.4343,337.00,70.00,37.00,29.82,90.00,7.00,0.00,30.09,1017.90,10.00,M,FEW,BKN,M,M,23000.00,27000.00,M,M,M,M,M,M,M,M,M,70.00,KPHX 221751Z 09007KT 10SM FEW230 BKN270 21/03 A3009 RMK AO2 SLP179 T02110028 10211 20122 50005,M
PHX,2025-12-22 18:51,-112.0116,33.4343,337.00,75.00,38.00,26.21,120.00,7.00,0.00,30.06,1016.70,10.00,M,FEW,BKN,M,M,23000.00,27000.00,M,M,M,M,M,M,M,M,M,75.00,KPHX 221851Z 12007KT 10SM FEW230 BKN270 24/03 A3006 RMK AO2 SLP167 T02390033,M
PHX,2025-12-22 19:51,-112.0116,33.4343,337.00,76.00,38.00,25.35,120.00,6.00,0.00,30.02,1015.60,10.00,M,FEW,BKN,M,M,23000.00,27000.00,M,M,M,M,M,M,M,M,M,76.00,KPHX 221951Z 12006KT 10SM FEW230 BKN270 24/03 A3002 RMK AO2 SLP156 T02440033,M
PHX,2025-12-22 20:51,-112.0116,33.4343,337.00,77.00,37.00,23.58,0.00,0.00,0.00,29.99,1014.50,10.00,M,FEW,BKN,M,M,23000.00,27000.00,M,M,M,M,M,M,M,M,M,77.00,KPHX 222051Z 00000KT 10SM FEW230 BKN270 25/03 A2999 RMK AO2 SLP145 T02500028 56033,M
PHX,2025-12-22 21:51,-112.0116,33.4343,337.00,81.00,38.00,21.51,100.00,4.00,0.00,29.97,1013.70,10.00,M,SCT,BKN,M,M,23000.00,27000.00,M,M,M,M,M,M,M,M,M,79.28,KPHX 222151Z 10004KT 10SM SCT230 BKN270 27/03 A2997 RMK AO2 SLP137 T02720033,M
PHX,2025-12-22 22:51,-112.0116,33.4343,337.00,82.00,39.00,21.65,120.00,3.00,0.00,29.96,1013.20,10.00,M,SCT,BKN,M,M,23000.00,27000.00,M,M,M,M,M,M,M,M,M,79.94,KPHX 222251Z 12003KT 10SM SCT230 BKN270 28/04 A2996 RMK AO2 SLP132 T02780039,M
PHX,2025-12-22 23:51,-112.0116,33.4343,337.00,81.00,40.00,23.26,110.00,4.00,0.00,29.95,1012.90,10.00,M,SCT,BKN,M,M,23000.00,27000.00,M,M,M,M,M,M,M,M,M,79.38,KPHX 222351Z 11004KT 10SM SCT230 BKN270 27/04 A2995 RMK AO2 SLP129 T02720044 10283 20211 56015,M
PHX,2025-12-23 00:51,-112.0116,33.4343,337.00,74.00,42.00,31.66,230.00,4.00,0.00,29.94,1012.90,10.00,M,SCT,BKN,M,M,23000.00,27000.00,M,M,M,M,M,M,M,M,M,74.00,KPHX 230051Z 23004KT 10SM SCT230 BKN270 23/06 A2994 RMK AO2 SLP129 T02330056,M
PHX,2025-12-23 01:51,-112.0116,33.4343,337.00,72.00,41.00,32.58,0.00,0.00,0.00,29.95,1013.30,10.00,M,BKN,M,M,M,25000.00,M,M,M,M,M,M,M,M,M,M,72.00,KPHX 230151Z 00000KT 10SM BKN250 22/05 A2995 RMK AO2 SLP133 T02220050,M
PHX,2025-12-23 02:51,-112.0116,33.4343,337.00,69.00,41.00,36.08,0.00,0.00,0.00,29.96,1013.40,10.00,M,BKN,M,M,M,25000.00,M,M,M,M,M,M,M,M,M,M,69.00,KPHX 230251Z 00000KT 10SM BKN250 21/05 A2996 RMK AO2 SLP134 T02060050 53003,M
PHX,2025-12-23 03:51,-112.0116,33.4343,337.00,67.00,42.00,40.17,140.00,3.00,0.00,29.96,1013.70,10.00,M,BKN,M,M,M,25000.00,M,M,M,M,M,M,M,M,M,M,67.00,KPHX 230351Z 14003KT 10SM BKN250 19/06 A2996 RMK AO2 SLP137 T01940056,M
PHX,2025-12-23 04:51,-112.0116,33.4343,337.00,64.00,42.00,44.58,100.00,6.00,0.00,29.97,1013.70,10.00,M,BKN,M,M,M,25000.00,M,M,M,M,M,M,M,M,M,M,64.00,KPHX 230451Z 10006KT 10SM BKN250 18/06 A2997 RMK AO2 SLP137 T01780056,M
PHX,2025-12-23 05:51,-112.0116,33.4343,337.00,62.00,42.00,47.82,100.00,6.00,0.00,29.96,1013.40,10.00,M,BKN,M,M,M,25000.00,M,M,M,M,M,M,M,M,M,M,62.00,KPHX 230551Z 10006KT 10SM BKN250 17/06 A2996 RMK AO2 SLP134 T01670056 10267 20167 50001,M
PHX,2025-12-23 06:51,-112.0116,33.4343,337.00,62.00,41.00,46.01,130.00,5.00,0.00,29.96,1013.40,10.00,M,SCT,M,M,M,25000.00,M,M,M,M,M,M,M,M,M,M,62.00,KPHX 230651Z 13005KT 10SM SCT250 17/05 A2996 RMK AO2 SLP134 T01670050 402830122,M
PHX,2025-12-23 07:51,-112.0116,33.4343,337.00,61.00,41.00,47.67,130.00,5.00,0.00,29.95,1013.00,10.00,M,FEW,FEW,M,M,17000.00,25000.00,M,M,M,M,M,M,M,M,M,61.00,KPHX 230751Z 13005KT 10SM FEW170 FEW250 16/05 A2995 RMK AO2 SLP130 T01610050,M
PHX,2025-12-23 08:51,-112.0116,33.4343,337.00,60.00,40.00,47.51,110.00,3.00,0.00,29.96,1013.20,10.00,M,FEW,FEW,M,M,17000.00,25000.00,M,M,M,M,M,M,M,M,M,60.00,KPHX 230851Z 11003KT 10SM FEW170 FEW250 16/04 A2996 RMK AO2 SLP132 T01560044 55001,M
PHX,2025-12-23 09:51,-112.0116,33.4343,337.00,60.00,40.00,47.51,0.00,0.00,0.00,29.97,1013.60,10.00,M,SCT,M,M,M,18000.00,M,M,M,M,M,M,M,M,M,M,60.00,KPHX 230951Z 00000KT 10SM SCT180 16/04 A2997 RMK AO2 SLP136 T01560044,M
PHX,2025-12-23 10:51,-112.0116,33.4343,337.00,58.00,40.00,51.03,90.00,6.00,0.00,29.97,1013.70,10.00,M,BKN,M,M,M,19000.00,M,M,M,M,M,M,M,M,M,M,58.00,KPHX 231051Z 09006KT 10SM BKN190 14/04 A2997 RMK AO2 SLP137 T01440044,M
PHX,2025-12-23 11:51,-112.0116,33.4343,337.00,60.00,38.00,43.94,160.00,4.00,0.00,29.96,1013.40,10.00,M,FEW,BKN,M,M,19000.00,25000.00,M,M,M,M,M,M,M,M,M,60.00,KPHX 231151Z 16004KT 10SM FEW190 BKN250 16/03 A2996 RMK AO2 SLP134 T01560033 10172 20139 50002,M
PHX,2025-12-23 12:51,-112.0116,33.4343,337.00,58.00,40.00,51.03,110.00,6.00,0.00,29.98,1014.00,10.00,M,FEW,BKN,M,M,19000.00,25000.00,M,M,M,M,M,M,M,M,M,58.00,KPHX 231251Z 11006KT 10SM FEW190 BKN250 14/04 A2998 RMK AO2 SLP140 T01440044,M
PHX,2025-12-23 13:51,-112.0116,33.4343,337.00,57.00,39.00,50.88,100.00,4.00,0.00,30.00,1014.90,10.00,M,FEW,BKN,M,M,19000.00,25000.00,M,M,M,M,M,M,M,M,M,57.00,KPHX 231351Z 10004KT 10SM FEW190 BKN250 14/04 A3000 RMK AO2 SLP149 T01390039,M
PHX,2025-12-23 14:51,-112.0116,33.4343,337.00,56.00,40.00,54.85,130.00,8.00,0.00,30.01,1015.40,10.00,M,BKN,OVC,M,M,25000.00,29000.00,M,M,M,M,M,M,M,M,M,56.00,KPHX 231451Z 13008KT 10SM BKN250 OVC290 13/04 A3001 RMK AO2 SLP154 T01330044 51016,M
PHX,2025-12-23 15:51,-112.0116,33.4343,337.00,59.00,40.00,49.24,120.00,6.00,0.00,30.02,1015.70,10.00,M,BKN,OVC,M,M,25000.00,29000.00,M,M,M,M,M,M,M,M,M,59.00,KPHX 231551Z 12006KT 10SM BKN250 OVC290 15/04 A3002 RMK AO2 SLP157 T01500044,M
PHX,2025-12-23 16:51,-112.0116,33.4343,337.00,66.00,37.00,34.22,110.00,9.00,0.00,30.02,1015.60,10.00,M,BKN,OVC,M,M,25000.00,29000.00,M,M,M,M,M,M,M,M,M,66.00,KPHX 231651Z 11009KT 10SM BKN250 OVC290 19/03 A3002 RMK AO2 SLP156 T01890028,M
PHX,2025-12-23 17:51,-112.0116,33.4343,337.00,70.00,36.00,28.67,150.00,4.00,0.00,30.03,1015.70,10.00,M,BKN,BKN,M,M,25000.00,29000.00,M,M,M,M,M,M,M,M,M,70.00,KPHX 231751Z 15004KT 10SM BKN250 BKN290 21/02 A3003 RMK AO2 SLP157 T02110022 10211 20133 51004,M
PHX,2025-12-23 18:51,-112.0116,33.4343,337.00,74.00,36.00,25.04,110.00,7.00,0.00,30.01,1014.90,10.00,M,BKN,BKN,M,M,25000.00,29000.00,M,M,M,M,M,M,M,M,M,74.00,KPHX 231851Z 11007KT 10SM BKN250 BKN290 23/02 A3001 RMK AO2 SLP149 T02330022,M
PHX,2025-12-23 19:51,-112.0116,33.4343,337.00,76.00,35.00,22.51,130.00,6.00,0.00,29.98,1013.90,10.00,M,BKN,BKN,M,M,25000.00,29000.00,M,M,M,M,M,M,M,M,M,76.00,KPHX 231951Z 13006KT 10SM BKN250 BKN290 24/02 A2998 RMK AO2 SLP139 T02440017,M
PHX,2025-12-23 20:51,-112.0116,33.4343,337.00,78.00,34.00,20.25,140.00,9.00,0.00,29.96,1013.30,10.00,M,BKN,BKN,M,M,25000.00,29000.00,M,M,M,M,M,M,M,M,M,78.00,KPHX 232051Z 14009KT 10SM BKN250 BKN290 26/01 A2996 RMK AO2 SLP133 T02560011 56022,M
PHX,2025-12-23 21:51,-112.0116,33.4343,337.00,79.00,34.00,19.59,150.00,7.00,0.00,29.96,1013.20,10.00,M,FEW,BKN,OVC,M,19000.00,23000.00,27000.00,M,M,M,M,M,M,M,M,79.00,KPHX 232151Z 15007KT 10SM FEW190 BKN230 OVC270 26/01 A2996 RMK AO2 SLP132 T02610011,M
PHX,2025-12-23 22:51,-112.0116,33.4343,337.00,78.00,36.00,21.93,120.00,3.00,0.00,29.97,1013.80,10.00,M,FEW,SCT,BKN,M,16000.00,19000.00,25000.00,M,M,M,M,M,M,M,M,78.00,KPHX 232251Z 12003KT 10SM FEW160 SCT190 BKN250 26/02 A2997 RMK AO2 SLP138 T02560022,M
PHX,2025-12-23 23:51,-112.0116,33.4343,337.00,76.00,37.00,24.37,270.00,8.00,0.00,30.00,1014.90,10.00,M,BKN,BKN,BKN,M,10000.00,13000.00,20000.00,M,M,M,M,M,M,M,M,76.00,KPHX 232351Z 27008KT 10SM BKN100 BKN130 BKN200 24/03 A3000 RMK AO2 SLP149 T02440028 10267 20211 53015,M
PHX,2025-12-24 00:51,-112.0116,33.4343,337.00,75.00,37.00,25.20,310.00,7.00,0.00,30.04,1016.00,10.00,M,BKN,BKN,OVC,M,10000.00,13000.00,20000.00,M,M,M,M,M,M,M,M,75.00,KPHX 240051Z 31007KT 10SM BKN100 BKN130 OVC200 24/03 A3004 RMK AO2 SLP160 SHRA DSNT N T02390028,M
PHX,2025-12-24 01:51,-112.0116,33.4343,337.00,72.00,37.00,27.86,260.00,6.00,0.00,30.07,1017.20,10.00,M,FEW,BKN,OVC,M,10000.00,12000.00,20000.00,M,M,M,M,M,M,M,M,72.00,KPHX 240151Z 26006KT 10SM FEW100 BKN120 OVC200 22/03 A3007 RMK AO2 SLP172 T02220028,M
PHX,2025-12-24 02:51,-112.0116,33.4343,337.00,72.00,40.00,31.34,330.00,7.00,T,30.09,1018.00,10.00,M,FEW,BKN,OVC,M,6000.00,9000.00,11000.00,M,-RA,M,M,M,M,M,M,72.00,KPHX 240251Z 33007KT 10SM -RA FEW060 BKN090 OVC110 22/04 A3009 RMK AO2 RAB45 SLP180 P0000 60000 T02220044 51029,M
PHX,2025-12-24 03:51,-112.0116,33.4343,337.00,71.00,40.00,32.42,360.00,4.00,T,30.12,1018.80,10.00,M,FEW,BKN,OVC,M,5500.00,9000.00,11000.00,M,M,M,M,M,M,M,M,71.00,KPHX 240351Z 36004KT 10SM FEW055 BKN090 OVC110 22/04 A3012 RMK AO2 RAE17 SLP188 P0000 T02170044,M
PHX,2025-12-24 04:51,-112.0116,33.4343,337.00,67.00,46.00,46.80,0.00,0.00,0.00,30.13,1019.20,10.00,M,FEW,BKN,OVC,M,6000.00,9000.00,11000.00,M,M,M,M,M,M,M,M,67.00,KPHX 240451Z 00000KT 10SM FEW060 BKN090 OVC110 19/08 A3013 RMK AO2 SLP192 T01940078,M
PHX,2025-12-24 05:51,-112.0116,33.4343,337.00,67.00,48.00,50.47,0.00,0.00,0.00,30.15,1019.70,10.00,M,FEW,BKN,OVC,M,8000.00,10000.00,12000.00,M,M,M,M,M,M,M,M,67.00,KPHX 240551Z 00000KT 10SM FEW080 BKN100 OVC120 19/09 A3015 RMK AO2 SLP197 60000 T01940089 10244 20194 51019,M
PHX,2025-12-24 06:51,-112.0116,33.4343,337.00,66.00,49.00,54.23,150.00,5.00,T,30.16,1020.10,10.00,M,SCT,BKN,OVC,M,6500.00,10000.00,12000.00,M,-RA,M,M,M,M,M,M,66.00,KPHX 240651Z 15005KT 10SM -RA SCT065 BKN100 OVC120 19/09 A3016 RMK AO2 RAB34 SLP201 P0000 T01890094 402670133,M
PHX,2025-12-24 07:51,-112.0116,33.4343,337.00,65.00,51.00,60.49,90.00,6.00,T,30.15,1019.60,10.00,M,FEW,BKN,OVC,M,8000.00,11000.00,13000.00,M,M,M,M,M,M,M,M,65.00,KPHX 240751Z 09006KT 10SM FEW080 BKN110 OVC130 18/11 A3015 RMK AO2 RAE0652 SLP196 P0000 T01830106,M
PHX,2025-12-24 08:51,-112.0116,33.4343,337.00,65.00,51.00,60.49,110.00,6.00,T,30.14,1019.40,10.00,M,BKN,BKN,OVC,M,8000.00,10000.00,12000.00,M,M,M,M,M,M,M,M,65.00,KPHX 240851Z 11006KT 10SM BKN080 BKN100 OVC120 18/11 A3014 RMK AO2 RAB19E29 SLP194 P0000 60000 T01830106 58002,M
PHX,2025-12-24 09:51,-112.0116,33.4343,337.00,65.00,52.00,62.76,100.00,10.00,0.00,30.14,1019.20,10.00,M,BKN,BKN,BKN,M,8000.00,10000.00,12000.00,M,M,M,M,M,M,M,M,65.00,KPHX 240951Z 10010KT 10SM BKN080 BKN100 BKN120 18/11 A3014 RMK AO2 SLP192 T01830111,M
PHX,2025-12-24 10:51,-112.0116,33.4343,337.00,64.00,51.00,62.64,90.00,7.00,0.00,30.14,1019.50,10.00,M,BKN,OVC,M,M,9000.00,12000.00,M,M,M,M,M,M,M,M,M,64.00,KPHX 241051Z 09007KT 10SM BKN090 OVC120 18/11 A3014 RMK AO2 SLP195 T01780106,M
PHX,2025-12-24 11:51,-112.0116,33.4343,337.00,64.00,50.00,60.35,100.00,4.00,0.00,30.14,1019.50,10.00,M,OVC,M,M,M,8000.00,M,M,M,M,M,M,M,M,M,M,64.00,KPHX 241151Z 10004KT 10SM OVC080 18/10 A3014 RMK AO2 SLP195 60000 T01780100 10200 20178 55000,M
PHX,2025-12-24 12:51,-112.0116,33.4343,337.00,64.00,47.00,53.94,130.00,5.00,T,30.14,1019.40,10.00,M,OVC,M,M,M,9000.00,M,M,M,-RA,M,M,M,M,M,M,64.00,KPHX 241251Z 13005KT 10SM -RA OVC090 18/08 A3014 RMK AO2 RAB48 SLP194 P0000 T01780083,M
PHX,2025-12-24 13:51,-112.0116,33.4343,337.00,63.00,49.00,60.22,130.00,6.00,T,30.13,1019.30,10.00,M,OVC,M,M,M,10000.00,M,M,M,M,M,M,M,M,M,M,63.00,KPHX 241351Z 13006KT 10SM OVC100 17/09 A3013 RMK AO2 RAE1257 SLP193 P0000 T01720094,M
PHX,2025-12-24 14:51,-112.0116,33.4343,337.00,64.00,50.00,60.35,130.00,8.00,0.00,30.13,1019.10,10.00,M,OVC,M,M,M,10000.00,M,M,M,M,M,M,M,M,M,M,64.00,KPHX 241451Z 13008KT 10SM OVC100 18/10 A3013 RMK AO2 SLP191 60000 T01780100 58005,M
PHX,2025-12-24 15:51,-112.0116,33.4343,337.00,64.00,50.00,60.35,140.00,6.00,0.00,30.13,1019.10,10.00,M,OVC,M,M,M,11000.00,M,M,M,M,M,M,M,M,M,M,64.00,KPHX 241551Z 14006KT 10SM OVC110 18/10 A3013 RMK AO2 SLP191 T01780100,M
PHX,2025-12-24 16:51,-112.0116,33.4343,337.00,65.00,50.00,58.28,130.00,5.00,0.00,30.14,1019.50,10.00,M,OVC,M,M,M,11000.00,M,M,M,M,M,M,M,M,M,M,65.00,KPHX 241651Z 13005KT 10SM OVC110 18/10 A3014 RMK AO2 SLP195 T01830100,M
PHX,2025-12-24 17:51,-112.0116,33.4343,337.00,66.00,49.00,54.23,150.00,6.00,0.00,30.13,1019.30,10.00,M,OVC,M,M,M,11000.00,M,M,M,M,M,M,M,M,M,M,66.00,KPHX 241751Z 15006KT 10SM OVC110 19/09 A3013 RMK AO2 SLP193 60000 T01890094 10189 20172 50002,M
PHX,2025-12-24 18:51,-112.0116,33.4343,337.00,67.00,50.00,54.38,100.00,6.00,0.00,30.11,1018.60,10.00,M,BKN,OVC,M,M,9500.00,11000.00,M,M,M,M,M,M,M,M,M,67.00,KPHX 241851Z 10006KT 10SM BKN095 OVC110 19/10 A3011 RMK AO2 SLP186 T01940100,M
PHX,2025-12-24 19:51,-112.0116,33.4343,337.00,68.00,51.00,54.53,150.00,6.00,0.00,30.10,1018.20,10.00,M,OVC,M,M,M,9000.00,M,M,M,M,M,M,M,M,M,M,68.00,KPHX 241951Z 15006KT 10SM OVC090 20/11 A3010 RMK AO2 SLP182 T02000106,M
PHX,2025-12-24 20:51,-112.0116,33.4343,337.00,67.00,52.00,58.56,120.00,7.00,T,30.09,1017.70,10.00,M,BKN,OVC,M,M,7000.00,8500.00,M,M,M,M,M,M,M,M,M,67.00,KPHX 242051Z 12007KT 10SM BKN070 OVC085 19/11 A3009 RMK AO2 RAB1954E05 SLP177 P0000 60000 T01940111 56016,M
PHX,2025-12-24 21:51,-112.0116,33.4343,337.00,69.00,54.00,58.83,120.00,10.00,T,30.07,1017.20,10.00,M,FEW,BKN,OVC,M,5500.00,7500.00,9000.00,M,M,M,M,M,M,M,M,69.00,KPHX 242151Z 12010KT 10SM FEW055 BKN075 OVC090 21/12 A3007 RMK AO2 RAB38E48 SLP172 P0000 T02060122,M
PHX,2025-12-24 22:51,-112.0116,33.4343,337.00,69.00,56.00,63.27,120.00,7.00,T,30.07,1017.30,10.00,M,SCT,OVC,M,M,7500.00,10000.00,M,M,M,M,M,M,M,M,M,69.00,KPHX 242251Z 12007KT 10SM SCT075 OVC100 21/13 A3007 RMK AO2 RAB13E22 SLP173 P0000 T02060133,M
PHX,2025-12-24 23:51,-112.0116,33.4343,337.00,68.00,57.00,67.89,120.00,9.00,T,30.08,1017.50,10.00,M,SCT,BKN,OVC,M,7500.00,9500.00,12000.00,M,M,M,M,M,M,M,M,68.00,KPHX 242351Z 12009KT 10SM SCT075 BKN095 OVC120 20/14 A3008 RMK AO2 RAB04E20 SLP175 P0000 60000 T02000139 10206 20189 55002,M
PHX,2025-12-25 00:51,-112.0116,33.4343,337.00,67.00,57.00,70.27,110.00,4.00,0.00,30.08,1017.60,10.00,M,SCT,OVC,M,M,7500.00,9500.00,M,M,M,M,M,M,M,M,M,67.00,KPHX 250051Z 11004KT 10SM SCT075 OVC095 19/14 A3008 RMK AO2 SLP176 T01940139,M
PHX,2025-12-25 01:51,-112.0116,33.4343,337.00,67.00,56.00,67.78,110.00,6.00,0.00,30.07,1017.30,10.00,M,BKN,M,M,M,9000.00,M,M,M,M,M,M,M,M,M,M,67.00,KPHX 250151Z 11006KT 10SM BKN090 19/13 A3007 RMK AO2 SLP173 T01940133,M
PHX,2025-12-25 02:51,-112.0116,33.4343,337.00,67.00,55.00,65.36,90.00,8.00,0.00,30.06,1016.80,10.00,M,BKN,M,M,M,8500.00,M,M,M,M,M,M,M,M,M,M,67.00,KPHX 250251Z 09008KT 10SM BKN085 19/13 A3006 RMK AO2 SLP168 T01940128 58006,M
PHX,2025-12-25 03:51,-112.0116,33.4343,337.00,67.00,56.00,67.78,80.00,6.00,T,30.06,1016.80,10.00,M,BKN,BKN,M,M,8000.00,11000.00,M,M,M,M,M,M,M,M,M,67.00,KPHX 250351Z 08006KT 10SM BKN080 BKN110 19/13 A3006 RMK AO2 RAB24E35 SLP168 P0000 T01940133,M
PHX,2025-12-25 04:51,-112.0116,33.4343,337.00,66.00,54.00,65.24,100.00,6.00,0.00,30.05,1016.50,10.00,M,BKN,M,M,M,8500.00,M,M,M,M,M,M,M,M,M,M,66.00,KPHX 250451Z 10006KT 10SM BKN085 19/12 A3005 RMK AO2 SLP165 T01890122,M
PHX,2025-12-25 05:51,-112.0116,33.4343,337.00,68.00,52.00,56.58,120.00,7.00,0.00,30.05,1016.40,10.00,M,BKN,M,M,M,8500.00,M,M,M,M,M,M,M,M,M,M,68.00,KPHX 250551Z 12007KT 10SM BKN085 20/11 A3005 RMK AO2 SLP164 60000 T02000111 10200 20189 58004,M
PHX,2025-12-25 06:51,-112.0116,33.4343,337.00,67.00,54.00,63.02,30.00,3.00,T,30.06,1017.00,10.00,M,BKN,BKN,M,M,8000.00,10000.00,M,M,M,M,M,M,M,M,M,67.00,KPHX 250651Z 03003KT 10SM BKN080 BKN100 19/12 A3006 RMK AO2 RAB20E29 SLP170 P0000 T01940122 402060172,M
PHX,2025-12-25 07:51,-112.0116,33.4343,337.00,68.00,54.00,60.89,140.00,4.00,T,30.07,1017.00,10.00,M,BKN,OVC,M,M,7000.00,10000.00,M,M,-RA,M,M,M,M,M,M,68.00,KPHX 250751Z 14004KT 10SM -RA BKN070 OVC100 20/12 A3007 RMK AO2 RAB31 SLP170 P0000 T02000122,M
PHX,2025-12-25 08:51,-112.0116,33.4343,337.00,66.00,56.00,70.16,40.00,5.00,T,30.05,1016.60,10.00,M,BKN,OVC,M,M,8000.00,10000.00,M,M,M,M,M,M,M,M,M,66.00,KPHX 250851Z 04005KT 10SM BKN080 OVC100 19/13 A3005 RMK AO2 RAE0754 SLP166 P0000 60000 T01890133 50002,M
PHX,2025-12-25 09:51,-112.0116,33.4343,337.00,64.00,58.00,80.85,80.00,6.00,0.02,30.07,1017.10,10.00,M,BKN,OVC,M,M,8000.00,12000.00,M,M,-RA,M,M,M,M,M,M,64.00,KPHX 250951Z 08006KT 10SM -RA BKN080 OVC120 18/14 A3007 RMK AO2 RAB13 SLP171 P0002 T01780144,M
PHX,2025-12-25 10:51,-112.0116,33.4343,337.00,64.00,57.00,77.99,60.00,7.00,T,30.06,1016.70,10.00,M,BKN,BKN,M,M,7000.00,12000.00,M,M,M,M,M,M,M,M,M,64.00,KPHX 251051Z 06007KT 10SM BKN070 BKN120 18/14 A3006 RMK AO2 RAE28 SLP167 P0000 T01780139,M
PHX,2025-12-25 11:51,-112.0116,33.4343,337.00,63.00,59.00,86.79,0.00,0.00,0.01,30.07,1017.20,10.00,M,SCT,BKN,BKN,M,6000.00,10000.00,14000.00,M,M,M,M,M,M,M,M,63.00,KPHX 251151Z 00000KT 10SM SCT060 BKN100 BKN140 17/15 A3007 RMK AO2 RAB20E43 SLP172 P0001 60003 70003 T01720150 10206 20172 53006,M
PHX,2025-12-25 12:51,-112.0116,33.4343,337.00,63.00,59.00,86.79,0.00,0.00,0.00,30.09,1018.00,10.00,M,SCT,BKN,OVC,M,6000.00,10000.00,14000.00,M,M,M,M,M,M,M,M,63.00,KPHX 251251Z 00000KT 10SM SCT060 BKN100 OVC140 17/15 A3009 RMK AO2 SLP180 T01720150,M
PHX,2025-12-25 13:51,-112.0116,33.4343,337.00,62.00,59.00,89.89,0.00,0.00,0.00,30.09,1017.80,10.00,M,BKN,BKN,OVC,M,5000.00,14000.00,24000.00,M,M,M,M,M,M,M,M,62.00,KPHX 251351Z 00000KT 10SM BKN050 BKN140 OVC240 17/15 A3009 RMK AO2 SLP178 T01670150,M
PHX,2025-12-25 14:51,-112.0116,33.4343,337.00,63.00,59.00,86.79,100.00,3.00,0.00,30.11,1018.60,10.00,M,OVC,M,M,M,4700.00,M,M,M,M,M,M,M,M,M,M,63.00,KPHX 251451Z 10003KT 10SM OVC047 17/15 A3011 RMK AO2 SLP186 T01720150 53013,M
PHX,2025-12-25 15:51,-112.0116,33.4343,337.00,63.00,59.00,86.79,110.00,7.00,T,30.13,1019.40,10.00,M,SCT,OVC,M,M,4900.00,7000.00,M,M,M,M,M,M,M,M,M,63.00,KPHX 251551Z 11007KT 10SM SCT049 OVC070 17/15 A3013 RMK AO2 RAB15E40 SLP194 P0000 T01720150,M
PHX,2025-12-25 16:51,-112.0116,33.4343,337.00,65.00,58.00,78.08,120.00,7.00,T,30.15,1020.10,10.00,M,BKN,BKN,OVC,M,4200.00,5500.00,7000.00,M,-RA,M,M,M,M,M,M,65.00,KPHX 251651Z 12007KT 10SM -RA BKN042 BKN055 OVC070 18/14 A3015 RMK AO2 RAB46 SLP201 P0000 T01830144,M
PHX,2025-12-25 17:51,-112.0116,33.4343,337.00,67.00,57.00,70.27,130.00,8.00,T,30.16,1020.30,10.00,M,BKN,OVC,M,M,4500.00,6500.00,M,M,M,M,M,M,M,M,M,67.00,KPHX 251751Z 13008KT 10SM BKN045 OVC065 19/14 A3016 RMK AO2 RAE06 SLP203 P0000 60000 T01940139 10194 20167 51017,M
PHX,2025-12-25 18:51,-112.0116,33.4343,337.00,72.00,55.00,55.10,120.00,8.00,0.00,30.14,1019.40,10.00,M,BKN,BKN,BKN,M,4400.00,5500.00,10000.00,M,M,M,M,M,M,M,M,72.00,KPHX 251851Z 12008KT 10SM BKN044 BKN055 BKN100 22/13 A3014 RMK AO2 SLP194 T02220128,M
PHX,2025-12-25 19:51,-112.0116,33.4343,337.00,72.00,54.00,53.13,180.00,4.00,0.00,30.11,1018.50,10.00,M,BKN,BKN,M,M,3900.00,7000.00,M,M,M,M,M,M,M,M,M,72.00,KPHX 251951Z 18004KT 10SM BKN039 BKN070 22/12 A3011 RMK AO2 SLP185 T02220122,M
PHX,2025-12-25 20:51,-112.0116,33.4343,337.00,71.00,54.00,54.96,90.00,7.00,0.00,30.10,1018.00,10.00,M,BKN,BKN,BKN,M,3800.00,4500.00,7000.00,M,M,M,M,M,M,M,M,71.00,KPHX 252051Z 09007KT 10SM BKN038 BKN045 BKN070 22/12 A3010 RMK AO2 SLP180 T02170122 56021,M
PHX,2025-12-25 21:51,-112.0116,33.4343,337.00,73.00,56.00,55.24,100.00,8.00,0.00,30.09,1017.60,10.00,M,SCT,BKN,BKN,M,3800.00,5000.00,7500.00,M,M,M,M,M,M,M,M,73.00,KPHX 252151Z 10008KT 10SM SCT038 BKN050 BKN075 23/13 A3009 RMK AO2 SLP176 T02280133,M
PHX,2025-12-25 22:51,-112.0116,33.4343,337.00,73.00,56.00,55.24,80.00,7.00,0.00,30.08,1017.40,10.00,M,SCT,SCT,SCT,M,5000.00,6000.00,10000.00,M,M,M,M,M,M,M,M,73.00,KPHX 252251Z 08007KT 10SM SCT050 SCT060 SCT100 23/13 A3008 RMK AO2 SLP174 T02280133,M
PHX,2025-12-25 23:51,-112.0116,33.4343,337.00,72.00,56.00,57.14,60.00,9.00,0.00,30.07,1017.10,10.00,M,FEW,SCT,M,M,4500.00,7000.00,M,M,M,M,M,M,M,M,M,72.00,KPHX 252351Z 06009KT 10SM FEW045 SCT070 22/13 A3007 RMK AO2 SLP171 T02220133 10233 20194 58009,M
PHX,2025-12-26 00:51,-112.0116,33.4343,337.00,71.00,56.00,59.11,60.00,8.00,0.00,30.07,1017.30,10.00,M,FEW,SCT,SCT,M,7000.00,8000.00,11000.00,M,M,M,M,M,M,M,M,71.00,KPHX 260051Z 06008KT 10SM FEW070 SCT080 SCT110 22/13 A3007 RMK AO2 SLP173 T02170133,M
PHX,2025-12-26 01:51,-112.0116,33.4343,337.00,69.00,57.00,65.60,80.00,8.00,0.00,30.08,1017.60,10.00,M,FEW,SCT,M,M,5000.00,7000.00,M,M,M,M,M,M,M,M,M,69.00,KPHX 260151Z 08008KT 10SM FEW050 SCT070 21/14 A3008 RMK AO2 SLP176 T02060139,M
PHX,2025-12-26 02:51,-112.0116,33.4343,337.00,66.00,57.00,72.74,110.00,5.00,0.00,30.09,1017.90,10.00,M,FEW,SCT,M,M,7000.00,9000.00,M,M,M,M,M,M,M,M,M,66.00,KPHX 260251Z 11005KT 10SM FEW070 SCT090 19/14 A3009 RMK AO2 SLP179 T01890139 51006,M
PHX,2025-12-26 03:51,-112.0116,33.4343,337.00,65.00,56.00,72.64,90.00,7.00,0.00,30.09,1018.00,10.00,M,SCT,M,M,M,8000.00,M,M,M,M,M,M,M,M,M,M,65.00,KPHX 260351Z 09007KT 10SM SCT080 18/13 A3009 RMK AO2 SLP180 T01830133,M
PHX,2025-12-26 04:51,-112.0116,33.4343,337.00,64.00,57.00,77.99,0.00,0.00,0.00,30.10,1018.30,10.00,M,SCT,M,M,M,7000.00,M,M,M,M,M,M,M,M,M,M,64.00,KPHX 260451Z 00000KT 10SM SCT070 18/14 A3010 RMK AO2 SLP183 T01780139,M
PHX,2025-12-26 05:51,-112.0116,33.4343,337.00,63.00,56.00,77.91,100.00,3.00,0.00,30.09,1018.10,10.00,M,SCT,M,M,M,7000.00,M,M,M,M,M,M,M,M,M,M,63.00,KPHX 260551Z 10003KT 10SM SCT070 17/13 A3009 RMK AO2 SLP181 T01720133 10222 20172 50002,M
PHX,2025-12-26 06:51,-112.0116,33.4343,337.00,63.00,56.00,77.91,0.00,0.00,0.00,30.08,1017.60,10.00,M,SCT,M,M,M,9000.00,M,M,M,M,M,M,M,M,M,M,63.00,KPHX 260651Z 00000KT 10SM SCT090 17/13 A3008 RMK AO2 SLP176 T01720133 402330167,M
PHX,2025-12-26 07:51,-112.0116,33.4343,337.00,61.00,56.00,83.60,120.00,3.00,0.00,30.07,1017.20,10.00,M,SCT,M,M,M,9000.00,M,M,M,M,M,M,M,M,M,M,61.00,KPHX 260751Z 12003KT 10SM SCT090 16/13 A3007 RMK AO2 SLP172 T01610133,M
PHX,2025-12-26 08:51,-112.0116,33.4343,337.00,60.00,55.00,83.54,110.00,3.00,0.00,30.07,1017.10,10.00,M,SCT,M,M,M,10000.00,M,M,M,M,M,M,M,M,M,M,60.00,KPHX 260851Z 11003KT 10SM SCT100 16/13 A3007 RMK AO2 SLP171 T01560128 56009,M
PHX,2025-12-26 09:51,-112.0116,33.4343,337.00,59.00,55.00,86.57,100.00,4.00,0.00,30.06,1016.90,10.00,M,SCT,M,M,M,10000.00,M,M,M,M,M,M,M,M,M,M,59.00,KPHX 260951Z 10004KT 10SM SCT100 15/13 A3006 RMK AO2 SLP169 T01500128,M
PHX,2025-12-26 10:51,-112.0116,33.4343,337.00,59.00,54.00,83.47,100.00,6.00,0.00,30.05,1016.60,10.00,M,SCT,M,M,M,11000.00,M,M,M,M,M,M,M,M,M,M,59.00,KPHX 261051Z 10006KT 10SM SCT110 15/12 A3005 RMK AO2 SLP166 T01500122,M
PHX,2025-12-26 11:51,-112.0116,33.4343,337.00,59.00,54.00,83.47,120.00,5.00,0.00,30.04,1016.10,10.00,M,SCT,M,M,M,11000.00,M,M,M,M,M,M,M,M,M,M,59.00,KPHX 261151Z 12005KT 10SM SCT110 15/12 A3004 RMK AO2 SLP161 T01500122 10172 20144 58009,M
PHX,2025-12-26 12:51,-112.0116,33.4343,337.00,57.00,54.00,89.68,100.00,7.00,0.00,30.05,1016.50,10.00,M,SCT,M,M,M,11000.00,M,M,M,M,M,M,M,M,M,M,57.00,KPHX 261251Z 10007KT 10SM SCT110 14/12 A3005 RMK AO2 SLP165 T01390122,M
PHX,2025-12-26 13:51,-112.0116,33.4343,337.00,57.00,53.00,86.46,130.00,6.00,0.00,30.06,1016.90,10.00,M,SCT,M,M,M,11000.00,M,M,M,M,M,M,M,M,M,M,57.00,KPHX 261351Z 13006KT 10SM SCT110 14/12 A3006 RMK AO2 SLP169 T01390117,M
PHX,2025-12-26 14:51,-112.0116,33.4343,337.00,57.00,53.00,86.46,110.00,11.00,0.00,30.07,1017.20,10.00,M,FEW,SCT,M,M,11000.00,23000.00,M,M,M,M,M,M,M,M,M,57.00,KPHX 261451Z 11011KT 10SM FEW110 SCT230 14/12 A3007 RMK AO2 SLP172 T01390117 52009,M
PHX,2025-12-26 15:51,-112.0116,33.4343,337.00,60.00,54.00,80.54,100.00,5.00,0.00,30.08,1017.60,10.00,M,FEW,FEW,FEW,SCT,600.00,3000.00,12000.00,23000.00,M,M,M,M,M,M,M,60.00,KPHX 261551Z 10005KT 10SM FEW006 FEW030 FEW120 SCT230 BKN270 16/12 A3008 RMK AO2 SLP176 T01560122,M
PHX,2025-12-26 16:51,-112.0116,33.4343,337.00,65.00,55.00,70.05,110.00,5.00,0.00,30.09,1017.90,10.00,M,FEW,FEW,FEW,SCT,600.00,3000.00,12000.00,23000.00,M,M,M,M,M,M,M,65.00,KPHX 261651Z 11005KT 10SM FEW006 FEW030 FEW120 SCT230 BKN270 18/13 A3009 RMK AO2 SLP179 T01830128,M
PHX,2025-12-26 17:51,-112.0116,33.4343,337.00,68.00,55.00,63.15,140.00,4.00,0.00,30.08,1017.60,10.00,M,FEW,FEW,FEW,SCT,800.00,4000.00,14000.00,23000.00,M,M,M,M,M,M,M,68.00,KPHX 261751Z 14004KT 10SM FEW008 FEW040 FEW140 SCT230 BKN270 20/13 A3008 RMK AO2 SLP176 T02000128 10200 20139 50005,M
PHX,2025-12-26 18:51,-112.0116,33.4343,337.00,69.00,55.00,61.02,0.00,0.00,0.00,30.06,1016.70,10.00,M,FEW,SCT,SCT,SCT,4000.00,9000.00,14000.00,23000.00,M,M,M,M,M,M,M,69.00,KPHX 261851Z 00000KT 10SM FEW040 SCT090 SCT140 SCT230 BKN270 21/13 A3006 RMK AO2 SLP167 T02060128,M
PHX,2025-12-26 19:51,-112.0116,33.4343,337.00,69.00,55.00,61.02,0.00,0.00,0.00,30.01,1015.30,10.00,M,FEW,SCT,SCT,SCT,4000.00,9000.00,14000.00,23000.00,M,M,M,M,M,M,M,69.00,KPHX 261951Z 00000KT 10SM FEW040 SCT090 SCT140 SCT230 BKN270 21/13 A3001 RMK AO2 SLP153 T02060128,M
PHX,2025-12-26 20:51,-112.0116,33.4343,337.00,73.00,55.00,53.28,280.00,5.00,0.00,29.99,1014.30,10.00,M,FEW,FEW,SCT,BKN,6000.00,11000.00,25000.00,29000.00,M,M,M,M,M,M,M,73.00,KPHX 262051Z 28005KT 10SM FEW060 FEW110 SCT250 BKN290 23/13 A2999 RMK AO2 SLP143 T02280128 57031,M
PHX,2025-12-26 21:51,-112.0116,33.4343,337.00,72.00,55.00,55.10,270.00,5.00,0.00,29.96,1013.50,10.00,M,FEW,SCT,BKN,M,6000.00,11000.00,25000.00,M,M,M,M,M,M,M,M,72.00,KPHX 262151Z 27005KT 10SM FEW060 SCT110 BKN250 22/13 A2996 RMK AO2 SLP135 T02220128,M
PHX,2025-12-26 22:51,-112.0116,33.4343,337.00,71.00,55.00,57.00,260.00,3.00,0.00,29.95,1013.00,10.00,M,FEW,SCT,BKN,OVC,3800.00,6500.00,10000.00,20000.00,M,M,M,M,M,M,M,71.00,KPHX 262251Z 26003KT 10SM FEW038 SCT065 BKN100 OVC200 22/13 A2995 RMK AO2 SLP130 T02170128,M
PHX,2025-12-26 23:51,-112.0116,33.4343,337.00,71.00,53.00,52.98,290.00,6.00,0.00,29.94,1012.80,10.00,M,FEW,BKN,BKN,OVC,4000.00,6000.00,10000.00,20000.00,M,M,M,M,M,M,M,71.00,KPHX 262351Z 29006KT 10SM FEW040 BKN060 BKN100 OVC200 22/12 A2994 RMK AO2 SLP128 T02170117 10233 20200 56016,M
PHX,2025-12-27 00:51,-112.0116,33.4343,337.00,71.00,52.00,51.07,280.00,9.00,0.00,29.94,1013.00,10.00,M,BKN,BKN,OVC,M,5500.00,10000.00,20000.00,M,M,M,M,M,M,M,M,71.00,KPHX 270051Z 28009KT 10SM BKN055 BKN100 OVC200 22/11 A2994 RMK AO2 SLP130 T02170111,M
PHX,2025-12-27 01:51,-112.0116,33.4343,337.00,70.00,52.00,52.83,280.00,4.00,0.00,29.94,1012.70,10.00,M,SCT,BKN,BKN,BKN,5500.00,7000.00,10000.00,20000.00,M,M,M,M,M,M,M,70.00,KPHX 270151Z 28004KT 10SM SCT055 BKN070 BKN100 BKN200 21/11 A2994 RMK AO2 SLP127 T02110111,M
PHX,2025-12-27 02:51,-112.0116,33.4343,337.00,69.00,53.00,56.72,290.00,3.00,0.00,29.93,1012.70,10.00,M,BKN,BKN,M,M,5500.00,10000.00,M,M,M,M,M,M,M,M,M,69.00,KPHX 270251Z 29003KT 10SM BKN055 BKN100 21/12 A2993 RMK AO2 SLP127 T02060117 58002,M
PHX,2025-12-27 03:51,-112.0116,33.4343,337.00,68.00,51.00,54.53,290.00,3.00,0.00,29.93,1012.70,10.00,M,BKN,BKN,BKN,M,5500.00,7000.00,20000.00,M,M,M,M,M,M,M,M,68.00,KPHX 270351Z 29003KT 10SM BKN055 BKN070 BKN200 20/11 A2993 RMK AO2 SLP127 T02000106,M
PHX,2025-12-27 04:51,-112.0116,33.4343,337.00,69.00,53.00,56.72,310.00,4.00,0.00,29.93,1012.50,10.00,M,SCT,BKN,BKN,M,5500.00,7000.00,20000.00,M,M,M,M,M,M,M,M,69.00,KPHX 270451Z 31004KT 10SM SCT055 BKN070 BKN200 21/12 A2993 RMK AO2 SLP125 T02060117,M
PHX,2025-12-27 05:51,-112.0116,33.4343,337.00,68.00,52.00,56.58,350.00,3.00,0.00,29.92,1012.00,10.00,M,FEW,BKN,BKN,M,5500.00,8000.00,20000.00,M,M,M,M,M,M,M,M,68.00,KPHX 270551Z 35003KT 10SM FEW055 BKN080 BKN200 20/11 A2992 RMK AO2 SLP120 T02000111 10217 20194 58005,M
PHX,2025-12-27 06:51,-112.0116,33.4343,337.00,66.00,53.00,62.89,200.00,3.00,0.00,29.91,1011.80,10.00,M,FEW,BKN,BKN,OVC,5500.00,7500.00,16000.00,20000.00,M,M,M,M,M,M,M,66.00,KPHX 270651Z 20003KT 10SM FEW055 BKN075 BKN160 OVC200 19/12 A2991 RMK AO2 SLP118 T01890117 402330139,M
PHX,2025-12-27 07:51,-112.0116,33.4343,337.00,65.00,52.00,62.76,0.00,0.00,0.00,29.90,1011.40,10.00,M,SCT,BKN,BKN,OVC,5500.00,7500.00,16000.00,20000.00,M,M,M,M,M,M,M,65.00,KPHX 270751Z 00000KT 10SM SCT055 BKN075 BKN160 OVC200 18/11 A2990 RMK AO2 SLP114 T01830111,M
PHX,2025-12-27 08:51,-112.0116,33.4343,337.00,63.00,53.00,69.83,230.00,3.00,0.00,29.90,1011.40,10.00,M,SCT,BKN,OVC,M,5500.00,7500.00,16000.00,M,M,M,M,M,M,M,M,63.00,KPHX 270851Z 23003KT 10SM SCT055 BKN075 OVC160 17/12 A2990 RMK AO2 SLP114 T01720117 56006,M
PHX,2025-12-27 09:51,-112.0116,33.4343,337.00,64.00,52.00,64.99,270.00,5.00,0.00,29.90,1011.40,10.00,M,SCT,BKN,BKN,BKN,5500.00,7500.00,16000.00,19000.00,M,M,M,M,M,M,M,64.00,KPHX 270951Z 27005KT 10SM SCT055 BKN075 BKN160 BKN190 18/11 A2990 RMK AO2 SLP114 T01780111,M
PHX,2025-12-27 10:51,-112.0116,33.4343,337.00,62.00,53.00,72.34,240.00,4.00,0.00,29.90,1011.40,10.00,M,BKN,BKN,M,M,6500.00,18000.00,M,M,M,M,M,M,M,M,M,62.00,KPHX 271051Z 24004KT 10SM BKN065 BKN180 17/12 A2990 RMK AO2 SLP114 T01670117,M
PHX,2025-12-27 11:51,-112.0116,33.4343,337.00,62.00,54.00,75.03,0.00,0.00,0.00,29.89,1011.10,10.00,M,BKN,BKN,M,M,6500.00,18000.00,M,M,M,M,M,M,M,M,M,62.00,KPHX 271151Z 00000KT 10SM BKN065 BKN180 17/12 A2989 RMK AO2 SLP111 T01670122 10200 20167 58003,M
PHX,2025-12-27 12:51,-112.0116,33.4343,337.00,62.00,54.00,75.03,0.00,0.00,0.00,29.89,1011.10,10.00,M,BKN,BKN,M,M,6000.00,18000.00,M,M,M,M,M,M,M,M,M,62.00,KPHX 271251Z 00000KT 10SM BKN060 BKN180 17/12 A2989 RMK AO2 SLP111 T01670122,M
PHX,2025-12-27 13:51,-112.0116,33.4343,337.00,63.00,53.00,69.83,270.00,3.00,0.00,29.91,1011.60,10.00,M,BKN,M,M,M,5500.00,M,M,M,M,M,M,M,M,M,M,63.00,KPHX 271351Z 27003KT 10SM BKN055 17/12 A2991 RMK AO2 SLP116 T01720117,M
PHX,2025-12-27 14:51,-112.0116,33.4343,337.00,62.00,54.00,75.03,240.00,3.00,0.00,29.92,1012.20,10.00,M,FEW,BKN,BKN,M,4000.00,6000.00,8000.00,M,M,M,M,M,M,M,M,62.00,KPHX 271451Z 24003KT 10SM FEW040 BKN060 BKN080 17/12 A2992 RMK AO2 SLP122 T01670122 53010,M
PHX,2025-12-27 15:51,-112.0116,33.4343,337.00,61.00,53.00,74.94,M,3.00,0.00,29.94,1012.80,10.00,M,FEW,SCT,BKN,M,6000.00,9000.00,22000.00,M,M,M,M,M,M,M,M,61.00,KPHX 271551Z VRB03KT 10SM FEW060 SCT090 BKN220 16/12 A2994 RMK AO2 SLP128 T01610117,M
PHX,2025-12-27 16:51,-112.0116,33.4343,337.00,64.00,49.00,58.15,320.00,3.00,0.00,29.95,1013.10,10.00,M,SCT,BKN,BKN,M,6000.00,9000.00,22000.00,M,M,M,M,M,M,M,M,64.00,KPHX 271651Z 32003KT 10SM SCT060 BKN090 BKN220 18/09 A2995 RMK AO2 SLP131 T01780094,M
PHX,2025-12-27 17:51,-112.0116,33.4343,337.00,66.00,47.00,50.31,260.00,8.00,0.00,29.95,1013.20,10.00,M,SCT,BKN,BKN,M,6000.00,9500.00,22000.00,M,M,M,M,M,M,M,M,66.00,KPHX 271751Z 26008KT 10SM SCT060 BKN095 BKN220 19/08 A2995 RMK AO2 SLP132 T01890083 10189 20161 51010,M
PHX,2025-12-27 18:51,-112.0116,33.4343,337.00,67.00,45.00,45.06,290.00,7.00,0.00,29.94,1012.60,10.00,M,SCT,BKN,BKN,M,6000.00,9000.00,22000.00,M,M,M,M,M,M,M,M,67.00,KPHX 271851Z 29007KT 10SM SCT060 BKN090 BKN220 19/07 A2994 RMK AO2 SLP126 T01940072,M
PHX,2025-12-27 19:51,-112.0116,33.4343,337.00,71.00,45.00,39.29,280.00,6.00,0.00,29.90,1011.30,10.00,M,SCT,SCT,BKN,M,6000.00,9500.00,22000.00,M,M,M,M,M,M,M,M,71.00,KPHX 271951Z 28006KT 10SM SCT060 SCT095 BKN220 22/07 A2990 RMK AO2 SLP113 T02170072,M
PHX,2025-12-27 20:51,-112.0116,33.4343,337.00,69.00,44.00,40.49,300.00,13.00,0.00,29.89,1010.90,10.00,M,SCT,SCT,BKN,M,6000.00,9500.00,22000.00,M,M,M,M,M,M,M,M,69.00,KPHX 272051Z 30013KT 10SM SCT060 SCT095 BKN220 21/07 A2989 RMK AO2 SLP109 T02060067 56023,M
PHX,2025-12-27 21:51,-112.0116,33.4343,337.00,69.00,44.00,40.49,280.00,13.00,0.00,29.88,1010.80,10.00,M,SCT,SCT,BKN,M,7500.00,9500.00,22000.00,M,M,M,M,M,M,M,M,69.00,KPHX 272151Z 28013KT 10SM SCT075 SCT095 BKN220 21/07 A2988 RMK AO2 SLP108 T02060067,M
PHX,2025-12-27 22:51,-112.0116,33.4343,337.00,69.00,44.00,40.49,270.00,11.00,0.00,29.89,1011.10,10.00,M,FEW,SCT,BKN,M,6500.00,8500.00,22000.00,M,M,M,M,M,M,M,M,69.00,KPHX 272251Z 27011KT 10SM FEW065 SCT085 BKN220 21/07 A2989 RMK AO2 SLP111 T02060067,M
PHX,2025-12-27 23:51,-112.0116,33.4343,337.00,68.00,43.00,40.33,300.00,9.00,0.00,29.89,1011.20,10.00,16.00,FEW,SCT,SCT,M,6000.00,8500.00,22000.00,M,M,M,M,M,M,M,M,68.00,KPHX 272351Z 30009G16KT 10SM FEW060 SCT085 SCT220 20/06 A2989 RMK AO2 SLP112 T02000061 10217 20189 53003,M
PHX,2025-12-28 00:51,-112.0116,33.4343,337.00,67.00,43.00,41.74,260.00,7.00,0.00,29.91,1011.80,10.00,M,FEW,FEW,SCT,M,6500.00,8500.00,25000.00,M,M,M,M,M,M,M,M,67.00,KPHX 280051Z 26007KT 10SM FEW065 FEW085 SCT250 19/06 A2991 RMK AO2 SLP118 T01940061,M
PHX,2025-12-28 01:51,-112.0116,33.4343,337.00,65.00,43.00,44.74,260.00,8.00,0.00,29.93,1012.50,10.00,M,FEW,FEW,M,M,6000.00,25000.00,M,M,M,M,M,M,M,M,M,65.00,KPHX 280151Z 26008KT 10SM FEW060 FEW250 18/06 A2993 RMK AO2 SLP125 T01830061,M
PHX,2025-12-28 02:51,-112.0116,33.4343,337.00,62.00,44.00,51.64,250.00,5.00,0.00,29.95,1013.10,10.00,M,FEW,M,M,M,6000.00,M,M,M,M,M,M,M,M,M,M,62.00,KPHX 280251Z 25005KT 10SM FEW060 17/07 A2995 RMK AO2 SLP131 T01670067 52017,M
PHX,2025-12-28 03:51,-112.0116,33.4343,337.00,61.00,43.00,51.49,250.00,5.00,0.00,29.96,1013.80,10.00,M,FEW,FEW,M,M,6000.00,25000.00,M,M,M,M,M,M,M,M,M,61.00,KPHX 280351Z 25005KT 10SM FEW060 FEW250 16/06 A2996 RMK AO2 SLP138 T01610061,M
PHX,2025-12-28 04:51,-112.0116,33.4343,337.00,60.00,42.00,51.34,300.00,5.00,0.00,29.99,1014.50,10.00,M,FEW,FEW,M,M,6000.00,25000.00,M,M,M,M,M,M,M,M,M,60.00,KPHX 280451Z 30005KT 10SM FEW060 FEW250 16/06 A2999 RMK AO2 SLP145 T01560056,M
PHX,2025-12-28 05:51,-112.0116,33.4343,337.00,57.00,42.00,57.16,220.00,4.00,0.00,30.00,1014.90,10.00,M,FEW,FEW,M,M,6000.00,25000.00,M,M,M,M,M,M,M,M,M,57.00,KPHX 280551Z 22004KT 10SM FEW060 FEW250 14/06 A3000 RMK AO2 SLP149 T01390056 10200 20139 51018,M
PHX,2025-12-28 06:51,-112.0116,33.4343,337.00,57.00,42.00,57.16,250.00,6.00,0.00,30.00,1015.00,10.00,M,FEW,M,M,M,6000.00,M,M,M,M,M,M,M,M,M,M,57.00,KPHX 280651Z 25006KT 10SM FEW060 14/06 A3000 RMK AO2 SLP150 T01390056 402170139,M
PHX,2025-12-28 07:51,-112.0116,33.4343,337.00,56.00,41.00,57.02,270.00,6.00,0.00,30.01,1015.30,10.00,M,CLR,M,M,M,M,M,M,M,M,M,M,M,M,M,M,56.00,KPHX 280751Z 27006KT 10SM CLR 13/05 A3001 RMK AO2 SLP153 T01330050,M
PHX,2025-12-28 08:51,-112.0116,33.4343,337.00,54.00,42.00,63.74,260.00,5.00,0.00,30.02,1015.60,10.00,M,CLR,M,M,M,M,M,M,M,M,M,M,M,M,M,M,54.00,KPHX 280851Z 26005KT 10SM CLR 12/06 A3002 RMK AO2 SLP156 T01220056 53007,M
PHX,2025-12-28 09:51,-112.0116,33.4343,337.00,55.00,41.00,59.13,280.00,5.00,0.00,30.04,1016.30,10.00,M,CLR,M,M,M,M,M,M,M,M,M,M,M,M,M,M,55.00,KPHX 280951Z 28005KT 10SM CLR 13/05 A3004 RMK AO2 SLP163 T01280050,M
PHX,2025-12-28 10:51,-112.0116,33.4343,337.00,54.00,41.00,61.32,300.00,4.00,0.00,30.05,1016.80,10.00,M,SCT,M,M,M,25000.00,M,M,M,M,M,M,M,M,M,M,54.00,KPHX 281051Z 30004KT 10SM SCT250 12/05 A3005 RMK AO2 SLP168 T01220050,M
PHX,2025-12-28 11:51,-112.0116,33.4343,337.00,53.00,41.00,63.61,300.00,4.00,0.00,30.06,1017.20,10.00,M,FEW,M,M,M,25000.00,M,M,M,M,M,M,M,M,M,M,53.00,KPHX 281151Z 30004KT 10SM FEW250 12/05 A3006 RMK AO2 SLP172 T01170050 10144 20111 51015,M
PHX,2025-12-28 12:51,-112.0116,33.4343,337.00,52.00,41.00,65.99,0.00,0.00,0.00,30.08,1017.80,10.00,M,CLR,M,M,M,M,M,M,M,M,M,M,M,M,M,M,52.00,KPHX 281251Z 00000KT 10SM CLR 11/05 A3008 RMK AO2 SLP178 T01110050,M
PHX,2025-12-28 13:51,-112.0116,33.4343,337.00,49.00,41.00,73.76,0.00,0.00,0.00,30.09,1018.40,10.00,M,FEW,M,M,M,7000.00,M,M,M,M,M,M,M,M,M,M,49.00,KPHX 281351Z 00000KT 10SM FEW070 09/05 A3009 RMK AO2 SLP184 T00940050,M
PHX,2025-12-28 14:51,-112.0116,33.4343,337.00,49.00,41.00,73.76,240.00,3.00,0.00,30.12,1019.30,10.00,M,FEW,SCT,M,M,7000.00,25000.00,M,M,M,M,M,M,M,M,M,48.12,KPHX 281451Z 24003KT 10SM FEW070 SCT250 09/05 A3012 RMK AO2 SLP193 T00940050 53018,M
PHX,2025-12-28 15:51,-112.0116,33.4343,337.00,52.00,41.00,65.99,0.00,0.00,0.00,30.13,1019.70,10.00,M,FEW,SCT,M,M,9000.00,25000.00,M,M,M,M,M,M,M,M,M,52.00,KPHX 281551Z 00000KT 10SM FEW090 SCT250 11/05 A3013 RMK AO2 SLP197 T01110050,M
PHX,2025-12-28 16:51,-112.0116,33.4343,337.00,56.00,41.00,57.02,0.00,0.00,0.00,30.15,1020.40,10.00,M,BKN,M,M,M,25000.00,M,M,M,M,M,M,M,M,M,M,56.00,KPHX 281651Z 00000KT 10SM BKN250 13/05 A3015 RMK AO2 SLP204 T01330050,M
PHX,2025-12-28 17:51,-112.0116,33.4343,337.00,58.00,40.00,51.03,0.00,0.00,0.00,30.16,1020.70,10.00,M,FEW,BKN,M,M,20000.00,25000.00,M,M,M,M,M,M,M,M,M,58.00,KPHX 281751Z 00000KT 10SM FEW200 BKN250 14/04 A3016 RMK AO2 SLP207 T01440044 10150 20089 51015,M
PHX,2025-12-28 18:51,-112.0116,33.4343,337.00,61.00,40.00,45.85,M,4.00,0.00,30.14,1019.70,10.00,M,FEW,BKN,M,M,20000.00,25000.00,M,M,M,M,M,M,M,M,M,61.00,KPHX 281851Z VRB04KT 10SM FEW200 BKN250 16/04 A3014 RMK AO2 SLP197 T01610044,M
PHX,2025-12-28 19:51,-112.0116,33.4343,337.00,63.00,41.00,44.42,290.00,4.00,0.00,30.10,1018.40,10.00,M,FEW,SCT,M,M,20000.00,25000.00,M,M,M,M,M,M,M,M,M,63.00,KPHX 281951Z 29004KT 10SM FEW200 SCT250 17/05 A3010 RMK AO2 SLP184 T01720050,M
PHX,2025-12-28 20:51,-112.0116,33.4343,337.00,65.00,39.00,38.32,0.00,0.00,0.00,30.07,1017.40,10.00,M,FEW,SCT,M,M,20000.00,25000.00,M,M,M,M,M,M,M,M,M,65.00,KPHX 282051Z 00000KT 10SM FEW200 SCT250 18/04 A3007 RMK AO2 SLP174 T01830039 58031,M
PHX,2025-12-28 21:51,-112.0116,33.4343,337.00,67.00,38.00,34.38,0.00,0.00,0.00,30.05,1016.50,10.00,M,FEW,BKN,M,M,20000.00,25000.00,M,M,M,M,M,M,M,M,M,67.00,KPHX 282151Z 00000KT 10SM FEW200 BKN250 19/03 A3005 RMK AO2 SLP165 T01940033,M
PHX,2025-12-28 22:51,-112.0116,33.4343,337.00,67.00,38.00,34.38,300.00,7.00,0.00,30.05,1016.70,10.00,M,FEW,BKN,M,M,18000.00,25000.00,M,M,M,M,M,M,M,M,M,67.00,KPHX 282251Z 30007KT 10SM FEW180 BKN250 19/03 A3005 RMK AO2 SLP167 T01940033,M
PHX,2025-12-28 23:51,-112.0116,33.4343,337.00,67.00,37.00,33.05,310.00,7.00,0.00,30.06,1017.00,10.00,M,FEW,SCT,BKN,M,18000.00,22000.00,25000.00,M,M,M,M,M,M,M,M,67.00,KPHX 282351Z 31007KT 10SM FEW180 SCT220 BKN250 19/03 A3006 RMK AO2 SLP170 T01940028 10200 20144 55004,M
PHX,2025-12-29 00:51,-112.0116,33.4343,337.00,66.00,37.00,34.22,260.00,7.00,0.00,30.06,1017.20,10.00,M,FEW,SCT,BKN,M,18000.00,22000.00,25000.00,M,M,M,M,M,M,M,M,66.00,KPHX 290051Z 26007KT 10SM FEW180 SCT220 BKN250 19/03 A3006 RMK AO2 SLP172 T01890028,M
PHX,2025-12-29 01:51,-112.0116,33.4343,337.00,63.00,39.00,41.10,240.00,8.00,0.00,30.06,1017.30,10.00,M,SCT,BKN,M,M,22000.00,25000.00,M,M,M,M,M,M,M,M,M,63.00,KPHX 290151Z 24008KT 10SM SCT220 BKN250 17/04 A3006 RMK AO2 SLP173 T01720039,M
PHX,2025-12-29 02:51,-112.0116,33.4343,337.00,61.00,38.00,42.41,240.00,4.00,0.00,30.07,1017.70,10.00,M,FEW,SCT,BKN,M,18000.00,22000.00,24000.00,M,M,M,M,M,M,M,M,61.00,KPHX 290251Z 24004KT 10SM FEW180 SCT220 BKN240 16/03 A3007 RMK AO2 SLP177 T01610033 53005,M
PHX,2025-12-29 03:51,-112.0116,33.4343,337.00,59.00,38.00,45.53,0.00,0.00,0.00,30.08,1018.10,10.00,M,FEW,SCT,BKN,M,18000.00,22000.00,25000.00,M,M,M,M,M,M,M,M,59.00,KPHX 290351Z 00000KT 10SM FEW180 SCT220 BKN250 15/03 A3008 RMK AO2 SLP181 T01500033,M
PHX,2025-12-29 04:51,-112.0116,33.4343,337.00,57.00,38.00,48.92,250.00,3.00,0.00,30.09,1018.40,10.00,M,SCT,BKN,M,M,20000.00,25000.00,M,M,M,M,M,M,M,M,M,57.00,KPHX 290451Z 25003KT 10SM SCT200 BKN250 14/03 A3009 RMK AO2 SLP184 T01390033,M
PHX,2025-12-29 05:51,-112.0116,33.4343,337.00,56.00,38.00,50.72,230.00,4.00,0.00,30.10,1018.60,10.00,M,SCT,SCT,M,M,20000.00,24000.00,M,M,M,M,M,M,M,M,M,56.00,KPHX 290551Z 23004KT 10SM SCT200 SCT240 13/03 A3010 RMK AO2 SLP186 T01330033 10194 20133 51010,M
PHX,2025-12-29 06:51,-112.0116,33.4343,337.00,55.00,38.00,52.60,0.00,0.00,0.00,30.12,1019.20,10.00,M,BKN,M,M,M,23000.00,M,M,M,M,M,M,M,M,M,M,55.00,KPHX 290651Z 00000KT 10SM BKN230 13/03 A3012 RMK AO2 SLP192 T01280033 402000089,M
PHX,2025-12-29 07:51,-112.0116,33.4343,337.00,53.00,36.00,52.30,240.00,5.00,0.00,30.12,1019.40,10.00,M,BKN,M,M,M,23000.00,M,M,M,M,M,M,M,M,M,M,53.00,KPHX 290751Z 24005KT 10SM BKN230 12/02 A3012 RMK AO2 SLP194 T01170022,M
PHX,2025-12-29 08:51,-112.0116,33.4343,337.00,54.00,30.00,39.62,240.00,5.00,0.00,30.13,1019.40,10.00,M,FEW,BKN,M,M,14000.00,23000.00,M,M,M,M,M,M,M,M,M,54.00,KPHX 290851Z 24005KT 10SM FEW140 BKN230 12/M01 A3013 RMK AO2 SLP194 T01221011 51008,M
PHX,2025-12-29 09:51,-112.0116,33.4343,337.00,53.00,29.00,39.45,250.00,3.00,0.00,30.12,1019.20,10.00,M,FEW,BKN,M,M,14000.00,23000.00,M,M,M,M,M,M,M,M,M,53.00,KPHX 290951Z 25003KT 10SM FEW140 BKN230 12/M02 A3012 RMK AO2 SLP192 T01171017,M
PHX,2025-12-29 10:51,-112.0116,33.4343,337.00,52.00,30.00,42.64,240.00,4.00,0.00,30.12,1019.30,10.00,M,FEW,FEW,M,M,12000.00,23000.00,M,M,M,M,M,M,M,M,M,52.00,KPHX 291051Z 24004KT 10SM FEW120 FEW230 11/M01 A3012 RMK AO2 SLP193 T01111011,M
PHX,2025-12-29 11:51,-112.0116,33.4343,337.00,52.00,30.00,42.64,230.00,4.00,0.00,30.11,1019.00,10.00,M,FEW,FEW,M,M,12000.00,23000.00,M,M,M,M,M,M,M,M,M,52.00,KPHX 291151Z 23004KT 10SM FEW120 FEW230 11/M01 A3011 RMK AO2 SLP190 T01111011 10133 20106 57004,M
PHX,2025-12-29 12:51,-112.0116,33.4343,337.00,52.00,30.00,42.64,250.00,4.00,0.00,30.12,1019.10,10.00,M,FEW,BKN,M,M,12000.00,23000.00,M,M,M,M,M,M,M,M,M,52.00,KPHX 291251Z 25004KT 10SM FEW120 BKN230 11/M01 A3012 RMK AO2 SLP191 T01111011,M
PHX,2025-12-29 13:51,-112.0116,33.4343,337.00,52.00,29.00,40.93,0.00,0.00,0.00,30.13,1019.60,10.00,M,SCT,BKN,M,M,23000.00,27000.00,M,M,M,M,M,M,M,M,M,52.00,KPHX 291351Z 00000KT 10SM SCT230 BKN270 11/M02 A3013 RMK AO2 SLP196 T01111017,M
PHX,2025-12-29 14:51,-112.0116,33.4343,337.00,52.00,28.00,39.29,260.00,3.00,0.00,30.15,1020.40,10.00,M,SCT,BKN,M,M,23000.00,27000.00,M,M,M,M,M,M,M,M,M,52.00,KPHX 291451Z 26003KT 10SM SCT230 BKN270 11/M02 A3015 RMK AO2 SLP204 T01111022 53012,M
PHX,2025-12-29 15:51,-112.0116,33.4343,337.00,54.00,28.00,36.51,240.00,3.00,0.00,30.17,1021.20,10.00,M,FEW,BKN,M,M,23000.00,27000.00,M,M,M,M,M,M,M,M,M,54.00,KPHX 291551Z 24003KT 10SM FEW230 BKN270 12/M02 A3017 RMK AO2 SLP212 T01221022,M
PHX,2025-12-29 16:51,-112.0116,33.4343,337.00,59.00,25.00,26.91,280.00,5.00,0.00,30.19,1021.60,10.00,M,SCT,BKN,M,M,23000.00,27000.00,M,M,M,M,M,M,M,M,M,59.00,KPHX 291651Z 28005KT 10SM SCT230 BKN270 15/M04 A3019 RMK AO2 SLP216 T01501039,M
PHX,2025-12-29 17:51,-112.0116,33.4343,337.00,66.00,28.00,23.82,M,3.00,0.00,30.18,1021.20,10.00,M,SCT,BKN,M,M,23000.00,27000.00,M,M,M,M,M,M,M,M,M,66.00,KPHX 291751Z VRB03KT 10SM SCT230 BKN270 19/M02 A3018 RMK AO2 SLP212 T01891022 10189 20106 50010,M
PHX,2025-12-29 18:51,-112.0116,33.4343,337.00,71.00,24.00,17.00,50.00,10.00,0.00,30.16,1020.40,10.00,M,FEW,BKN,M,M,25000.00,29000.00,M,M,M,M,M,M,M,M,M,71.00,KPHX 291851Z 05010KT 10SM FEW250 BKN290 22/M04 A3016 RMK AO2 SLP204 T02171044,M
PHX,2025-12-29 19:51,-112.0116,33.4343,337.00,73.00,26.00,17.27,70.00,13.00,0.00,30.12,1018.90,10.00,21.00,FEW,BKN,M,M,25000.00,29000.00,M,M,M,M,M,M,M,M,M,73.00,KPHX 291951Z 07013G21KT 10SM FEW250 BKN290 23/M03 A3012 RMK AO2 SLP189 T02281033,M
PHX,2025-12-29 20:51,-112.0116,33.4343,337.00,74.00,25.00,16.02,70.00,17.00,0.00,30.10,1018.20,10.00,M,FEW,BKN,M,M,25000.00,29000.00,M,M,M,M,M,M,M,M,M,74.00,KPHX 292051Z 07017KT 10SM FEW250 BKN290 23/M04 A3010 RMK AO2 SLP182 T02331039 56028,M
PHX,2025-12-29 21:51,-112.0116,33.4343,337.00,75.00,27.00,16.83,70.00,14.00,0.00,30.09,1017.90,10.00,M,FEW,SCT,M,M,25000.00,29000.00,M,M,M,M,M,M,M,M,M,75.00,KPHX 292151Z 07014KT 10SM FEW250 SCT290 24/M03 A3009 RMK AO2 SLP179 T02391028,M
PHX,2025-12-29 22:51,-112.0116,33.4343,337.00,75.00,29.00,18.27,80.00,14.00,0.00,30.10,1018.20,10.00,M,FEW,FEW,M,M,17000.00,25000.00,M,M,M,M,M,M,M,M,M,75.00,KPHX 292251Z 08014KT 10SM FEW170 FEW250 24/M02 A3010 RMK AO2 SLP182 T02391017,M
PHX,2025-12-29 23:51,-112.0116,33.4343,337.00,74.00,31.00,20.50,70.00,12.00,0.00,30.10,1018.40,10.00,M,FEW,SCT,M,M,17000.00,25000.00,M,M,M,M,M,M,M,M,M,74.00,KPHX 292351Z 07012KT 10SM FEW170 SCT250 23/M01 A3010 RMK AO2 SLP184 T02331006 10244 20189 53001,M
PHX,2025-12-30 00:51,-112.0116,33.4343,337.00,72.00,31.00,21.92,80.00,11.00,0.00,30.11,1018.80,10.00,M,SCT,BKN,M,M,18000.00,25000.00,M,M,M,M,M,M,M,M,M,72.00,KPHX 300051Z 08011KT 10SM SCT180 BKN250 22/M01 A3011 RMK AO2 SLP188 T02221006,M
PHX,2025-12-30 01:51,-112.0116,33.4343,337.00,70.00,31.00,23.46,90.00,10.00,0.00,30.12,1019.00,10.00,M,SCT,BKN,M,M,18000.00,23000.00,M,M,M,M,M,M,M,M,M,70.00,KPHX 300151Z 09010KT 10SM SCT180 BKN230 21/M01 A3012 RMK AO2 SLP190 T02111006,M
PHX,2025-12-30 02:51,-112.0116,33.4343,337.00,69.00,29.00,22.38,80.00,11.00,0.00,30.14,1019.70,10.00,M,SCT,BKN,M,M,18000.00,23000.00,M,M,M,M,M,M,M,M,M,69.00,KPHX 300251Z 08011KT 10SM SCT180 BKN230 21/M02 A3014 RMK AO2 SLP197 T02061017 53013,M
PHX,2025-12-30 03:51,-112.0116,33.4343,337.00,66.00,30.00,25.85,80.00,8.00,0.00,30.17,1020.70,10.00,M,SCT,M,M,M,23000.00,M,M,M,M,M,M,M,M,M,M,66.00,KPHX 300351Z 08008KT 10SM SCT230 19/M01 A3017 RMK AO2 SLP207 T01891011,M
PHX,2025-12-30 04:51,-112.0116,33.4343,337.00,65.00,29.00,25.69,80.00,10.00,0.00,30.17,1020.80,10.00,M,BKN,M,M,M,23000.00,M,M,M,M,M,M,M,M,M,M,65.00,KPHX 300451Z 08010KT 10SM BKN230 18/M02 A3017 RMK AO2 SLP208 T01831017,M
PHX,2025-12-30 05:51,-112.0116,33.4343,337.00,64.00,24.00,21.63,80.00,12.00,0.00,30.17,1020.70,10.00,M,BKN,M,M,M,24000.00,M,M,M,M,M,M,M,M,M,M,64.00,KPHX 300551Z 08012KT 10SM BKN240 18/M04 A3017 RMK AO2 SLP207 T01781044 10233 20178 50010,M
PHX,2025-12-30 06:51,-112.0116,33.4343,337.00,65.00,23.00,20.03,80.00,11.00,0.00,30.18,1020.80,10.00,M,BKN,M,M,M,24000.00,M,M,M,M,M,M,M,M,M,M,65.00,KPHX 300651Z 08011KT 10SM BKN240 18/M05 A3018 RMK AO2 SLP208 T01831050 402440106,M
PHX,2025-12-30 07:51,-112.0116,33.4343,337.00,65.00,21.00,18.41,70.00,13.00,0.00,30.17,1020.50,10.00,M,BKN,M,M,M,24000.00,M,M,M,M,M,M,M,M,M,M,65.00,KPHX 300751Z 07013KT 10SM BKN240 18/M06 A3017 RMK AO2 SLP205 T01831061,M
PHX,2025-12-30 08:51,-112.0116,33.4343,337.00,64.00,21.00,19.06,80.00,14.00,0.00,30.17,1020.60,10.00,M,BKN,M,M,M,23000.00,M,M,M,M,M,M,M,M,M,M,64.00,KPHX 300851Z 08014KT 10SM BKN230 18/M06 A3017 RMK AO2 SLP206 T01781061 51002,M
PHX,2025-12-30 09:51,-112.0116,33.4343,337.00,63.00,21.00,19.74,70.00,14.00,0.00,30.19,1021.20,10.00,M,BKN,M,M,M,23000.00,M,M,M,M,M,M,M,M,M,M,63.00,KPHX 300951Z 07014KT 10SM BKN230 17/M06 A3019 RMK AO2 SLP212 T01721061,M
PHX,2025-12-30 10:51,-112.0116,33.4343,337.00,62.00,22.00,21.33,80.00,12.00,0.00,30.19,1021.30,10.00,M,SCT,M,M,M,23000.00,M,M,M,M,M,M,M,M,M,M,62.00,KPHX 301051Z 08012KT 10SM SCT230 17/M06 A3019 RMK AO2 SLP213 T01671056,M
PHX,2025-12-30 11:51,-112.0116,33.4343,337.00,61.00,22.00,22.10,70.00,13.00,0.00,30.19,1021.10,10.00,M,SCT,M,M,M,23000.00,M,M,M,M,M,M,M,M,M,M,61.00,KPHX 301151Z 07013KT 10SM SCT230 16/M06 A3019 RMK AO2 SLP211 T01611056 10183 20161 50004,M
PHX,2025-12-30 12:51,-112.0116,33.4343,337.00,62.00,21.00,20.45,60.00,12.00,0.00,30.19,1021.40,10.00,M,SCT,M,M,M,23000.00,M,M,M,M,M,M,M,M,M,M,62.00,KPHX 301251Z 06012KT 10SM SCT230 17/M06 A3019 RMK AO2 SLP214 T01671061,M
PHX,2025-12-30 13:51,-112.0116,33.4343,337.00,62.00,21.00,20.45,70.00,14.00,0.00,30.20,1021.50,10.00,M,BKN,M,M,M,22000.00,M,M,M,M,M,M,M,M,M,M,62.00,KPHX 301351Z 07014KT 10SM BKN220 17/M06 A3020 RMK AO2 SLP215 T01671061,M
PHX,2025-12-30 14:51,-112.0116,33.4343,337.00,61.00,20.00,20.30,80.00,15.00,0.00,30.19,1021.40,10.00,M,FEW,SCT,BKN,M,15000.00,22000.00,27000.00,M,M,M,M,M,M,M,M,61.00,KPHX 301451Z COR 08015KT 10SM FEW150 SCT220 BKN270 16/M07 A3019 RMK AO2 SLP214 T01611067 50002,M
PHX,2025-12-30 15:51,-112.0116,33.4343,337.00,62.00,19.00,18.77,70.00,13.00,0.00,30.22,1022.30,10.00,M,FEW,SCT,BKN,M,15000.00,22000.00,27000.00,M,M,M,M,M,M,M,M,62.00,KPHX 301551Z 07013KT 10SM FEW150 SCT220 BKN270 17/M07 A3022 RMK AO2 SLP223 T01671072,M
PHX,2025-12-30 16:51,-112.0116,33.4343,337.00,65.00,21.00,18.41,70.00,16.00,0.00,30.23,1022.60,10.00,M,FEW,SCT,BKN,M,15000.00,22000.00,27000.00,M,M,M,M,M,27.00,60.00,2025-12-30 16:32,65.00,KPHX 301651Z 07016KT 10SM FEW150 SCT220 BKN270 18/M06 A3023 RMK AO2 PK WND 06027/1632 SLP226 T01831061,M
PHX,2025-12-30 17:51,-112.0116,33.4343,337.00,67.00,21.00,17.17,70.00,17.00,0.00,30.22,1022.40,10.00,23.00,FEW,BKN,BKN,M,15000.00,22000.00,27000.00,M,M,M,M,M,M,M,M,67.00,KPHX 301751Z 07017G23KT 10SM FEW150 BKN220 BKN270 19/M06 A3022 RMK AO2 SLP224 T01941061 10194 20161 50010,M
PHX,2025-12-30 18:51,-112.0116,33.4343,337.00,69.00,26.00,19.78,80.00,12.00,0.00,30.20,1021.60,10.00,22.00,FEW,SCT,BKN,M,18000.00,22000.00,27000.00,M,M,M,M,M,M,M,M,69.00,KPHX 301851Z 08012G22KT 10SM FEW180 SCT220 BKN270 21/M03 A3020 RMK AO2 SLP216 T02061033,M
PHX,2025-12-30 19:51,-112.0116,33.4343,337.00,70.00,26.00,19.11,80.00,13.00,0.00,30.16,1020.20,10.00,M,SCT,BKN,M,M,21000.00,27000.00,M,M,M,M,M,M,M,M,M,70.00,KPHX 301951Z 08013KT 10SM SCT210 BKN270 21/M03 A3016 RMK AO2 SLP202 T02111033,M
PHX,2025-12-30 20:51,-112.0116,33.4343,337.00,71.00,28.00,20.06,70.00,7.00,0.00,30.14,1019.60,10.00,M,SCT,BKN,M,M,21000.00,27000.00,M,M,M,M,M,M,M,M,M,71.00,KPHX 302051Z 07007KT 10SM SCT210 BKN270 22/M02 A3014 RMK AO2 SLP196 T02171022 56027,M
PHX,2025-12-30 21:51,-112.0116,33.4343,337.00,72.00,29.00,20.21,100.00,5.00,0.00,30.13,1019.20,10.00,M,FEW,SCT,BKN,M,14000.00,21000.00,25000.00,M,M,M,M,M,M,M,M,72.00,KPHX 302151Z 10005KT 10SM FEW140 SCT210 BKN250 22/M02 A3013 RMK AO2 SLP192 T02221017,M
PHX,2025-12-30 22:51,-112.0116,33.4343,337.00,72.00,30.00,21.05,70.00,5.00,0.00,30.12,1018.80,10.00,M,FEW,SCT,BKN,M,14000.00,19000.00,25000.00,M,M,M,M,M,M,M,M,72.00,KPHX 302251Z 07005KT 10SM FEW140 SCT190 BKN250 22/M01 A3012 RMK AO2 SLP188 T02221011,M
PHX,2025-12-30 23:51,-112.0116,33.4343,337.00,72.00,31.00,21.92,70.00,5.00,0.00,30.11,1018.70,10.00,M,FEW,SCT,BKN,M,14000.00,19000.00,25000.00,M,M,M,M,M,M,M,M,72.00,KPHX 302351Z 07005KT 10SM FEW140 SCT190 BKN250 22/M01 A3011 RMK AO2 SLP187 T02221006 10228 20194 56009,M
PHX,2025-12-31 00:51,-112.0116,33.4343,337.00,70.00,32.00,24.43,0.00,0.00,0.00,30.12,1018.70,10.00,M,FEW,SCT,BKN,M,16000.00,20000.00,25000.00,M,M,M,M,M,M,M,M,70.00,KPHX 310051Z 00000KT 10SM FEW160 SCT200 BKN250 21/00 A3012 RMK AO2 SLP187 T02110000,M
PHX,2025-12-31 01:51,-112.0116,33.4343,337.00,67.00,34.00,29.34,0.00,0.00,0.00,30.12,1019.00,10.00,M,FEW,BKN,M,M,20000.00,25000.00,M,M,M,M,M,M,M,M,M,67.00,KPHX 310151Z 00000KT 10SM FEW200 BKN250 19/01 A3012 RMK AO2 SLP190 T01940011,M
PHX,2025-12-31 02:51,-112.0116,33.4343,337.00,65.00,33.00,30.21,100.00,5.00,0.00,30.13,1019.20,10.00,M,FEW,BKN,M,M,20000.00,25000.00,M,M,M,M,M,M,M,M,M,65.00,KPHX 310251Z 10005KT 10SM FEW200 BKN250 18/01 A3013 RMK AO2 SLP192 T01830006 53004,M
PHX,2025-12-31 03:51,-112.0116,33.4343,337.00,64.00,30.00,27.71,90.00,7.00,0.00,30.13,1019.30,10.00,M,SCT,M,M,M,25000.00,M,M,M,M,M,M,M,M,M,M,64.00,KPHX 310351Z 09007KT 10SM SCT250 18/M01 A3013 RMK AO2 SLP193 T01781011,M
PHX,2025-12-31 04:51,-112.0116,33.4343,337.00,64.00,30.00,27.71,120.00,5.00,0.00,30.13,1019.40,10.00,M,BKN,M,M,M,25000.00,M,M,M,M,M,M,M,M,M,M,64.00,KPHX 310451Z 12005KT 10SM BKN250 18/M01 A3013 RMK AO2 SLP194 T01781011,M
PHX,2025-12-31 05:51,-112.0116,33.4343,337.00,64.00,29.00,26.60,140.00,3.00,0.00,30.13,1019.30,10.00,M,BKN,M,M,M,25000.00,M,M,M,M,M,M,M,M,M,M,64.00,KPHX 310551Z 14003KT 10SM BKN250 18/M02 A3013 RMK AO2 SLP193 T01781017 10222 20172 50002,M
PHX,2025-12-31 06:51,-112.0116,33.4343,337.00,61.00,30.00,30.80,110.00,5.00,0.00,30.13,1019.30,10.00,M,BKN,M,M,M,25000.00,M,M,M,M,M,M,M,M,M,M,61.00,KPHX 310651Z 11005KT 10SM BKN250 16/M01 A3013 RMK AO2 SLP193 T01611011 402280156,M
PHX,2025-12-31 07:51,-112.0116,33.4343,337.00,59.00,30.00,33.07,130.00,3.00,0.00,30.12,1019.00,10.00,M,BKN,M,M,M,24000.00,M,M,M,M,M,M,M,M,M,M,59.00,KPHX 310751Z 13003KT 10SM BKN240 15/M01 A3012 RMK AO2 SLP190 T01501011,M
PHX,2025-12-31 08:51,-112.0116,33.4343,337.00,59.00,29.00,31.75,130.00,3.00,0.00,30.11,1018.60,10.00,M,SCT,M,M,M,23000.00,M,M,M,M,M,M,M,M,M,M,59.00,KPHX 310851Z 13003KT 10SM SCT230 15/M02 A3011 RMK AO2 SLP186 T01501017 58007,M
PHX,2025-12-31 09:51,-112.0116,33.4343,337.00,59.00,28.00,30.47,0.00,0.00,0.00,30.10,1018.20,10.00,M,CLR,M,M,M,M,M,M,M,M,M,M,M,M,M,M,59.00,KPHX 310951Z 00000KT 10SM CLR 15/M02 A3010 RMK AO2 SLP182 T01501022,M
PHX,2025-12-31 10:51,-112.0116,33.4343,337.00,58.00,30.00,34.27,0.00,0.00,0.00,30.09,1017.80,10.00,M,FEW,FEW,M,M,12000.00,18000.00,M,M,M,M,M,M,M,M,M,58.00,KPHX 311051Z 00000KT 10SM FEW120 FEW180 14/M01 A3009 RMK AO2 SLP178 T01441011,M
PHX,2025-12-31 11:51,-112.0116,33.4343,337.00,58.00,30.00,34.27,0.00,0.00,0.00,30.08,1017.60,10.00,M,FEW,FEW,M,M,12000.00,18000.00,M,M,M,M,M,M,M,M,M,58.00,KPHX 311151Z 00000KT 10SM FEW120 FEW180 14/M01 A3008 RMK AO2 SLP176 T01441011 10172 20128 56010,M
PHX,2025-12-31 12:51,-112.0116,33.4343,337.00,62.00,26.00,25.22,80.00,6.00,0.00,30.08,1017.40,10.00,M,FEW,FEW,M,M,12000.00,18000.00,M,M,M,M,M,M,M,M,M,62.00,KPHX 311251Z 08006KT 10SM FEW120 FEW180 17/M03 A3008 RMK AO2 SLP174 T01671033,M
PHX,2025-12-31 13:51,-112.0116,33.4343,337.00,60.00,29.00,30.63,300.00,3.00,0.00,30.09,1017.80,10.00,M,FEW,SCT,BKN,M,16000.00,20000.00,23000.00,M,M,M,M,M,M,M,M,60.00,KPHX 311351Z 30003KT 10SM FEW160 SCT200 BKN230 16/M02 A3009 RMK AO2 SLP178 T01561017,M
PHX,2025-12-31 14:51,-112.0116,33.4343,337.00,62.00,25.00,24.19,130.00,5.00,0.00,30.11,1018.80,10.00,M,SCT,BKN,OVC,M,16000.00,20000.00,23000.00,M,M,M,M,M,M,M,M,62.00,KPHX 311451Z 13005KT 10SM SCT160 BKN200 OVC230 17/M04 A3011 RMK AO2 SLP188 T01671039 53011,M
PHX,2025-12-31 15:51,-112.0116,33.4343,337.00,62.00,25.00,24.19,90.00,9.00,0.00,30.12,1019.10,10.00,M,BKN,BKN,OVC,M,15000.00,20000.00,23000.00,M,M,M,M,M,M,M,M,62.00,KPHX 311551Z 09009KT 10SM BKN150 BKN200 OVC230 17/M04 A3012 RMK AO2 SLP191 T01671039,M
PHX,2025-12-31 16:51,-112.0116,33.4343,337.00,64.00,26.00,23.51,130.00,7.00,0.00,30.16,1020.20,10.00,M,SCT,BKN,OVC,M,14000.00,17000.00,25000.00,M,M,M,M,M,M,M,M,64.00,KPHX 311651Z 13007KT 10SM SCT140 BKN170 OVC250 18/M03 A3016 RMK AO2 SLP202 T01781033,M
PHX,2025-12-31 17:51,-112.0116,33.4343,337.00,64.00,28.00,25.53,90.00,7.00,0.00,30.15,1019.90,10.00,M,SCT,BKN,OVC,M,14000.00,17000.00,21000.00,M,M,M,M,M,M,M,M,64.00,KPHX 311751Z 09007KT 10SM SCT140 BKN170 OVC210 18/M02 A3015 RMK AO2 SLP199 T01781022 10178 20144 50011,M
PHX,2025-12-31 18:51,-112.0116,33.4343,337.00,65.00,28.00,24.66,110.00,7.00,0.00,30.12,1019.10,10.00,M,SCT,BKN,OVC,M,14000.00,17000.00,21000.00,M,M,M,M,M,M,M,M,65.00,KPHX 311851Z 11007KT 10SM SCT140 BKN170 OVC210 18/M02 A3012 RMK AO2 SLP191 T01831022,M
PHX,2025-12-31 19:51,-112.0116,33.4343,337.00,66.00,31.00,26.92,70.00,4.00,0.00,30.08,1017.60,10.00,M,BKN,BKN,OVC,M,13000.00,21000.00,25000.00,M,M,M,M,M,M,M,M,66.00,KPHX 311951Z 07004KT 10SM BKN130 BKN210 OVC250 19/M01 A3008 RMK AO2 SLP176 T01891006,M
PHX,2025-12-31 20:51,-112.0116,33.4343,337.00,67.00,31.00,26.00,130.00,5.00,0.00,30.05,1016.80,10.00,M,FEW,SCT,BKN,BKN,6000.00,8500.00,11000.00,14000.00,M,M,M,M,M,M,M,67.00,KPHX 312051Z 13005KT 10SM FEW060 SCT085 BKN110 BKN140 OVC250 19/M01 A3005 RMK AO2 SLP168 T01941006 56031,M
PHX,2025-12-31 21:51,-112.0116,33.4343,337.00,67.00,33.00,28.19,180.00,3.00,0.00,30.05,1016.70,10.00,M,SCT,BKN,OVC,M,8500.00,12000.00,20000.00,M,M,M,M,M,M,M,M,67.00,KPHX 312151Z 18003KT 10SM SCT085 BKN120 OVC200 19/01 A3005 RMK AO2 SLP167 T01940006,M
PHX,2025-12-31 22:51,-112.0116,33.4343,337.00,67.00,33.00,28.19,60.00,5.00,0.00,30.03,1016.00,10.00,M,SCT,BKN,OVC,M,8500.00,12000.00,20000.00,M,M,M,M,M,M,M,M,67.00,KPHX 312251Z 06005KT 10SM SCT085 BKN120 OVC200 19/01 A3003 RMK AO2 SLP160 T01940006,M
PHX,2025-12-31 23:51,-112.0116,33.4343,337.00,66.00,33.00,29.18,220.00,4.00,0.00,30.04,1016.50,10.00,M,SCT,BKN,BKN,OVC,8500.00,11000.00,15000.00,20000.00,M,M,M,M,M,M,M,66.00,KPHX 312351Z 22004KT 10SM SCT085 BKN110 BKN150 OVC200 19/01 A3004 RMK AO2 SLP165 T01890006 10194 20178 55002,M
PHX,2026-01-01 00:51,-112.0116,33.4343,337.00,66.00,35.00,31.61,0.00,0.00,0.00,30.06,1017.00,10.00,M,SCT,BKN,OVC,M,8500.00,10000.00,16000.00,M,M,M,M,M,M,M,M,66.00,KPHX 010051Z 00000KT 10SM SCT085 BKN100 OVC160 19/02 A3006 RMK AO2 SLP170 T01890017,M
PHX,2026-01-01 01:51,-112.0116,33.4343,337.00,64.00,35.00,33.89,0.00,0.00,0.00,30.07,1017.20,10.00,M,SCT,OVC,M,M,8500.00,11000.00,M,M,M,M,M,M,M,M,M,64.00,KPHX 010151Z 00000KT 10SM SCT085 OVC110 18/02 A3007 RMK AO2 SLP172 T01780017,M
PHX,2026-01-01 02:51,-112.0116,33.4343,337.00,64.00,35.00,33.89,90.00,5.00,0.00,30.08,1017.80,10.00,M,OVC,M,M,M,10000.00,M,M,M,M,M,M,M,M,M,M,64.00,KPHX 010251Z 09005KT 10SM OVC100 18/02 A3008 RMK AO2 SLP178 T01780017 51012,M
PHX,2026-01-01 03:51,-112.0116,33.4343,337.00,64.00,33.00,31.29,100.00,6.00,0.00,30.09,1018.00,10.00,M,OVC,M,M,M,10000.00,M,M,M,M,M,M,M,M,M,M,64.00,KPHX 010351Z 10006KT 10SM OVC100 18/01 A3009 RMK AO2 SLP180 T01780006,M
PHX,2026-01-01 04:51,-112.0116,33.4343,337.00,64.00,38.00,38.16,120.00,10.00,T,30.09,1017.90,10.00,M,OVC,M,M,M,8500.00,M,M,M,M,M,M,M,M,M,M,64.00,KPHX 010451Z 12010KT 10SM OVC085 18/03 A3009 RMK AO2 RAB25E34 SLP179 P0000 T01780033,M
PHX,2026-01-01 05:51,-112.0116,33.4343,337.00,63.00,43.00,47.98,130.00,7.00,0.00,30.11,1018.70,9.00,M,OVC,M,M,M,7500.00,M,M,M,M,M,M,M,M,M,M,63.00,KPHX 010551Z 13007KT 9SM OVC075 17/06 A3011 RMK AO2 SLP187 60000 T01720061 10194 20172 53010,M
PHX,2026-01-01 06:51,-112.0116,33.4343,337.00,62.00,44.00,51.64,70.00,4.00,T,30.12,1019.10,9.00,M,BKN,OVC,M,M,6000.00,8000.00,M,M,-RA,M,M,M,M,M,M,62.00,KPHX 010651Z 07004KT 9SM -RA BKN060 OVC080 17/07 A3012 RMK AO2 RAB05 SLP191 P0000 T01670067 401940128,M
PHX,2026-01-01 07:51,-112.0116,33.4343,337.00,60.00,48.00,64.50,110.00,9.00,0.01,30.10,1018.40,8.00,M,BKN,OVC,M,M,6000.00,9000.00,M,M,M,M,M,M,M,M,M,60.00,KPHX 010751Z 11009KT 8SM BKN060 OVC090 16/09 A3010 RMK AO2 RAE18 SLP184 P0001 T01560089,M
PHX,2026-01-01 08:51,-112.0116,33.4343,337.00,60.00,50.00,69.50,280.00,3.00,0.01,30.13,1019.20,6.00,M,BKN,OVC,M,M,6000.00,8000.00,M,M,-RA,M,M,M,M,M,M,60.00,KPHX 010851Z 28003KT 6SM -RA BKN060 OVC080 16/10 A3013 RMK AO2 RAB43 SLP192 P0001 60002 T01560100 53004,M
PHX,2026-01-01 09:51,-112.0116,33.4343,337.00,59.00,52.00,77.56,0.00,0.00,T,30.11,1018.70,8.00,M,BKN,BKN,M,M,5500.00,7000.00,M,M,M,M,M,M,M,M,M,59.00,KPHX 010951Z 00000KT 8SM BKN055 BKN070 15/11 A3011 RMK AO2 RAE19 SLP187 P0000 T01500111,M
PHX,2026-01-01 10:51,-112.0116,33.4343,337.00,59.00,53.00,80.47,230.00,4.00,0.00,30.11,1018.90,7.00,M,BKN,BKN,M,M,5000.00,6500.00,M,M,M,M,M,M,M,M,M,59.00,KPHX 011051Z 23004KT 7SM BKN050 BKN065 15/12 A3011 RMK AO2 SLP189 T01500117,M
PHX,2026-01-01 11:51,-112.0116,33.4343,337.00,59.00,52.00,77.56,280.00,4.00,0.00,30.11,1018.70,7.00,M,BKN,OVC,M,M,5000.00,6500.00,M,M,M,M,M,M,M,M,M,59.00,KPHX 011151Z 28004KT 7SM BKN050 OVC065 15/11 A3011 RMK AO2 SLP187 60002 70002 T01500111 10172 20150 56006,M
PHX,2026-01-01 12:51,-112.0116,33.4343,337.00,58.00,53.00,83.40,270.00,4.00,T,30.12,1019.20,7.00,M,BKN,OVC,M,M,4500.00,6000.00,M,M,-RA,M,M,M,M,M,M,58.00,KPHX 011251Z 27004KT 7SM -RA BKN045 OVC060 14/12 A3012 RMK AO2 RAB14E23B46 SLP192 P0000 T01440117,M
PHX,2026-01-01 13:51,-112.0116,33.4343,337.00,58.00,54.00,86.51,0.00,0.00,T,30.13,1019.30,8.00,M,BKN,BKN,OVC,M,4500.00,5500.00,9500.00,M,M,M,M,M,M,M,M,58.00,KPHX 011351Z 00000KT 8SM BKN045 BKN055 OVC095 14/12 A3013 RMK AO2 RAE1256 SLP193 P0000 T01440122,M
PHX,2026-01-01 14:51,-112.0116,33.4343,337.00,59.00,53.00,80.47,120.00,4.00,0.00,30.14,1019.80,9.00,M,SCT,OVC,M,M,4500.00,5500.00,M,M,M,M,M,M,M,M,M,59.00,KPHX 011451Z 12004KT 9SM SCT045 OVC055 15/12 A3014 RMK AO2 SLP198 60000 T01500117 52011,M
PHX,2026-01-01 15:51,-112.0116,33.4343,337.00,59.00,53.00,80.47,110.00,6.00,0.00,30.16,1020.50,10.00,M,OVC,M,M,M,4000.00,M,M,M,M,M,M,M,M,M,M,59.00,KPHX 011551Z 11006KT 10SM OVC040 15/12 A3016 RMK AO2 SLP205 T01500117,M
PHX,2026-01-01 16:51,-112.0116,33.4343,337.00,61.00,53.00,74.94,90.00,6.00,0.00,30.18,1021.00,10.00,M,BKN,OVC,M,M,3800.00,5000.00,M,M,M,M,M,M,M,M,M,61.00,KPHX 011651Z 09006KT 10SM BKN038 OVC050 16/12 A3018 RMK AO2 SLP210 T01610117,M
PHX,2026-01-01 17:51,-112.0116,33.4343,337.00,62.00,54.00,75.03,70.00,5.00,T,30.18,1021.10,10.00,M,OVC,M,M,M,4100.00,M,M,M,M,M,M,M,M,M,M,62.00,KPHX 011751Z 07005KT 10SM OVC041 17/12 A3018 RMK AO2 RAB17E29 SLP211 P0000 60000 T01670122 10167 20144 51013,M
PHX,2026-01-01 18:51,-112.0116,33.4343,337.00,64.00,55.00,72.54,120.00,5.00,0.00,30.16,1020.50,10.00,M,OVC,M,M,M,3600.00,M,M,M,M,M,M,M,M,M,M,64.00,KPHX 011851Z 12005KT 10SM OVC036 18/13 A3016 RMK AO2 SLP205 T01780128,M
PHX,2026-01-01 19:51,-112.0116,33.4343,337.00,63.00,55.00,75.13,80.00,6.00,0.01,30.13,1019.50,10.00,M,FEW,OVC,M,M,1900.00,3200.00,M,M,M,M,M,M,M,M,M,63.00,KPHX 011951Z 08006KT 10SM FEW019 OVC032 17/13 A3013 RMK AO2 RAB1853E09 SLP195 P0001 T01720128,M
PHX,2026-01-01 20:51,-112.0116,33.4343,337.00,63.00,56.00,77.91,60.00,6.00,T,30.11,1018.60,10.00,M,FEW,OVC,M,M,1900.00,3000.00,M,M,M,M,M,M,M,M,M,63.00,KPHX 012051Z 06006KT 10SM FEW019 OVC030 17/13 A3011 RMK AO2 RAB1956E15 SLP186 P0000 60001 T01720133 58024,M
PHX,2026-01-01 21:51,-112.0116,33.4343,337.00,64.00,56.00,75.22,80.00,6.00,0.00,30.09,1018.10,10.00,M,FEW,BKN,BKN,M,1900.00,3300.00,4500.00,M,M,M,M,M,M,M,M,64.00,KPHX 012151Z 08006KT 10SM FEW019 BKN033 BKN045 18/13 A3009 RMK AO2 SLP181 T01780133,M
PHX,2026-01-01 22:51,-112.0116,33.4343,337.00,65.00,56.00,72.64,50.00,7.00,0.00,30.08,1017.80,10.00,M,FEW,SCT,SCT,M,1700.00,4000.00,20000.00,M,M,M,M,M,M,M,M,65.00,KPHX 012251Z 05007KT 10SM FEW017 SCT040 SCT200 18/13 A3008 RMK AO2 SLP178 T01830133,M
PHX,2026-01-01 23:51,-112.0116,33.4343,337.00,65.00,56.00,72.64,90.00,6.00,0.00,30.08,1017.70,10.00,M,FEW,SCT,M,M,2000.00,4000.00,M,M,M,M,M,M,M,M,M,65.00,KPHX 012351Z 09006KT 10SM FEW020 SCT040 18/13 A3008 RMK AO2 SLP177 60001 T01830133 10189 20167 56008,M
